timestamp,gvl,variable,value,source
2026-03-20 10:01:11.990,gvl_C,bReferenceSwitch_C_vertical,True,poll
2026-03-20 10:01:11.990,gvl_C,bReferenceSwitch_C_horizontal,False,poll
2026-03-20 10:01:11.990,gvl_C,bReferenceSwitch_C_rotate,False,poll
2026-03-20 10:01:11.990,gvl_C,bEncoderImpulse_C_vertical1,False,poll
2026-03-20 10:01:11.990,gvl_C,bEncoderImpulse_C_vertical2,True,poll
2026-03-20 10:01:11.990,gvl_C,bEncoderImpulse_C_horizontal1,False,poll
2026-03-20 10:01:11.990,gvl_C,bEncoderImpulse_C_horizontal2,True,poll
2026-03-20 10:01:12.013,gvl_C,bReferenceSwitch_C_vertical,True,event
2026-03-20 10:01:11.990,gvl_C,bEncoderImpulse_C_rotate1,True,poll
2026-03-20 10:01:11.990,gvl_C,bEncoderImpulse_C_rotate2,False,poll
2026-03-20 10:01:11.990,gvl_C,bMotor_C_upward,False,poll
2026-03-20 10:01:11.990,gvl_C,bMotor_C_downward,False,poll
2026-03-20 10:01:11.990,gvl_C,bMotor_C_backward,False,poll
2026-03-20 10:01:11.990,gvl_C,bMotor_C_forward,False,poll
2026-03-20 10:01:11.990,gvl_C,bMotor_C_clockwise,False,poll
2026-03-20 10:01:11.990,gvl_C,bMotor_C_counterclockwise,False,poll
2026-03-20 10:01:11.990,gvl_C,bCompressor_C,False,poll
2026-03-20 10:01:11.990,gvl_C,bValve_C,False,poll
2026-03-20 10:01:11.990,gvl_HBW,bReferenceSwitch_HBW_horizontal,True,poll
2026-03-20 10:01:11.990,gvl_HBW,bLightBarrier_HBW_inside,True,poll
2026-03-20 10:01:11.990,gvl_HBW,bLightBarrier_HBW_outside,True,poll
2026-03-20 10:01:11.990,gvl_HBW,bReferenceSwitch_HBW_vertical,False,poll
2026-03-20 10:01:11.990,gvl_HBW,bReferenceSwitch_HBW_Cantilever_front,False,poll
2026-03-20 10:01:11.990,gvl_HBW,bReferenceSwitch_HBW_Cantilever_back,False,poll
2026-03-20 10:01:11.990,gvl_HBW,bTrailSensor_HBW_bottom,True,poll
2026-03-20 10:01:11.990,gvl_HBW,bTrailSensor_HBW_top,True,poll
2026-03-20 10:01:11.990,gvl_HBW,bEncoderImpulse_HBW_horizontal1,False,poll
2026-03-20 10:01:11.990,gvl_HBW,bEncoderImpulse_HBW_horizontal2,True,poll
2026-03-20 10:01:11.990,gvl_HBW,bEncoderImpulse_HBW_vertical1,False,poll
2026-03-20 10:01:11.990,gvl_HBW,bEncoderImpulse_HBW_vertical2,False,poll
2026-03-20 10:01:11.990,gvl_HBW,bMotor_HBW_ConveyorBelt_forward,False,poll
2026-03-20 10:01:11.990,gvl_HBW,bMotor_HBW_ConveyorBelt_backward,False,poll
2026-03-20 10:01:11.990,gvl_HBW,bMotor_HBW_StackerCrane_torack,False,poll
2026-03-20 10:01:11.990,gvl_HBW,bMotor_HBW_StackerCrane_toconveyorbelt,False,poll
2026-03-20 10:01:11.990,gvl_HBW,bMotor_HBW_StackerCrane_downward,False,poll
2026-03-20 10:01:11.990,gvl_HBW,bMotor_HBW_StackerCrane_upward,False,poll
2026-03-20 10:01:11.990,gvl_HBW,bMotor_HBW_Cantilever_forward,False,poll
2026-03-20 10:01:11.990,gvl_HBW,bMotor_HBW_Cantilever_backward,False,poll
2026-03-20 10:01:11.990,gvl_MS,bReferenceSwitch_MS_Turntable_attransferunit,False,poll
2026-03-20 10:01:11.990,gvl_MS,bReferenceSwitch_MS_Turntable_atconveyorbelt,False,poll
2026-03-20 10:01:11.990,gvl_MS,bLightBarrier_MS_conveyorbelt,False,poll
2026-03-20 10:01:11.990,gvl_MS,bReferenceSwitch_MS_Turntable_atsaw,False,poll
2026-03-20 10:01:11.990,gvl_MS,bReferenceSwitch_MS_TransferUnit_atturntable,True,poll
2026-03-20 10:01:11.990,gvl_MS,bReferenceSwitch_MS_OvenSlider_inside,False,poll
2026-03-20 10:01:11.990,gvl_MS,bReferenceSwitch_MS_OvenSlider_outside,True,poll
2026-03-20 10:01:11.990,gvl_MS,bReferenceSwitch_MS_TransferUnit_atoven,False,poll
2026-03-20 10:01:11.990,gvl_MS,bLightBarrier_MS_oven,True,poll
2026-03-20 10:01:11.990,gvl_MS,bMotor_MS_Turntable_clockwise,False,poll
2026-03-20 10:01:11.990,gvl_MS,bMotor_MS_Turntable_counterclockwise,False,poll
2026-03-20 10:01:11.990,gvl_MS,bMotor_MS_ConveyorBelt_forward,False,poll
2026-03-20 10:01:11.990,gvl_MS,bMotor_MS_Saw,False,poll
2026-03-20 10:01:11.990,gvl_MS,bMotor_MS_OvenSlider_movein,False,poll
2026-03-20 10:01:11.990,gvl_MS,bMotor_MS_OvenSlider_moveout,False,poll
2026-03-20 10:01:11.990,gvl_MS,bMotor_MS_TransferUnit_tooven,False,poll
2026-03-20 10:01:12.115,gvl_C,bReferenceSwitch_C_horizontal,False,event
2026-03-20 10:01:12.115,gvl_C,bReferenceSwitch_C_rotate,False,event
2026-03-20 10:01:12.115,gvl_C,bEncoderImpulse_C_vertical1,False,event
2026-03-20 10:01:12.115,gvl_C,bEncoderImpulse_C_vertical2,True,event
2026-03-20 10:01:12.115,gvl_C,bEncoderImpulse_C_horizontal1,False,event
2026-03-20 10:01:12.115,gvl_C,bEncoderImpulse_C_horizontal2,True,event
2026-03-20 10:01:12.115,gvl_C,bEncoderImpulse_C_rotate1,True,event
2026-03-20 10:01:12.115,gvl_C,bEncoderImpulse_C_rotate2,False,event
2026-03-20 10:01:12.115,gvl_C,bMotor_C_upward,False,event
2026-03-20 10:01:12.115,gvl_C,bMotor_C_downward,False,event
2026-03-20 10:01:12.115,gvl_C,bMotor_C_backward,False,event
2026-03-20 10:01:12.115,gvl_C,bMotor_C_forward,False,event
2026-03-20 10:01:12.115,gvl_C,bMotor_C_clockwise,False,event
2026-03-20 10:01:12.115,gvl_C,bMotor_C_counterclockwise,False,event
2026-03-20 10:01:12.115,gvl_C,bCompressor_C,False,event
2026-03-20 10:01:12.115,gvl_C,bValve_C,False,event
2026-03-20 10:01:12.115,gvl_HBW,bReferenceSwitch_HBW_horizontal,True,event
2026-03-20 10:01:12.115,gvl_HBW,bLightBarrier_HBW_inside,True,event
2026-03-20 10:01:12.115,gvl_HBW,bLightBarrier_HBW_outside,True,event
2026-03-20 10:01:12.115,gvl_HBW,bReferenceSwitch_HBW_vertical,False,event
2026-03-20 10:01:12.115,gvl_HBW,bReferenceSwitch_HBW_Cantilever_front,False,event
2026-03-20 10:01:12.115,gvl_HBW,bReferenceSwitch_HBW_Cantilever_back,False,event
2026-03-20 10:01:12.115,gvl_HBW,bTrailSensor_HBW_bottom,True,event
2026-03-20 10:01:12.115,gvl_HBW,bTrailSensor_HBW_top,True,event
2026-03-20 10:01:12.115,gvl_HBW,bEncoderImpulse_HBW_horizontal1,False,event
2026-03-20 10:01:12.115,gvl_HBW,bEncoderImpulse_HBW_horizontal2,True,event
2026-03-20 10:01:12.115,gvl_HBW,bEncoderImpulse_HBW_vertical1,False,event
2026-03-20 10:01:12.115,gvl_HBW,bEncoderImpulse_HBW_vertical2,False,event
2026-03-20 10:01:12.115,gvl_HBW,bMotor_HBW_ConveyorBelt_forward,False,event
2026-03-20 10:01:12.115,gvl_HBW,bMotor_HBW_ConveyorBelt_backward,False,event
2026-03-20 10:01:12.115,gvl_HBW,bMotor_HBW_StackerCrane_torack,False,event
2026-03-20 10:01:12.115,gvl_HBW,bMotor_HBW_StackerCrane_toconveyorbelt,False,event
2026-03-20 10:01:12.115,gvl_HBW,bMotor_HBW_StackerCrane_downward,False,event
2026-03-20 10:01:12.115,gvl_HBW,bMotor_HBW_StackerCrane_upward,False,event
2026-03-20 10:01:12.115,gvl_HBW,bMotor_HBW_Cantilever_forward,False,event
2026-03-20 10:01:12.115,gvl_HBW,bMotor_HBW_Cantilever_backward,False,event
2026-03-20 10:01:12.115,gvl_MS,bReferenceSwitch_MS_Turntable_attransferunit,False,event
2026-03-20 10:01:12.115,gvl_MS,bReferenceSwitch_MS_Turntable_atconveyorbelt,False,event
2026-03-20 10:01:12.115,gvl_MS,bLightBarrier_MS_conveyorbelt,False,event
2026-03-20 10:01:12.115,gvl_MS,bReferenceSwitch_MS_Turntable_atsaw,False,event
2026-03-20 10:01:12.115,gvl_MS,bReferenceSwitch_MS_TransferUnit_atturntable,True,event
2026-03-20 10:01:12.115,gvl_MS,bReferenceSwitch_MS_OvenSlider_inside,False,event
2026-03-20 10:01:12.115,gvl_MS,bReferenceSwitch_MS_OvenSlider_outside,True,event
2026-03-20 10:01:12.116,gvl_MS,bReferenceSwitch_MS_TransferUnit_atoven,False,event
2026-03-20 10:01:12.116,gvl_MS,bLightBarrier_MS_oven,True,event
2026-03-20 10:01:12.116,gvl_MS,bMotor_MS_Turntable_clockwise,False,event
2026-03-20 10:01:12.116,gvl_MS,bMotor_MS_Turntable_counterclockwise,False,event
2026-03-20 10:01:12.116,gvl_MS,bMotor_MS_ConveyorBelt_forward,False,event
2026-03-20 10:01:12.116,gvl_MS,bMotor_MS_Saw,False,event
2026-03-20 10:01:12.116,gvl_MS,bMotor_MS_OvenSlider_movein,False,event
2026-03-20 10:01:12.116,gvl_MS,bMotor_MS_OvenSlider_moveout,False,event
2026-03-20 10:01:12.116,gvl_MS,bMotor_MS_TransferUnit_tooven,False,event
2026-03-20 10:01:12.116,gvl_MS,bMotor_MS_TransferUnit_toturntable,False,event
2026-03-20 10:01:12.116,gvl_MS,bLamp_MS,False,event
2026-03-20 10:01:12.116,gvl_MS,bCompressor_MS,False,event
2026-03-20 10:01:12.116,gvl_MS,bValve_MS_Vacuum,False,event
2026-03-20 10:01:12.116,gvl_MS,bValve_MS_TransferUnit,False,event
2026-03-20 10:01:12.116,gvl_MS,bValve_MS_OvenDoor,False,event
2026-03-20 10:01:12.116,gvl_MS,bValve_MS_Ejector,False,event
2026-03-20 10:01:12.116,gvl_PM,bLightBarrier_PM_entry,True,event
2026-03-20 10:01:12.116,gvl_PM,bLightBarrier_PM_tool,True,event
2026-03-20 10:01:12.116,gvl_PM,bReferenceSwitch_PM_top,False,event
2026-03-20 10:01:12.116,gvl_PM,bReferenceSwitch_PM_bottom,True,event
2026-03-20 10:01:12.116,gvl_PM,bMotor_PM_ConveyorBelt_forward,False,event
2026-03-20 10:01:12.116,gvl_PM,bMotor_PM_ConveyorBelt_backward,False,event
2026-03-20 10:01:12.116,gvl_PM,bMotor_PM_Tool_upward,False,event
2026-03-20 10:01:12.116,gvl_PM,bMotor_PM_Tool_downward,False,event
2026-03-20 10:01:12.116,gvl_SL,bPulseCounter_SL,False,event
2026-03-20 10:01:12.116,gvl_SL,bLightBarrier_SL_beforecolor,True,event
2026-03-20 10:01:12.116,gvl_SL,bLightBarrier_SL_aftercolor,True,event
2026-03-20 10:01:12.116,gvl_SL,bLightBarrier_SL_white,True,event
2026-03-20 10:01:12.116,gvl_SL,bLightBarrier_SL_red,True,event
2026-03-20 10:01:12.116,gvl_SL,bLightBarrier_SL_blue,True,event
2026-03-20 10:01:12.116,gvl_SL,iColorSensor_SL,0,event
2026-03-20 10:01:12.116,gvl_SL,bMotor_SL_ConveyorBelt,False,event
2026-03-20 10:01:12.116,gvl_SL,bCompressor_SL,False,event
2026-03-20 10:01:12.116,gvl_SL,bValve_SL_white,False,event
2026-03-20 10:01:12.116,gvl_SL,bValve_SL_red,False,event
2026-03-20 10:01:12.116,gvl_SL,bValve_SL_blue,False,event
2026-03-20 10:01:12.116,LocalVariables,iC_CoordH,35,event
2026-03-20 10:01:12.116,LocalVariables,iC_CoordV,0,event
2026-03-20 10:01:12.116,LocalVariables,iC_CoordR,35,event
2026-03-20 10:01:12.117,LocalVariables,eC_PickingStation,0,event
2026-03-20 10:01:12.117,LocalVariables,eC_PlacingStation,0,event
2026-03-20 10:01:12.117,LocalVariables,iC_Coord_Picking,"[[1340, 170, 150, 445], [380, 800, 367, 435], [800, 301, 580, 800]]",event
2026-03-20 10:01:12.117,LocalVariables,iC_Coord_Placing,"[[890, 870], [500, 1343], [180, 150]]",event
2026-03-20 10:01:11.990,gvl_MS,bMotor_MS_TransferUnit_toturntable,False,poll
2026-03-20 10:01:11.990,gvl_MS,bLamp_MS,False,poll
2026-03-20 10:01:11.990,gvl_MS,bCompressor_MS,False,poll
2026-03-20 10:01:11.990,gvl_MS,bValve_MS_Vacuum,False,poll
2026-03-20 10:01:11.990,gvl_MS,bValve_MS_TransferUnit,False,poll
2026-03-20 10:01:11.990,gvl_MS,bValve_MS_OvenDoor,False,poll
2026-03-20 10:01:11.990,gvl_MS,bValve_MS_Ejector,False,poll
2026-03-20 10:01:11.990,gvl_PM,bLightBarrier_PM_entry,True,poll
2026-03-20 10:01:11.990,gvl_PM,bLightBarrier_PM_tool,True,poll
2026-03-20 10:01:11.990,gvl_PM,bReferenceSwitch_PM_top,False,poll
2026-03-20 10:01:11.990,gvl_PM,bReferenceSwitch_PM_bottom,True,poll
2026-03-20 10:01:11.990,gvl_PM,bMotor_PM_ConveyorBelt_forward,False,poll
2026-03-20 10:01:11.990,gvl_PM,bMotor_PM_ConveyorBelt_backward,False,poll
2026-03-20 10:01:11.990,gvl_PM,bMotor_PM_Tool_upward,False,poll
2026-03-20 10:01:11.990,gvl_PM,bMotor_PM_Tool_downward,False,poll
2026-03-20 10:01:11.990,gvl_SL,bPulseCounter_SL,False,poll
2026-03-20 10:01:11.990,gvl_SL,bLightBarrier_SL_beforecolor,True,poll
2026-03-20 10:01:11.990,gvl_SL,bLightBarrier_SL_aftercolor,True,poll
2026-03-20 10:01:11.990,gvl_SL,bLightBarrier_SL_white,True,poll
2026-03-20 10:01:11.990,gvl_SL,bLightBarrier_SL_red,True,poll
2026-03-20 10:01:11.990,gvl_SL,bLightBarrier_SL_blue,True,poll
2026-03-20 10:01:11.990,gvl_SL,iColorSensor_SL,0,poll
2026-03-20 10:01:11.990,gvl_SL,bMotor_SL_ConveyorBelt,False,poll
2026-03-20 10:01:11.990,gvl_SL,bCompressor_SL,False,poll
2026-03-20 10:01:11.990,gvl_SL,bValve_SL_white,False,poll
2026-03-20 10:01:11.990,gvl_SL,bValve_SL_red,False,poll
2026-03-20 10:01:11.990,gvl_SL,bValve_SL_blue,False,poll
2026-03-20 10:01:11.990,LocalVariables,iC_CoordH,35,poll
2026-03-20 10:01:11.990,LocalVariables,iC_CoordV,0,poll
2026-03-20 10:01:11.990,LocalVariables,iC_CoordR,35,poll
2026-03-20 10:01:11.990,LocalVariables,eC_PickingStation,0,poll
2026-03-20 10:01:11.990,LocalVariables,eC_PlacingStation,0,poll
2026-03-20 10:01:11.990,LocalVariables,iC_Coord_Picking,"[[1340, 170, 150, 445], [380, 800, 367, 435], [800, 301, 580, 800]]",poll
2026-03-20 10:01:11.990,LocalVariables,iC_Coord_Placing,"[[890, 870], [500, 1343], [180, 150]]",poll
2026-03-20 10:01:12.213,gvl_SL,iColorSensor_SL,1,event
2026-03-20 10:01:12.413,gvl_SL,iColorSensor_SL,0,event
2026-03-20 10:01:12.689,gvl_C,bReferenceSwitch_C_vertical,True,poll
2026-03-20 10:01:12.689,gvl_C,bReferenceSwitch_C_horizontal,False,poll
2026-03-20 10:01:12.689,gvl_C,bReferenceSwitch_C_rotate,False,poll
2026-03-20 10:01:12.689,gvl_C,bEncoderImpulse_C_vertical1,False,poll
2026-03-20 10:01:12.689,gvl_C,bEncoderImpulse_C_vertical2,True,poll
2026-03-20 10:01:12.689,gvl_C,bEncoderImpulse_C_horizontal1,False,poll
2026-03-20 10:01:12.689,gvl_C,bEncoderImpulse_C_horizontal2,True,poll
2026-03-20 10:01:12.689,gvl_C,bEncoderImpulse_C_rotate1,True,poll
2026-03-20 10:01:12.689,gvl_C,bEncoderImpulse_C_rotate2,False,poll
2026-03-20 10:01:12.689,gvl_C,bMotor_C_upward,False,poll
2026-03-20 10:01:12.689,gvl_C,bMotor_C_downward,False,poll
2026-03-20 10:01:12.689,gvl_C,bMotor_C_backward,False,poll
2026-03-20 10:01:12.689,gvl_C,bMotor_C_forward,False,poll
2026-03-20 10:01:12.689,gvl_C,bMotor_C_clockwise,False,poll
2026-03-20 10:01:12.689,gvl_C,bMotor_C_counterclockwise,False,poll
2026-03-20 10:01:12.689,gvl_C,bCompressor_C,False,poll
2026-03-20 10:01:12.689,gvl_C,bValve_C,False,poll
2026-03-20 10:01:12.689,gvl_HBW,bReferenceSwitch_HBW_horizontal,True,poll
2026-03-20 10:01:12.689,gvl_HBW,bLightBarrier_HBW_inside,True,poll
2026-03-20 10:01:12.689,gvl_HBW,bLightBarrier_HBW_outside,True,poll
2026-03-20 10:01:12.689,gvl_HBW,bReferenceSwitch_HBW_vertical,False,poll
2026-03-20 10:01:12.689,gvl_HBW,bReferenceSwitch_HBW_Cantilever_front,False,poll
2026-03-20 10:01:12.689,gvl_HBW,bReferenceSwitch_HBW_Cantilever_back,False,poll
2026-03-20 10:01:12.689,gvl_HBW,bTrailSensor_HBW_bottom,True,poll
2026-03-20 10:01:12.689,gvl_HBW,bTrailSensor_HBW_top,True,poll
2026-03-20 10:01:12.689,gvl_HBW,bEncoderImpulse_HBW_horizontal1,False,poll
2026-03-20 10:01:12.689,gvl_HBW,bEncoderImpulse_HBW_horizontal2,True,poll
2026-03-20 10:01:12.689,gvl_HBW,bEncoderImpulse_HBW_vertical1,False,poll
2026-03-20 10:01:12.689,gvl_HBW,bEncoderImpulse_HBW_vertical2,False,poll
2026-03-20 10:01:12.689,gvl_HBW,bMotor_HBW_ConveyorBelt_forward,False,poll
2026-03-20 10:01:12.689,gvl_HBW,bMotor_HBW_ConveyorBelt_backward,False,poll
2026-03-20 10:01:12.689,gvl_HBW,bMotor_HBW_StackerCrane_torack,False,poll
2026-03-20 10:01:12.689,gvl_HBW,bMotor_HBW_StackerCrane_toconveyorbelt,False,poll
2026-03-20 10:01:12.689,gvl_HBW,bMotor_HBW_StackerCrane_downward,False,poll
2026-03-20 10:01:12.689,gvl_HBW,bMotor_HBW_StackerCrane_upward,False,poll
2026-03-20 10:01:12.689,gvl_HBW,bMotor_HBW_Cantilever_forward,False,poll
2026-03-20 10:01:12.689,gvl_HBW,bMotor_HBW_Cantilever_backward,False,poll
2026-03-20 10:01:12.689,gvl_MS,bReferenceSwitch_MS_Turntable_attransferunit,False,poll
2026-03-20 10:01:12.689,gvl_MS,bReferenceSwitch_MS_Turntable_atconveyorbelt,False,poll
2026-03-20 10:01:12.689,gvl_MS,bLightBarrier_MS_conveyorbelt,False,poll
2026-03-20 10:01:12.689,gvl_MS,bReferenceSwitch_MS_Turntable_atsaw,False,poll
2026-03-20 10:01:12.689,gvl_MS,bReferenceSwitch_MS_TransferUnit_atturntable,True,poll
2026-03-20 10:01:12.689,gvl_MS,bReferenceSwitch_MS_OvenSlider_inside,False,poll
2026-03-20 10:01:12.689,gvl_MS,bReferenceSwitch_MS_OvenSlider_outside,True,poll
2026-03-20 10:01:12.689,gvl_MS,bReferenceSwitch_MS_TransferUnit_atoven,False,poll
2026-03-20 10:01:12.689,gvl_MS,bLightBarrier_MS_oven,True,poll
2026-03-20 10:01:12.689,gvl_MS,bMotor_MS_Turntable_clockwise,False,poll
2026-03-20 10:01:12.689,gvl_MS,bMotor_MS_Turntable_counterclockwise,False,poll
2026-03-20 10:01:12.689,gvl_MS,bMotor_MS_ConveyorBelt_forward,False,poll
2026-03-20 10:01:12.689,gvl_MS,bMotor_MS_Saw,False,poll
2026-03-20 10:01:12.689,gvl_MS,bMotor_MS_OvenSlider_movein,False,poll
2026-03-20 10:01:12.689,gvl_MS,bMotor_MS_OvenSlider_moveout,False,poll
2026-03-20 10:01:12.689,gvl_MS,bMotor_MS_TransferUnit_tooven,False,poll
2026-03-20 10:01:12.689,gvl_MS,bMotor_MS_TransferUnit_toturntable,False,poll
2026-03-20 10:01:12.689,gvl_MS,bLamp_MS,False,poll
2026-03-20 10:01:12.915,gvl_SL,iColorSensor_SL,1,event
2026-03-20 10:01:12.689,gvl_MS,bCompressor_MS,False,poll
2026-03-20 10:01:12.689,gvl_MS,bValve_MS_Vacuum,False,poll
2026-03-20 10:01:12.689,gvl_MS,bValve_MS_TransferUnit,False,poll
2026-03-20 10:01:12.689,gvl_MS,bValve_MS_OvenDoor,False,poll
2026-03-20 10:01:12.689,gvl_MS,bValve_MS_Ejector,False,poll
2026-03-20 10:01:12.689,gvl_PM,bLightBarrier_PM_entry,True,poll
2026-03-20 10:01:12.689,gvl_PM,bLightBarrier_PM_tool,True,poll
2026-03-20 10:01:12.689,gvl_PM,bReferenceSwitch_PM_top,False,poll
2026-03-20 10:01:12.689,gvl_PM,bReferenceSwitch_PM_bottom,True,poll
2026-03-20 10:01:12.689,gvl_PM,bMotor_PM_ConveyorBelt_forward,False,poll
2026-03-20 10:01:12.689,gvl_PM,bMotor_PM_ConveyorBelt_backward,False,poll
2026-03-20 10:01:12.689,gvl_PM,bMotor_PM_Tool_upward,False,poll
2026-03-20 10:01:12.689,gvl_PM,bMotor_PM_Tool_downward,False,poll
2026-03-20 10:01:12.689,gvl_SL,bPulseCounter_SL,False,poll
2026-03-20 10:01:12.689,gvl_SL,bLightBarrier_SL_beforecolor,True,poll
2026-03-20 10:01:12.689,gvl_SL,bLightBarrier_SL_aftercolor,True,poll
2026-03-20 10:01:12.689,gvl_SL,bLightBarrier_SL_white,True,poll
2026-03-20 10:01:12.689,gvl_SL,bLightBarrier_SL_red,True,poll
2026-03-20 10:01:12.689,gvl_SL,bLightBarrier_SL_blue,True,poll
2026-03-20 10:01:12.689,gvl_SL,iColorSensor_SL,1,poll
2026-03-20 10:01:12.689,gvl_SL,bMotor_SL_ConveyorBelt,False,poll
2026-03-20 10:01:12.689,gvl_SL,bCompressor_SL,False,poll
2026-03-20 10:01:12.689,gvl_SL,bValve_SL_white,False,poll
2026-03-20 10:01:12.689,gvl_SL,bValve_SL_red,False,poll
2026-03-20 10:01:12.689,gvl_SL,bValve_SL_blue,False,poll
2026-03-20 10:01:12.689,LocalVariables,iC_CoordH,35,poll
2026-03-20 10:01:12.689,LocalVariables,iC_CoordV,0,poll
2026-03-20 10:01:12.689,LocalVariables,iC_CoordR,35,poll
2026-03-20 10:01:12.689,LocalVariables,eC_PickingStation,0,poll
2026-03-20 10:01:12.689,LocalVariables,eC_PlacingStation,0,poll
2026-03-20 10:01:13.013,gvl_SL,iColorSensor_SL,0,event
2026-03-20 10:01:12.689,LocalVariables,iC_Coord_Picking,"[[1340, 170, 150, 445], [380, 800, 367, 435], [800, 301, 580, 800]]",poll
2026-03-20 10:01:12.689,LocalVariables,iC_Coord_Placing,"[[890, 870], [500, 1343], [180, 150]]",poll
2026-03-20 10:01:13.114,gvl_SL,iColorSensor_SL,1,event
2026-03-20 10:01:13.214,gvl_SL,iColorSensor_SL,0,event
2026-03-20 10:01:13.517,gvl_SL,iColorSensor_SL,1,event
2026-03-20 10:01:13.523,gvl_C,bReferenceSwitch_C_vertical,True,poll
2026-03-20 10:01:13.523,gvl_C,bReferenceSwitch_C_horizontal,False,poll
2026-03-20 10:01:13.523,gvl_C,bReferenceSwitch_C_rotate,False,poll
2026-03-20 10:01:13.523,gvl_C,bEncoderImpulse_C_vertical1,False,poll
2026-03-20 10:01:13.523,gvl_C,bEncoderImpulse_C_vertical2,True,poll
2026-03-20 10:01:13.523,gvl_C,bEncoderImpulse_C_horizontal1,False,poll
2026-03-20 10:01:13.523,gvl_C,bEncoderImpulse_C_horizontal2,True,poll
2026-03-20 10:01:13.523,gvl_C,bEncoderImpulse_C_rotate1,True,poll
2026-03-20 10:01:13.523,gvl_C,bEncoderImpulse_C_rotate2,False,poll
2026-03-20 10:01:13.523,gvl_C,bMotor_C_upward,False,poll
2026-03-20 10:01:13.523,gvl_C,bMotor_C_downward,False,poll
2026-03-20 10:01:13.523,gvl_C,bMotor_C_backward,False,poll
2026-03-20 10:01:13.523,gvl_C,bMotor_C_forward,False,poll
2026-03-20 10:01:13.523,gvl_C,bMotor_C_clockwise,False,poll
2026-03-20 10:01:13.523,gvl_C,bMotor_C_counterclockwise,False,poll
2026-03-20 10:01:13.523,gvl_C,bCompressor_C,False,poll
2026-03-20 10:01:13.523,gvl_C,bValve_C,False,poll
2026-03-20 10:01:13.523,gvl_HBW,bReferenceSwitch_HBW_horizontal,True,poll
2026-03-20 10:01:13.523,gvl_HBW,bLightBarrier_HBW_inside,True,poll
2026-03-20 10:01:13.523,gvl_HBW,bLightBarrier_HBW_outside,True,poll
2026-03-20 10:01:13.523,gvl_HBW,bReferenceSwitch_HBW_vertical,False,poll
2026-03-20 10:01:13.523,gvl_HBW,bReferenceSwitch_HBW_Cantilever_front,False,poll
2026-03-20 10:01:13.613,gvl_SL,iColorSensor_SL,0,event
2026-03-20 10:01:13.523,gvl_HBW,bReferenceSwitch_HBW_Cantilever_back,False,poll
2026-03-20 10:01:13.523,gvl_HBW,bTrailSensor_HBW_bottom,True,poll
2026-03-20 10:01:13.523,gvl_HBW,bTrailSensor_HBW_top,True,poll
2026-03-20 10:01:13.523,gvl_HBW,bEncoderImpulse_HBW_horizontal1,False,poll
2026-03-20 10:01:13.523,gvl_HBW,bEncoderImpulse_HBW_horizontal2,True,poll
2026-03-20 10:01:13.523,gvl_HBW,bEncoderImpulse_HBW_vertical1,False,poll
2026-03-20 10:01:13.523,gvl_HBW,bEncoderImpulse_HBW_vertical2,False,poll
2026-03-20 10:01:13.523,gvl_HBW,bMotor_HBW_ConveyorBelt_forward,False,poll
2026-03-20 10:01:13.523,gvl_HBW,bMotor_HBW_ConveyorBelt_backward,False,poll
2026-03-20 10:01:13.523,gvl_HBW,bMotor_HBW_StackerCrane_torack,False,poll
2026-03-20 10:01:13.523,gvl_HBW,bMotor_HBW_StackerCrane_toconveyorbelt,False,poll
2026-03-20 10:01:13.523,gvl_HBW,bMotor_HBW_StackerCrane_downward,False,poll
2026-03-20 10:01:13.523,gvl_HBW,bMotor_HBW_StackerCrane_upward,False,poll
2026-03-20 10:01:13.523,gvl_HBW,bMotor_HBW_Cantilever_forward,False,poll
2026-03-20 10:01:13.523,gvl_HBW,bMotor_HBW_Cantilever_backward,False,poll
2026-03-20 10:01:13.523,gvl_MS,bReferenceSwitch_MS_Turntable_attransferunit,False,poll
2026-03-20 10:01:13.523,gvl_MS,bReferenceSwitch_MS_Turntable_atconveyorbelt,False,poll
2026-03-20 10:01:13.523,gvl_MS,bLightBarrier_MS_conveyorbelt,False,poll
2026-03-20 10:01:13.523,gvl_MS,bReferenceSwitch_MS_Turntable_atsaw,False,poll
2026-03-20 10:01:13.523,gvl_MS,bReferenceSwitch_MS_TransferUnit_atturntable,True,poll
2026-03-20 10:01:13.523,gvl_MS,bReferenceSwitch_MS_OvenSlider_inside,False,poll
2026-03-20 10:01:13.523,gvl_MS,bReferenceSwitch_MS_OvenSlider_outside,True,poll
2026-03-20 10:01:13.523,gvl_MS,bReferenceSwitch_MS_TransferUnit_atoven,False,poll
2026-03-20 10:01:13.523,gvl_MS,bLightBarrier_MS_oven,True,poll
2026-03-20 10:01:13.523,gvl_MS,bMotor_MS_Turntable_clockwise,False,poll
2026-03-20 10:01:13.523,gvl_MS,bMotor_MS_Turntable_counterclockwise,False,poll
2026-03-20 10:01:13.523,gvl_MS,bMotor_MS_ConveyorBelt_forward,False,poll
2026-03-20 10:01:13.523,gvl_MS,bMotor_MS_Saw,False,poll
2026-03-20 10:01:13.523,gvl_MS,bMotor_MS_OvenSlider_movein,False,poll
2026-03-20 10:01:13.523,gvl_MS,bMotor_MS_OvenSlider_moveout,False,poll
2026-03-20 10:01:13.523,gvl_MS,bMotor_MS_TransferUnit_tooven,False,poll
2026-03-20 10:01:13.523,gvl_MS,bMotor_MS_TransferUnit_toturntable,False,poll
2026-03-20 10:01:13.523,gvl_MS,bLamp_MS,False,poll
2026-03-20 10:01:13.523,gvl_MS,bCompressor_MS,False,poll
2026-03-20 10:01:13.523,gvl_MS,bValve_MS_Vacuum,False,poll
2026-03-20 10:01:13.523,gvl_MS,bValve_MS_TransferUnit,False,poll
2026-03-20 10:01:13.523,gvl_MS,bValve_MS_OvenDoor,False,poll
2026-03-20 10:01:13.523,gvl_MS,bValve_MS_Ejector,False,poll
2026-03-20 10:01:13.523,gvl_PM,bLightBarrier_PM_entry,True,poll
2026-03-20 10:01:13.523,gvl_PM,bLightBarrier_PM_tool,True,poll
2026-03-20 10:01:13.523,gvl_PM,bReferenceSwitch_PM_top,False,poll
2026-03-20 10:01:13.523,gvl_PM,bReferenceSwitch_PM_bottom,True,poll
2026-03-20 10:01:13.523,gvl_PM,bMotor_PM_ConveyorBelt_forward,False,poll
2026-03-20 10:01:13.523,gvl_PM,bMotor_PM_ConveyorBelt_backward,False,poll
2026-03-20 10:01:13.523,gvl_PM,bMotor_PM_Tool_upward,False,poll
2026-03-20 10:01:13.523,gvl_PM,bMotor_PM_Tool_downward,False,poll
2026-03-20 10:01:13.523,gvl_SL,bPulseCounter_SL,False,poll
2026-03-20 10:01:13.523,gvl_SL,bLightBarrier_SL_beforecolor,True,poll
2026-03-20 10:01:13.523,gvl_SL,bLightBarrier_SL_aftercolor,True,poll
2026-03-20 10:01:13.523,gvl_SL,bLightBarrier_SL_white,True,poll
2026-03-20 10:01:13.523,gvl_SL,bLightBarrier_SL_red,True,poll
2026-03-20 10:01:13.523,gvl_SL,bLightBarrier_SL_blue,True,poll
2026-03-20 10:01:13.523,gvl_SL,iColorSensor_SL,0,poll
2026-03-20 10:01:13.523,gvl_SL,bMotor_SL_ConveyorBelt,False,poll
2026-03-20 10:01:13.523,gvl_SL,bCompressor_SL,False,poll
2026-03-20 10:01:13.523,gvl_SL,bValve_SL_white,False,poll
2026-03-20 10:01:13.523,gvl_SL,bValve_SL_red,False,poll
2026-03-20 10:01:13.523,gvl_SL,bValve_SL_blue,False,poll
2026-03-20 10:01:13.523,LocalVariables,iC_CoordH,35,poll
2026-03-20 10:01:13.523,LocalVariables,iC_CoordV,0,poll
2026-03-20 10:01:13.523,LocalVariables,iC_CoordR,35,poll
2026-03-20 10:01:13.523,LocalVariables,eC_PickingStation,0,poll
2026-03-20 10:01:13.523,LocalVariables,eC_PlacingStation,0,poll
2026-03-20 10:01:13.523,LocalVariables,iC_Coord_Picking,"[[1340, 170, 150, 445], [380, 800, 367, 435], [800, 301, 580, 800]]",poll
2026-03-20 10:01:13.523,LocalVariables,iC_Coord_Placing,"[[890, 870], [500, 1343], [180, 150]]",poll
2026-03-20 10:01:14.017,gvl_SL,iColorSensor_SL,1,event
2026-03-20 10:01:14.215,gvl_SL,iColorSensor_SL,0,event
2026-03-20 10:01:14.374,gvl_C,bReferenceSwitch_C_vertical,True,poll
2026-03-20 10:01:14.374,gvl_C,bReferenceSwitch_C_horizontal,False,poll
2026-03-20 10:01:14.374,gvl_C,bReferenceSwitch_C_rotate,False,poll
2026-03-20 10:01:14.374,gvl_C,bEncoderImpulse_C_vertical1,False,poll
2026-03-20 10:01:14.374,gvl_C,bEncoderImpulse_C_vertical2,True,poll
2026-03-20 10:01:14.374,gvl_C,bEncoderImpulse_C_horizontal1,False,poll
2026-03-20 10:01:14.374,gvl_C,bEncoderImpulse_C_horizontal2,True,poll
2026-03-20 10:01:14.374,gvl_C,bEncoderImpulse_C_rotate1,True,poll
2026-03-20 10:01:14.374,gvl_C,bEncoderImpulse_C_rotate2,False,poll
2026-03-20 10:01:14.374,gvl_C,bMotor_C_upward,False,poll
2026-03-20 10:01:14.374,gvl_C,bMotor_C_downward,False,poll
2026-03-20 10:01:14.374,gvl_C,bMotor_C_backward,False,poll
2026-03-20 10:01:14.374,gvl_C,bMotor_C_forward,False,poll
2026-03-20 10:01:14.374,gvl_C,bMotor_C_clockwise,False,poll
2026-03-20 10:01:14.374,gvl_C,bMotor_C_counterclockwise,False,poll
2026-03-20 10:01:14.374,gvl_C,bCompressor_C,False,poll
2026-03-20 10:01:14.374,gvl_C,bValve_C,False,poll
2026-03-20 10:01:14.374,gvl_HBW,bReferenceSwitch_HBW_horizontal,True,poll
2026-03-20 10:01:14.374,gvl_HBW,bLightBarrier_HBW_inside,True,poll
2026-03-20 10:01:14.374,gvl_HBW,bLightBarrier_HBW_outside,True,poll
2026-03-20 10:01:14.374,gvl_HBW,bReferenceSwitch_HBW_vertical,False,poll
2026-03-20 10:01:14.374,gvl_HBW,bReferenceSwitch_HBW_Cantilever_front,False,poll
2026-03-20 10:01:14.374,gvl_HBW,bReferenceSwitch_HBW_Cantilever_back,False,poll
2026-03-20 10:01:14.374,gvl_HBW,bTrailSensor_HBW_bottom,True,poll
2026-03-20 10:01:14.374,gvl_HBW,bTrailSensor_HBW_top,True,poll
2026-03-20 10:01:14.374,gvl_HBW,bEncoderImpulse_HBW_horizontal1,False,poll
2026-03-20 10:01:14.374,gvl_HBW,bEncoderImpulse_HBW_horizontal2,True,poll
2026-03-20 10:01:14.374,gvl_HBW,bEncoderImpulse_HBW_vertical1,False,poll
2026-03-20 10:01:14.374,gvl_HBW,bEncoderImpulse_HBW_vertical2,False,poll
2026-03-20 10:01:14.374,gvl_HBW,bMotor_HBW_ConveyorBelt_forward,False,poll
2026-03-20 10:01:14.374,gvl_HBW,bMotor_HBW_ConveyorBelt_backward,False,poll
2026-03-20 10:01:14.374,gvl_HBW,bMotor_HBW_StackerCrane_torack,False,poll
2026-03-20 10:01:14.374,gvl_HBW,bMotor_HBW_StackerCrane_toconveyorbelt,False,poll
2026-03-20 10:01:14.374,gvl_HBW,bMotor_HBW_StackerCrane_downward,False,poll
2026-03-20 10:01:14.374,gvl_HBW,bMotor_HBW_StackerCrane_upward,False,poll
2026-03-20 10:01:14.374,gvl_HBW,bMotor_HBW_Cantilever_forward,False,poll
2026-03-20 10:01:14.374,gvl_HBW,bMotor_HBW_Cantilever_backward,False,poll
2026-03-20 10:01:14.374,gvl_MS,bReferenceSwitch_MS_Turntable_attransferunit,False,poll
2026-03-20 10:01:14.374,gvl_MS,bReferenceSwitch_MS_Turntable_atconveyorbelt,False,poll
2026-03-20 10:01:14.374,gvl_MS,bLightBarrier_MS_conveyorbelt,False,poll
2026-03-20 10:01:14.374,gvl_MS,bReferenceSwitch_MS_Turntable_atsaw,False,poll
2026-03-20 10:01:14.374,gvl_MS,bReferenceSwitch_MS_TransferUnit_atturntable,True,poll
2026-03-20 10:01:14.374,gvl_MS,bReferenceSwitch_MS_OvenSlider_inside,False,poll
2026-03-20 10:01:14.374,gvl_MS,bReferenceSwitch_MS_OvenSlider_outside,True,poll
2026-03-20 10:01:14.374,gvl_MS,bReferenceSwitch_MS_TransferUnit_atoven,False,poll
2026-03-20 10:01:14.374,gvl_MS,bLightBarrier_MS_oven,True,poll
2026-03-20 10:01:14.374,gvl_MS,bMotor_MS_Turntable_clockwise,False,poll
2026-03-20 10:01:14.374,gvl_MS,bMotor_MS_Turntable_counterclockwise,False,poll
2026-03-20 10:01:14.374,gvl_MS,bMotor_MS_ConveyorBelt_forward,False,poll
2026-03-20 10:01:14.374,gvl_MS,bMotor_MS_Saw,False,poll
2026-03-20 10:01:14.374,gvl_MS,bMotor_MS_OvenSlider_movein,False,poll
2026-03-20 10:01:14.374,gvl_MS,bMotor_MS_OvenSlider_moveout,False,poll
2026-03-20 10:01:14.374,gvl_MS,bMotor_MS_TransferUnit_tooven,False,poll
2026-03-20 10:01:14.374,gvl_MS,bMotor_MS_TransferUnit_toturntable,False,poll
2026-03-20 10:01:14.374,gvl_MS,bLamp_MS,False,poll
2026-03-20 10:01:14.374,gvl_MS,bCompressor_MS,False,poll
2026-03-20 10:01:14.374,gvl_MS,bValve_MS_Vacuum,False,poll
2026-03-20 10:01:14.374,gvl_MS,bValve_MS_TransferUnit,False,poll
2026-03-20 10:01:14.374,gvl_MS,bValve_MS_OvenDoor,False,poll
2026-03-20 10:01:14.374,gvl_MS,bValve_MS_Ejector,False,poll
2026-03-20 10:01:14.374,gvl_PM,bLightBarrier_PM_entry,True,poll
2026-03-20 10:01:14.374,gvl_PM,bLightBarrier_PM_tool,True,poll
2026-03-20 10:01:14.374,gvl_PM,bReferenceSwitch_PM_top,False,poll
2026-03-20 10:01:14.374,gvl_PM,bReferenceSwitch_PM_bottom,True,poll
2026-03-20 10:01:14.374,gvl_PM,bMotor_PM_ConveyorBelt_forward,False,poll
2026-03-20 10:01:14.374,gvl_PM,bMotor_PM_ConveyorBelt_backward,False,poll
2026-03-20 10:01:14.374,gvl_PM,bMotor_PM_Tool_upward,False,poll
2026-03-20 10:01:14.374,gvl_PM,bMotor_PM_Tool_downward,False,poll
2026-03-20 10:01:14.374,gvl_SL,bPulseCounter_SL,False,poll
2026-03-20 10:01:14.374,gvl_SL,bLightBarrier_SL_beforecolor,True,poll
2026-03-20 10:01:14.374,gvl_SL,bLightBarrier_SL_aftercolor,True,poll
2026-03-20 10:01:14.374,gvl_SL,bLightBarrier_SL_white,True,poll
2026-03-20 10:01:14.374,gvl_SL,bLightBarrier_SL_red,True,poll
2026-03-20 10:01:14.374,gvl_SL,bLightBarrier_SL_blue,True,poll
2026-03-20 10:01:14.374,gvl_SL,iColorSensor_SL,0,poll
2026-03-20 10:01:14.374,gvl_SL,bMotor_SL_ConveyorBelt,False,poll
2026-03-20 10:01:14.374,gvl_SL,bCompressor_SL,False,poll
2026-03-20 10:01:14.374,gvl_SL,bValve_SL_white,False,poll
2026-03-20 10:01:14.374,gvl_SL,bValve_SL_red,False,poll
2026-03-20 10:01:14.374,gvl_SL,bValve_SL_blue,False,poll
2026-03-20 10:01:14.374,LocalVariables,iC_CoordH,35,poll
2026-03-20 10:01:14.374,LocalVariables,iC_CoordV,0,poll
2026-03-20 10:01:14.374,LocalVariables,iC_CoordR,35,poll
2026-03-20 10:01:14.374,LocalVariables,eC_PickingStation,0,poll
2026-03-20 10:01:14.374,LocalVariables,eC_PlacingStation,0,poll
2026-03-20 10:01:14.374,LocalVariables,iC_Coord_Picking,"[[1340, 170, 150, 445], [380, 800, 367, 435], [800, 301, 580, 800]]",poll
2026-03-20 10:01:14.374,LocalVariables,iC_Coord_Placing,"[[890, 870], [500, 1343], [180, 150]]",poll
2026-03-20 10:01:14.913,gvl_SL,iColorSensor_SL,1,event
2026-03-20 10:01:15.014,gvl_SL,iColorSensor_SL,0,event
2026-03-20 10:01:15.131,gvl_C,bReferenceSwitch_C_vertical,True,poll
2026-03-20 10:01:15.131,gvl_C,bReferenceSwitch_C_horizontal,False,poll
2026-03-20 10:01:15.131,gvl_C,bReferenceSwitch_C_rotate,False,poll
2026-03-20 10:01:15.131,gvl_C,bEncoderImpulse_C_vertical1,False,poll
2026-03-20 10:01:15.131,gvl_C,bEncoderImpulse_C_vertical2,True,poll
2026-03-20 10:01:15.131,gvl_C,bEncoderImpulse_C_horizontal1,False,poll
2026-03-20 10:01:15.131,gvl_C,bEncoderImpulse_C_horizontal2,True,poll
2026-03-20 10:01:15.131,gvl_C,bEncoderImpulse_C_rotate1,True,poll
2026-03-20 10:01:15.131,gvl_C,bEncoderImpulse_C_rotate2,False,poll
2026-03-20 10:01:15.131,gvl_C,bMotor_C_upward,False,poll
2026-03-20 10:01:15.131,gvl_C,bMotor_C_downward,False,poll
2026-03-20 10:01:15.131,gvl_C,bMotor_C_backward,False,poll
2026-03-20 10:01:15.131,gvl_C,bMotor_C_forward,False,poll
2026-03-20 10:01:15.131,gvl_C,bMotor_C_clockwise,False,poll
2026-03-20 10:01:15.131,gvl_C,bMotor_C_counterclockwise,False,poll
2026-03-20 10:01:15.131,gvl_C,bCompressor_C,False,poll
2026-03-20 10:01:15.131,gvl_C,bValve_C,False,poll
2026-03-20 10:01:15.131,gvl_HBW,bReferenceSwitch_HBW_horizontal,True,poll
2026-03-20 10:01:15.131,gvl_HBW,bLightBarrier_HBW_inside,True,poll
2026-03-20 10:01:15.131,gvl_HBW,bLightBarrier_HBW_outside,True,poll
2026-03-20 10:01:15.131,gvl_HBW,bReferenceSwitch_HBW_vertical,False,poll
2026-03-20 10:01:15.131,gvl_HBW,bReferenceSwitch_HBW_Cantilever_front,False,poll
2026-03-20 10:01:15.131,gvl_HBW,bReferenceSwitch_HBW_Cantilever_back,False,poll
2026-03-20 10:01:15.131,gvl_HBW,bTrailSensor_HBW_bottom,True,poll
2026-03-20 10:01:15.131,gvl_HBW,bTrailSensor_HBW_top,True,poll
2026-03-20 10:01:15.131,gvl_HBW,bEncoderImpulse_HBW_horizontal1,False,poll
2026-03-20 10:01:15.131,gvl_HBW,bEncoderImpulse_HBW_horizontal2,True,poll
2026-03-20 10:01:15.131,gvl_HBW,bEncoderImpulse_HBW_vertical1,False,poll
2026-03-20 10:01:15.131,gvl_HBW,bEncoderImpulse_HBW_vertical2,False,poll
2026-03-20 10:01:15.131,gvl_HBW,bMotor_HBW_ConveyorBelt_forward,False,poll
2026-03-20 10:01:15.131,gvl_HBW,bMotor_HBW_ConveyorBelt_backward,False,poll
2026-03-20 10:01:15.131,gvl_HBW,bMotor_HBW_StackerCrane_torack,False,poll
2026-03-20 10:01:15.131,gvl_HBW,bMotor_HBW_StackerCrane_toconveyorbelt,False,poll
2026-03-20 10:01:15.131,gvl_HBW,bMotor_HBW_StackerCrane_downward,False,poll
2026-03-20 10:01:15.131,gvl_HBW,bMotor_HBW_StackerCrane_upward,False,poll
2026-03-20 10:01:15.131,gvl_HBW,bMotor_HBW_Cantilever_forward,False,poll
2026-03-20 10:01:15.131,gvl_HBW,bMotor_HBW_Cantilever_backward,False,poll
2026-03-20 10:01:15.131,gvl_MS,bReferenceSwitch_MS_Turntable_attransferunit,False,poll
2026-03-20 10:01:15.131,gvl_MS,bReferenceSwitch_MS_Turntable_atconveyorbelt,False,poll
2026-03-20 10:01:15.131,gvl_MS,bLightBarrier_MS_conveyorbelt,False,poll
2026-03-20 10:01:15.131,gvl_MS,bReferenceSwitch_MS_Turntable_atsaw,False,poll
2026-03-20 10:01:15.131,gvl_MS,bReferenceSwitch_MS_TransferUnit_atturntable,True,poll
2026-03-20 10:01:15.131,gvl_MS,bReferenceSwitch_MS_OvenSlider_inside,False,poll
2026-03-20 10:01:15.131,gvl_MS,bReferenceSwitch_MS_OvenSlider_outside,True,poll
2026-03-20 10:01:15.131,gvl_MS,bReferenceSwitch_MS_TransferUnit_atoven,False,poll
2026-03-20 10:01:15.131,gvl_MS,bLightBarrier_MS_oven,True,poll
2026-03-20 10:01:15.131,gvl_MS,bMotor_MS_Turntable_clockwise,False,poll
2026-03-20 10:01:15.131,gvl_MS,bMotor_MS_Turntable_counterclockwise,False,poll
2026-03-20 10:01:15.131,gvl_MS,bMotor_MS_ConveyorBelt_forward,False,poll
2026-03-20 10:01:15.131,gvl_MS,bMotor_MS_Saw,False,poll
2026-03-20 10:01:15.131,gvl_MS,bMotor_MS_OvenSlider_movein,False,poll
2026-03-20 10:01:15.131,gvl_MS,bMotor_MS_OvenSlider_moveout,False,poll
2026-03-20 10:01:15.131,gvl_MS,bMotor_MS_TransferUnit_tooven,False,poll
2026-03-20 10:01:15.131,gvl_MS,bMotor_MS_TransferUnit_toturntable,False,poll
2026-03-20 10:01:15.131,gvl_MS,bLamp_MS,False,poll
2026-03-20 10:01:15.131,gvl_MS,bCompressor_MS,False,poll
2026-03-20 10:01:15.131,gvl_MS,bValve_MS_Vacuum,False,poll
2026-03-20 10:01:15.131,gvl_MS,bValve_MS_TransferUnit,False,poll
2026-03-20 10:01:15.131,gvl_MS,bValve_MS_OvenDoor,False,poll
2026-03-20 10:01:15.131,gvl_MS,bValve_MS_Ejector,False,poll
2026-03-20 10:01:15.131,gvl_PM,bLightBarrier_PM_entry,True,poll
2026-03-20 10:01:15.131,gvl_PM,bLightBarrier_PM_tool,True,poll
2026-03-20 10:01:15.131,gvl_PM,bReferenceSwitch_PM_top,False,poll
2026-03-20 10:01:15.131,gvl_PM,bReferenceSwitch_PM_bottom,True,poll
2026-03-20 10:01:15.131,gvl_PM,bMotor_PM_ConveyorBelt_forward,False,poll
2026-03-20 10:01:15.131,gvl_PM,bMotor_PM_ConveyorBelt_backward,False,poll
2026-03-20 10:01:15.131,gvl_PM,bMotor_PM_Tool_upward,False,poll
2026-03-20 10:01:15.131,gvl_PM,bMotor_PM_Tool_downward,False,poll
2026-03-20 10:01:15.131,gvl_SL,bPulseCounter_SL,False,poll
2026-03-20 10:01:15.131,gvl_SL,bLightBarrier_SL_beforecolor,True,poll
2026-03-20 10:01:15.131,gvl_SL,bLightBarrier_SL_aftercolor,True,poll
2026-03-20 10:01:15.131,gvl_SL,bLightBarrier_SL_white,True,poll
2026-03-20 10:01:15.131,gvl_SL,bLightBarrier_SL_red,True,poll
2026-03-20 10:01:15.131,gvl_SL,bLightBarrier_SL_blue,True,poll
2026-03-20 10:01:15.131,gvl_SL,iColorSensor_SL,1,poll
2026-03-20 10:01:15.131,gvl_SL,bMotor_SL_ConveyorBelt,False,poll
2026-03-20 10:01:15.131,gvl_SL,bCompressor_SL,False,poll
2026-03-20 10:01:15.131,gvl_SL,bValve_SL_white,False,poll
2026-03-20 10:01:15.131,gvl_SL,bValve_SL_red,False,poll
2026-03-20 10:01:15.131,gvl_SL,bValve_SL_blue,False,poll
2026-03-20 10:01:15.131,LocalVariables,iC_CoordH,35,poll
2026-03-20 10:01:15.131,LocalVariables,iC_CoordV,0,poll
2026-03-20 10:01:15.131,LocalVariables,iC_CoordR,35,poll
2026-03-20 10:01:15.131,LocalVariables,eC_PickingStation,0,poll
2026-03-20 10:01:15.131,LocalVariables,eC_PlacingStation,0,poll
2026-03-20 10:01:15.131,LocalVariables,iC_Coord_Picking,"[[1340, 170, 150, 445], [380, 800, 367, 435], [800, 301, 580, 800]]",poll
2026-03-20 10:01:15.131,LocalVariables,iC_Coord_Placing,"[[890, 870], [500, 1343], [180, 150]]",poll
2026-03-20 10:01:15.714,gvl_SL,iColorSensor_SL,1,event
2026-03-20 10:01:15.806,gvl_C,bReferenceSwitch_C_vertical,True,poll
2026-03-20 10:01:15.806,gvl_C,bReferenceSwitch_C_horizontal,False,poll
2026-03-20 10:01:15.806,gvl_C,bReferenceSwitch_C_rotate,False,poll
2026-03-20 10:01:15.813,gvl_SL,iColorSensor_SL,0,event
2026-03-20 10:01:15.806,gvl_C,bEncoderImpulse_C_vertical1,False,poll
2026-03-20 10:01:15.806,gvl_C,bEncoderImpulse_C_vertical2,True,poll
2026-03-20 10:01:15.806,gvl_C,bEncoderImpulse_C_horizontal1,False,poll
2026-03-20 10:01:15.806,gvl_C,bEncoderImpulse_C_horizontal2,True,poll
2026-03-20 10:01:15.806,gvl_C,bEncoderImpulse_C_rotate1,True,poll
2026-03-20 10:01:15.806,gvl_C,bEncoderImpulse_C_rotate2,False,poll
2026-03-20 10:01:15.806,gvl_C,bMotor_C_upward,False,poll
2026-03-20 10:01:15.806,gvl_C,bMotor_C_downward,False,poll
2026-03-20 10:01:15.806,gvl_C,bMotor_C_backward,False,poll
2026-03-20 10:01:15.806,gvl_C,bMotor_C_forward,False,poll
2026-03-20 10:01:15.806,gvl_C,bMotor_C_clockwise,False,poll
2026-03-20 10:01:15.806,gvl_C,bMotor_C_counterclockwise,False,poll
2026-03-20 10:01:15.806,gvl_C,bCompressor_C,False,poll
2026-03-20 10:01:15.806,gvl_C,bValve_C,False,poll
2026-03-20 10:01:15.806,gvl_HBW,bReferenceSwitch_HBW_horizontal,True,poll
2026-03-20 10:01:15.806,gvl_HBW,bLightBarrier_HBW_inside,True,poll
2026-03-20 10:01:15.806,gvl_HBW,bLightBarrier_HBW_outside,True,poll
2026-03-20 10:01:15.806,gvl_HBW,bReferenceSwitch_HBW_vertical,False,poll
2026-03-20 10:01:15.806,gvl_HBW,bReferenceSwitch_HBW_Cantilever_front,False,poll
2026-03-20 10:01:15.806,gvl_HBW,bReferenceSwitch_HBW_Cantilever_back,False,poll
2026-03-20 10:01:15.806,gvl_HBW,bTrailSensor_HBW_bottom,True,poll
2026-03-20 10:01:15.806,gvl_HBW,bTrailSensor_HBW_top,True,poll
2026-03-20 10:01:15.806,gvl_HBW,bEncoderImpulse_HBW_horizontal1,False,poll
2026-03-20 10:01:15.806,gvl_HBW,bEncoderImpulse_HBW_horizontal2,True,poll
2026-03-20 10:01:15.806,gvl_HBW,bEncoderImpulse_HBW_vertical1,False,poll
2026-03-20 10:01:15.806,gvl_HBW,bEncoderImpulse_HBW_vertical2,False,poll
2026-03-20 10:01:15.806,gvl_HBW,bMotor_HBW_ConveyorBelt_forward,False,poll
2026-03-20 10:01:15.806,gvl_HBW,bMotor_HBW_ConveyorBelt_backward,False,poll
2026-03-20 10:01:15.806,gvl_HBW,bMotor_HBW_StackerCrane_torack,False,poll
2026-03-20 10:01:15.806,gvl_HBW,bMotor_HBW_StackerCrane_toconveyorbelt,False,poll
2026-03-20 10:01:15.806,gvl_HBW,bMotor_HBW_StackerCrane_downward,False,poll
2026-03-20 10:01:15.806,gvl_HBW,bMotor_HBW_StackerCrane_upward,False,poll
2026-03-20 10:01:15.806,gvl_HBW,bMotor_HBW_Cantilever_forward,False,poll
2026-03-20 10:01:15.806,gvl_HBW,bMotor_HBW_Cantilever_backward,False,poll
2026-03-20 10:01:15.806,gvl_MS,bReferenceSwitch_MS_Turntable_attransferunit,False,poll
2026-03-20 10:01:15.806,gvl_MS,bReferenceSwitch_MS_Turntable_atconveyorbelt,False,poll
2026-03-20 10:01:15.806,gvl_MS,bLightBarrier_MS_conveyorbelt,False,poll
2026-03-20 10:01:15.806,gvl_MS,bReferenceSwitch_MS_Turntable_atsaw,False,poll
2026-03-20 10:01:15.806,gvl_MS,bReferenceSwitch_MS_TransferUnit_atturntable,True,poll
2026-03-20 10:01:15.806,gvl_MS,bReferenceSwitch_MS_OvenSlider_inside,False,poll
2026-03-20 10:01:15.806,gvl_MS,bReferenceSwitch_MS_OvenSlider_outside,True,poll
2026-03-20 10:01:15.806,gvl_MS,bReferenceSwitch_MS_TransferUnit_atoven,False,poll
2026-03-20 10:01:15.806,gvl_MS,bLightBarrier_MS_oven,True,poll
2026-03-20 10:01:15.806,gvl_MS,bMotor_MS_Turntable_clockwise,False,poll
2026-03-20 10:01:15.806,gvl_MS,bMotor_MS_Turntable_counterclockwise,False,poll
2026-03-20 10:01:15.806,gvl_MS,bMotor_MS_ConveyorBelt_forward,False,poll
2026-03-20 10:01:15.806,gvl_MS,bMotor_MS_Saw,False,poll
2026-03-20 10:01:15.806,gvl_MS,bMotor_MS_OvenSlider_movein,False,poll
2026-03-20 10:01:15.806,gvl_MS,bMotor_MS_OvenSlider_moveout,False,poll
2026-03-20 10:01:15.806,gvl_MS,bMotor_MS_TransferUnit_tooven,False,poll
2026-03-20 10:01:15.806,gvl_MS,bMotor_MS_TransferUnit_toturntable,False,poll
2026-03-20 10:01:15.806,gvl_MS,bLamp_MS,False,poll
2026-03-20 10:01:15.806,gvl_MS,bCompressor_MS,False,poll
2026-03-20 10:01:15.806,gvl_MS,bValve_MS_Vacuum,False,poll
2026-03-20 10:01:15.806,gvl_MS,bValve_MS_TransferUnit,False,poll
2026-03-20 10:01:15.806,gvl_MS,bValve_MS_OvenDoor,False,poll
2026-03-20 10:01:15.806,gvl_MS,bValve_MS_Ejector,False,poll
2026-03-20 10:01:15.806,gvl_PM,bLightBarrier_PM_entry,True,poll
2026-03-20 10:01:15.806,gvl_PM,bLightBarrier_PM_tool,True,poll
2026-03-20 10:01:15.806,gvl_PM,bReferenceSwitch_PM_top,False,poll
2026-03-20 10:01:15.806,gvl_PM,bReferenceSwitch_PM_bottom,True,poll
2026-03-20 10:01:15.806,gvl_PM,bMotor_PM_ConveyorBelt_forward,False,poll
2026-03-20 10:01:15.806,gvl_PM,bMotor_PM_ConveyorBelt_backward,False,poll
2026-03-20 10:01:15.806,gvl_PM,bMotor_PM_Tool_upward,False,poll
2026-03-20 10:01:15.806,gvl_PM,bMotor_PM_Tool_downward,False,poll
2026-03-20 10:01:15.806,gvl_SL,bPulseCounter_SL,False,poll
2026-03-20 10:01:15.806,gvl_SL,bLightBarrier_SL_beforecolor,True,poll
2026-03-20 10:01:15.806,gvl_SL,bLightBarrier_SL_aftercolor,True,poll
2026-03-20 10:01:15.806,gvl_SL,bLightBarrier_SL_white,True,poll
2026-03-20 10:01:15.806,gvl_SL,bLightBarrier_SL_red,True,poll
2026-03-20 10:01:15.806,gvl_SL,bLightBarrier_SL_blue,True,poll
2026-03-20 10:01:15.806,gvl_SL,iColorSensor_SL,1,poll
2026-03-20 10:01:15.806,gvl_SL,bMotor_SL_ConveyorBelt,False,poll
2026-03-20 10:01:15.806,gvl_SL,bCompressor_SL,False,poll
2026-03-20 10:01:15.806,gvl_SL,bValve_SL_white,False,poll
2026-03-20 10:01:15.806,gvl_SL,bValve_SL_red,False,poll
2026-03-20 10:01:15.806,gvl_SL,bValve_SL_blue,False,poll
2026-03-20 10:01:15.806,LocalVariables,iC_CoordH,35,poll
2026-03-20 10:01:15.806,LocalVariables,iC_CoordV,0,poll
2026-03-20 10:01:15.806,LocalVariables,iC_CoordR,35,poll
2026-03-20 10:01:15.806,LocalVariables,eC_PickingStation,0,poll
2026-03-20 10:01:15.806,LocalVariables,eC_PlacingStation,0,poll
2026-03-20 10:01:15.806,LocalVariables,iC_Coord_Picking,"[[1340, 170, 150, 445], [380, 800, 367, 435], [800, 301, 580, 800]]",poll
2026-03-20 10:01:15.806,LocalVariables,iC_Coord_Placing,"[[890, 870], [500, 1343], [180, 150]]",poll
2026-03-20 10:01:16.113,gvl_SL,iColorSensor_SL,1,event
2026-03-20 10:01:16.215,gvl_SL,iColorSensor_SL,0,event
2026-03-20 10:01:16.314,gvl_SL,iColorSensor_SL,1,event
2026-03-20 10:01:16.414,gvl_SL,iColorSensor_SL,0,event
2026-03-20 10:01:16.485,gvl_C,bReferenceSwitch_C_vertical,True,poll
2026-03-20 10:01:16.485,gvl_C,bReferenceSwitch_C_horizontal,False,poll
2026-03-20 10:01:16.485,gvl_C,bReferenceSwitch_C_rotate,False,poll
2026-03-20 10:01:16.485,gvl_C,bEncoderImpulse_C_vertical1,False,poll
2026-03-20 10:01:16.485,gvl_C,bEncoderImpulse_C_vertical2,True,poll
2026-03-20 10:01:16.485,gvl_C,bEncoderImpulse_C_horizontal1,False,poll
2026-03-20 10:01:16.485,gvl_C,bEncoderImpulse_C_horizontal2,True,poll
2026-03-20 10:01:16.485,gvl_C,bEncoderImpulse_C_rotate1,True,poll
2026-03-20 10:01:16.485,gvl_C,bEncoderImpulse_C_rotate2,False,poll
2026-03-20 10:01:16.485,gvl_C,bMotor_C_upward,False,poll
2026-03-20 10:01:16.485,gvl_C,bMotor_C_downward,False,poll
2026-03-20 10:01:16.485,gvl_C,bMotor_C_backward,False,poll
2026-03-20 10:01:16.485,gvl_C,bMotor_C_forward,False,poll
2026-03-20 10:01:16.513,gvl_SL,iColorSensor_SL,1,event
2026-03-20 10:01:16.485,gvl_C,bMotor_C_clockwise,False,poll
2026-03-20 10:01:16.485,gvl_C,bMotor_C_counterclockwise,False,poll
2026-03-20 10:01:16.485,gvl_C,bCompressor_C,False,poll
2026-03-20 10:01:16.485,gvl_C,bValve_C,False,poll
2026-03-20 10:01:16.485,gvl_HBW,bReferenceSwitch_HBW_horizontal,True,poll
2026-03-20 10:01:16.485,gvl_HBW,bLightBarrier_HBW_inside,True,poll
2026-03-20 10:01:16.485,gvl_HBW,bLightBarrier_HBW_outside,True,poll
2026-03-20 10:01:16.485,gvl_HBW,bReferenceSwitch_HBW_vertical,False,poll
2026-03-20 10:01:16.485,gvl_HBW,bReferenceSwitch_HBW_Cantilever_front,False,poll
2026-03-20 10:01:16.485,gvl_HBW,bReferenceSwitch_HBW_Cantilever_back,False,poll
2026-03-20 10:01:16.485,gvl_HBW,bTrailSensor_HBW_bottom,True,poll
2026-03-20 10:01:16.485,gvl_HBW,bTrailSensor_HBW_top,True,poll
2026-03-20 10:01:16.485,gvl_HBW,bEncoderImpulse_HBW_horizontal1,False,poll
2026-03-20 10:01:16.485,gvl_HBW,bEncoderImpulse_HBW_horizontal2,True,poll
2026-03-20 10:01:16.485,gvl_HBW,bEncoderImpulse_HBW_vertical1,False,poll
2026-03-20 10:01:16.485,gvl_HBW,bEncoderImpulse_HBW_vertical2,False,poll
2026-03-20 10:01:16.485,gvl_HBW,bMotor_HBW_ConveyorBelt_forward,False,poll
2026-03-20 10:01:16.485,gvl_HBW,bMotor_HBW_ConveyorBelt_backward,False,poll
2026-03-20 10:01:16.485,gvl_HBW,bMotor_HBW_StackerCrane_torack,False,poll
2026-03-20 10:01:16.485,gvl_HBW,bMotor_HBW_StackerCrane_toconveyorbelt,False,poll
2026-03-20 10:01:16.485,gvl_HBW,bMotor_HBW_StackerCrane_downward,False,poll
2026-03-20 10:01:16.485,gvl_HBW,bMotor_HBW_StackerCrane_upward,False,poll
2026-03-20 10:01:16.485,gvl_HBW,bMotor_HBW_Cantilever_forward,False,poll
2026-03-20 10:01:16.485,gvl_HBW,bMotor_HBW_Cantilever_backward,False,poll
2026-03-20 10:01:16.485,gvl_MS,bReferenceSwitch_MS_Turntable_attransferunit,False,poll
2026-03-20 10:01:16.485,gvl_MS,bReferenceSwitch_MS_Turntable_atconveyorbelt,False,poll
2026-03-20 10:01:16.485,gvl_MS,bLightBarrier_MS_conveyorbelt,False,poll
2026-03-20 10:01:16.485,gvl_MS,bReferenceSwitch_MS_Turntable_atsaw,False,poll
2026-03-20 10:01:16.485,gvl_MS,bReferenceSwitch_MS_TransferUnit_atturntable,True,poll
2026-03-20 10:01:16.485,gvl_MS,bReferenceSwitch_MS_OvenSlider_inside,False,poll
2026-03-20 10:01:16.485,gvl_MS,bReferenceSwitch_MS_OvenSlider_outside,True,poll
2026-03-20 10:01:16.485,gvl_MS,bReferenceSwitch_MS_TransferUnit_atoven,False,poll
2026-03-20 10:01:16.485,gvl_MS,bLightBarrier_MS_oven,True,poll
2026-03-20 10:01:16.485,gvl_MS,bMotor_MS_Turntable_clockwise,False,poll
2026-03-20 10:01:16.485,gvl_MS,bMotor_MS_Turntable_counterclockwise,False,poll
2026-03-20 10:01:16.485,gvl_MS,bMotor_MS_ConveyorBelt_forward,False,poll
2026-03-20 10:01:16.485,gvl_MS,bMotor_MS_Saw,False,poll
2026-03-20 10:01:16.485,gvl_MS,bMotor_MS_OvenSlider_movein,False,poll
2026-03-20 10:01:16.485,gvl_MS,bMotor_MS_OvenSlider_moveout,False,poll
2026-03-20 10:01:16.485,gvl_MS,bMotor_MS_TransferUnit_tooven,False,poll
2026-03-20 10:01:16.485,gvl_MS,bMotor_MS_TransferUnit_toturntable,False,poll
2026-03-20 10:01:16.485,gvl_MS,bLamp_MS,False,poll
2026-03-20 10:01:16.485,gvl_MS,bCompressor_MS,False,poll
2026-03-20 10:01:16.485,gvl_MS,bValve_MS_Vacuum,False,poll
2026-03-20 10:01:16.485,gvl_MS,bValve_MS_TransferUnit,False,poll
2026-03-20 10:01:16.485,gvl_MS,bValve_MS_OvenDoor,False,poll
2026-03-20 10:01:16.485,gvl_MS,bValve_MS_Ejector,False,poll
2026-03-20 10:01:16.485,gvl_PM,bLightBarrier_PM_entry,True,poll
2026-03-20 10:01:16.485,gvl_PM,bLightBarrier_PM_tool,True,poll
2026-03-20 10:01:16.485,gvl_PM,bReferenceSwitch_PM_top,False,poll
2026-03-20 10:01:16.613,gvl_SL,iColorSensor_SL,0,event
2026-03-20 10:01:16.485,gvl_PM,bReferenceSwitch_PM_bottom,True,poll
2026-03-20 10:01:16.485,gvl_PM,bMotor_PM_ConveyorBelt_forward,False,poll
2026-03-20 10:01:16.485,gvl_PM,bMotor_PM_ConveyorBelt_backward,False,poll
2026-03-20 10:01:16.485,gvl_PM,bMotor_PM_Tool_upward,False,poll
2026-03-20 10:01:16.485,gvl_PM,bMotor_PM_Tool_downward,False,poll
2026-03-20 10:01:16.485,gvl_SL,bPulseCounter_SL,False,poll
2026-03-20 10:01:16.485,gvl_SL,bLightBarrier_SL_beforecolor,True,poll
2026-03-20 10:01:16.485,gvl_SL,bLightBarrier_SL_aftercolor,True,poll
2026-03-20 10:01:16.485,gvl_SL,bLightBarrier_SL_white,True,poll
2026-03-20 10:01:16.485,gvl_SL,bLightBarrier_SL_red,True,poll
2026-03-20 10:01:16.485,gvl_SL,bLightBarrier_SL_blue,True,poll
2026-03-20 10:01:16.485,gvl_SL,iColorSensor_SL,1,poll
2026-03-20 10:01:16.485,gvl_SL,bMotor_SL_ConveyorBelt,False,poll
2026-03-20 10:01:16.485,gvl_SL,bCompressor_SL,False,poll
2026-03-20 10:01:16.485,gvl_SL,bValve_SL_white,False,poll
2026-03-20 10:01:16.485,gvl_SL,bValve_SL_red,False,poll
2026-03-20 10:01:16.485,gvl_SL,bValve_SL_blue,False,poll
2026-03-20 10:01:16.485,LocalVariables,iC_CoordH,35,poll
2026-03-20 10:01:16.485,LocalVariables,iC_CoordV,0,poll
2026-03-20 10:01:16.485,LocalVariables,iC_CoordR,35,poll
2026-03-20 10:01:16.485,LocalVariables,eC_PickingStation,0,poll
2026-03-20 10:01:16.485,LocalVariables,eC_PlacingStation,0,poll
2026-03-20 10:01:16.485,LocalVariables,iC_Coord_Picking,"[[1340, 170, 150, 445], [380, 800, 367, 435], [800, 301, 580, 800]]",poll
2026-03-20 10:01:16.485,LocalVariables,iC_Coord_Placing,"[[890, 870], [500, 1343], [180, 150]]",poll
2026-03-20 10:01:16.713,gvl_SL,iColorSensor_SL,1,event
2026-03-20 10:01:16.814,gvl_SL,iColorSensor_SL,0,event
2026-03-20 10:01:17.169,gvl_C,bReferenceSwitch_C_vertical,True,poll
2026-03-20 10:01:17.169,gvl_C,bReferenceSwitch_C_horizontal,False,poll
2026-03-20 10:01:17.169,gvl_C,bReferenceSwitch_C_rotate,False,poll
2026-03-20 10:01:17.169,gvl_C,bEncoderImpulse_C_vertical1,False,poll
2026-03-20 10:01:17.169,gvl_C,bEncoderImpulse_C_vertical2,True,poll
2026-03-20 10:01:17.169,gvl_C,bEncoderImpulse_C_horizontal1,False,poll
2026-03-20 10:01:17.169,gvl_C,bEncoderImpulse_C_horizontal2,True,poll
2026-03-20 10:01:17.169,gvl_C,bEncoderImpulse_C_rotate1,True,poll
2026-03-20 10:01:17.169,gvl_C,bEncoderImpulse_C_rotate2,False,poll
2026-03-20 10:01:17.169,gvl_C,bMotor_C_upward,False,poll
2026-03-20 10:01:17.169,gvl_C,bMotor_C_downward,False,poll
2026-03-20 10:01:17.169,gvl_C,bMotor_C_backward,False,poll
2026-03-20 10:01:17.169,gvl_C,bMotor_C_forward,False,poll
2026-03-20 10:01:17.169,gvl_C,bMotor_C_clockwise,False,poll
2026-03-20 10:01:17.169,gvl_C,bMotor_C_counterclockwise,False,poll
2026-03-20 10:01:17.169,gvl_C,bCompressor_C,False,poll
2026-03-20 10:01:17.169,gvl_C,bValve_C,False,poll
2026-03-20 10:01:17.169,gvl_HBW,bReferenceSwitch_HBW_horizontal,True,poll
2026-03-20 10:01:17.169,gvl_HBW,bLightBarrier_HBW_inside,True,poll
2026-03-20 10:01:17.169,gvl_HBW,bLightBarrier_HBW_outside,True,poll
2026-03-20 10:01:17.169,gvl_HBW,bReferenceSwitch_HBW_vertical,False,poll
2026-03-20 10:01:17.169,gvl_HBW,bReferenceSwitch_HBW_Cantilever_front,False,poll
2026-03-20 10:01:17.169,gvl_HBW,bReferenceSwitch_HBW_Cantilever_back,False,poll
2026-03-20 10:01:17.169,gvl_HBW,bTrailSensor_HBW_bottom,True,poll
2026-03-20 10:01:17.169,gvl_HBW,bTrailSensor_HBW_top,True,poll
2026-03-20 10:01:17.169,gvl_HBW,bEncoderImpulse_HBW_horizontal1,False,poll
2026-03-20 10:01:17.169,gvl_HBW,bEncoderImpulse_HBW_horizontal2,True,poll
2026-03-20 10:01:17.169,gvl_HBW,bEncoderImpulse_HBW_vertical1,False,poll
2026-03-20 10:01:17.169,gvl_HBW,bEncoderImpulse_HBW_vertical2,False,poll
2026-03-20 10:01:17.169,gvl_HBW,bMotor_HBW_ConveyorBelt_forward,False,poll
2026-03-20 10:01:17.169,gvl_HBW,bMotor_HBW_ConveyorBelt_backward,False,poll
2026-03-20 10:01:17.169,gvl_HBW,bMotor_HBW_StackerCrane_torack,False,poll
2026-03-20 10:01:17.169,gvl_HBW,bMotor_HBW_StackerCrane_toconveyorbelt,False,poll
2026-03-20 10:01:17.169,gvl_HBW,bMotor_HBW_StackerCrane_downward,False,poll
2026-03-20 10:01:17.169,gvl_HBW,bMotor_HBW_StackerCrane_upward,False,poll
2026-03-20 10:01:17.169,gvl_HBW,bMotor_HBW_Cantilever_forward,False,poll
2026-03-20 10:01:17.169,gvl_HBW,bMotor_HBW_Cantilever_backward,False,poll
2026-03-20 10:01:17.169,gvl_MS,bReferenceSwitch_MS_Turntable_attransferunit,False,poll
2026-03-20 10:01:17.169,gvl_MS,bReferenceSwitch_MS_Turntable_atconveyorbelt,False,poll
2026-03-20 10:01:17.169,gvl_MS,bLightBarrier_MS_conveyorbelt,False,poll
2026-03-20 10:01:17.169,gvl_MS,bReferenceSwitch_MS_Turntable_atsaw,False,poll
2026-03-20 10:01:17.169,gvl_MS,bReferenceSwitch_MS_TransferUnit_atturntable,True,poll
2026-03-20 10:01:17.169,gvl_MS,bReferenceSwitch_MS_OvenSlider_inside,False,poll
2026-03-20 10:01:17.169,gvl_MS,bReferenceSwitch_MS_OvenSlider_outside,True,poll
2026-03-20 10:01:17.169,gvl_MS,bReferenceSwitch_MS_TransferUnit_atoven,False,poll
2026-03-20 10:01:17.169,gvl_MS,bLightBarrier_MS_oven,True,poll
2026-03-20 10:01:17.169,gvl_MS,bMotor_MS_Turntable_clockwise,False,poll
2026-03-20 10:01:17.169,gvl_MS,bMotor_MS_Turntable_counterclockwise,False,poll
2026-03-20 10:01:17.169,gvl_MS,bMotor_MS_ConveyorBelt_forward,False,poll
2026-03-20 10:01:17.169,gvl_MS,bMotor_MS_Saw,False,poll
2026-03-20 10:01:17.169,gvl_MS,bMotor_MS_OvenSlider_movein,False,poll
2026-03-20 10:01:17.169,gvl_MS,bMotor_MS_OvenSlider_moveout,False,poll
2026-03-20 10:01:17.169,gvl_MS,bMotor_MS_TransferUnit_tooven,False,poll
2026-03-20 10:01:17.169,gvl_MS,bMotor_MS_TransferUnit_toturntable,False,poll
2026-03-20 10:01:17.169,gvl_MS,bLamp_MS,False,poll
2026-03-20 10:01:17.169,gvl_MS,bCompressor_MS,False,poll
2026-03-20 10:01:17.169,gvl_MS,bValve_MS_Vacuum,False,poll
2026-03-20 10:01:17.169,gvl_MS,bValve_MS_TransferUnit,False,poll
2026-03-20 10:01:17.169,gvl_MS,bValve_MS_OvenDoor,False,poll
2026-03-20 10:01:17.169,gvl_MS,bValve_MS_Ejector,False,poll
2026-03-20 10:01:17.169,gvl_PM,bLightBarrier_PM_entry,True,poll
2026-03-20 10:01:17.169,gvl_PM,bLightBarrier_PM_tool,True,poll
2026-03-20 10:01:17.169,gvl_PM,bReferenceSwitch_PM_top,False,poll
2026-03-20 10:01:17.169,gvl_PM,bReferenceSwitch_PM_bottom,True,poll
2026-03-20 10:01:17.169,gvl_PM,bMotor_PM_ConveyorBelt_forward,False,poll
2026-03-20 10:01:17.169,gvl_PM,bMotor_PM_ConveyorBelt_backward,False,poll
2026-03-20 10:01:17.169,gvl_PM,bMotor_PM_Tool_upward,False,poll
2026-03-20 10:01:17.169,gvl_PM,bMotor_PM_Tool_downward,False,poll
2026-03-20 10:01:17.169,gvl_SL,bPulseCounter_SL,False,poll
2026-03-20 10:01:17.169,gvl_SL,bLightBarrier_SL_beforecolor,True,poll
2026-03-20 10:01:17.169,gvl_SL,bLightBarrier_SL_aftercolor,True,poll
2026-03-20 10:01:17.169,gvl_SL,bLightBarrier_SL_white,True,poll
2026-03-20 10:01:17.169,gvl_SL,bLightBarrier_SL_red,True,poll
2026-03-20 10:01:17.169,gvl_SL,bLightBarrier_SL_blue,True,poll
2026-03-20 10:01:17.169,gvl_SL,iColorSensor_SL,0,poll
2026-03-20 10:01:17.169,gvl_SL,bMotor_SL_ConveyorBelt,False,poll
2026-03-20 10:01:17.169,gvl_SL,bCompressor_SL,False,poll
2026-03-20 10:01:17.169,gvl_SL,bValve_SL_white,False,poll
2026-03-20 10:01:17.169,gvl_SL,bValve_SL_red,False,poll
2026-03-20 10:01:17.169,gvl_SL,bValve_SL_blue,False,poll
2026-03-20 10:01:17.169,LocalVariables,iC_CoordH,35,poll
2026-03-20 10:01:17.169,LocalVariables,iC_CoordV,0,poll
2026-03-20 10:01:17.169,LocalVariables,iC_CoordR,35,poll
2026-03-20 10:01:17.169,LocalVariables,eC_PickingStation,0,poll
2026-03-20 10:01:17.169,LocalVariables,eC_PlacingStation,0,poll
2026-03-20 10:01:17.169,LocalVariables,iC_Coord_Picking,"[[1340, 170, 150, 445], [380, 800, 367, 435], [800, 301, 580, 800]]",poll
2026-03-20 10:01:17.169,LocalVariables,iC_Coord_Placing,"[[890, 870], [500, 1343], [180, 150]]",poll
2026-03-20 10:01:17.514,gvl_SL,iColorSensor_SL,1,event
2026-03-20 10:01:17.614,gvl_SL,iColorSensor_SL,0,event
2026-03-20 10:01:17.714,gvl_SL,iColorSensor_SL,1,event
2026-03-20 10:01:17.814,gvl_SL,iColorSensor_SL,0,event
2026-03-20 10:01:17.863,gvl_C,bReferenceSwitch_C_vertical,True,poll
2026-03-20 10:01:17.863,gvl_C,bReferenceSwitch_C_horizontal,False,poll
2026-03-20 10:01:17.863,gvl_C,bReferenceSwitch_C_rotate,False,poll
2026-03-20 10:01:17.863,gvl_C,bEncoderImpulse_C_vertical1,False,poll
2026-03-20 10:01:17.863,gvl_C,bEncoderImpulse_C_vertical2,True,poll
2026-03-20 10:01:17.863,gvl_C,bEncoderImpulse_C_horizontal1,False,poll
2026-03-20 10:01:17.863,gvl_C,bEncoderImpulse_C_horizontal2,True,poll
2026-03-20 10:01:17.863,gvl_C,bEncoderImpulse_C_rotate1,True,poll
2026-03-20 10:01:17.863,gvl_C,bEncoderImpulse_C_rotate2,False,poll
2026-03-20 10:01:17.863,gvl_C,bMotor_C_upward,False,poll
2026-03-20 10:01:17.863,gvl_C,bMotor_C_downward,False,poll
2026-03-20 10:01:17.863,gvl_C,bMotor_C_backward,False,poll
2026-03-20 10:01:17.863,gvl_C,bMotor_C_forward,False,poll
2026-03-20 10:01:17.863,gvl_C,bMotor_C_clockwise,False,poll
2026-03-20 10:01:17.863,gvl_C,bMotor_C_counterclockwise,False,poll
2026-03-20 10:01:17.863,gvl_C,bCompressor_C,False,poll
2026-03-20 10:01:17.863,gvl_C,bValve_C,False,poll
2026-03-20 10:01:17.863,gvl_HBW,bReferenceSwitch_HBW_horizontal,True,poll
2026-03-20 10:01:17.863,gvl_HBW,bLightBarrier_HBW_inside,True,poll
2026-03-20 10:01:17.863,gvl_HBW,bLightBarrier_HBW_outside,True,poll
2026-03-20 10:01:17.863,gvl_HBW,bReferenceSwitch_HBW_vertical,False,poll
2026-03-20 10:01:17.863,gvl_HBW,bReferenceSwitch_HBW_Cantilever_front,False,poll
2026-03-20 10:01:17.863,gvl_HBW,bReferenceSwitch_HBW_Cantilever_back,False,poll
2026-03-20 10:01:17.863,gvl_HBW,bTrailSensor_HBW_bottom,True,poll
2026-03-20 10:01:17.863,gvl_HBW,bTrailSensor_HBW_top,True,poll
2026-03-20 10:01:17.863,gvl_HBW,bEncoderImpulse_HBW_horizontal1,False,poll
2026-03-20 10:01:17.863,gvl_HBW,bEncoderImpulse_HBW_horizontal2,True,poll
2026-03-20 10:01:17.863,gvl_HBW,bEncoderImpulse_HBW_vertical1,False,poll
2026-03-20 10:01:17.863,gvl_HBW,bEncoderImpulse_HBW_vertical2,False,poll
2026-03-20 10:01:17.863,gvl_HBW,bMotor_HBW_ConveyorBelt_forward,False,poll
2026-03-20 10:01:17.863,gvl_HBW,bMotor_HBW_ConveyorBelt_backward,False,poll
2026-03-20 10:01:17.863,gvl_HBW,bMotor_HBW_StackerCrane_torack,False,poll
2026-03-20 10:01:17.863,gvl_HBW,bMotor_HBW_StackerCrane_toconveyorbelt,False,poll
2026-03-20 10:01:17.863,gvl_HBW,bMotor_HBW_StackerCrane_downward,False,poll
2026-03-20 10:01:17.863,gvl_HBW,bMotor_HBW_StackerCrane_upward,False,poll
2026-03-20 10:01:17.863,gvl_HBW,bMotor_HBW_Cantilever_forward,False,poll
2026-03-20 10:01:17.863,gvl_HBW,bMotor_HBW_Cantilever_backward,False,poll
2026-03-20 10:01:17.863,gvl_MS,bReferenceSwitch_MS_Turntable_attransferunit,False,poll
2026-03-20 10:01:17.863,gvl_MS,bReferenceSwitch_MS_Turntable_atconveyorbelt,False,poll
2026-03-20 10:01:17.863,gvl_MS,bLightBarrier_MS_conveyorbelt,False,poll
2026-03-20 10:01:17.863,gvl_MS,bReferenceSwitch_MS_Turntable_atsaw,False,poll
2026-03-20 10:01:17.863,gvl_MS,bReferenceSwitch_MS_TransferUnit_atturntable,True,poll
2026-03-20 10:01:17.863,gvl_MS,bReferenceSwitch_MS_OvenSlider_inside,False,poll
2026-03-20 10:01:17.863,gvl_MS,bReferenceSwitch_MS_OvenSlider_outside,True,poll
2026-03-20 10:01:17.863,gvl_MS,bReferenceSwitch_MS_TransferUnit_atoven,False,poll
2026-03-20 10:01:17.863,gvl_MS,bLightBarrier_MS_oven,True,poll
2026-03-20 10:01:17.863,gvl_MS,bMotor_MS_Turntable_clockwise,False,poll
2026-03-20 10:01:17.863,gvl_MS,bMotor_MS_Turntable_counterclockwise,False,poll
2026-03-20 10:01:17.863,gvl_MS,bMotor_MS_ConveyorBelt_forward,False,poll
2026-03-20 10:01:17.863,gvl_MS,bMotor_MS_Saw,False,poll
2026-03-20 10:01:17.863,gvl_MS,bMotor_MS_OvenSlider_movein,False,poll
2026-03-20 10:01:17.863,gvl_MS,bMotor_MS_OvenSlider_moveout,False,poll
2026-03-20 10:01:17.863,gvl_MS,bMotor_MS_TransferUnit_tooven,False,poll
2026-03-20 10:01:17.863,gvl_MS,bMotor_MS_TransferUnit_toturntable,False,poll
2026-03-20 10:01:17.863,gvl_MS,bLamp_MS,False,poll
2026-03-20 10:01:17.863,gvl_MS,bCompressor_MS,False,poll
2026-03-20 10:01:17.863,gvl_MS,bValve_MS_Vacuum,False,poll
2026-03-20 10:01:17.863,gvl_MS,bValve_MS_TransferUnit,False,poll
2026-03-20 10:01:17.863,gvl_MS,bValve_MS_OvenDoor,False,poll
2026-03-20 10:01:17.863,gvl_MS,bValve_MS_Ejector,False,poll
2026-03-20 10:01:17.863,gvl_PM,bLightBarrier_PM_entry,True,poll
2026-03-20 10:01:17.863,gvl_PM,bLightBarrier_PM_tool,True,poll
2026-03-20 10:01:17.863,gvl_PM,bReferenceSwitch_PM_top,False,poll
2026-03-20 10:01:17.863,gvl_PM,bReferenceSwitch_PM_bottom,True,poll
2026-03-20 10:01:17.863,gvl_PM,bMotor_PM_ConveyorBelt_forward,False,poll
2026-03-20 10:01:17.863,gvl_PM,bMotor_PM_ConveyorBelt_backward,False,poll
2026-03-20 10:01:17.863,gvl_PM,bMotor_PM_Tool_upward,False,poll
2026-03-20 10:01:17.863,gvl_PM,bMotor_PM_Tool_downward,False,poll
2026-03-20 10:01:17.863,gvl_SL,bPulseCounter_SL,False,poll
2026-03-20 10:01:17.863,gvl_SL,bLightBarrier_SL_beforecolor,True,poll
2026-03-20 10:01:17.863,gvl_SL,bLightBarrier_SL_aftercolor,True,poll
2026-03-20 10:01:17.863,gvl_SL,bLightBarrier_SL_white,True,poll
2026-03-20 10:01:17.863,gvl_SL,bLightBarrier_SL_red,True,poll
2026-03-20 10:01:17.863,gvl_SL,bLightBarrier_SL_blue,True,poll
2026-03-20 10:01:17.863,gvl_SL,iColorSensor_SL,0,poll
2026-03-20 10:01:17.863,gvl_SL,bMotor_SL_ConveyorBelt,False,poll
2026-03-20 10:01:17.863,gvl_SL,bCompressor_SL,False,poll
2026-03-20 10:01:17.863,gvl_SL,bValve_SL_white,False,poll
2026-03-20 10:01:17.863,gvl_SL,bValve_SL_red,False,poll
2026-03-20 10:01:17.863,gvl_SL,bValve_SL_blue,False,poll
2026-03-20 10:01:17.863,LocalVariables,iC_CoordH,35,poll
2026-03-20 10:01:17.863,LocalVariables,iC_CoordV,0,poll
2026-03-20 10:01:17.863,LocalVariables,iC_CoordR,35,poll
2026-03-20 10:01:17.863,LocalVariables,eC_PickingStation,0,poll
2026-03-20 10:01:17.863,LocalVariables,eC_PlacingStation,0,poll
2026-03-20 10:01:17.863,LocalVariables,iC_Coord_Picking,"[[1340, 170, 150, 445], [380, 800, 367, 435], [800, 301, 580, 800]]",poll
2026-03-20 10:01:17.863,LocalVariables,iC_Coord_Placing,"[[890, 870], [500, 1343], [180, 150]]",poll
2026-03-20 10:01:18.214,gvl_SL,iColorSensor_SL,1,event
2026-03-20 10:01:18.314,gvl_SL,iColorSensor_SL,0,event
2026-03-20 10:01:18.623,gvl_C,bReferenceSwitch_C_vertical,True,poll
2026-03-20 10:01:18.623,gvl_C,bReferenceSwitch_C_horizontal,False,poll
2026-03-20 10:01:18.623,gvl_C,bReferenceSwitch_C_rotate,False,poll
2026-03-20 10:01:18.623,gvl_C,bEncoderImpulse_C_vertical1,False,poll
2026-03-20 10:01:18.623,gvl_C,bEncoderImpulse_C_vertical2,True,poll
2026-03-20 10:01:18.623,gvl_C,bEncoderImpulse_C_horizontal1,False,poll
2026-03-20 10:01:18.623,gvl_C,bEncoderImpulse_C_horizontal2,True,poll
2026-03-20 10:01:18.623,gvl_C,bEncoderImpulse_C_rotate1,True,poll
2026-03-20 10:01:18.623,gvl_C,bEncoderImpulse_C_rotate2,False,poll
2026-03-20 10:01:18.623,gvl_C,bMotor_C_upward,False,poll
2026-03-20 10:01:18.623,gvl_C,bMotor_C_downward,False,poll
2026-03-20 10:01:18.623,gvl_C,bMotor_C_backward,False,poll
2026-03-20 10:01:18.623,gvl_C,bMotor_C_forward,False,poll
2026-03-20 10:01:18.623,gvl_C,bMotor_C_clockwise,False,poll
2026-03-20 10:01:18.623,gvl_C,bMotor_C_counterclockwise,False,poll
2026-03-20 10:01:18.623,gvl_C,bCompressor_C,False,poll
2026-03-20 10:01:18.623,gvl_C,bValve_C,False,poll
2026-03-20 10:01:18.623,gvl_HBW,bReferenceSwitch_HBW_horizontal,True,poll
2026-03-20 10:01:18.623,gvl_HBW,bLightBarrier_HBW_inside,True,poll
2026-03-20 10:01:18.623,gvl_HBW,bLightBarrier_HBW_outside,True,poll
2026-03-20 10:01:18.623,gvl_HBW,bReferenceSwitch_HBW_vertical,False,poll
2026-03-20 10:01:18.623,gvl_HBW,bReferenceSwitch_HBW_Cantilever_front,False,poll
2026-03-20 10:01:18.623,gvl_HBW,bReferenceSwitch_HBW_Cantilever_back,False,poll
2026-03-20 10:01:18.623,gvl_HBW,bTrailSensor_HBW_bottom,True,poll
2026-03-20 10:01:18.623,gvl_HBW,bTrailSensor_HBW_top,True,poll
2026-03-20 10:01:18.623,gvl_HBW,bEncoderImpulse_HBW_horizontal1,False,poll
2026-03-20 10:01:18.623,gvl_HBW,bEncoderImpulse_HBW_horizontal2,True,poll
2026-03-20 10:01:18.623,gvl_HBW,bEncoderImpulse_HBW_vertical1,False,poll
2026-03-20 10:01:18.623,gvl_HBW,bEncoderImpulse_HBW_vertical2,False,poll
2026-03-20 10:01:18.623,gvl_HBW,bMotor_HBW_ConveyorBelt_forward,False,poll
2026-03-20 10:01:18.623,gvl_HBW,bMotor_HBW_ConveyorBelt_backward,False,poll
2026-03-20 10:01:18.623,gvl_HBW,bMotor_HBW_StackerCrane_torack,False,poll
2026-03-20 10:01:18.623,gvl_HBW,bMotor_HBW_StackerCrane_toconveyorbelt,False,poll
2026-03-20 10:01:18.623,gvl_HBW,bMotor_HBW_StackerCrane_downward,False,poll
2026-03-20 10:01:18.623,gvl_HBW,bMotor_HBW_StackerCrane_upward,False,poll
2026-03-20 10:01:18.623,gvl_HBW,bMotor_HBW_Cantilever_forward,False,poll
2026-03-20 10:01:18.623,gvl_HBW,bMotor_HBW_Cantilever_backward,False,poll
2026-03-20 10:01:18.623,gvl_MS,bReferenceSwitch_MS_Turntable_attransferunit,False,poll
2026-03-20 10:01:18.623,gvl_MS,bReferenceSwitch_MS_Turntable_atconveyorbelt,False,poll
2026-03-20 10:01:18.623,gvl_MS,bLightBarrier_MS_conveyorbelt,False,poll
2026-03-20 10:01:18.623,gvl_MS,bReferenceSwitch_MS_Turntable_atsaw,False,poll
2026-03-20 10:01:18.623,gvl_MS,bReferenceSwitch_MS_TransferUnit_atturntable,True,poll
2026-03-20 10:01:18.623,gvl_MS,bReferenceSwitch_MS_OvenSlider_inside,False,poll
2026-03-20 10:01:18.623,gvl_MS,bReferenceSwitch_MS_OvenSlider_outside,True,poll
2026-03-20 10:01:18.623,gvl_MS,bReferenceSwitch_MS_TransferUnit_atoven,False,poll
2026-03-20 10:01:18.623,gvl_MS,bLightBarrier_MS_oven,True,poll
2026-03-20 10:01:18.623,gvl_MS,bMotor_MS_Turntable_clockwise,False,poll
2026-03-20 10:01:18.623,gvl_MS,bMotor_MS_Turntable_counterclockwise,False,poll
2026-03-20 10:01:18.623,gvl_MS,bMotor_MS_ConveyorBelt_forward,False,poll
2026-03-20 10:01:18.623,gvl_MS,bMotor_MS_Saw,False,poll
2026-03-20 10:01:18.623,gvl_MS,bMotor_MS_OvenSlider_movein,False,poll
2026-03-20 10:01:18.623,gvl_MS,bMotor_MS_OvenSlider_moveout,False,poll
2026-03-20 10:01:18.623,gvl_MS,bMotor_MS_TransferUnit_tooven,False,poll
2026-03-20 10:01:18.623,gvl_MS,bMotor_MS_TransferUnit_toturntable,False,poll
2026-03-20 10:01:18.623,gvl_MS,bLamp_MS,False,poll
2026-03-20 10:01:18.623,gvl_MS,bCompressor_MS,False,poll
2026-03-20 10:01:18.623,gvl_MS,bValve_MS_Vacuum,False,poll
2026-03-20 10:01:18.623,gvl_MS,bValve_MS_TransferUnit,False,poll
2026-03-20 10:01:18.623,gvl_MS,bValve_MS_OvenDoor,False,poll
2026-03-20 10:01:18.623,gvl_MS,bValve_MS_Ejector,False,poll
2026-03-20 10:01:18.623,gvl_PM,bLightBarrier_PM_entry,True,poll
2026-03-20 10:01:18.623,gvl_PM,bLightBarrier_PM_tool,True,poll
2026-03-20 10:01:18.623,gvl_PM,bReferenceSwitch_PM_top,False,poll
2026-03-20 10:01:18.623,gvl_PM,bReferenceSwitch_PM_bottom,True,poll
2026-03-20 10:01:18.623,gvl_PM,bMotor_PM_ConveyorBelt_forward,False,poll
2026-03-20 10:01:18.623,gvl_PM,bMotor_PM_ConveyorBelt_backward,False,poll
2026-03-20 10:01:18.623,gvl_PM,bMotor_PM_Tool_upward,False,poll
2026-03-20 10:01:18.623,gvl_PM,bMotor_PM_Tool_downward,False,poll
2026-03-20 10:01:18.623,gvl_SL,bPulseCounter_SL,False,poll
2026-03-20 10:01:18.623,gvl_SL,bLightBarrier_SL_beforecolor,True,poll
2026-03-20 10:01:18.623,gvl_SL,bLightBarrier_SL_aftercolor,True,poll
2026-03-20 10:01:18.623,gvl_SL,bLightBarrier_SL_white,True,poll
2026-03-20 10:01:18.623,gvl_SL,bLightBarrier_SL_red,True,poll
2026-03-20 10:01:18.623,gvl_SL,bLightBarrier_SL_blue,True,poll
2026-03-20 10:01:18.623,gvl_SL,iColorSensor_SL,0,poll
2026-03-20 10:01:18.623,gvl_SL,bMotor_SL_ConveyorBelt,False,poll
2026-03-20 10:01:18.623,gvl_SL,bCompressor_SL,False,poll
2026-03-20 10:01:18.623,gvl_SL,bValve_SL_white,False,poll
2026-03-20 10:01:18.623,gvl_SL,bValve_SL_red,False,poll
2026-03-20 10:01:18.623,gvl_SL,bValve_SL_blue,False,poll
2026-03-20 10:01:18.623,LocalVariables,iC_CoordH,35,poll
2026-03-20 10:01:18.623,LocalVariables,iC_CoordV,0,poll
2026-03-20 10:01:18.623,LocalVariables,iC_CoordR,35,poll
2026-03-20 10:01:18.623,LocalVariables,eC_PickingStation,0,poll
2026-03-20 10:01:18.623,LocalVariables,eC_PlacingStation,0,poll
2026-03-20 10:01:18.623,LocalVariables,iC_Coord_Picking,"[[1340, 170, 150, 445], [380, 800, 367, 435], [800, 301, 580, 800]]",poll
2026-03-20 10:01:18.623,LocalVariables,iC_Coord_Placing,"[[890, 870], [500, 1343], [180, 150]]",poll
2026-03-20 10:01:19.115,gvl_SL,iColorSensor_SL,1,event
2026-03-20 10:01:19.214,gvl_SL,iColorSensor_SL,0,event
2026-03-20 10:01:19.314,gvl_SL,iColorSensor_SL,1,event
2026-03-20 10:01:19.393,gvl_C,bReferenceSwitch_C_vertical,True,poll
2026-03-20 10:01:19.393,gvl_C,bReferenceSwitch_C_horizontal,False,poll
2026-03-20 10:01:19.393,gvl_C,bReferenceSwitch_C_rotate,False,poll
2026-03-20 10:01:19.393,gvl_C,bEncoderImpulse_C_vertical1,False,poll
2026-03-20 10:01:19.393,gvl_C,bEncoderImpulse_C_vertical2,True,poll
2026-03-20 10:01:19.393,gvl_C,bEncoderImpulse_C_horizontal1,False,poll
2026-03-20 10:01:19.393,gvl_C,bEncoderImpulse_C_horizontal2,True,poll
2026-03-20 10:01:19.415,gvl_SL,iColorSensor_SL,0,event
2026-03-20 10:01:19.393,gvl_C,bEncoderImpulse_C_rotate1,True,poll
2026-03-20 10:01:19.393,gvl_C,bEncoderImpulse_C_rotate2,False,poll
2026-03-20 10:01:19.393,gvl_C,bMotor_C_upward,False,poll
2026-03-20 10:01:19.393,gvl_C,bMotor_C_downward,False,poll
2026-03-20 10:01:19.393,gvl_C,bMotor_C_backward,False,poll
2026-03-20 10:01:19.393,gvl_C,bMotor_C_forward,False,poll
2026-03-20 10:01:19.393,gvl_C,bMotor_C_clockwise,False,poll
2026-03-20 10:01:19.393,gvl_C,bMotor_C_counterclockwise,False,poll
2026-03-20 10:01:19.393,gvl_C,bCompressor_C,False,poll
2026-03-20 10:01:19.393,gvl_C,bValve_C,False,poll
2026-03-20 10:01:19.393,gvl_HBW,bReferenceSwitch_HBW_horizontal,True,poll
2026-03-20 10:01:19.393,gvl_HBW,bLightBarrier_HBW_inside,True,poll
2026-03-20 10:01:19.393,gvl_HBW,bLightBarrier_HBW_outside,True,poll
2026-03-20 10:01:19.393,gvl_HBW,bReferenceSwitch_HBW_vertical,False,poll
2026-03-20 10:01:19.393,gvl_HBW,bReferenceSwitch_HBW_Cantilever_front,False,poll
2026-03-20 10:01:19.393,gvl_HBW,bReferenceSwitch_HBW_Cantilever_back,False,poll
2026-03-20 10:01:19.393,gvl_HBW,bTrailSensor_HBW_bottom,True,poll
2026-03-20 10:01:19.393,gvl_HBW,bTrailSensor_HBW_top,True,poll
2026-03-20 10:01:19.393,gvl_HBW,bEncoderImpulse_HBW_horizontal1,False,poll
2026-03-20 10:01:19.393,gvl_HBW,bEncoderImpulse_HBW_horizontal2,True,poll
2026-03-20 10:01:19.393,gvl_HBW,bEncoderImpulse_HBW_vertical1,False,poll
2026-03-20 10:01:19.393,gvl_HBW,bEncoderImpulse_HBW_vertical2,False,poll
2026-03-20 10:01:19.393,gvl_HBW,bMotor_HBW_ConveyorBelt_forward,False,poll
2026-03-20 10:01:19.393,gvl_HBW,bMotor_HBW_ConveyorBelt_backward,False,poll
2026-03-20 10:01:19.393,gvl_HBW,bMotor_HBW_StackerCrane_torack,False,poll
2026-03-20 10:01:19.393,gvl_HBW,bMotor_HBW_StackerCrane_toconveyorbelt,False,poll
2026-03-20 10:01:19.393,gvl_HBW,bMotor_HBW_StackerCrane_downward,False,poll
2026-03-20 10:01:19.393,gvl_HBW,bMotor_HBW_StackerCrane_upward,False,poll
2026-03-20 10:01:19.393,gvl_HBW,bMotor_HBW_Cantilever_forward,False,poll
2026-03-20 10:01:19.393,gvl_HBW,bMotor_HBW_Cantilever_backward,False,poll
2026-03-20 10:01:19.393,gvl_MS,bReferenceSwitch_MS_Turntable_attransferunit,False,poll
2026-03-20 10:01:19.393,gvl_MS,bReferenceSwitch_MS_Turntable_atconveyorbelt,False,poll
2026-03-20 10:01:19.393,gvl_MS,bLightBarrier_MS_conveyorbelt,False,poll
2026-03-20 10:01:19.393,gvl_MS,bReferenceSwitch_MS_Turntable_atsaw,False,poll
2026-03-20 10:01:19.393,gvl_MS,bReferenceSwitch_MS_TransferUnit_atturntable,True,poll
2026-03-20 10:01:19.393,gvl_MS,bReferenceSwitch_MS_OvenSlider_inside,False,poll
2026-03-20 10:01:19.393,gvl_MS,bReferenceSwitch_MS_OvenSlider_outside,True,poll
2026-03-20 10:01:19.393,gvl_MS,bReferenceSwitch_MS_TransferUnit_atoven,False,poll
2026-03-20 10:01:19.393,gvl_MS,bLightBarrier_MS_oven,True,poll
2026-03-20 10:01:19.393,gvl_MS,bMotor_MS_Turntable_clockwise,False,poll
2026-03-20 10:01:19.393,gvl_MS,bMotor_MS_Turntable_counterclockwise,False,poll
2026-03-20 10:01:19.393,gvl_MS,bMotor_MS_ConveyorBelt_forward,False,poll
2026-03-20 10:01:19.393,gvl_MS,bMotor_MS_Saw,False,poll
2026-03-20 10:01:19.393,gvl_MS,bMotor_MS_OvenSlider_movein,False,poll
2026-03-20 10:01:19.393,gvl_MS,bMotor_MS_OvenSlider_moveout,False,poll
2026-03-20 10:01:19.393,gvl_MS,bMotor_MS_TransferUnit_tooven,False,poll
2026-03-20 10:01:19.393,gvl_MS,bMotor_MS_TransferUnit_toturntable,False,poll
2026-03-20 10:01:19.393,gvl_MS,bLamp_MS,False,poll
2026-03-20 10:01:19.393,gvl_MS,bCompressor_MS,False,poll
2026-03-20 10:01:19.393,gvl_MS,bValve_MS_Vacuum,False,poll
2026-03-20 10:01:19.393,gvl_MS,bValve_MS_TransferUnit,False,poll
2026-03-20 10:01:19.393,gvl_MS,bValve_MS_OvenDoor,False,poll
2026-03-20 10:01:19.393,gvl_MS,bValve_MS_Ejector,False,poll
2026-03-20 10:01:19.393,gvl_PM,bLightBarrier_PM_entry,True,poll
2026-03-20 10:01:19.393,gvl_PM,bLightBarrier_PM_tool,True,poll
2026-03-20 10:01:19.393,gvl_PM,bReferenceSwitch_PM_top,False,poll
2026-03-20 10:01:19.393,gvl_PM,bReferenceSwitch_PM_bottom,True,poll
2026-03-20 10:01:19.393,gvl_PM,bMotor_PM_ConveyorBelt_forward,False,poll
2026-03-20 10:01:19.393,gvl_PM,bMotor_PM_ConveyorBelt_backward,False,poll
2026-03-20 10:01:19.393,gvl_PM,bMotor_PM_Tool_upward,False,poll
2026-03-20 10:01:19.393,gvl_PM,bMotor_PM_Tool_downward,False,poll
2026-03-20 10:01:19.393,gvl_SL,bPulseCounter_SL,False,poll
2026-03-20 10:01:19.393,gvl_SL,bLightBarrier_SL_beforecolor,True,poll
2026-03-20 10:01:19.393,gvl_SL,bLightBarrier_SL_aftercolor,True,poll
2026-03-20 10:01:19.393,gvl_SL,bLightBarrier_SL_white,True,poll
2026-03-20 10:01:19.393,gvl_SL,bLightBarrier_SL_red,True,poll
2026-03-20 10:01:19.393,gvl_SL,bLightBarrier_SL_blue,True,poll
2026-03-20 10:01:19.393,gvl_SL,iColorSensor_SL,0,poll
2026-03-20 10:01:19.393,gvl_SL,bMotor_SL_ConveyorBelt,False,poll
2026-03-20 10:01:19.393,gvl_SL,bCompressor_SL,False,poll
2026-03-20 10:01:19.393,gvl_SL,bValve_SL_white,False,poll
2026-03-20 10:01:19.393,gvl_SL,bValve_SL_red,False,poll
2026-03-20 10:01:19.393,gvl_SL,bValve_SL_blue,False,poll
2026-03-20 10:01:19.393,LocalVariables,iC_CoordH,35,poll
2026-03-20 10:01:19.393,LocalVariables,iC_CoordV,0,poll
2026-03-20 10:01:19.393,LocalVariables,iC_CoordR,35,poll
2026-03-20 10:01:19.393,LocalVariables,eC_PickingStation,0,poll
2026-03-20 10:01:19.393,LocalVariables,eC_PlacingStation,0,poll
2026-03-20 10:01:19.393,LocalVariables,iC_Coord_Picking,"[[1340, 170, 150, 445], [380, 800, 367, 435], [800, 301, 580, 800]]",poll
2026-03-20 10:01:19.393,LocalVariables,iC_Coord_Placing,"[[890, 870], [500, 1343], [180, 150]]",poll
2026-03-20 10:01:20.114,gvl_SL,iColorSensor_SL,1,event
2026-03-20 10:01:20.201,gvl_C,bReferenceSwitch_C_vertical,True,poll
2026-03-20 10:01:20.201,gvl_C,bReferenceSwitch_C_horizontal,False,poll
2026-03-20 10:01:20.201,gvl_C,bReferenceSwitch_C_rotate,False,poll
2026-03-20 10:01:20.201,gvl_C,bEncoderImpulse_C_vertical1,False,poll
2026-03-20 10:01:20.201,gvl_C,bEncoderImpulse_C_vertical2,True,poll
2026-03-20 10:01:20.214,gvl_SL,iColorSensor_SL,0,event
2026-03-20 10:01:20.201,gvl_C,bEncoderImpulse_C_horizontal1,False,poll
2026-03-20 10:01:20.201,gvl_C,bEncoderImpulse_C_horizontal2,True,poll
2026-03-20 10:01:20.201,gvl_C,bEncoderImpulse_C_rotate1,True,poll
2026-03-20 10:01:20.201,gvl_C,bEncoderImpulse_C_rotate2,False,poll
2026-03-20 10:01:20.201,gvl_C,bMotor_C_upward,False,poll
2026-03-20 10:01:20.201,gvl_C,bMotor_C_downward,False,poll
2026-03-20 10:01:20.201,gvl_C,bMotor_C_backward,False,poll
2026-03-20 10:01:20.201,gvl_C,bMotor_C_forward,False,poll
2026-03-20 10:01:20.201,gvl_C,bMotor_C_clockwise,False,poll
2026-03-20 10:01:20.201,gvl_C,bMotor_C_counterclockwise,False,poll
2026-03-20 10:01:20.201,gvl_C,bCompressor_C,False,poll
2026-03-20 10:01:20.201,gvl_C,bValve_C,False,poll
2026-03-20 10:01:20.201,gvl_HBW,bReferenceSwitch_HBW_horizontal,True,poll
2026-03-20 10:01:20.201,gvl_HBW,bLightBarrier_HBW_inside,True,poll
2026-03-20 10:01:20.201,gvl_HBW,bLightBarrier_HBW_outside,True,poll
2026-03-20 10:01:20.201,gvl_HBW,bReferenceSwitch_HBW_vertical,False,poll
2026-03-20 10:01:20.201,gvl_HBW,bReferenceSwitch_HBW_Cantilever_front,False,poll
2026-03-20 10:01:20.201,gvl_HBW,bReferenceSwitch_HBW_Cantilever_back,False,poll
2026-03-20 10:01:20.201,gvl_HBW,bTrailSensor_HBW_bottom,True,poll
2026-03-20 10:01:20.201,gvl_HBW,bTrailSensor_HBW_top,True,poll
2026-03-20 10:01:20.201,gvl_HBW,bEncoderImpulse_HBW_horizontal1,False,poll
2026-03-20 10:01:20.201,gvl_HBW,bEncoderImpulse_HBW_horizontal2,True,poll
2026-03-20 10:01:20.201,gvl_HBW,bEncoderImpulse_HBW_vertical1,False,poll
2026-03-20 10:01:20.201,gvl_HBW,bEncoderImpulse_HBW_vertical2,False,poll
2026-03-20 10:01:20.201,gvl_HBW,bMotor_HBW_ConveyorBelt_forward,False,poll
2026-03-20 10:01:20.201,gvl_HBW,bMotor_HBW_ConveyorBelt_backward,False,poll
2026-03-20 10:01:20.201,gvl_HBW,bMotor_HBW_StackerCrane_torack,False,poll
2026-03-20 10:01:20.201,gvl_HBW,bMotor_HBW_StackerCrane_toconveyorbelt,False,poll
2026-03-20 10:01:20.201,gvl_HBW,bMotor_HBW_StackerCrane_downward,False,poll
2026-03-20 10:01:20.201,gvl_HBW,bMotor_HBW_StackerCrane_upward,False,poll
2026-03-20 10:01:20.201,gvl_HBW,bMotor_HBW_Cantilever_forward,False,poll
2026-03-20 10:01:20.201,gvl_HBW,bMotor_HBW_Cantilever_backward,False,poll
2026-03-20 10:01:20.201,gvl_MS,bReferenceSwitch_MS_Turntable_attransferunit,False,poll
2026-03-20 10:01:20.201,gvl_MS,bReferenceSwitch_MS_Turntable_atconveyorbelt,False,poll
2026-03-20 10:01:20.201,gvl_MS,bLightBarrier_MS_conveyorbelt,False,poll
2026-03-20 10:01:20.201,gvl_MS,bReferenceSwitch_MS_Turntable_atsaw,False,poll
2026-03-20 10:01:20.201,gvl_MS,bReferenceSwitch_MS_TransferUnit_atturntable,True,poll
2026-03-20 10:01:20.201,gvl_MS,bReferenceSwitch_MS_OvenSlider_inside,False,poll
2026-03-20 10:01:20.201,gvl_MS,bReferenceSwitch_MS_OvenSlider_outside,True,poll
2026-03-20 10:01:20.201,gvl_MS,bReferenceSwitch_MS_TransferUnit_atoven,False,poll
2026-03-20 10:01:20.201,gvl_MS,bLightBarrier_MS_oven,True,poll
2026-03-20 10:01:20.201,gvl_MS,bMotor_MS_Turntable_clockwise,False,poll
2026-03-20 10:01:20.201,gvl_MS,bMotor_MS_Turntable_counterclockwise,False,poll
2026-03-20 10:01:20.201,gvl_MS,bMotor_MS_ConveyorBelt_forward,False,poll
2026-03-20 10:01:20.201,gvl_MS,bMotor_MS_Saw,False,poll
2026-03-20 10:01:20.201,gvl_MS,bMotor_MS_OvenSlider_movein,False,poll
2026-03-20 10:01:20.201,gvl_MS,bMotor_MS_OvenSlider_moveout,False,poll
2026-03-20 10:01:20.201,gvl_MS,bMotor_MS_TransferUnit_tooven,False,poll
2026-03-20 10:01:20.201,gvl_MS,bMotor_MS_TransferUnit_toturntable,False,poll
2026-03-20 10:01:20.201,gvl_MS,bLamp_MS,False,poll
2026-03-20 10:01:20.201,gvl_MS,bCompressor_MS,False,poll
2026-03-20 10:01:20.201,gvl_MS,bValve_MS_Vacuum,False,poll
2026-03-20 10:01:20.201,gvl_MS,bValve_MS_TransferUnit,False,poll
2026-03-20 10:01:20.201,gvl_MS,bValve_MS_OvenDoor,False,poll
2026-03-20 10:01:20.201,gvl_MS,bValve_MS_Ejector,False,poll
2026-03-20 10:01:20.201,gvl_PM,bLightBarrier_PM_entry,True,poll
2026-03-20 10:01:20.201,gvl_PM,bLightBarrier_PM_tool,True,poll
2026-03-20 10:01:20.201,gvl_PM,bReferenceSwitch_PM_top,False,poll
2026-03-20 10:01:20.201,gvl_PM,bReferenceSwitch_PM_bottom,True,poll
2026-03-20 10:01:20.201,gvl_PM,bMotor_PM_ConveyorBelt_forward,False,poll
2026-03-20 10:01:20.201,gvl_PM,bMotor_PM_ConveyorBelt_backward,False,poll
2026-03-20 10:01:20.201,gvl_PM,bMotor_PM_Tool_upward,False,poll
2026-03-20 10:01:20.201,gvl_PM,bMotor_PM_Tool_downward,False,poll
2026-03-20 10:01:20.201,gvl_SL,bPulseCounter_SL,False,poll
2026-03-20 10:01:20.201,gvl_SL,bLightBarrier_SL_beforecolor,True,poll
2026-03-20 10:01:20.201,gvl_SL,bLightBarrier_SL_aftercolor,True,poll
2026-03-20 10:01:20.201,gvl_SL,bLightBarrier_SL_white,True,poll
2026-03-20 10:01:20.201,gvl_SL,bLightBarrier_SL_red,True,poll
2026-03-20 10:01:20.201,gvl_SL,bLightBarrier_SL_blue,True,poll
2026-03-20 10:01:20.201,gvl_SL,iColorSensor_SL,0,poll
2026-03-20 10:01:20.201,gvl_SL,bMotor_SL_ConveyorBelt,False,poll
2026-03-20 10:01:20.201,gvl_SL,bCompressor_SL,False,poll
2026-03-20 10:01:20.201,gvl_SL,bValve_SL_white,False,poll
2026-03-20 10:01:20.201,gvl_SL,bValve_SL_red,False,poll
2026-03-20 10:01:20.201,gvl_SL,bValve_SL_blue,False,poll
2026-03-20 10:01:20.201,LocalVariables,iC_CoordH,35,poll
2026-03-20 10:01:20.201,LocalVariables,iC_CoordV,0,poll
2026-03-20 10:01:20.201,LocalVariables,iC_CoordR,35,poll
2026-03-20 10:01:20.201,LocalVariables,eC_PickingStation,0,poll
2026-03-20 10:01:20.201,LocalVariables,eC_PlacingStation,0,poll
2026-03-20 10:01:20.201,LocalVariables,iC_Coord_Picking,"[[1340, 170, 150, 445], [380, 800, 367, 435], [800, 301, 580, 800]]",poll
2026-03-20 10:01:20.201,LocalVariables,iC_Coord_Placing,"[[890, 870], [500, 1343], [180, 150]]",poll
2026-03-20 10:01:20.899,gvl_C,bReferenceSwitch_C_vertical,True,poll
2026-03-20 10:01:20.899,gvl_C,bReferenceSwitch_C_horizontal,False,poll
2026-03-20 10:01:20.899,gvl_C,bReferenceSwitch_C_rotate,False,poll
2026-03-20 10:01:20.899,gvl_C,bEncoderImpulse_C_vertical1,False,poll
2026-03-20 10:01:20.899,gvl_C,bEncoderImpulse_C_vertical2,True,poll
2026-03-20 10:01:20.899,gvl_C,bEncoderImpulse_C_horizontal1,False,poll
2026-03-20 10:01:20.899,gvl_C,bEncoderImpulse_C_horizontal2,True,poll
2026-03-20 10:01:20.899,gvl_C,bEncoderImpulse_C_rotate1,True,poll
2026-03-20 10:01:20.899,gvl_C,bEncoderImpulse_C_rotate2,False,poll
2026-03-20 10:01:20.899,gvl_C,bMotor_C_upward,False,poll
2026-03-20 10:01:20.899,gvl_C,bMotor_C_downward,False,poll
2026-03-20 10:01:20.899,gvl_C,bMotor_C_backward,False,poll
2026-03-20 10:01:20.899,gvl_C,bMotor_C_forward,False,poll
2026-03-20 10:01:20.899,gvl_C,bMotor_C_clockwise,False,poll
2026-03-20 10:01:20.899,gvl_C,bMotor_C_counterclockwise,False,poll
2026-03-20 10:01:20.899,gvl_C,bCompressor_C,False,poll
2026-03-20 10:01:20.899,gvl_C,bValve_C,False,poll
2026-03-20 10:01:20.899,gvl_HBW,bReferenceSwitch_HBW_horizontal,True,poll
2026-03-20 10:01:20.899,gvl_HBW,bLightBarrier_HBW_inside,True,poll
2026-03-20 10:01:20.899,gvl_HBW,bLightBarrier_HBW_outside,True,poll
2026-03-20 10:01:20.899,gvl_HBW,bReferenceSwitch_HBW_vertical,False,poll
2026-03-20 10:01:20.899,gvl_HBW,bReferenceSwitch_HBW_Cantilever_front,False,poll
2026-03-20 10:01:20.899,gvl_HBW,bReferenceSwitch_HBW_Cantilever_back,False,poll
2026-03-20 10:01:20.899,gvl_HBW,bTrailSensor_HBW_bottom,True,poll
2026-03-20 10:01:20.899,gvl_HBW,bTrailSensor_HBW_top,True,poll
2026-03-20 10:01:20.899,gvl_HBW,bEncoderImpulse_HBW_horizontal1,False,poll
2026-03-20 10:01:20.899,gvl_HBW,bEncoderImpulse_HBW_horizontal2,True,poll
2026-03-20 10:01:20.899,gvl_HBW,bEncoderImpulse_HBW_vertical1,False,poll
2026-03-20 10:01:20.899,gvl_HBW,bEncoderImpulse_HBW_vertical2,False,poll
2026-03-20 10:01:20.899,gvl_HBW,bMotor_HBW_ConveyorBelt_forward,False,poll
2026-03-20 10:01:20.899,gvl_HBW,bMotor_HBW_ConveyorBelt_backward,False,poll
2026-03-20 10:01:20.899,gvl_HBW,bMotor_HBW_StackerCrane_torack,False,poll
2026-03-20 10:01:20.899,gvl_HBW,bMotor_HBW_StackerCrane_toconveyorbelt,False,poll
2026-03-20 10:01:20.899,gvl_HBW,bMotor_HBW_StackerCrane_downward,False,poll
2026-03-20 10:01:20.899,gvl_HBW,bMotor_HBW_StackerCrane_upward,False,poll
2026-03-20 10:01:20.899,gvl_HBW,bMotor_HBW_Cantilever_forward,False,poll
2026-03-20 10:01:20.899,gvl_HBW,bMotor_HBW_Cantilever_backward,False,poll
2026-03-20 10:01:20.899,gvl_MS,bReferenceSwitch_MS_Turntable_attransferunit,False,poll
2026-03-20 10:01:20.899,gvl_MS,bReferenceSwitch_MS_Turntable_atconveyorbelt,False,poll
2026-03-20 10:01:20.899,gvl_MS,bLightBarrier_MS_conveyorbelt,False,poll
2026-03-20 10:01:20.899,gvl_MS,bReferenceSwitch_MS_Turntable_atsaw,False,poll
2026-03-20 10:01:20.899,gvl_MS,bReferenceSwitch_MS_TransferUnit_atturntable,True,poll
2026-03-20 10:01:20.899,gvl_MS,bReferenceSwitch_MS_OvenSlider_inside,False,poll
2026-03-20 10:01:20.899,gvl_MS,bReferenceSwitch_MS_OvenSlider_outside,True,poll
2026-03-20 10:01:20.899,gvl_MS,bReferenceSwitch_MS_TransferUnit_atoven,False,poll
2026-03-20 10:01:20.899,gvl_MS,bLightBarrier_MS_oven,True,poll
2026-03-20 10:01:20.899,gvl_MS,bMotor_MS_Turntable_clockwise,False,poll
2026-03-20 10:01:20.899,gvl_MS,bMotor_MS_Turntable_counterclockwise,False,poll
2026-03-20 10:01:20.899,gvl_MS,bMotor_MS_ConveyorBelt_forward,False,poll
2026-03-20 10:01:20.899,gvl_MS,bMotor_MS_Saw,False,poll
2026-03-20 10:01:20.899,gvl_MS,bMotor_MS_OvenSlider_movein,False,poll
2026-03-20 10:01:20.899,gvl_MS,bMotor_MS_OvenSlider_moveout,False,poll
2026-03-20 10:01:20.899,gvl_MS,bMotor_MS_TransferUnit_tooven,False,poll
2026-03-20 10:01:20.899,gvl_MS,bMotor_MS_TransferUnit_toturntable,False,poll
2026-03-20 10:01:20.899,gvl_MS,bLamp_MS,False,poll
2026-03-20 10:01:20.899,gvl_MS,bCompressor_MS,False,poll
2026-03-20 10:01:20.899,gvl_MS,bValve_MS_Vacuum,False,poll
2026-03-20 10:01:20.899,gvl_MS,bValve_MS_TransferUnit,False,poll
2026-03-20 10:01:20.899,gvl_MS,bValve_MS_OvenDoor,False,poll
2026-03-20 10:01:20.899,gvl_MS,bValve_MS_Ejector,False,poll
2026-03-20 10:01:20.899,gvl_PM,bLightBarrier_PM_entry,True,poll
2026-03-20 10:01:20.899,gvl_PM,bLightBarrier_PM_tool,True,poll
2026-03-20 10:01:20.899,gvl_PM,bReferenceSwitch_PM_top,False,poll
2026-03-20 10:01:20.899,gvl_PM,bReferenceSwitch_PM_bottom,True,poll
2026-03-20 10:01:20.899,gvl_PM,bMotor_PM_ConveyorBelt_forward,False,poll
2026-03-20 10:01:20.899,gvl_PM,bMotor_PM_ConveyorBelt_backward,False,poll
2026-03-20 10:01:20.899,gvl_PM,bMotor_PM_Tool_upward,False,poll
2026-03-20 10:01:20.899,gvl_PM,bMotor_PM_Tool_downward,False,poll
2026-03-20 10:01:20.899,gvl_SL,bPulseCounter_SL,False,poll
2026-03-20 10:01:20.899,gvl_SL,bLightBarrier_SL_beforecolor,True,poll
2026-03-20 10:01:20.899,gvl_SL,bLightBarrier_SL_aftercolor,True,poll
2026-03-20 10:01:20.899,gvl_SL,bLightBarrier_SL_white,True,poll
2026-03-20 10:01:20.899,gvl_SL,bLightBarrier_SL_red,True,poll
2026-03-20 10:01:20.899,gvl_SL,bLightBarrier_SL_blue,True,poll
2026-03-20 10:01:20.899,gvl_SL,iColorSensor_SL,0,poll
2026-03-20 10:01:20.899,gvl_SL,bMotor_SL_ConveyorBelt,False,poll
2026-03-20 10:01:20.899,gvl_SL,bCompressor_SL,False,poll
2026-03-20 10:01:20.899,gvl_SL,bValve_SL_white,False,poll
2026-03-20 10:01:20.899,gvl_SL,bValve_SL_red,False,poll
2026-03-20 10:01:20.899,gvl_SL,bValve_SL_blue,False,poll
2026-03-20 10:01:20.899,LocalVariables,iC_CoordH,35,poll
2026-03-20 10:01:20.899,LocalVariables,iC_CoordV,0,poll
2026-03-20 10:01:20.899,LocalVariables,iC_CoordR,35,poll
2026-03-20 10:01:20.899,LocalVariables,eC_PickingStation,0,poll
2026-03-20 10:01:20.899,LocalVariables,eC_PlacingStation,0,poll
2026-03-20 10:01:20.899,LocalVariables,iC_Coord_Picking,"[[1340, 170, 150, 445], [380, 800, 367, 435], [800, 301, 580, 800]]",poll
2026-03-20 10:01:20.899,LocalVariables,iC_Coord_Placing,"[[890, 870], [500, 1343], [180, 150]]",poll
2026-03-20 10:01:21.588,gvl_C,bReferenceSwitch_C_vertical,True,poll
2026-03-20 10:01:21.588,gvl_C,bReferenceSwitch_C_horizontal,False,poll
2026-03-20 10:01:21.588,gvl_C,bReferenceSwitch_C_rotate,False,poll
2026-03-20 10:01:21.588,gvl_C,bEncoderImpulse_C_vertical1,False,poll
2026-03-20 10:01:21.588,gvl_C,bEncoderImpulse_C_vertical2,True,poll
2026-03-20 10:01:21.588,gvl_C,bEncoderImpulse_C_horizontal1,False,poll
2026-03-20 10:01:21.588,gvl_C,bEncoderImpulse_C_horizontal2,True,poll
2026-03-20 10:01:21.588,gvl_C,bEncoderImpulse_C_rotate1,True,poll
2026-03-20 10:01:21.588,gvl_C,bEncoderImpulse_C_rotate2,False,poll
2026-03-20 10:01:21.588,gvl_C,bMotor_C_upward,False,poll
2026-03-20 10:01:21.588,gvl_C,bMotor_C_downward,False,poll
2026-03-20 10:01:21.588,gvl_C,bMotor_C_backward,False,poll
2026-03-20 10:01:21.588,gvl_C,bMotor_C_forward,False,poll
2026-03-20 10:01:21.588,gvl_C,bMotor_C_clockwise,False,poll
2026-03-20 10:01:21.588,gvl_C,bMotor_C_counterclockwise,False,poll
2026-03-20 10:01:21.588,gvl_C,bCompressor_C,False,poll
2026-03-20 10:01:21.588,gvl_C,bValve_C,False,poll
2026-03-20 10:01:21.588,gvl_HBW,bReferenceSwitch_HBW_horizontal,True,poll
2026-03-20 10:01:21.588,gvl_HBW,bLightBarrier_HBW_inside,True,poll
2026-03-20 10:01:21.588,gvl_HBW,bLightBarrier_HBW_outside,True,poll
2026-03-20 10:01:21.588,gvl_HBW,bReferenceSwitch_HBW_vertical,False,poll
2026-03-20 10:01:21.588,gvl_HBW,bReferenceSwitch_HBW_Cantilever_front,False,poll
2026-03-20 10:01:21.588,gvl_HBW,bReferenceSwitch_HBW_Cantilever_back,False,poll
2026-03-20 10:01:21.588,gvl_HBW,bTrailSensor_HBW_bottom,True,poll
2026-03-20 10:01:21.588,gvl_HBW,bTrailSensor_HBW_top,True,poll
2026-03-20 10:01:21.588,gvl_HBW,bEncoderImpulse_HBW_horizontal1,False,poll
2026-03-20 10:01:21.588,gvl_HBW,bEncoderImpulse_HBW_horizontal2,True,poll
2026-03-20 10:01:21.588,gvl_HBW,bEncoderImpulse_HBW_vertical1,False,poll
2026-03-20 10:01:21.588,gvl_HBW,bEncoderImpulse_HBW_vertical2,False,poll
2026-03-20 10:01:21.588,gvl_HBW,bMotor_HBW_ConveyorBelt_forward,False,poll
2026-03-20 10:01:21.588,gvl_HBW,bMotor_HBW_ConveyorBelt_backward,False,poll
2026-03-20 10:01:21.588,gvl_HBW,bMotor_HBW_StackerCrane_torack,False,poll
2026-03-20 10:01:21.588,gvl_HBW,bMotor_HBW_StackerCrane_toconveyorbelt,False,poll
2026-03-20 10:01:21.588,gvl_HBW,bMotor_HBW_StackerCrane_downward,False,poll
2026-03-20 10:01:21.588,gvl_HBW,bMotor_HBW_StackerCrane_upward,False,poll
2026-03-20 10:01:21.588,gvl_HBW,bMotor_HBW_Cantilever_forward,False,poll
2026-03-20 10:01:21.588,gvl_HBW,bMotor_HBW_Cantilever_backward,False,poll
2026-03-20 10:01:21.588,gvl_MS,bReferenceSwitch_MS_Turntable_attransferunit,False,poll
2026-03-20 10:01:21.588,gvl_MS,bReferenceSwitch_MS_Turntable_atconveyorbelt,False,poll
2026-03-20 10:01:21.588,gvl_MS,bLightBarrier_MS_conveyorbelt,False,poll
2026-03-20 10:01:21.588,gvl_MS,bReferenceSwitch_MS_Turntable_atsaw,False,poll
2026-03-20 10:01:21.588,gvl_MS,bReferenceSwitch_MS_TransferUnit_atturntable,True,poll
2026-03-20 10:01:21.588,gvl_MS,bReferenceSwitch_MS_OvenSlider_inside,False,poll
2026-03-20 10:01:21.588,gvl_MS,bReferenceSwitch_MS_OvenSlider_outside,True,poll
2026-03-20 10:01:21.588,gvl_MS,bReferenceSwitch_MS_TransferUnit_atoven,False,poll
2026-03-20 10:01:21.588,gvl_MS,bLightBarrier_MS_oven,True,poll
2026-03-20 10:01:21.588,gvl_MS,bMotor_MS_Turntable_clockwise,False,poll
2026-03-20 10:01:21.588,gvl_MS,bMotor_MS_Turntable_counterclockwise,False,poll
2026-03-20 10:01:21.588,gvl_MS,bMotor_MS_ConveyorBelt_forward,False,poll
2026-03-20 10:01:21.588,gvl_MS,bMotor_MS_Saw,False,poll
2026-03-20 10:01:21.588,gvl_MS,bMotor_MS_OvenSlider_movein,False,poll
2026-03-20 10:01:21.588,gvl_MS,bMotor_MS_OvenSlider_moveout,False,poll
2026-03-20 10:01:21.588,gvl_MS,bMotor_MS_TransferUnit_tooven,False,poll
2026-03-20 10:01:21.588,gvl_MS,bMotor_MS_TransferUnit_toturntable,False,poll
2026-03-20 10:01:21.588,gvl_MS,bLamp_MS,False,poll
2026-03-20 10:01:21.588,gvl_MS,bCompressor_MS,False,poll
2026-03-20 10:01:21.588,gvl_MS,bValve_MS_Vacuum,False,poll
2026-03-20 10:01:21.588,gvl_MS,bValve_MS_TransferUnit,False,poll
2026-03-20 10:01:21.588,gvl_MS,bValve_MS_OvenDoor,False,poll
2026-03-20 10:01:21.588,gvl_MS,bValve_MS_Ejector,False,poll
2026-03-20 10:01:21.588,gvl_PM,bLightBarrier_PM_entry,True,poll
2026-03-20 10:01:21.588,gvl_PM,bLightBarrier_PM_tool,True,poll
2026-03-20 10:01:21.588,gvl_PM,bReferenceSwitch_PM_top,False,poll
2026-03-20 10:01:21.588,gvl_PM,bReferenceSwitch_PM_bottom,True,poll
2026-03-20 10:01:21.588,gvl_PM,bMotor_PM_ConveyorBelt_forward,False,poll
2026-03-20 10:01:21.588,gvl_PM,bMotor_PM_ConveyorBelt_backward,False,poll
2026-03-20 10:01:21.588,gvl_PM,bMotor_PM_Tool_upward,False,poll
2026-03-20 10:01:21.588,gvl_PM,bMotor_PM_Tool_downward,False,poll
2026-03-20 10:01:21.588,gvl_SL,bPulseCounter_SL,False,poll
2026-03-20 10:01:21.588,gvl_SL,bLightBarrier_SL_beforecolor,True,poll
2026-03-20 10:01:21.588,gvl_SL,bLightBarrier_SL_aftercolor,True,poll
2026-03-20 10:01:21.588,gvl_SL,bLightBarrier_SL_white,True,poll
2026-03-20 10:01:21.588,gvl_SL,bLightBarrier_SL_red,True,poll
2026-03-20 10:01:21.588,gvl_SL,bLightBarrier_SL_blue,True,poll
2026-03-20 10:01:21.588,gvl_SL,iColorSensor_SL,1,poll
2026-03-20 10:01:21.588,gvl_SL,bMotor_SL_ConveyorBelt,False,poll
2026-03-20 10:01:21.588,gvl_SL,bCompressor_SL,False,poll
2026-03-20 10:01:21.588,gvl_SL,bValve_SL_white,False,poll
2026-03-20 10:01:21.588,gvl_SL,bValve_SL_red,False,poll
2026-03-20 10:01:21.588,gvl_SL,bValve_SL_blue,False,poll
2026-03-20 10:01:21.588,LocalVariables,iC_CoordH,35,poll
2026-03-20 10:01:21.588,LocalVariables,iC_CoordV,0,poll
2026-03-20 10:01:21.588,LocalVariables,iC_CoordR,35,poll
2026-03-20 10:01:21.588,LocalVariables,eC_PickingStation,0,poll
2026-03-20 10:01:21.588,LocalVariables,eC_PlacingStation,0,poll
2026-03-20 10:01:21.588,LocalVariables,iC_Coord_Picking,"[[1340, 170, 150, 445], [380, 800, 367, 435], [800, 301, 580, 800]]",poll
2026-03-20 10:01:21.588,LocalVariables,iC_Coord_Placing,"[[890, 870], [500, 1343], [180, 150]]",poll
2026-03-20 10:01:22.280,gvl_C,bReferenceSwitch_C_vertical,True,poll
2026-03-20 10:01:22.280,gvl_C,bReferenceSwitch_C_horizontal,False,poll
2026-03-20 10:01:22.280,gvl_C,bReferenceSwitch_C_rotate,False,poll
2026-03-20 10:01:22.280,gvl_C,bEncoderImpulse_C_vertical1,False,poll
2026-03-20 10:01:22.280,gvl_C,bEncoderImpulse_C_vertical2,True,poll
2026-03-20 10:01:22.280,gvl_C,bEncoderImpulse_C_horizontal1,False,poll
2026-03-20 10:01:22.280,gvl_C,bEncoderImpulse_C_horizontal2,True,poll
2026-03-20 10:01:22.280,gvl_C,bEncoderImpulse_C_rotate1,True,poll
2026-03-20 10:01:22.280,gvl_C,bEncoderImpulse_C_rotate2,False,poll
2026-03-20 10:01:22.280,gvl_C,bMotor_C_upward,False,poll
2026-03-20 10:01:22.280,gvl_C,bMotor_C_downward,False,poll
2026-03-20 10:01:22.280,gvl_C,bMotor_C_backward,False,poll
2026-03-20 10:01:22.280,gvl_C,bMotor_C_forward,False,poll
2026-03-20 10:01:22.280,gvl_C,bMotor_C_clockwise,False,poll
2026-03-20 10:01:22.280,gvl_C,bMotor_C_counterclockwise,False,poll
2026-03-20 10:01:22.280,gvl_C,bCompressor_C,False,poll
2026-03-20 10:01:22.280,gvl_C,bValve_C,False,poll
2026-03-20 10:01:22.280,gvl_HBW,bReferenceSwitch_HBW_horizontal,True,poll
2026-03-20 10:01:22.280,gvl_HBW,bLightBarrier_HBW_inside,True,poll
2026-03-20 10:01:22.280,gvl_HBW,bLightBarrier_HBW_outside,True,poll
2026-03-20 10:01:22.280,gvl_HBW,bReferenceSwitch_HBW_vertical,False,poll
2026-03-20 10:01:22.280,gvl_HBW,bReferenceSwitch_HBW_Cantilever_front,False,poll
2026-03-20 10:01:22.280,gvl_HBW,bReferenceSwitch_HBW_Cantilever_back,False,poll
2026-03-20 10:01:22.280,gvl_HBW,bTrailSensor_HBW_bottom,True,poll
2026-03-20 10:01:22.280,gvl_HBW,bTrailSensor_HBW_top,True,poll
2026-03-20 10:01:22.280,gvl_HBW,bEncoderImpulse_HBW_horizontal1,False,poll
2026-03-20 10:01:22.280,gvl_HBW,bEncoderImpulse_HBW_horizontal2,True,poll
2026-03-20 10:01:22.280,gvl_HBW,bEncoderImpulse_HBW_vertical1,False,poll
2026-03-20 10:01:22.280,gvl_HBW,bEncoderImpulse_HBW_vertical2,False,poll
2026-03-20 10:01:22.280,gvl_HBW,bMotor_HBW_ConveyorBelt_forward,False,poll
2026-03-20 10:01:22.280,gvl_HBW,bMotor_HBW_ConveyorBelt_backward,False,poll
2026-03-20 10:01:22.280,gvl_HBW,bMotor_HBW_StackerCrane_torack,False,poll
2026-03-20 10:01:22.280,gvl_HBW,bMotor_HBW_StackerCrane_toconveyorbelt,False,poll
2026-03-20 10:01:22.280,gvl_HBW,bMotor_HBW_StackerCrane_downward,False,poll
2026-03-20 10:01:22.280,gvl_HBW,bMotor_HBW_StackerCrane_upward,False,poll
2026-03-20 10:01:22.280,gvl_HBW,bMotor_HBW_Cantilever_forward,False,poll
2026-03-20 10:01:22.280,gvl_HBW,bMotor_HBW_Cantilever_backward,False,poll
2026-03-20 10:01:22.280,gvl_MS,bReferenceSwitch_MS_Turntable_attransferunit,False,poll
2026-03-20 10:01:22.280,gvl_MS,bReferenceSwitch_MS_Turntable_atconveyorbelt,False,poll
2026-03-20 10:01:22.280,gvl_MS,bLightBarrier_MS_conveyorbelt,False,poll
2026-03-20 10:01:22.280,gvl_MS,bReferenceSwitch_MS_Turntable_atsaw,False,poll
2026-03-20 10:01:22.280,gvl_MS,bReferenceSwitch_MS_TransferUnit_atturntable,True,poll
2026-03-20 10:01:22.280,gvl_MS,bReferenceSwitch_MS_OvenSlider_inside,False,poll
2026-03-20 10:01:22.280,gvl_MS,bReferenceSwitch_MS_OvenSlider_outside,True,poll
2026-03-20 10:01:22.280,gvl_MS,bReferenceSwitch_MS_TransferUnit_atoven,False,poll
2026-03-20 10:01:22.280,gvl_MS,bLightBarrier_MS_oven,True,poll
2026-03-20 10:01:22.280,gvl_MS,bMotor_MS_Turntable_clockwise,False,poll
2026-03-20 10:01:22.280,gvl_MS,bMotor_MS_Turntable_counterclockwise,False,poll
2026-03-20 10:01:22.280,gvl_MS,bMotor_MS_ConveyorBelt_forward,False,poll
2026-03-20 10:01:22.280,gvl_MS,bMotor_MS_Saw,False,poll
2026-03-20 10:01:22.280,gvl_MS,bMotor_MS_OvenSlider_movein,False,poll
2026-03-20 10:01:22.280,gvl_MS,bMotor_MS_OvenSlider_moveout,False,poll
2026-03-20 10:01:22.280,gvl_MS,bMotor_MS_TransferUnit_tooven,False,poll
2026-03-20 10:01:22.280,gvl_MS,bMotor_MS_TransferUnit_toturntable,False,poll
2026-03-20 10:01:22.280,gvl_MS,bLamp_MS,False,poll
2026-03-20 10:01:22.280,gvl_MS,bCompressor_MS,False,poll
2026-03-20 10:01:22.280,gvl_MS,bValve_MS_Vacuum,False,poll
2026-03-20 10:01:22.280,gvl_MS,bValve_MS_TransferUnit,False,poll
2026-03-20 10:01:22.280,gvl_MS,bValve_MS_OvenDoor,False,poll
2026-03-20 10:01:22.280,gvl_MS,bValve_MS_Ejector,False,poll
2026-03-20 10:01:22.280,gvl_PM,bLightBarrier_PM_entry,True,poll
2026-03-20 10:01:22.280,gvl_PM,bLightBarrier_PM_tool,True,poll
2026-03-20 10:01:22.280,gvl_PM,bReferenceSwitch_PM_top,False,poll
2026-03-20 10:01:22.280,gvl_PM,bReferenceSwitch_PM_bottom,True,poll
2026-03-20 10:01:22.280,gvl_PM,bMotor_PM_ConveyorBelt_forward,False,poll
2026-03-20 10:01:22.280,gvl_PM,bMotor_PM_ConveyorBelt_backward,False,poll
2026-03-20 10:01:22.280,gvl_PM,bMotor_PM_Tool_upward,False,poll
2026-03-20 10:01:22.280,gvl_PM,bMotor_PM_Tool_downward,False,poll
2026-03-20 10:01:22.280,gvl_SL,bPulseCounter_SL,False,poll
2026-03-20 10:01:22.280,gvl_SL,bLightBarrier_SL_beforecolor,True,poll
2026-03-20 10:01:22.280,gvl_SL,bLightBarrier_SL_aftercolor,True,poll
2026-03-20 10:01:22.280,gvl_SL,bLightBarrier_SL_white,True,poll
2026-03-20 10:01:22.280,gvl_SL,bLightBarrier_SL_red,True,poll
2026-03-20 10:01:22.280,gvl_SL,bLightBarrier_SL_blue,True,poll
2026-03-20 10:01:22.280,gvl_SL,iColorSensor_SL,0,poll
2026-03-20 10:01:22.280,gvl_SL,bMotor_SL_ConveyorBelt,False,poll
2026-03-20 10:01:22.280,gvl_SL,bCompressor_SL,False,poll
2026-03-20 10:01:22.280,gvl_SL,bValve_SL_white,False,poll
2026-03-20 10:01:22.280,gvl_SL,bValve_SL_red,False,poll
2026-03-20 10:01:22.280,gvl_SL,bValve_SL_blue,False,poll
2026-03-20 10:01:22.280,LocalVariables,iC_CoordH,35,poll
2026-03-20 10:01:22.280,LocalVariables,iC_CoordV,0,poll
2026-03-20 10:01:22.280,LocalVariables,iC_CoordR,35,poll
2026-03-20 10:01:22.280,LocalVariables,eC_PickingStation,0,poll
2026-03-20 10:01:22.280,LocalVariables,eC_PlacingStation,0,poll
2026-03-20 10:01:22.280,LocalVariables,iC_Coord_Picking,"[[1340, 170, 150, 445], [380, 800, 367, 435], [800, 301, 580, 800]]",poll
2026-03-20 10:01:22.280,LocalVariables,iC_Coord_Placing,"[[890, 870], [500, 1343], [180, 150]]",poll
2026-03-20 10:01:22.515,gvl_SL,iColorSensor_SL,1,event
2026-03-20 10:01:22.615,gvl_SL,iColorSensor_SL,0,event
2026-03-20 10:01:22.814,gvl_SL,iColorSensor_SL,1,event
2026-03-20 10:01:22.917,gvl_SL,iColorSensor_SL,0,event
2026-03-20 10:01:23.012,gvl_C,bReferenceSwitch_C_vertical,True,poll
2026-03-20 10:01:23.012,gvl_C,bReferenceSwitch_C_horizontal,False,poll
2026-03-20 10:01:23.012,gvl_C,bReferenceSwitch_C_rotate,False,poll
2026-03-20 10:01:23.012,gvl_C,bEncoderImpulse_C_vertical1,False,poll
2026-03-20 10:01:23.012,gvl_C,bEncoderImpulse_C_vertical2,True,poll
2026-03-20 10:01:23.012,gvl_C,bEncoderImpulse_C_horizontal1,False,poll
2026-03-20 10:01:23.012,gvl_C,bEncoderImpulse_C_horizontal2,True,poll
2026-03-20 10:01:23.012,gvl_C,bEncoderImpulse_C_rotate1,True,poll
2026-03-20 10:01:23.012,gvl_C,bEncoderImpulse_C_rotate2,False,poll
2026-03-20 10:01:23.012,gvl_C,bMotor_C_upward,False,poll
2026-03-20 10:01:23.012,gvl_C,bMotor_C_downward,False,poll
2026-03-20 10:01:23.012,gvl_C,bMotor_C_backward,False,poll
2026-03-20 10:01:23.012,gvl_C,bMotor_C_forward,False,poll
2026-03-20 10:01:23.012,gvl_C,bMotor_C_clockwise,False,poll
2026-03-20 10:01:23.012,gvl_C,bMotor_C_counterclockwise,False,poll
2026-03-20 10:01:23.012,gvl_C,bCompressor_C,False,poll
2026-03-20 10:01:23.012,gvl_C,bValve_C,False,poll
2026-03-20 10:01:23.012,gvl_HBW,bReferenceSwitch_HBW_horizontal,True,poll
2026-03-20 10:01:23.012,gvl_HBW,bLightBarrier_HBW_inside,True,poll
2026-03-20 10:01:23.012,gvl_HBW,bLightBarrier_HBW_outside,True,poll
2026-03-20 10:01:23.012,gvl_HBW,bReferenceSwitch_HBW_vertical,False,poll
2026-03-20 10:01:23.012,gvl_HBW,bReferenceSwitch_HBW_Cantilever_front,False,poll
2026-03-20 10:01:23.012,gvl_HBW,bReferenceSwitch_HBW_Cantilever_back,False,poll
2026-03-20 10:01:23.012,gvl_HBW,bTrailSensor_HBW_bottom,True,poll
2026-03-20 10:01:23.012,gvl_HBW,bTrailSensor_HBW_top,True,poll
2026-03-20 10:01:23.012,gvl_HBW,bEncoderImpulse_HBW_horizontal1,False,poll
2026-03-20 10:01:23.012,gvl_HBW,bEncoderImpulse_HBW_horizontal2,True,poll
2026-03-20 10:01:23.012,gvl_HBW,bEncoderImpulse_HBW_vertical1,False,poll
2026-03-20 10:01:23.012,gvl_HBW,bEncoderImpulse_HBW_vertical2,False,poll
2026-03-20 10:01:23.012,gvl_HBW,bMotor_HBW_ConveyorBelt_forward,False,poll
2026-03-20 10:01:23.012,gvl_HBW,bMotor_HBW_ConveyorBelt_backward,False,poll
2026-03-20 10:01:23.012,gvl_HBW,bMotor_HBW_StackerCrane_torack,False,poll
2026-03-20 10:01:23.012,gvl_HBW,bMotor_HBW_StackerCrane_toconveyorbelt,False,poll
2026-03-20 10:01:23.012,gvl_HBW,bMotor_HBW_StackerCrane_downward,False,poll
2026-03-20 10:01:23.012,gvl_HBW,bMotor_HBW_StackerCrane_upward,False,poll
2026-03-20 10:01:23.012,gvl_HBW,bMotor_HBW_Cantilever_forward,False,poll
2026-03-20 10:01:23.012,gvl_HBW,bMotor_HBW_Cantilever_backward,False,poll
2026-03-20 10:01:23.012,gvl_MS,bReferenceSwitch_MS_Turntable_attransferunit,False,poll
2026-03-20 10:01:23.012,gvl_MS,bReferenceSwitch_MS_Turntable_atconveyorbelt,False,poll
2026-03-20 10:01:23.012,gvl_MS,bLightBarrier_MS_conveyorbelt,False,poll
2026-03-20 10:01:23.012,gvl_MS,bReferenceSwitch_MS_Turntable_atsaw,False,poll
2026-03-20 10:01:23.012,gvl_MS,bReferenceSwitch_MS_TransferUnit_atturntable,True,poll
2026-03-20 10:01:23.012,gvl_MS,bReferenceSwitch_MS_OvenSlider_inside,False,poll
2026-03-20 10:01:23.012,gvl_MS,bReferenceSwitch_MS_OvenSlider_outside,True,poll
2026-03-20 10:01:23.012,gvl_MS,bReferenceSwitch_MS_TransferUnit_atoven,False,poll
2026-03-20 10:01:23.012,gvl_MS,bLightBarrier_MS_oven,True,poll
2026-03-20 10:01:23.012,gvl_MS,bMotor_MS_Turntable_clockwise,False,poll
2026-03-20 10:01:23.012,gvl_MS,bMotor_MS_Turntable_counterclockwise,False,poll
2026-03-20 10:01:23.012,gvl_MS,bMotor_MS_ConveyorBelt_forward,False,poll
2026-03-20 10:01:23.012,gvl_MS,bMotor_MS_Saw,False,poll
2026-03-20 10:01:23.012,gvl_MS,bMotor_MS_OvenSlider_movein,False,poll
2026-03-20 10:01:23.012,gvl_MS,bMotor_MS_OvenSlider_moveout,False,poll
2026-03-20 10:01:23.012,gvl_MS,bMotor_MS_TransferUnit_tooven,False,poll
2026-03-20 10:01:23.012,gvl_MS,bMotor_MS_TransferUnit_toturntable,False,poll
2026-03-20 10:01:23.012,gvl_MS,bLamp_MS,False,poll
2026-03-20 10:01:23.012,gvl_MS,bCompressor_MS,False,poll
2026-03-20 10:01:23.012,gvl_MS,bValve_MS_Vacuum,False,poll
2026-03-20 10:01:23.012,gvl_MS,bValve_MS_TransferUnit,False,poll
2026-03-20 10:01:23.012,gvl_MS,bValve_MS_OvenDoor,False,poll
2026-03-20 10:01:23.012,gvl_MS,bValve_MS_Ejector,False,poll
2026-03-20 10:01:23.012,gvl_PM,bLightBarrier_PM_entry,True,poll
2026-03-20 10:01:23.012,gvl_PM,bLightBarrier_PM_tool,True,poll
2026-03-20 10:01:23.012,gvl_PM,bReferenceSwitch_PM_top,False,poll
2026-03-20 10:01:23.012,gvl_PM,bReferenceSwitch_PM_bottom,True,poll
2026-03-20 10:01:23.012,gvl_PM,bMotor_PM_ConveyorBelt_forward,False,poll
2026-03-20 10:01:23.012,gvl_PM,bMotor_PM_ConveyorBelt_backward,False,poll
2026-03-20 10:01:23.012,gvl_PM,bMotor_PM_Tool_upward,False,poll
2026-03-20 10:01:23.012,gvl_PM,bMotor_PM_Tool_downward,False,poll
2026-03-20 10:01:23.012,gvl_SL,bPulseCounter_SL,False,poll
2026-03-20 10:01:23.012,gvl_SL,bLightBarrier_SL_beforecolor,True,poll
2026-03-20 10:01:23.012,gvl_SL,bLightBarrier_SL_aftercolor,True,poll
2026-03-20 10:01:23.012,gvl_SL,bLightBarrier_SL_white,True,poll
2026-03-20 10:01:23.012,gvl_SL,bLightBarrier_SL_red,True,poll
2026-03-20 10:01:23.012,gvl_SL,bLightBarrier_SL_blue,True,poll
2026-03-20 10:01:23.012,gvl_SL,iColorSensor_SL,0,poll
2026-03-20 10:01:23.012,gvl_SL,bMotor_SL_ConveyorBelt,False,poll
2026-03-20 10:01:23.012,gvl_SL,bCompressor_SL,False,poll
2026-03-20 10:01:23.012,gvl_SL,bValve_SL_white,False,poll
2026-03-20 10:01:23.012,gvl_SL,bValve_SL_red,False,poll
2026-03-20 10:01:23.012,gvl_SL,bValve_SL_blue,False,poll
2026-03-20 10:01:23.012,LocalVariables,iC_CoordH,35,poll
2026-03-20 10:01:23.012,LocalVariables,iC_CoordV,0,poll
2026-03-20 10:01:23.012,LocalVariables,iC_CoordR,35,poll
2026-03-20 10:01:23.012,LocalVariables,eC_PickingStation,0,poll
2026-03-20 10:01:23.012,LocalVariables,eC_PlacingStation,0,poll
2026-03-20 10:01:23.318,gvl_SL,iColorSensor_SL,1,event
2026-03-20 10:01:23.012,LocalVariables,iC_Coord_Picking,"[[1340, 170, 150, 445], [380, 800, 367, 435], [800, 301, 580, 800]]",poll
2026-03-20 10:01:23.012,LocalVariables,iC_Coord_Placing,"[[890, 870], [500, 1343], [180, 150]]",poll
2026-03-20 10:01:23.417,gvl_SL,iColorSensor_SL,0,event
2026-03-20 10:01:23.714,gvl_SL,iColorSensor_SL,1,event
2026-03-20 10:01:23.814,gvl_SL,iColorSensor_SL,0,event
2026-03-20 10:01:23.823,gvl_C,bReferenceSwitch_C_vertical,True,poll
2026-03-20 10:01:23.823,gvl_C,bReferenceSwitch_C_horizontal,False,poll
2026-03-20 10:01:23.823,gvl_C,bReferenceSwitch_C_rotate,False,poll
2026-03-20 10:01:23.823,gvl_C,bEncoderImpulse_C_vertical1,False,poll
2026-03-20 10:01:23.823,gvl_C,bEncoderImpulse_C_vertical2,True,poll
2026-03-20 10:01:23.823,gvl_C,bEncoderImpulse_C_horizontal1,False,poll
2026-03-20 10:01:23.823,gvl_C,bEncoderImpulse_C_horizontal2,True,poll
2026-03-20 10:01:23.823,gvl_C,bEncoderImpulse_C_rotate1,True,poll
2026-03-20 10:01:23.823,gvl_C,bEncoderImpulse_C_rotate2,False,poll
2026-03-20 10:01:23.823,gvl_C,bMotor_C_upward,False,poll
2026-03-20 10:01:23.823,gvl_C,bMotor_C_downward,False,poll
2026-03-20 10:01:23.823,gvl_C,bMotor_C_backward,False,poll
2026-03-20 10:01:23.823,gvl_C,bMotor_C_forward,False,poll
2026-03-20 10:01:23.823,gvl_C,bMotor_C_clockwise,False,poll
2026-03-20 10:01:23.823,gvl_C,bMotor_C_counterclockwise,False,poll
2026-03-20 10:01:23.823,gvl_C,bCompressor_C,False,poll
2026-03-20 10:01:23.823,gvl_C,bValve_C,False,poll
2026-03-20 10:01:23.823,gvl_HBW,bReferenceSwitch_HBW_horizontal,True,poll
2026-03-20 10:01:23.823,gvl_HBW,bLightBarrier_HBW_inside,True,poll
2026-03-20 10:01:23.823,gvl_HBW,bLightBarrier_HBW_outside,True,poll
2026-03-20 10:01:23.823,gvl_HBW,bReferenceSwitch_HBW_vertical,False,poll
2026-03-20 10:01:23.823,gvl_HBW,bReferenceSwitch_HBW_Cantilever_front,False,poll
2026-03-20 10:01:23.823,gvl_HBW,bReferenceSwitch_HBW_Cantilever_back,False,poll
2026-03-20 10:01:23.823,gvl_HBW,bTrailSensor_HBW_bottom,True,poll
2026-03-20 10:01:23.823,gvl_HBW,bTrailSensor_HBW_top,True,poll
2026-03-20 10:01:23.823,gvl_HBW,bEncoderImpulse_HBW_horizontal1,False,poll
2026-03-20 10:01:23.823,gvl_HBW,bEncoderImpulse_HBW_horizontal2,True,poll
2026-03-20 10:01:23.823,gvl_HBW,bEncoderImpulse_HBW_vertical1,False,poll
2026-03-20 10:01:23.823,gvl_HBW,bEncoderImpulse_HBW_vertical2,False,poll
2026-03-20 10:01:23.823,gvl_HBW,bMotor_HBW_ConveyorBelt_forward,False,poll
2026-03-20 10:01:23.823,gvl_HBW,bMotor_HBW_ConveyorBelt_backward,False,poll
2026-03-20 10:01:23.823,gvl_HBW,bMotor_HBW_StackerCrane_torack,False,poll
2026-03-20 10:01:23.823,gvl_HBW,bMotor_HBW_StackerCrane_toconveyorbelt,False,poll
2026-03-20 10:01:23.823,gvl_HBW,bMotor_HBW_StackerCrane_downward,False,poll
2026-03-20 10:01:23.823,gvl_HBW,bMotor_HBW_StackerCrane_upward,False,poll
2026-03-20 10:01:23.823,gvl_HBW,bMotor_HBW_Cantilever_forward,False,poll
2026-03-20 10:01:23.823,gvl_HBW,bMotor_HBW_Cantilever_backward,False,poll
2026-03-20 10:01:23.823,gvl_MS,bReferenceSwitch_MS_Turntable_attransferunit,False,poll
2026-03-20 10:01:23.823,gvl_MS,bReferenceSwitch_MS_Turntable_atconveyorbelt,False,poll
2026-03-20 10:01:23.823,gvl_MS,bLightBarrier_MS_conveyorbelt,False,poll
2026-03-20 10:01:23.823,gvl_MS,bReferenceSwitch_MS_Turntable_atsaw,False,poll
2026-03-20 10:01:23.823,gvl_MS,bReferenceSwitch_MS_TransferUnit_atturntable,True,poll
2026-03-20 10:01:23.823,gvl_MS,bReferenceSwitch_MS_OvenSlider_inside,False,poll
2026-03-20 10:01:23.823,gvl_MS,bReferenceSwitch_MS_OvenSlider_outside,True,poll
2026-03-20 10:01:23.823,gvl_MS,bReferenceSwitch_MS_TransferUnit_atoven,False,poll
2026-03-20 10:01:23.823,gvl_MS,bLightBarrier_MS_oven,True,poll
2026-03-20 10:01:23.823,gvl_MS,bMotor_MS_Turntable_clockwise,False,poll
2026-03-20 10:01:23.823,gvl_MS,bMotor_MS_Turntable_counterclockwise,False,poll
2026-03-20 10:01:23.823,gvl_MS,bMotor_MS_ConveyorBelt_forward,False,poll
2026-03-20 10:01:23.823,gvl_MS,bMotor_MS_Saw,False,poll
2026-03-20 10:01:23.823,gvl_MS,bMotor_MS_OvenSlider_movein,False,poll
2026-03-20 10:01:23.823,gvl_MS,bMotor_MS_OvenSlider_moveout,False,poll
2026-03-20 10:01:23.823,gvl_MS,bMotor_MS_TransferUnit_tooven,False,poll
2026-03-20 10:01:23.823,gvl_MS,bMotor_MS_TransferUnit_toturntable,False,poll
2026-03-20 10:01:23.823,gvl_MS,bLamp_MS,False,poll
2026-03-20 10:01:23.823,gvl_MS,bCompressor_MS,False,poll
2026-03-20 10:01:23.823,gvl_MS,bValve_MS_Vacuum,False,poll
2026-03-20 10:01:23.823,gvl_MS,bValve_MS_TransferUnit,False,poll
2026-03-20 10:01:23.823,gvl_MS,bValve_MS_OvenDoor,False,poll
2026-03-20 10:01:23.823,gvl_MS,bValve_MS_Ejector,False,poll
2026-03-20 10:01:23.823,gvl_PM,bLightBarrier_PM_entry,True,poll
2026-03-20 10:01:23.823,gvl_PM,bLightBarrier_PM_tool,True,poll
2026-03-20 10:01:23.823,gvl_PM,bReferenceSwitch_PM_top,False,poll
2026-03-20 10:01:23.823,gvl_PM,bReferenceSwitch_PM_bottom,True,poll
2026-03-20 10:01:23.823,gvl_PM,bMotor_PM_ConveyorBelt_forward,False,poll
2026-03-20 10:01:23.823,gvl_PM,bMotor_PM_ConveyorBelt_backward,False,poll
2026-03-20 10:01:23.823,gvl_PM,bMotor_PM_Tool_upward,False,poll
2026-03-20 10:01:23.823,gvl_PM,bMotor_PM_Tool_downward,False,poll
2026-03-20 10:01:23.823,gvl_SL,bPulseCounter_SL,False,poll
2026-03-20 10:01:23.823,gvl_SL,bLightBarrier_SL_beforecolor,True,poll
2026-03-20 10:01:23.823,gvl_SL,bLightBarrier_SL_aftercolor,True,poll
2026-03-20 10:01:23.823,gvl_SL,bLightBarrier_SL_white,True,poll
2026-03-20 10:01:23.823,gvl_SL,bLightBarrier_SL_red,True,poll
2026-03-20 10:01:23.823,gvl_SL,bLightBarrier_SL_blue,True,poll
2026-03-20 10:01:23.823,gvl_SL,iColorSensor_SL,0,poll
2026-03-20 10:01:23.823,gvl_SL,bMotor_SL_ConveyorBelt,False,poll
2026-03-20 10:01:23.823,gvl_SL,bCompressor_SL,False,poll
2026-03-20 10:01:23.823,gvl_SL,bValve_SL_white,False,poll
2026-03-20 10:01:23.823,gvl_SL,bValve_SL_red,False,poll
2026-03-20 10:01:23.823,gvl_SL,bValve_SL_blue,False,poll
2026-03-20 10:01:23.823,LocalVariables,iC_CoordH,35,poll
2026-03-20 10:01:23.823,LocalVariables,iC_CoordV,0,poll
2026-03-20 10:01:23.823,LocalVariables,iC_CoordR,35,poll
2026-03-20 10:01:23.823,LocalVariables,eC_PickingStation,0,poll
2026-03-20 10:01:23.823,LocalVariables,eC_PlacingStation,0,poll
2026-03-20 10:01:23.823,LocalVariables,iC_Coord_Picking,"[[1340, 170, 150, 445], [380, 800, 367, 435], [800, 301, 580, 800]]",poll
2026-03-20 10:01:23.823,LocalVariables,iC_Coord_Placing,"[[890, 870], [500, 1343], [180, 150]]",poll
2026-03-20 10:01:24.214,gvl_SL,iColorSensor_SL,1,event
2026-03-20 10:01:24.416,gvl_SL,iColorSensor_SL,0,event
2026-03-20 10:01:24.640,gvl_C,bReferenceSwitch_C_vertical,True,poll
2026-03-20 10:01:24.640,gvl_C,bReferenceSwitch_C_horizontal,False,poll
2026-03-20 10:01:24.640,gvl_C,bReferenceSwitch_C_rotate,False,poll
2026-03-20 10:01:24.640,gvl_C,bEncoderImpulse_C_vertical1,False,poll
2026-03-20 10:01:24.640,gvl_C,bEncoderImpulse_C_vertical2,True,poll
2026-03-20 10:01:24.640,gvl_C,bEncoderImpulse_C_horizontal1,False,poll
2026-03-20 10:01:24.640,gvl_C,bEncoderImpulse_C_horizontal2,True,poll
2026-03-20 10:01:24.640,gvl_C,bEncoderImpulse_C_rotate1,True,poll
2026-03-20 10:01:24.640,gvl_C,bEncoderImpulse_C_rotate2,False,poll
2026-03-20 10:01:24.640,gvl_C,bMotor_C_upward,False,poll
2026-03-20 10:01:24.640,gvl_C,bMotor_C_downward,False,poll
2026-03-20 10:01:24.640,gvl_C,bMotor_C_backward,False,poll
2026-03-20 10:01:24.640,gvl_C,bMotor_C_forward,False,poll
2026-03-20 10:01:24.640,gvl_C,bMotor_C_clockwise,False,poll
2026-03-20 10:01:24.640,gvl_C,bMotor_C_counterclockwise,False,poll
2026-03-20 10:01:24.640,gvl_C,bCompressor_C,False,poll
2026-03-20 10:01:24.640,gvl_C,bValve_C,False,poll
2026-03-20 10:01:24.640,gvl_HBW,bReferenceSwitch_HBW_horizontal,True,poll
2026-03-20 10:01:24.640,gvl_HBW,bLightBarrier_HBW_inside,True,poll
2026-03-20 10:01:24.640,gvl_HBW,bLightBarrier_HBW_outside,True,poll
2026-03-20 10:01:24.640,gvl_HBW,bReferenceSwitch_HBW_vertical,False,poll
2026-03-20 10:01:24.640,gvl_HBW,bReferenceSwitch_HBW_Cantilever_front,False,poll
2026-03-20 10:01:24.640,gvl_HBW,bReferenceSwitch_HBW_Cantilever_back,False,poll
2026-03-20 10:01:24.640,gvl_HBW,bTrailSensor_HBW_bottom,True,poll
2026-03-20 10:01:24.640,gvl_HBW,bTrailSensor_HBW_top,True,poll
2026-03-20 10:01:24.640,gvl_HBW,bEncoderImpulse_HBW_horizontal1,False,poll
2026-03-20 10:01:24.640,gvl_HBW,bEncoderImpulse_HBW_horizontal2,True,poll
2026-03-20 10:01:24.640,gvl_HBW,bEncoderImpulse_HBW_vertical1,False,poll
2026-03-20 10:01:24.640,gvl_HBW,bEncoderImpulse_HBW_vertical2,False,poll
2026-03-20 10:01:24.640,gvl_HBW,bMotor_HBW_ConveyorBelt_forward,False,poll
2026-03-20 10:01:24.640,gvl_HBW,bMotor_HBW_ConveyorBelt_backward,False,poll
2026-03-20 10:01:24.640,gvl_HBW,bMotor_HBW_StackerCrane_torack,False,poll
2026-03-20 10:01:24.640,gvl_HBW,bMotor_HBW_StackerCrane_toconveyorbelt,False,poll
2026-03-20 10:01:24.640,gvl_HBW,bMotor_HBW_StackerCrane_downward,False,poll
2026-03-20 10:01:24.640,gvl_HBW,bMotor_HBW_StackerCrane_upward,False,poll
2026-03-20 10:01:24.640,gvl_HBW,bMotor_HBW_Cantilever_forward,False,poll
2026-03-20 10:01:24.640,gvl_HBW,bMotor_HBW_Cantilever_backward,False,poll
2026-03-20 10:01:24.640,gvl_MS,bReferenceSwitch_MS_Turntable_attransferunit,False,poll
2026-03-20 10:01:24.640,gvl_MS,bReferenceSwitch_MS_Turntable_atconveyorbelt,False,poll
2026-03-20 10:01:24.640,gvl_MS,bLightBarrier_MS_conveyorbelt,False,poll
2026-03-20 10:01:24.640,gvl_MS,bReferenceSwitch_MS_Turntable_atsaw,False,poll
2026-03-20 10:01:24.640,gvl_MS,bReferenceSwitch_MS_TransferUnit_atturntable,True,poll
2026-03-20 10:01:24.640,gvl_MS,bReferenceSwitch_MS_OvenSlider_inside,False,poll
2026-03-20 10:01:24.640,gvl_MS,bReferenceSwitch_MS_OvenSlider_outside,True,poll
2026-03-20 10:01:24.640,gvl_MS,bReferenceSwitch_MS_TransferUnit_atoven,False,poll
2026-03-20 10:01:24.640,gvl_MS,bLightBarrier_MS_oven,True,poll
2026-03-20 10:01:24.640,gvl_MS,bMotor_MS_Turntable_clockwise,False,poll
2026-03-20 10:01:24.640,gvl_MS,bMotor_MS_Turntable_counterclockwise,False,poll
2026-03-20 10:01:24.640,gvl_MS,bMotor_MS_ConveyorBelt_forward,False,poll
2026-03-20 10:01:24.640,gvl_MS,bMotor_MS_Saw,False,poll
2026-03-20 10:01:24.640,gvl_MS,bMotor_MS_OvenSlider_movein,False,poll
2026-03-20 10:01:24.640,gvl_MS,bMotor_MS_OvenSlider_moveout,False,poll
2026-03-20 10:01:24.640,gvl_MS,bMotor_MS_TransferUnit_tooven,False,poll
2026-03-20 10:01:24.640,gvl_MS,bMotor_MS_TransferUnit_toturntable,False,poll
2026-03-20 10:01:24.640,gvl_MS,bLamp_MS,False,poll
2026-03-20 10:01:24.640,gvl_MS,bCompressor_MS,False,poll
2026-03-20 10:01:24.640,gvl_MS,bValve_MS_Vacuum,False,poll
2026-03-20 10:01:24.640,gvl_MS,bValve_MS_TransferUnit,False,poll
2026-03-20 10:01:24.640,gvl_MS,bValve_MS_OvenDoor,False,poll
2026-03-20 10:01:24.640,gvl_MS,bValve_MS_Ejector,False,poll
2026-03-20 10:01:24.640,gvl_PM,bLightBarrier_PM_entry,True,poll
2026-03-20 10:01:24.640,gvl_PM,bLightBarrier_PM_tool,True,poll
2026-03-20 10:01:24.640,gvl_PM,bReferenceSwitch_PM_top,False,poll
2026-03-20 10:01:24.640,gvl_PM,bReferenceSwitch_PM_bottom,True,poll
2026-03-20 10:01:24.640,gvl_PM,bMotor_PM_ConveyorBelt_forward,False,poll
2026-03-20 10:01:24.640,gvl_PM,bMotor_PM_ConveyorBelt_backward,False,poll
2026-03-20 10:01:24.640,gvl_PM,bMotor_PM_Tool_upward,False,poll
2026-03-20 10:01:24.640,gvl_PM,bMotor_PM_Tool_downward,False,poll
2026-03-20 10:01:24.640,gvl_SL,bPulseCounter_SL,False,poll
2026-03-20 10:01:24.640,gvl_SL,bLightBarrier_SL_beforecolor,True,poll
2026-03-20 10:01:24.640,gvl_SL,bLightBarrier_SL_aftercolor,True,poll
2026-03-20 10:01:24.640,gvl_SL,bLightBarrier_SL_white,True,poll
2026-03-20 10:01:24.640,gvl_SL,bLightBarrier_SL_red,True,poll
2026-03-20 10:01:24.640,gvl_SL,bLightBarrier_SL_blue,True,poll
2026-03-20 10:01:24.640,gvl_SL,iColorSensor_SL,1,poll
2026-03-20 10:01:24.640,gvl_SL,bMotor_SL_ConveyorBelt,False,poll
2026-03-20 10:01:24.640,gvl_SL,bCompressor_SL,False,poll
2026-03-20 10:01:24.640,gvl_SL,bValve_SL_white,False,poll
2026-03-20 10:01:24.640,gvl_SL,bValve_SL_red,False,poll
2026-03-20 10:01:24.640,gvl_SL,bValve_SL_blue,False,poll
2026-03-20 10:01:24.640,LocalVariables,iC_CoordH,35,poll
2026-03-20 10:01:24.640,LocalVariables,iC_CoordV,0,poll
2026-03-20 10:01:24.640,LocalVariables,iC_CoordR,35,poll
2026-03-20 10:01:24.640,LocalVariables,eC_PickingStation,0,poll
2026-03-20 10:01:24.640,LocalVariables,eC_PlacingStation,0,poll
2026-03-20 10:01:24.640,LocalVariables,iC_Coord_Picking,"[[1340, 170, 150, 445], [380, 800, 367, 435], [800, 301, 580, 800]]",poll
2026-03-20 10:01:24.640,LocalVariables,iC_Coord_Placing,"[[890, 870], [500, 1343], [180, 150]]",poll
2026-03-20 10:01:25.114,gvl_SL,iColorSensor_SL,1,event
2026-03-20 10:01:25.215,gvl_SL,iColorSensor_SL,0,event
2026-03-20 10:01:25.330,gvl_C,bReferenceSwitch_C_vertical,True,poll
2026-03-20 10:01:25.330,gvl_C,bReferenceSwitch_C_horizontal,False,poll
2026-03-20 10:01:25.330,gvl_C,bReferenceSwitch_C_rotate,False,poll
2026-03-20 10:01:25.330,gvl_C,bEncoderImpulse_C_vertical1,False,poll
2026-03-20 10:01:25.330,gvl_C,bEncoderImpulse_C_vertical2,True,poll
2026-03-20 10:01:25.330,gvl_C,bEncoderImpulse_C_horizontal1,False,poll
2026-03-20 10:01:25.330,gvl_C,bEncoderImpulse_C_horizontal2,True,poll
2026-03-20 10:01:25.330,gvl_C,bEncoderImpulse_C_rotate1,True,poll
2026-03-20 10:01:25.330,gvl_C,bEncoderImpulse_C_rotate2,False,poll
2026-03-20 10:01:25.330,gvl_C,bMotor_C_upward,False,poll
2026-03-20 10:01:25.330,gvl_C,bMotor_C_downward,False,poll
2026-03-20 10:01:25.330,gvl_C,bMotor_C_backward,False,poll
2026-03-20 10:01:25.330,gvl_C,bMotor_C_forward,False,poll
2026-03-20 10:01:25.330,gvl_C,bMotor_C_clockwise,False,poll
2026-03-20 10:01:25.330,gvl_C,bMotor_C_counterclockwise,False,poll
2026-03-20 10:01:25.330,gvl_C,bCompressor_C,False,poll
2026-03-20 10:01:25.330,gvl_C,bValve_C,False,poll
2026-03-20 10:01:25.330,gvl_HBW,bReferenceSwitch_HBW_horizontal,True,poll
2026-03-20 10:01:25.330,gvl_HBW,bLightBarrier_HBW_inside,True,poll
2026-03-20 10:01:25.330,gvl_HBW,bLightBarrier_HBW_outside,True,poll
2026-03-20 10:01:25.330,gvl_HBW,bReferenceSwitch_HBW_vertical,False,poll
2026-03-20 10:01:25.330,gvl_HBW,bReferenceSwitch_HBW_Cantilever_front,False,poll
2026-03-20 10:01:25.330,gvl_HBW,bReferenceSwitch_HBW_Cantilever_back,False,poll
2026-03-20 10:01:25.330,gvl_HBW,bTrailSensor_HBW_bottom,True,poll
2026-03-20 10:01:25.330,gvl_HBW,bTrailSensor_HBW_top,True,poll
2026-03-20 10:01:25.330,gvl_HBW,bEncoderImpulse_HBW_horizontal1,False,poll
2026-03-20 10:01:25.330,gvl_HBW,bEncoderImpulse_HBW_horizontal2,True,poll
2026-03-20 10:01:25.330,gvl_HBW,bEncoderImpulse_HBW_vertical1,False,poll
2026-03-20 10:01:25.330,gvl_HBW,bEncoderImpulse_HBW_vertical2,False,poll
2026-03-20 10:01:25.330,gvl_HBW,bMotor_HBW_ConveyorBelt_forward,False,poll
2026-03-20 10:01:25.330,gvl_HBW,bMotor_HBW_ConveyorBelt_backward,False,poll
2026-03-20 10:01:25.330,gvl_HBW,bMotor_HBW_StackerCrane_torack,False,poll
2026-03-20 10:01:25.330,gvl_HBW,bMotor_HBW_StackerCrane_toconveyorbelt,False,poll
2026-03-20 10:01:25.330,gvl_HBW,bMotor_HBW_StackerCrane_downward,False,poll
2026-03-20 10:01:25.330,gvl_HBW,bMotor_HBW_StackerCrane_upward,False,poll
2026-03-20 10:01:25.330,gvl_HBW,bMotor_HBW_Cantilever_forward,False,poll
2026-03-20 10:01:25.330,gvl_HBW,bMotor_HBW_Cantilever_backward,False,poll
2026-03-20 10:01:25.330,gvl_MS,bReferenceSwitch_MS_Turntable_attransferunit,False,poll
2026-03-20 10:01:25.330,gvl_MS,bReferenceSwitch_MS_Turntable_atconveyorbelt,False,poll
2026-03-20 10:01:25.330,gvl_MS,bLightBarrier_MS_conveyorbelt,False,poll
2026-03-20 10:01:25.330,gvl_MS,bReferenceSwitch_MS_Turntable_atsaw,False,poll
2026-03-20 10:01:25.330,gvl_MS,bReferenceSwitch_MS_TransferUnit_atturntable,True,poll
2026-03-20 10:01:25.330,gvl_MS,bReferenceSwitch_MS_OvenSlider_inside,False,poll
2026-03-20 10:01:25.330,gvl_MS,bReferenceSwitch_MS_OvenSlider_outside,True,poll
2026-03-20 10:01:25.330,gvl_MS,bReferenceSwitch_MS_TransferUnit_atoven,False,poll
2026-03-20 10:01:25.330,gvl_MS,bLightBarrier_MS_oven,True,poll
2026-03-20 10:01:25.330,gvl_MS,bMotor_MS_Turntable_clockwise,False,poll
2026-03-20 10:01:25.330,gvl_MS,bMotor_MS_Turntable_counterclockwise,False,poll
2026-03-20 10:01:25.330,gvl_MS,bMotor_MS_ConveyorBelt_forward,False,poll
2026-03-20 10:01:25.330,gvl_MS,bMotor_MS_Saw,False,poll
2026-03-20 10:01:25.330,gvl_MS,bMotor_MS_OvenSlider_movein,False,poll
2026-03-20 10:01:25.330,gvl_MS,bMotor_MS_OvenSlider_moveout,False,poll
2026-03-20 10:01:25.330,gvl_MS,bMotor_MS_TransferUnit_tooven,False,poll
2026-03-20 10:01:25.330,gvl_MS,bMotor_MS_TransferUnit_toturntable,False,poll
2026-03-20 10:01:25.330,gvl_MS,bLamp_MS,False,poll
2026-03-20 10:01:25.330,gvl_MS,bCompressor_MS,False,poll
2026-03-20 10:01:25.330,gvl_MS,bValve_MS_Vacuum,False,poll
2026-03-20 10:01:25.330,gvl_MS,bValve_MS_TransferUnit,False,poll
2026-03-20 10:01:25.330,gvl_MS,bValve_MS_OvenDoor,False,poll
2026-03-20 10:01:25.330,gvl_MS,bValve_MS_Ejector,False,poll
2026-03-20 10:01:25.330,gvl_PM,bLightBarrier_PM_entry,True,poll
2026-03-20 10:01:25.330,gvl_PM,bLightBarrier_PM_tool,True,poll
2026-03-20 10:01:25.330,gvl_PM,bReferenceSwitch_PM_top,False,poll
2026-03-20 10:01:25.330,gvl_PM,bReferenceSwitch_PM_bottom,True,poll
2026-03-20 10:01:25.330,gvl_PM,bMotor_PM_ConveyorBelt_forward,False,poll
2026-03-20 10:01:25.330,gvl_PM,bMotor_PM_ConveyorBelt_backward,False,poll
2026-03-20 10:01:25.330,gvl_PM,bMotor_PM_Tool_upward,False,poll
2026-03-20 10:01:25.330,gvl_PM,bMotor_PM_Tool_downward,False,poll
2026-03-20 10:01:25.330,gvl_SL,bPulseCounter_SL,False,poll
2026-03-20 10:01:25.330,gvl_SL,bLightBarrier_SL_beforecolor,True,poll
2026-03-20 10:01:25.330,gvl_SL,bLightBarrier_SL_aftercolor,True,poll
2026-03-20 10:01:25.330,gvl_SL,bLightBarrier_SL_white,True,poll
2026-03-20 10:01:25.330,gvl_SL,bLightBarrier_SL_red,True,poll
2026-03-20 10:01:25.330,gvl_SL,bLightBarrier_SL_blue,True,poll
2026-03-20 10:01:25.330,gvl_SL,iColorSensor_SL,0,poll
2026-03-20 10:01:25.330,gvl_SL,bMotor_SL_ConveyorBelt,False,poll
2026-03-20 10:01:25.330,gvl_SL,bCompressor_SL,False,poll
2026-03-20 10:01:25.330,gvl_SL,bValve_SL_white,False,poll
2026-03-20 10:01:25.330,gvl_SL,bValve_SL_red,False,poll
2026-03-20 10:01:25.330,gvl_SL,bValve_SL_blue,False,poll
2026-03-20 10:01:25.330,LocalVariables,iC_CoordH,35,poll
2026-03-20 10:01:25.330,LocalVariables,iC_CoordV,0,poll
2026-03-20 10:01:25.330,LocalVariables,iC_CoordR,35,poll
2026-03-20 10:01:25.330,LocalVariables,eC_PickingStation,0,poll
2026-03-20 10:01:25.330,LocalVariables,eC_PlacingStation,0,poll
2026-03-20 10:01:25.330,LocalVariables,iC_Coord_Picking,"[[1340, 170, 150, 445], [380, 800, 367, 435], [800, 301, 580, 800]]",poll
2026-03-20 10:01:25.330,LocalVariables,iC_Coord_Placing,"[[890, 870], [500, 1343], [180, 150]]",poll
2026-03-20 10:01:25.736,gvl_SL,iColorSensor_SL,1,event
2026-03-20 10:01:25.815,gvl_SL,iColorSensor_SL,0,event
2026-03-20 10:01:26.015,gvl_SL,iColorSensor_SL,1,event
2026-03-20 10:01:26.081,gvl_C,bReferenceSwitch_C_vertical,True,poll
2026-03-20 10:01:26.081,gvl_C,bReferenceSwitch_C_horizontal,False,poll
2026-03-20 10:01:26.081,gvl_C,bReferenceSwitch_C_rotate,False,poll
2026-03-20 10:01:26.081,gvl_C,bEncoderImpulse_C_vertical1,False,poll
2026-03-20 10:01:26.081,gvl_C,bEncoderImpulse_C_vertical2,True,poll
2026-03-20 10:01:26.081,gvl_C,bEncoderImpulse_C_horizontal1,False,poll
2026-03-20 10:01:26.081,gvl_C,bEncoderImpulse_C_horizontal2,True,poll
2026-03-20 10:01:26.081,gvl_C,bEncoderImpulse_C_rotate1,True,poll
2026-03-20 10:01:26.081,gvl_C,bEncoderImpulse_C_rotate2,False,poll
2026-03-20 10:01:26.114,gvl_SL,iColorSensor_SL,0,event
2026-03-20 10:01:26.081,gvl_C,bMotor_C_upward,False,poll
2026-03-20 10:01:26.081,gvl_C,bMotor_C_downward,False,poll
2026-03-20 10:01:26.081,gvl_C,bMotor_C_backward,False,poll
2026-03-20 10:01:26.081,gvl_C,bMotor_C_forward,False,poll
2026-03-20 10:01:26.081,gvl_C,bMotor_C_clockwise,False,poll
2026-03-20 10:01:26.081,gvl_C,bMotor_C_counterclockwise,False,poll
2026-03-20 10:01:26.081,gvl_C,bCompressor_C,False,poll
2026-03-20 10:01:26.081,gvl_C,bValve_C,False,poll
2026-03-20 10:01:26.081,gvl_HBW,bReferenceSwitch_HBW_horizontal,True,poll
2026-03-20 10:01:26.081,gvl_HBW,bLightBarrier_HBW_inside,True,poll
2026-03-20 10:01:26.081,gvl_HBW,bLightBarrier_HBW_outside,True,poll
2026-03-20 10:01:26.081,gvl_HBW,bReferenceSwitch_HBW_vertical,False,poll
2026-03-20 10:01:26.081,gvl_HBW,bReferenceSwitch_HBW_Cantilever_front,False,poll
2026-03-20 10:01:26.081,gvl_HBW,bReferenceSwitch_HBW_Cantilever_back,False,poll
2026-03-20 10:01:26.081,gvl_HBW,bTrailSensor_HBW_bottom,True,poll
2026-03-20 10:01:26.081,gvl_HBW,bTrailSensor_HBW_top,True,poll
2026-03-20 10:01:26.081,gvl_HBW,bEncoderImpulse_HBW_horizontal1,False,poll
2026-03-20 10:01:26.081,gvl_HBW,bEncoderImpulse_HBW_horizontal2,True,poll
2026-03-20 10:01:26.081,gvl_HBW,bEncoderImpulse_HBW_vertical1,False,poll
2026-03-20 10:01:26.081,gvl_HBW,bEncoderImpulse_HBW_vertical2,False,poll
2026-03-20 10:01:26.081,gvl_HBW,bMotor_HBW_ConveyorBelt_forward,False,poll
2026-03-20 10:01:26.081,gvl_HBW,bMotor_HBW_ConveyorBelt_backward,False,poll
2026-03-20 10:01:26.081,gvl_HBW,bMotor_HBW_StackerCrane_torack,False,poll
2026-03-20 10:01:26.081,gvl_HBW,bMotor_HBW_StackerCrane_toconveyorbelt,False,poll
2026-03-20 10:01:26.081,gvl_HBW,bMotor_HBW_StackerCrane_downward,False,poll
2026-03-20 10:01:26.081,gvl_HBW,bMotor_HBW_StackerCrane_upward,False,poll
2026-03-20 10:01:26.081,gvl_HBW,bMotor_HBW_Cantilever_forward,False,poll
2026-03-20 10:01:26.081,gvl_HBW,bMotor_HBW_Cantilever_backward,False,poll
2026-03-20 10:01:26.081,gvl_MS,bReferenceSwitch_MS_Turntable_attransferunit,False,poll
2026-03-20 10:01:26.081,gvl_MS,bReferenceSwitch_MS_Turntable_atconveyorbelt,False,poll
2026-03-20 10:01:26.081,gvl_MS,bLightBarrier_MS_conveyorbelt,False,poll
2026-03-20 10:01:26.081,gvl_MS,bReferenceSwitch_MS_Turntable_atsaw,False,poll
2026-03-20 10:01:26.081,gvl_MS,bReferenceSwitch_MS_TransferUnit_atturntable,True,poll
2026-03-20 10:01:26.081,gvl_MS,bReferenceSwitch_MS_OvenSlider_inside,False,poll
2026-03-20 10:01:26.081,gvl_MS,bReferenceSwitch_MS_OvenSlider_outside,True,poll
2026-03-20 10:01:26.081,gvl_MS,bReferenceSwitch_MS_TransferUnit_atoven,False,poll
2026-03-20 10:01:26.081,gvl_MS,bLightBarrier_MS_oven,True,poll
2026-03-20 10:01:26.081,gvl_MS,bMotor_MS_Turntable_clockwise,False,poll
2026-03-20 10:01:26.081,gvl_MS,bMotor_MS_Turntable_counterclockwise,False,poll
2026-03-20 10:01:26.081,gvl_MS,bMotor_MS_ConveyorBelt_forward,False,poll
2026-03-20 10:01:26.081,gvl_MS,bMotor_MS_Saw,False,poll
2026-03-20 10:01:26.081,gvl_MS,bMotor_MS_OvenSlider_movein,False,poll
2026-03-20 10:01:26.081,gvl_MS,bMotor_MS_OvenSlider_moveout,False,poll
2026-03-20 10:01:26.081,gvl_MS,bMotor_MS_TransferUnit_tooven,False,poll
2026-03-20 10:01:26.081,gvl_MS,bMotor_MS_TransferUnit_toturntable,False,poll
2026-03-20 10:01:26.081,gvl_MS,bLamp_MS,False,poll
2026-03-20 10:01:26.081,gvl_MS,bCompressor_MS,False,poll
2026-03-20 10:01:26.081,gvl_MS,bValve_MS_Vacuum,False,poll
2026-03-20 10:01:26.081,gvl_MS,bValve_MS_TransferUnit,False,poll
2026-03-20 10:01:26.081,gvl_MS,bValve_MS_OvenDoor,False,poll
2026-03-20 10:01:26.081,gvl_MS,bValve_MS_Ejector,False,poll
2026-03-20 10:01:26.081,gvl_PM,bLightBarrier_PM_entry,True,poll
2026-03-20 10:01:26.081,gvl_PM,bLightBarrier_PM_tool,True,poll
2026-03-20 10:01:26.081,gvl_PM,bReferenceSwitch_PM_top,False,poll
2026-03-20 10:01:26.081,gvl_PM,bReferenceSwitch_PM_bottom,True,poll
2026-03-20 10:01:26.081,gvl_PM,bMotor_PM_ConveyorBelt_forward,False,poll
2026-03-20 10:01:26.081,gvl_PM,bMotor_PM_ConveyorBelt_backward,False,poll
2026-03-20 10:01:26.081,gvl_PM,bMotor_PM_Tool_upward,False,poll
2026-03-20 10:01:26.081,gvl_PM,bMotor_PM_Tool_downward,False,poll
2026-03-20 10:01:26.081,gvl_SL,bPulseCounter_SL,False,poll
2026-03-20 10:01:26.081,gvl_SL,bLightBarrier_SL_beforecolor,True,poll
2026-03-20 10:01:26.081,gvl_SL,bLightBarrier_SL_aftercolor,True,poll
2026-03-20 10:01:26.081,gvl_SL,bLightBarrier_SL_white,True,poll
2026-03-20 10:01:26.081,gvl_SL,bLightBarrier_SL_red,True,poll
2026-03-20 10:01:26.081,gvl_SL,bLightBarrier_SL_blue,True,poll
2026-03-20 10:01:26.081,gvl_SL,iColorSensor_SL,0,poll
2026-03-20 10:01:26.081,gvl_SL,bMotor_SL_ConveyorBelt,False,poll
2026-03-20 10:01:26.081,gvl_SL,bCompressor_SL,False,poll
2026-03-20 10:01:26.081,gvl_SL,bValve_SL_white,False,poll
2026-03-20 10:01:26.081,gvl_SL,bValve_SL_red,False,poll
2026-03-20 10:01:26.081,gvl_SL,bValve_SL_blue,False,poll
2026-03-20 10:01:26.081,LocalVariables,iC_CoordH,35,poll
2026-03-20 10:01:26.081,LocalVariables,iC_CoordV,0,poll
2026-03-20 10:01:26.081,LocalVariables,iC_CoordR,35,poll
2026-03-20 10:01:26.318,gvl_SL,iColorSensor_SL,1,event
2026-03-20 10:01:26.081,LocalVariables,eC_PickingStation,0,poll
2026-03-20 10:01:26.081,LocalVariables,eC_PlacingStation,0,poll
2026-03-20 10:01:26.081,LocalVariables,iC_Coord_Picking,"[[1340, 170, 150, 445], [380, 800, 367, 435], [800, 301, 580, 800]]",poll
2026-03-20 10:01:26.081,LocalVariables,iC_Coord_Placing,"[[890, 870], [500, 1343], [180, 150]]",poll
2026-03-20 10:01:26.415,gvl_SL,iColorSensor_SL,0,event
2026-03-20 10:01:26.720,gvl_SL,iColorSensor_SL,1,event
2026-03-20 10:01:26.816,gvl_SL,iColorSensor_SL,0,event
2026-03-20 10:01:26.831,gvl_C,bReferenceSwitch_C_vertical,True,poll
2026-03-20 10:01:26.831,gvl_C,bReferenceSwitch_C_horizontal,False,poll
2026-03-20 10:01:26.831,gvl_C,bReferenceSwitch_C_rotate,False,poll
2026-03-20 10:01:26.831,gvl_C,bEncoderImpulse_C_vertical1,False,poll
2026-03-20 10:01:26.831,gvl_C,bEncoderImpulse_C_vertical2,True,poll
2026-03-20 10:01:26.831,gvl_C,bEncoderImpulse_C_horizontal1,False,poll
2026-03-20 10:01:26.831,gvl_C,bEncoderImpulse_C_horizontal2,True,poll
2026-03-20 10:01:26.831,gvl_C,bEncoderImpulse_C_rotate1,True,poll
2026-03-20 10:01:26.831,gvl_C,bEncoderImpulse_C_rotate2,False,poll
2026-03-20 10:01:26.831,gvl_C,bMotor_C_upward,False,poll
2026-03-20 10:01:26.831,gvl_C,bMotor_C_downward,False,poll
2026-03-20 10:01:26.831,gvl_C,bMotor_C_backward,False,poll
2026-03-20 10:01:26.831,gvl_C,bMotor_C_forward,False,poll
2026-03-20 10:01:26.831,gvl_C,bMotor_C_clockwise,False,poll
2026-03-20 10:01:26.831,gvl_C,bMotor_C_counterclockwise,False,poll
2026-03-20 10:01:26.831,gvl_C,bCompressor_C,False,poll
2026-03-20 10:01:26.831,gvl_C,bValve_C,False,poll
2026-03-20 10:01:26.831,gvl_HBW,bReferenceSwitch_HBW_horizontal,True,poll
2026-03-20 10:01:26.831,gvl_HBW,bLightBarrier_HBW_inside,True,poll
2026-03-20 10:01:26.831,gvl_HBW,bLightBarrier_HBW_outside,True,poll
2026-03-20 10:01:26.831,gvl_HBW,bReferenceSwitch_HBW_vertical,False,poll
2026-03-20 10:01:26.831,gvl_HBW,bReferenceSwitch_HBW_Cantilever_front,False,poll
2026-03-20 10:01:26.831,gvl_HBW,bReferenceSwitch_HBW_Cantilever_back,False,poll
2026-03-20 10:01:26.831,gvl_HBW,bTrailSensor_HBW_bottom,True,poll
2026-03-20 10:01:26.831,gvl_HBW,bTrailSensor_HBW_top,True,poll
2026-03-20 10:01:26.831,gvl_HBW,bEncoderImpulse_HBW_horizontal1,False,poll
2026-03-20 10:01:26.831,gvl_HBW,bEncoderImpulse_HBW_horizontal2,True,poll
2026-03-20 10:01:26.831,gvl_HBW,bEncoderImpulse_HBW_vertical1,False,poll
2026-03-20 10:01:26.831,gvl_HBW,bEncoderImpulse_HBW_vertical2,False,poll
2026-03-20 10:01:26.831,gvl_HBW,bMotor_HBW_ConveyorBelt_forward,False,poll
2026-03-20 10:01:26.831,gvl_HBW,bMotor_HBW_ConveyorBelt_backward,False,poll
2026-03-20 10:01:26.831,gvl_HBW,bMotor_HBW_StackerCrane_torack,False,poll
2026-03-20 10:01:26.831,gvl_HBW,bMotor_HBW_StackerCrane_toconveyorbelt,False,poll
2026-03-20 10:01:26.831,gvl_HBW,bMotor_HBW_StackerCrane_downward,False,poll
2026-03-20 10:01:26.831,gvl_HBW,bMotor_HBW_StackerCrane_upward,False,poll
2026-03-20 10:01:26.831,gvl_HBW,bMotor_HBW_Cantilever_forward,False,poll
2026-03-20 10:01:26.831,gvl_HBW,bMotor_HBW_Cantilever_backward,False,poll
2026-03-20 10:01:26.831,gvl_MS,bReferenceSwitch_MS_Turntable_attransferunit,False,poll
2026-03-20 10:01:26.831,gvl_MS,bReferenceSwitch_MS_Turntable_atconveyorbelt,False,poll
2026-03-20 10:01:26.831,gvl_MS,bLightBarrier_MS_conveyorbelt,False,poll
2026-03-20 10:01:26.831,gvl_MS,bReferenceSwitch_MS_Turntable_atsaw,False,poll
2026-03-20 10:01:26.831,gvl_MS,bReferenceSwitch_MS_TransferUnit_atturntable,True,poll
2026-03-20 10:01:26.831,gvl_MS,bReferenceSwitch_MS_OvenSlider_inside,False,poll
2026-03-20 10:01:26.831,gvl_MS,bReferenceSwitch_MS_OvenSlider_outside,True,poll
2026-03-20 10:01:26.831,gvl_MS,bReferenceSwitch_MS_TransferUnit_atoven,False,poll
2026-03-20 10:01:26.831,gvl_MS,bLightBarrier_MS_oven,True,poll
2026-03-20 10:01:26.831,gvl_MS,bMotor_MS_Turntable_clockwise,False,poll
2026-03-20 10:01:26.831,gvl_MS,bMotor_MS_Turntable_counterclockwise,False,poll
2026-03-20 10:01:26.831,gvl_MS,bMotor_MS_ConveyorBelt_forward,False,poll
2026-03-20 10:01:26.831,gvl_MS,bMotor_MS_Saw,False,poll
2026-03-20 10:01:26.831,gvl_MS,bMotor_MS_OvenSlider_movein,False,poll
2026-03-20 10:01:26.831,gvl_MS,bMotor_MS_OvenSlider_moveout,False,poll
2026-03-20 10:01:26.831,gvl_MS,bMotor_MS_TransferUnit_tooven,False,poll
2026-03-20 10:01:26.831,gvl_MS,bMotor_MS_TransferUnit_toturntable,False,poll
2026-03-20 10:01:26.831,gvl_MS,bLamp_MS,False,poll
2026-03-20 10:01:26.831,gvl_MS,bCompressor_MS,False,poll
2026-03-20 10:01:26.831,gvl_MS,bValve_MS_Vacuum,False,poll
2026-03-20 10:01:26.831,gvl_MS,bValve_MS_TransferUnit,False,poll
2026-03-20 10:01:26.831,gvl_MS,bValve_MS_OvenDoor,False,poll
2026-03-20 10:01:26.831,gvl_MS,bValve_MS_Ejector,False,poll
2026-03-20 10:01:26.831,gvl_PM,bLightBarrier_PM_entry,True,poll
2026-03-20 10:01:26.831,gvl_PM,bLightBarrier_PM_tool,True,poll
2026-03-20 10:01:26.831,gvl_PM,bReferenceSwitch_PM_top,False,poll
2026-03-20 10:01:26.831,gvl_PM,bReferenceSwitch_PM_bottom,True,poll
2026-03-20 10:01:26.831,gvl_PM,bMotor_PM_ConveyorBelt_forward,False,poll
2026-03-20 10:01:26.831,gvl_PM,bMotor_PM_ConveyorBelt_backward,False,poll
2026-03-20 10:01:26.831,gvl_PM,bMotor_PM_Tool_upward,False,poll
2026-03-20 10:01:27.014,gvl_SL,iColorSensor_SL,1,event
2026-03-20 10:01:26.831,gvl_PM,bMotor_PM_Tool_downward,False,poll
2026-03-20 10:01:26.831,gvl_SL,bPulseCounter_SL,False,poll
2026-03-20 10:01:26.831,gvl_SL,bLightBarrier_SL_beforecolor,True,poll
2026-03-20 10:01:26.831,gvl_SL,bLightBarrier_SL_aftercolor,True,poll
2026-03-20 10:01:26.831,gvl_SL,bLightBarrier_SL_white,True,poll
2026-03-20 10:01:26.831,gvl_SL,bLightBarrier_SL_red,True,poll
2026-03-20 10:01:26.831,gvl_SL,bLightBarrier_SL_blue,True,poll
2026-03-20 10:01:26.831,gvl_SL,iColorSensor_SL,0,poll
2026-03-20 10:01:26.831,gvl_SL,bMotor_SL_ConveyorBelt,False,poll
2026-03-20 10:01:26.831,gvl_SL,bCompressor_SL,False,poll
2026-03-20 10:01:26.831,gvl_SL,bValve_SL_white,False,poll
2026-03-20 10:01:26.831,gvl_SL,bValve_SL_red,False,poll
2026-03-20 10:01:26.831,gvl_SL,bValve_SL_blue,False,poll
2026-03-20 10:01:26.831,LocalVariables,iC_CoordH,35,poll
2026-03-20 10:01:26.831,LocalVariables,iC_CoordV,0,poll
2026-03-20 10:01:26.831,LocalVariables,iC_CoordR,35,poll
2026-03-20 10:01:26.831,LocalVariables,eC_PickingStation,0,poll
2026-03-20 10:01:26.831,LocalVariables,eC_PlacingStation,0,poll
2026-03-20 10:01:26.831,LocalVariables,iC_Coord_Picking,"[[1340, 170, 150, 445], [380, 800, 367, 435], [800, 301, 580, 800]]",poll
2026-03-20 10:01:26.831,LocalVariables,iC_Coord_Placing,"[[890, 870], [500, 1343], [180, 150]]",poll
2026-03-20 10:01:27.115,gvl_SL,iColorSensor_SL,0,event
2026-03-20 10:01:27.314,gvl_SL,iColorSensor_SL,1,event
2026-03-20 10:01:27.516,gvl_SL,iColorSensor_SL,0,event
2026-03-20 10:01:27.570,gvl_C,bReferenceSwitch_C_vertical,True,poll
2026-03-20 10:01:27.570,gvl_C,bReferenceSwitch_C_horizontal,False,poll
2026-03-20 10:01:27.570,gvl_C,bReferenceSwitch_C_rotate,False,poll
2026-03-20 10:01:27.570,gvl_C,bEncoderImpulse_C_vertical1,False,poll
2026-03-20 10:01:27.570,gvl_C,bEncoderImpulse_C_vertical2,True,poll
2026-03-20 10:01:27.570,gvl_C,bEncoderImpulse_C_horizontal1,False,poll
2026-03-20 10:01:27.570,gvl_C,bEncoderImpulse_C_horizontal2,True,poll
2026-03-20 10:01:27.570,gvl_C,bEncoderImpulse_C_rotate1,True,poll
2026-03-20 10:01:27.570,gvl_C,bEncoderImpulse_C_rotate2,False,poll
2026-03-20 10:01:27.570,gvl_C,bMotor_C_upward,False,poll
2026-03-20 10:01:27.570,gvl_C,bMotor_C_downward,False,poll
2026-03-20 10:01:27.570,gvl_C,bMotor_C_backward,False,poll
2026-03-20 10:01:27.620,gvl_SL,iColorSensor_SL,1,event
2026-03-20 10:01:27.570,gvl_C,bMotor_C_forward,False,poll
2026-03-20 10:01:27.570,gvl_C,bMotor_C_clockwise,False,poll
2026-03-20 10:01:27.570,gvl_C,bMotor_C_counterclockwise,False,poll
2026-03-20 10:01:27.570,gvl_C,bCompressor_C,False,poll
2026-03-20 10:01:27.570,gvl_C,bValve_C,False,poll
2026-03-20 10:01:27.570,gvl_HBW,bReferenceSwitch_HBW_horizontal,True,poll
2026-03-20 10:01:27.570,gvl_HBW,bLightBarrier_HBW_inside,True,poll
2026-03-20 10:01:27.570,gvl_HBW,bLightBarrier_HBW_outside,True,poll
2026-03-20 10:01:27.570,gvl_HBW,bReferenceSwitch_HBW_vertical,False,poll
2026-03-20 10:01:27.570,gvl_HBW,bReferenceSwitch_HBW_Cantilever_front,False,poll
2026-03-20 10:01:27.570,gvl_HBW,bReferenceSwitch_HBW_Cantilever_back,False,poll
2026-03-20 10:01:27.570,gvl_HBW,bTrailSensor_HBW_bottom,True,poll
2026-03-20 10:01:27.570,gvl_HBW,bTrailSensor_HBW_top,True,poll
2026-03-20 10:01:27.570,gvl_HBW,bEncoderImpulse_HBW_horizontal1,False,poll
2026-03-20 10:01:27.570,gvl_HBW,bEncoderImpulse_HBW_horizontal2,True,poll
2026-03-20 10:01:27.570,gvl_HBW,bEncoderImpulse_HBW_vertical1,False,poll
2026-03-20 10:01:27.570,gvl_HBW,bEncoderImpulse_HBW_vertical2,False,poll
2026-03-20 10:01:27.570,gvl_HBW,bMotor_HBW_ConveyorBelt_forward,False,poll
2026-03-20 10:01:27.570,gvl_HBW,bMotor_HBW_ConveyorBelt_backward,False,poll
2026-03-20 10:01:27.570,gvl_HBW,bMotor_HBW_StackerCrane_torack,False,poll
2026-03-20 10:01:27.570,gvl_HBW,bMotor_HBW_StackerCrane_toconveyorbelt,False,poll
2026-03-20 10:01:27.570,gvl_HBW,bMotor_HBW_StackerCrane_downward,False,poll
2026-03-20 10:01:27.570,gvl_HBW,bMotor_HBW_StackerCrane_upward,False,poll
2026-03-20 10:01:27.570,gvl_HBW,bMotor_HBW_Cantilever_forward,False,poll
2026-03-20 10:01:27.570,gvl_HBW,bMotor_HBW_Cantilever_backward,False,poll
2026-03-20 10:01:27.570,gvl_MS,bReferenceSwitch_MS_Turntable_attransferunit,False,poll
2026-03-20 10:01:27.570,gvl_MS,bReferenceSwitch_MS_Turntable_atconveyorbelt,False,poll
2026-03-20 10:01:27.570,gvl_MS,bLightBarrier_MS_conveyorbelt,False,poll
2026-03-20 10:01:27.570,gvl_MS,bReferenceSwitch_MS_Turntable_atsaw,False,poll
2026-03-20 10:01:27.570,gvl_MS,bReferenceSwitch_MS_TransferUnit_atturntable,True,poll
2026-03-20 10:01:27.570,gvl_MS,bReferenceSwitch_MS_OvenSlider_inside,False,poll
2026-03-20 10:01:27.570,gvl_MS,bReferenceSwitch_MS_OvenSlider_outside,True,poll
2026-03-20 10:01:27.570,gvl_MS,bReferenceSwitch_MS_TransferUnit_atoven,False,poll
2026-03-20 10:01:27.570,gvl_MS,bLightBarrier_MS_oven,True,poll
2026-03-20 10:01:27.570,gvl_MS,bMotor_MS_Turntable_clockwise,False,poll
2026-03-20 10:01:27.570,gvl_MS,bMotor_MS_Turntable_counterclockwise,False,poll
2026-03-20 10:01:27.570,gvl_MS,bMotor_MS_ConveyorBelt_forward,False,poll
2026-03-20 10:01:27.570,gvl_MS,bMotor_MS_Saw,False,poll
2026-03-20 10:01:27.570,gvl_MS,bMotor_MS_OvenSlider_movein,False,poll
2026-03-20 10:01:27.570,gvl_MS,bMotor_MS_OvenSlider_moveout,False,poll
2026-03-20 10:01:27.570,gvl_MS,bMotor_MS_TransferUnit_tooven,False,poll
2026-03-20 10:01:27.570,gvl_MS,bMotor_MS_TransferUnit_toturntable,False,poll
2026-03-20 10:01:27.570,gvl_MS,bLamp_MS,False,poll
2026-03-20 10:01:27.570,gvl_MS,bCompressor_MS,False,poll
2026-03-20 10:01:27.570,gvl_MS,bValve_MS_Vacuum,False,poll
2026-03-20 10:01:27.570,gvl_MS,bValve_MS_TransferUnit,False,poll
2026-03-20 10:01:27.570,gvl_MS,bValve_MS_OvenDoor,False,poll
2026-03-20 10:01:27.570,gvl_MS,bValve_MS_Ejector,False,poll
2026-03-20 10:01:27.570,gvl_PM,bLightBarrier_PM_entry,True,poll
2026-03-20 10:01:27.570,gvl_PM,bLightBarrier_PM_tool,True,poll
2026-03-20 10:01:27.570,gvl_PM,bReferenceSwitch_PM_top,False,poll
2026-03-20 10:01:27.570,gvl_PM,bReferenceSwitch_PM_bottom,True,poll
2026-03-20 10:01:27.570,gvl_PM,bMotor_PM_ConveyorBelt_forward,False,poll
2026-03-20 10:01:27.570,gvl_PM,bMotor_PM_ConveyorBelt_backward,False,poll
2026-03-20 10:01:27.570,gvl_PM,bMotor_PM_Tool_upward,False,poll
2026-03-20 10:01:27.570,gvl_PM,bMotor_PM_Tool_downward,False,poll
2026-03-20 10:01:27.570,gvl_SL,bPulseCounter_SL,False,poll
2026-03-20 10:01:27.570,gvl_SL,bLightBarrier_SL_beforecolor,True,poll
2026-03-20 10:01:27.570,gvl_SL,bLightBarrier_SL_aftercolor,True,poll
2026-03-20 10:01:27.570,gvl_SL,bLightBarrier_SL_white,True,poll
2026-03-20 10:01:27.570,gvl_SL,bLightBarrier_SL_red,True,poll
2026-03-20 10:01:27.570,gvl_SL,bLightBarrier_SL_blue,True,poll
2026-03-20 10:01:27.815,gvl_SL,iColorSensor_SL,0,event
2026-03-20 10:01:27.570,gvl_SL,iColorSensor_SL,0,poll
2026-03-20 10:01:27.570,gvl_SL,bMotor_SL_ConveyorBelt,False,poll
2026-03-20 10:01:27.570,gvl_SL,bCompressor_SL,False,poll
2026-03-20 10:01:27.570,gvl_SL,bValve_SL_white,False,poll
2026-03-20 10:01:27.570,gvl_SL,bValve_SL_red,False,poll
2026-03-20 10:01:27.570,gvl_SL,bValve_SL_blue,False,poll
2026-03-20 10:01:27.570,LocalVariables,iC_CoordH,35,poll
2026-03-20 10:01:27.570,LocalVariables,iC_CoordV,0,poll
2026-03-20 10:01:27.570,LocalVariables,iC_CoordR,35,poll
2026-03-20 10:01:27.570,LocalVariables,eC_PickingStation,0,poll
2026-03-20 10:01:27.570,LocalVariables,eC_PlacingStation,0,poll
2026-03-20 10:01:27.570,LocalVariables,iC_Coord_Picking,"[[1340, 170, 150, 445], [380, 800, 367, 435], [800, 301, 580, 800]]",poll
2026-03-20 10:01:27.570,LocalVariables,iC_Coord_Placing,"[[890, 870], [500, 1343], [180, 150]]",poll
2026-03-20 10:01:28.017,gvl_SL,iColorSensor_SL,1,event
2026-03-20 10:01:28.116,gvl_SL,iColorSensor_SL,0,event
2026-03-20 10:01:28.342,gvl_C,bReferenceSwitch_C_vertical,True,poll
2026-03-20 10:01:28.342,gvl_C,bReferenceSwitch_C_horizontal,False,poll
2026-03-20 10:01:28.342,gvl_C,bReferenceSwitch_C_rotate,False,poll
2026-03-20 10:01:28.342,gvl_C,bEncoderImpulse_C_vertical1,False,poll
2026-03-20 10:01:28.342,gvl_C,bEncoderImpulse_C_vertical2,True,poll
2026-03-20 10:01:28.342,gvl_C,bEncoderImpulse_C_horizontal1,False,poll
2026-03-20 10:01:28.342,gvl_C,bEncoderImpulse_C_horizontal2,True,poll
2026-03-20 10:01:28.342,gvl_C,bEncoderImpulse_C_rotate1,True,poll
2026-03-20 10:01:28.342,gvl_C,bEncoderImpulse_C_rotate2,False,poll
2026-03-20 10:01:28.342,gvl_C,bMotor_C_upward,False,poll
2026-03-20 10:01:28.342,gvl_C,bMotor_C_downward,False,poll
2026-03-20 10:01:28.342,gvl_C,bMotor_C_backward,False,poll
2026-03-20 10:01:28.342,gvl_C,bMotor_C_forward,False,poll
2026-03-20 10:01:28.342,gvl_C,bMotor_C_clockwise,False,poll
2026-03-20 10:01:28.342,gvl_C,bMotor_C_counterclockwise,False,poll
2026-03-20 10:01:28.342,gvl_C,bCompressor_C,False,poll
2026-03-20 10:01:28.342,gvl_C,bValve_C,False,poll
2026-03-20 10:01:28.342,gvl_HBW,bReferenceSwitch_HBW_horizontal,True,poll
2026-03-20 10:01:28.342,gvl_HBW,bLightBarrier_HBW_inside,True,poll
2026-03-20 10:01:28.342,gvl_HBW,bLightBarrier_HBW_outside,True,poll
2026-03-20 10:01:28.342,gvl_HBW,bReferenceSwitch_HBW_vertical,False,poll
2026-03-20 10:01:28.342,gvl_HBW,bReferenceSwitch_HBW_Cantilever_front,False,poll
2026-03-20 10:01:28.342,gvl_HBW,bReferenceSwitch_HBW_Cantilever_back,False,poll
2026-03-20 10:01:28.342,gvl_HBW,bTrailSensor_HBW_bottom,True,poll
2026-03-20 10:01:28.342,gvl_HBW,bTrailSensor_HBW_top,True,poll
2026-03-20 10:01:28.342,gvl_HBW,bEncoderImpulse_HBW_horizontal1,False,poll
2026-03-20 10:01:28.342,gvl_HBW,bEncoderImpulse_HBW_horizontal2,True,poll
2026-03-20 10:01:28.342,gvl_HBW,bEncoderImpulse_HBW_vertical1,False,poll
2026-03-20 10:01:28.342,gvl_HBW,bEncoderImpulse_HBW_vertical2,False,poll
2026-03-20 10:01:28.342,gvl_HBW,bMotor_HBW_ConveyorBelt_forward,False,poll
2026-03-20 10:01:28.342,gvl_HBW,bMotor_HBW_ConveyorBelt_backward,False,poll
2026-03-20 10:01:28.342,gvl_HBW,bMotor_HBW_StackerCrane_torack,False,poll
2026-03-20 10:01:28.342,gvl_HBW,bMotor_HBW_StackerCrane_toconveyorbelt,False,poll
2026-03-20 10:01:28.342,gvl_HBW,bMotor_HBW_StackerCrane_downward,False,poll
2026-03-20 10:01:28.342,gvl_HBW,bMotor_HBW_StackerCrane_upward,False,poll
2026-03-20 10:01:28.342,gvl_HBW,bMotor_HBW_Cantilever_forward,False,poll
2026-03-20 10:01:28.342,gvl_HBW,bMotor_HBW_Cantilever_backward,False,poll
2026-03-20 10:01:28.342,gvl_MS,bReferenceSwitch_MS_Turntable_attransferunit,False,poll
2026-03-20 10:01:28.342,gvl_MS,bReferenceSwitch_MS_Turntable_atconveyorbelt,False,poll
2026-03-20 10:01:28.342,gvl_MS,bLightBarrier_MS_conveyorbelt,False,poll
2026-03-20 10:01:28.342,gvl_MS,bReferenceSwitch_MS_Turntable_atsaw,False,poll
2026-03-20 10:01:28.342,gvl_MS,bReferenceSwitch_MS_TransferUnit_atturntable,True,poll
2026-03-20 10:01:28.342,gvl_MS,bReferenceSwitch_MS_OvenSlider_inside,False,poll
2026-03-20 10:01:28.342,gvl_MS,bReferenceSwitch_MS_OvenSlider_outside,True,poll
2026-03-20 10:01:28.342,gvl_MS,bReferenceSwitch_MS_TransferUnit_atoven,False,poll
2026-03-20 10:01:28.342,gvl_MS,bLightBarrier_MS_oven,True,poll
2026-03-20 10:01:28.342,gvl_MS,bMotor_MS_Turntable_clockwise,False,poll
2026-03-20 10:01:28.342,gvl_MS,bMotor_MS_Turntable_counterclockwise,False,poll
2026-03-20 10:01:28.342,gvl_MS,bMotor_MS_ConveyorBelt_forward,False,poll
2026-03-20 10:01:28.342,gvl_MS,bMotor_MS_Saw,False,poll
2026-03-20 10:01:28.342,gvl_MS,bMotor_MS_OvenSlider_movein,False,poll
2026-03-20 10:01:28.342,gvl_MS,bMotor_MS_OvenSlider_moveout,False,poll
2026-03-20 10:01:28.342,gvl_MS,bMotor_MS_TransferUnit_tooven,False,poll
2026-03-20 10:01:28.342,gvl_MS,bMotor_MS_TransferUnit_toturntable,False,poll
2026-03-20 10:01:28.342,gvl_MS,bLamp_MS,False,poll
2026-03-20 10:01:28.342,gvl_MS,bCompressor_MS,False,poll
2026-03-20 10:01:28.342,gvl_MS,bValve_MS_Vacuum,False,poll
2026-03-20 10:01:28.342,gvl_MS,bValve_MS_TransferUnit,False,poll
2026-03-20 10:01:28.342,gvl_MS,bValve_MS_OvenDoor,False,poll
2026-03-20 10:01:28.342,gvl_MS,bValve_MS_Ejector,False,poll
2026-03-20 10:01:28.342,gvl_PM,bLightBarrier_PM_entry,True,poll
2026-03-20 10:01:28.342,gvl_PM,bLightBarrier_PM_tool,True,poll
2026-03-20 10:01:28.342,gvl_PM,bReferenceSwitch_PM_top,False,poll
2026-03-20 10:01:28.342,gvl_PM,bReferenceSwitch_PM_bottom,True,poll
2026-03-20 10:01:28.342,gvl_PM,bMotor_PM_ConveyorBelt_forward,False,poll
2026-03-20 10:01:28.342,gvl_PM,bMotor_PM_ConveyorBelt_backward,False,poll
2026-03-20 10:01:28.342,gvl_PM,bMotor_PM_Tool_upward,False,poll
2026-03-20 10:01:28.342,gvl_PM,bMotor_PM_Tool_downward,False,poll
2026-03-20 10:01:28.342,gvl_SL,bPulseCounter_SL,False,poll
2026-03-20 10:01:28.342,gvl_SL,bLightBarrier_SL_beforecolor,True,poll
2026-03-20 10:01:28.342,gvl_SL,bLightBarrier_SL_aftercolor,True,poll
2026-03-20 10:01:28.342,gvl_SL,bLightBarrier_SL_white,True,poll
2026-03-20 10:01:28.342,gvl_SL,bLightBarrier_SL_red,True,poll
2026-03-20 10:01:28.342,gvl_SL,bLightBarrier_SL_blue,True,poll
2026-03-20 10:01:28.342,gvl_SL,iColorSensor_SL,0,poll
2026-03-20 10:01:28.342,gvl_SL,bMotor_SL_ConveyorBelt,False,poll
2026-03-20 10:01:28.342,gvl_SL,bCompressor_SL,False,poll
2026-03-20 10:01:28.342,gvl_SL,bValve_SL_white,False,poll
2026-03-20 10:01:28.342,gvl_SL,bValve_SL_red,False,poll
2026-03-20 10:01:28.342,gvl_SL,bValve_SL_blue,False,poll
2026-03-20 10:01:28.342,LocalVariables,iC_CoordH,35,poll
2026-03-20 10:01:28.342,LocalVariables,iC_CoordV,0,poll
2026-03-20 10:01:28.342,LocalVariables,iC_CoordR,35,poll
2026-03-20 10:01:28.342,LocalVariables,eC_PickingStation,0,poll
2026-03-20 10:01:28.342,LocalVariables,eC_PlacingStation,0,poll
2026-03-20 10:01:28.342,LocalVariables,iC_Coord_Picking,"[[1340, 170, 150, 445], [380, 800, 367, 435], [800, 301, 580, 800]]",poll
2026-03-20 10:01:28.342,LocalVariables,iC_Coord_Placing,"[[890, 870], [500, 1343], [180, 150]]",poll
2026-03-20 10:01:29.134,gvl_C,bReferenceSwitch_C_vertical,True,poll
2026-03-20 10:01:29.134,gvl_C,bReferenceSwitch_C_horizontal,False,poll
2026-03-20 10:01:29.134,gvl_C,bReferenceSwitch_C_rotate,False,poll
2026-03-20 10:01:29.134,gvl_C,bEncoderImpulse_C_vertical1,False,poll
2026-03-20 10:01:29.134,gvl_C,bEncoderImpulse_C_vertical2,True,poll
2026-03-20 10:01:29.134,gvl_C,bEncoderImpulse_C_horizontal1,False,poll
2026-03-20 10:01:29.134,gvl_C,bEncoderImpulse_C_horizontal2,True,poll
2026-03-20 10:01:29.134,gvl_C,bEncoderImpulse_C_rotate1,True,poll
2026-03-20 10:01:29.134,gvl_C,bEncoderImpulse_C_rotate2,False,poll
2026-03-20 10:01:29.134,gvl_C,bMotor_C_upward,False,poll
2026-03-20 10:01:29.134,gvl_C,bMotor_C_downward,False,poll
2026-03-20 10:01:29.134,gvl_C,bMotor_C_backward,False,poll
2026-03-20 10:01:29.134,gvl_C,bMotor_C_forward,False,poll
2026-03-20 10:01:29.134,gvl_C,bMotor_C_clockwise,False,poll
2026-03-20 10:01:29.134,gvl_C,bMotor_C_counterclockwise,False,poll
2026-03-20 10:01:29.134,gvl_C,bCompressor_C,False,poll
2026-03-20 10:01:29.134,gvl_C,bValve_C,False,poll
2026-03-20 10:01:29.134,gvl_HBW,bReferenceSwitch_HBW_horizontal,True,poll
2026-03-20 10:01:29.134,gvl_HBW,bLightBarrier_HBW_inside,True,poll
2026-03-20 10:01:29.134,gvl_HBW,bLightBarrier_HBW_outside,True,poll
2026-03-20 10:01:29.134,gvl_HBW,bReferenceSwitch_HBW_vertical,False,poll
2026-03-20 10:01:29.134,gvl_HBW,bReferenceSwitch_HBW_Cantilever_front,False,poll
2026-03-20 10:01:29.134,gvl_HBW,bReferenceSwitch_HBW_Cantilever_back,False,poll
2026-03-20 10:01:29.134,gvl_HBW,bTrailSensor_HBW_bottom,True,poll
2026-03-20 10:01:29.134,gvl_HBW,bTrailSensor_HBW_top,True,poll
2026-03-20 10:01:29.134,gvl_HBW,bEncoderImpulse_HBW_horizontal1,False,poll
2026-03-20 10:01:29.134,gvl_HBW,bEncoderImpulse_HBW_horizontal2,True,poll
2026-03-20 10:01:29.134,gvl_HBW,bEncoderImpulse_HBW_vertical1,False,poll
2026-03-20 10:01:29.134,gvl_HBW,bEncoderImpulse_HBW_vertical2,False,poll
2026-03-20 10:01:29.134,gvl_HBW,bMotor_HBW_ConveyorBelt_forward,False,poll
2026-03-20 10:01:29.134,gvl_HBW,bMotor_HBW_ConveyorBelt_backward,False,poll
2026-03-20 10:01:29.134,gvl_HBW,bMotor_HBW_StackerCrane_torack,False,poll
2026-03-20 10:01:29.134,gvl_HBW,bMotor_HBW_StackerCrane_toconveyorbelt,False,poll
2026-03-20 10:01:29.134,gvl_HBW,bMotor_HBW_StackerCrane_downward,False,poll
2026-03-20 10:01:29.134,gvl_HBW,bMotor_HBW_StackerCrane_upward,False,poll
2026-03-20 10:01:29.134,gvl_HBW,bMotor_HBW_Cantilever_forward,False,poll
2026-03-20 10:01:29.134,gvl_HBW,bMotor_HBW_Cantilever_backward,False,poll
2026-03-20 10:01:29.134,gvl_MS,bReferenceSwitch_MS_Turntable_attransferunit,False,poll
2026-03-20 10:01:29.134,gvl_MS,bReferenceSwitch_MS_Turntable_atconveyorbelt,False,poll
2026-03-20 10:01:29.134,gvl_MS,bLightBarrier_MS_conveyorbelt,False,poll
2026-03-20 10:01:29.134,gvl_MS,bReferenceSwitch_MS_Turntable_atsaw,False,poll
2026-03-20 10:01:29.134,gvl_MS,bReferenceSwitch_MS_TransferUnit_atturntable,True,poll
2026-03-20 10:01:29.134,gvl_MS,bReferenceSwitch_MS_OvenSlider_inside,False,poll
2026-03-20 10:01:29.134,gvl_MS,bReferenceSwitch_MS_OvenSlider_outside,True,poll
2026-03-20 10:01:29.134,gvl_MS,bReferenceSwitch_MS_TransferUnit_atoven,False,poll
2026-03-20 10:01:29.134,gvl_MS,bLightBarrier_MS_oven,True,poll
2026-03-20 10:01:29.134,gvl_MS,bMotor_MS_Turntable_clockwise,False,poll
2026-03-20 10:01:29.134,gvl_MS,bMotor_MS_Turntable_counterclockwise,False,poll
2026-03-20 10:01:29.134,gvl_MS,bMotor_MS_ConveyorBelt_forward,False,poll
2026-03-20 10:01:29.134,gvl_MS,bMotor_MS_Saw,False,poll
2026-03-20 10:01:29.134,gvl_MS,bMotor_MS_OvenSlider_movein,False,poll
2026-03-20 10:01:29.134,gvl_MS,bMotor_MS_OvenSlider_moveout,False,poll
2026-03-20 10:01:29.134,gvl_MS,bMotor_MS_TransferUnit_tooven,False,poll
2026-03-20 10:01:29.134,gvl_MS,bMotor_MS_TransferUnit_toturntable,False,poll
2026-03-20 10:01:29.134,gvl_MS,bLamp_MS,False,poll
2026-03-20 10:01:29.134,gvl_MS,bCompressor_MS,False,poll
2026-03-20 10:01:29.134,gvl_MS,bValve_MS_Vacuum,False,poll
2026-03-20 10:01:29.134,gvl_MS,bValve_MS_TransferUnit,False,poll
2026-03-20 10:01:29.134,gvl_MS,bValve_MS_OvenDoor,False,poll
2026-03-20 10:01:29.134,gvl_MS,bValve_MS_Ejector,False,poll
2026-03-20 10:01:29.134,gvl_PM,bLightBarrier_PM_entry,True,poll
2026-03-20 10:01:29.134,gvl_PM,bLightBarrier_PM_tool,True,poll
2026-03-20 10:01:29.134,gvl_PM,bReferenceSwitch_PM_top,False,poll
2026-03-20 10:01:29.134,gvl_PM,bReferenceSwitch_PM_bottom,True,poll
2026-03-20 10:01:29.134,gvl_PM,bMotor_PM_ConveyorBelt_forward,False,poll
2026-03-20 10:01:29.134,gvl_PM,bMotor_PM_ConveyorBelt_backward,False,poll
2026-03-20 10:01:29.134,gvl_PM,bMotor_PM_Tool_upward,False,poll
2026-03-20 10:01:29.134,gvl_PM,bMotor_PM_Tool_downward,False,poll
2026-03-20 10:01:29.134,gvl_SL,bPulseCounter_SL,False,poll
2026-03-20 10:01:29.134,gvl_SL,bLightBarrier_SL_beforecolor,True,poll
2026-03-20 10:01:29.134,gvl_SL,bLightBarrier_SL_aftercolor,True,poll
2026-03-20 10:01:29.134,gvl_SL,bLightBarrier_SL_white,True,poll
2026-03-20 10:01:29.134,gvl_SL,bLightBarrier_SL_red,True,poll
2026-03-20 10:01:29.134,gvl_SL,bLightBarrier_SL_blue,True,poll
2026-03-20 10:01:29.134,gvl_SL,iColorSensor_SL,0,poll
2026-03-20 10:01:29.134,gvl_SL,bMotor_SL_ConveyorBelt,False,poll
2026-03-20 10:01:29.134,gvl_SL,bCompressor_SL,False,poll
2026-03-20 10:01:29.134,gvl_SL,bValve_SL_white,False,poll
2026-03-20 10:01:29.134,gvl_SL,bValve_SL_red,False,poll
2026-03-20 10:01:29.134,gvl_SL,bValve_SL_blue,False,poll
2026-03-20 10:01:29.134,LocalVariables,iC_CoordH,35,poll
2026-03-20 10:01:29.134,LocalVariables,iC_CoordV,0,poll
2026-03-20 10:01:29.134,LocalVariables,iC_CoordR,35,poll
2026-03-20 10:01:29.134,LocalVariables,eC_PickingStation,0,poll
2026-03-20 10:01:29.134,LocalVariables,eC_PlacingStation,0,poll
2026-03-20 10:01:29.134,LocalVariables,iC_Coord_Picking,"[[1340, 170, 150, 445], [380, 800, 367, 435], [800, 301, 580, 800]]",poll
2026-03-20 10:01:29.134,LocalVariables,iC_Coord_Placing,"[[890, 870], [500, 1343], [180, 150]]",poll
2026-03-20 10:01:29.615,gvl_SL,iColorSensor_SL,1,event
2026-03-20 10:01:29.717,gvl_SL,iColorSensor_SL,0,event
2026-03-20 10:01:29.884,gvl_C,bReferenceSwitch_C_vertical,True,poll
2026-03-20 10:01:29.884,gvl_C,bReferenceSwitch_C_horizontal,False,poll
2026-03-20 10:01:29.884,gvl_C,bReferenceSwitch_C_rotate,False,poll
2026-03-20 10:01:29.884,gvl_C,bEncoderImpulse_C_vertical1,False,poll
2026-03-20 10:01:29.884,gvl_C,bEncoderImpulse_C_vertical2,True,poll
2026-03-20 10:01:29.884,gvl_C,bEncoderImpulse_C_horizontal1,False,poll
2026-03-20 10:01:29.884,gvl_C,bEncoderImpulse_C_horizontal2,True,poll
2026-03-20 10:01:29.884,gvl_C,bEncoderImpulse_C_rotate1,True,poll
2026-03-20 10:01:29.884,gvl_C,bEncoderImpulse_C_rotate2,False,poll
2026-03-20 10:01:29.884,gvl_C,bMotor_C_upward,False,poll
2026-03-20 10:01:29.884,gvl_C,bMotor_C_downward,False,poll
2026-03-20 10:01:29.884,gvl_C,bMotor_C_backward,False,poll
2026-03-20 10:01:29.884,gvl_C,bMotor_C_forward,False,poll
2026-03-20 10:01:29.884,gvl_C,bMotor_C_clockwise,False,poll
2026-03-20 10:01:29.884,gvl_C,bMotor_C_counterclockwise,False,poll
2026-03-20 10:01:29.884,gvl_C,bCompressor_C,False,poll
2026-03-20 10:01:29.884,gvl_C,bValve_C,False,poll
2026-03-20 10:01:29.884,gvl_HBW,bReferenceSwitch_HBW_horizontal,True,poll
2026-03-20 10:01:29.884,gvl_HBW,bLightBarrier_HBW_inside,True,poll
2026-03-20 10:01:29.884,gvl_HBW,bLightBarrier_HBW_outside,True,poll
2026-03-20 10:01:29.884,gvl_HBW,bReferenceSwitch_HBW_vertical,False,poll
2026-03-20 10:01:29.884,gvl_HBW,bReferenceSwitch_HBW_Cantilever_front,False,poll
2026-03-20 10:01:29.884,gvl_HBW,bReferenceSwitch_HBW_Cantilever_back,False,poll
2026-03-20 10:01:29.884,gvl_HBW,bTrailSensor_HBW_bottom,True,poll
2026-03-20 10:01:29.884,gvl_HBW,bTrailSensor_HBW_top,True,poll
2026-03-20 10:01:29.884,gvl_HBW,bEncoderImpulse_HBW_horizontal1,False,poll
2026-03-20 10:01:29.884,gvl_HBW,bEncoderImpulse_HBW_horizontal2,True,poll
2026-03-20 10:01:29.884,gvl_HBW,bEncoderImpulse_HBW_vertical1,False,poll
2026-03-20 10:01:29.884,gvl_HBW,bEncoderImpulse_HBW_vertical2,False,poll
2026-03-20 10:01:29.884,gvl_HBW,bMotor_HBW_ConveyorBelt_forward,False,poll
2026-03-20 10:01:29.884,gvl_HBW,bMotor_HBW_ConveyorBelt_backward,False,poll
2026-03-20 10:01:29.884,gvl_HBW,bMotor_HBW_StackerCrane_torack,False,poll
2026-03-20 10:01:29.884,gvl_HBW,bMotor_HBW_StackerCrane_toconveyorbelt,False,poll
2026-03-20 10:01:29.884,gvl_HBW,bMotor_HBW_StackerCrane_downward,False,poll
2026-03-20 10:01:29.884,gvl_HBW,bMotor_HBW_StackerCrane_upward,False,poll
2026-03-20 10:01:29.884,gvl_HBW,bMotor_HBW_Cantilever_forward,False,poll
2026-03-20 10:01:29.884,gvl_HBW,bMotor_HBW_Cantilever_backward,False,poll
2026-03-20 10:01:29.884,gvl_MS,bReferenceSwitch_MS_Turntable_attransferunit,False,poll
2026-03-20 10:01:29.884,gvl_MS,bReferenceSwitch_MS_Turntable_atconveyorbelt,False,poll
2026-03-20 10:01:29.884,gvl_MS,bLightBarrier_MS_conveyorbelt,False,poll
2026-03-20 10:01:29.884,gvl_MS,bReferenceSwitch_MS_Turntable_atsaw,False,poll
2026-03-20 10:01:29.884,gvl_MS,bReferenceSwitch_MS_TransferUnit_atturntable,True,poll
2026-03-20 10:01:29.884,gvl_MS,bReferenceSwitch_MS_OvenSlider_inside,False,poll
2026-03-20 10:01:29.884,gvl_MS,bReferenceSwitch_MS_OvenSlider_outside,True,poll
2026-03-20 10:01:29.884,gvl_MS,bReferenceSwitch_MS_TransferUnit_atoven,False,poll
2026-03-20 10:01:29.884,gvl_MS,bLightBarrier_MS_oven,True,poll
2026-03-20 10:01:29.884,gvl_MS,bMotor_MS_Turntable_clockwise,False,poll
2026-03-20 10:01:29.884,gvl_MS,bMotor_MS_Turntable_counterclockwise,False,poll
2026-03-20 10:01:29.884,gvl_MS,bMotor_MS_ConveyorBelt_forward,False,poll
2026-03-20 10:01:29.884,gvl_MS,bMotor_MS_Saw,False,poll
2026-03-20 10:01:29.884,gvl_MS,bMotor_MS_OvenSlider_movein,False,poll
2026-03-20 10:01:29.884,gvl_MS,bMotor_MS_OvenSlider_moveout,False,poll
2026-03-20 10:01:29.884,gvl_MS,bMotor_MS_TransferUnit_tooven,False,poll
2026-03-20 10:01:29.884,gvl_MS,bMotor_MS_TransferUnit_toturntable,False,poll
2026-03-20 10:01:29.884,gvl_MS,bLamp_MS,False,poll
2026-03-20 10:01:29.884,gvl_MS,bCompressor_MS,False,poll
2026-03-20 10:01:29.884,gvl_MS,bValve_MS_Vacuum,False,poll
2026-03-20 10:01:29.884,gvl_MS,bValve_MS_TransferUnit,False,poll
2026-03-20 10:01:29.884,gvl_MS,bValve_MS_OvenDoor,False,poll
2026-03-20 10:01:29.884,gvl_MS,bValve_MS_Ejector,False,poll
2026-03-20 10:01:29.884,gvl_PM,bLightBarrier_PM_entry,True,poll
2026-03-20 10:01:29.884,gvl_PM,bLightBarrier_PM_tool,True,poll
2026-03-20 10:01:29.884,gvl_PM,bReferenceSwitch_PM_top,False,poll
2026-03-20 10:01:29.884,gvl_PM,bReferenceSwitch_PM_bottom,True,poll
2026-03-20 10:01:29.884,gvl_PM,bMotor_PM_ConveyorBelt_forward,False,poll
2026-03-20 10:01:29.884,gvl_PM,bMotor_PM_ConveyorBelt_backward,False,poll
2026-03-20 10:01:29.884,gvl_PM,bMotor_PM_Tool_upward,False,poll
2026-03-20 10:01:29.884,gvl_PM,bMotor_PM_Tool_downward,False,poll
2026-03-20 10:01:29.884,gvl_SL,bPulseCounter_SL,False,poll
2026-03-20 10:01:29.884,gvl_SL,bLightBarrier_SL_beforecolor,True,poll
2026-03-20 10:01:29.884,gvl_SL,bLightBarrier_SL_aftercolor,True,poll
2026-03-20 10:01:29.884,gvl_SL,bLightBarrier_SL_white,True,poll
2026-03-20 10:01:29.884,gvl_SL,bLightBarrier_SL_red,True,poll
2026-03-20 10:01:29.884,gvl_SL,bLightBarrier_SL_blue,True,poll
2026-03-20 10:01:29.884,gvl_SL,iColorSensor_SL,1,poll
2026-03-20 10:01:29.884,gvl_SL,bMotor_SL_ConveyorBelt,False,poll
2026-03-20 10:01:29.884,gvl_SL,bCompressor_SL,False,poll
2026-03-20 10:01:29.884,gvl_SL,bValve_SL_white,False,poll
2026-03-20 10:01:29.884,gvl_SL,bValve_SL_red,False,poll
2026-03-20 10:01:29.884,gvl_SL,bValve_SL_blue,False,poll
2026-03-20 10:01:29.884,LocalVariables,iC_CoordH,35,poll
2026-03-20 10:01:29.884,LocalVariables,iC_CoordV,0,poll
2026-03-20 10:01:29.884,LocalVariables,iC_CoordR,35,poll
2026-03-20 10:01:29.884,LocalVariables,eC_PickingStation,0,poll
2026-03-20 10:01:29.884,LocalVariables,eC_PlacingStation,0,poll
2026-03-20 10:01:29.884,LocalVariables,iC_Coord_Picking,"[[1340, 170, 150, 445], [380, 800, 367, 435], [800, 301, 580, 800]]",poll
2026-03-20 10:01:29.884,LocalVariables,iC_Coord_Placing,"[[890, 870], [500, 1343], [180, 150]]",poll
2026-03-20 10:01:30.616,gvl_SL,iColorSensor_SL,1,event
2026-03-20 10:01:30.690,gvl_C,bReferenceSwitch_C_vertical,True,poll
2026-03-20 10:01:30.690,gvl_C,bReferenceSwitch_C_horizontal,False,poll
2026-03-20 10:01:30.690,gvl_C,bReferenceSwitch_C_rotate,False,poll
2026-03-20 10:01:30.690,gvl_C,bEncoderImpulse_C_vertical1,False,poll
2026-03-20 10:01:30.690,gvl_C,bEncoderImpulse_C_vertical2,True,poll
2026-03-20 10:01:30.690,gvl_C,bEncoderImpulse_C_horizontal1,False,poll
2026-03-20 10:01:30.690,gvl_C,bEncoderImpulse_C_horizontal2,True,poll
2026-03-20 10:01:30.690,gvl_C,bEncoderImpulse_C_rotate1,True,poll
2026-03-20 10:01:30.715,gvl_SL,iColorSensor_SL,0,event
2026-03-20 10:01:30.690,gvl_C,bEncoderImpulse_C_rotate2,False,poll
2026-03-20 10:01:30.690,gvl_C,bMotor_C_upward,False,poll
2026-03-20 10:01:30.690,gvl_C,bMotor_C_downward,False,poll
2026-03-20 10:01:30.690,gvl_C,bMotor_C_backward,False,poll
2026-03-20 10:01:30.690,gvl_C,bMotor_C_forward,False,poll
2026-03-20 10:01:30.690,gvl_C,bMotor_C_clockwise,False,poll
2026-03-20 10:01:30.690,gvl_C,bMotor_C_counterclockwise,False,poll
2026-03-20 10:01:30.690,gvl_C,bCompressor_C,False,poll
2026-03-20 10:01:30.690,gvl_C,bValve_C,False,poll
2026-03-20 10:01:30.690,gvl_HBW,bReferenceSwitch_HBW_horizontal,True,poll
2026-03-20 10:01:30.690,gvl_HBW,bLightBarrier_HBW_inside,True,poll
2026-03-20 10:01:30.690,gvl_HBW,bLightBarrier_HBW_outside,True,poll
2026-03-20 10:01:30.690,gvl_HBW,bReferenceSwitch_HBW_vertical,False,poll
2026-03-20 10:01:30.690,gvl_HBW,bReferenceSwitch_HBW_Cantilever_front,False,poll
2026-03-20 10:01:30.690,gvl_HBW,bReferenceSwitch_HBW_Cantilever_back,False,poll
2026-03-20 10:01:30.690,gvl_HBW,bTrailSensor_HBW_bottom,True,poll
2026-03-20 10:01:30.690,gvl_HBW,bTrailSensor_HBW_top,True,poll
2026-03-20 10:01:30.690,gvl_HBW,bEncoderImpulse_HBW_horizontal1,False,poll
2026-03-20 10:01:30.690,gvl_HBW,bEncoderImpulse_HBW_horizontal2,True,poll
2026-03-20 10:01:30.690,gvl_HBW,bEncoderImpulse_HBW_vertical1,False,poll
2026-03-20 10:01:30.690,gvl_HBW,bEncoderImpulse_HBW_vertical2,False,poll
2026-03-20 10:01:30.690,gvl_HBW,bMotor_HBW_ConveyorBelt_forward,False,poll
2026-03-20 10:01:30.690,gvl_HBW,bMotor_HBW_ConveyorBelt_backward,False,poll
2026-03-20 10:01:30.690,gvl_HBW,bMotor_HBW_StackerCrane_torack,False,poll
2026-03-20 10:01:30.690,gvl_HBW,bMotor_HBW_StackerCrane_toconveyorbelt,False,poll
2026-03-20 10:01:30.690,gvl_HBW,bMotor_HBW_StackerCrane_downward,False,poll
2026-03-20 10:01:30.690,gvl_HBW,bMotor_HBW_StackerCrane_upward,False,poll
2026-03-20 10:01:30.690,gvl_HBW,bMotor_HBW_Cantilever_forward,False,poll
2026-03-20 10:01:30.690,gvl_HBW,bMotor_HBW_Cantilever_backward,False,poll
2026-03-20 10:01:30.690,gvl_MS,bReferenceSwitch_MS_Turntable_attransferunit,False,poll
2026-03-20 10:01:30.690,gvl_MS,bReferenceSwitch_MS_Turntable_atconveyorbelt,False,poll
2026-03-20 10:01:30.690,gvl_MS,bLightBarrier_MS_conveyorbelt,False,poll
2026-03-20 10:01:30.690,gvl_MS,bReferenceSwitch_MS_Turntable_atsaw,False,poll
2026-03-20 10:01:30.690,gvl_MS,bReferenceSwitch_MS_TransferUnit_atturntable,True,poll
2026-03-20 10:01:30.690,gvl_MS,bReferenceSwitch_MS_OvenSlider_inside,False,poll
2026-03-20 10:01:30.690,gvl_MS,bReferenceSwitch_MS_OvenSlider_outside,True,poll
2026-03-20 10:01:30.690,gvl_MS,bReferenceSwitch_MS_TransferUnit_atoven,False,poll
2026-03-20 10:01:30.690,gvl_MS,bLightBarrier_MS_oven,True,poll
2026-03-20 10:01:30.690,gvl_MS,bMotor_MS_Turntable_clockwise,False,poll
2026-03-20 10:01:30.690,gvl_MS,bMotor_MS_Turntable_counterclockwise,False,poll
2026-03-20 10:01:30.690,gvl_MS,bMotor_MS_ConveyorBelt_forward,False,poll
2026-03-20 10:01:30.690,gvl_MS,bMotor_MS_Saw,False,poll
2026-03-20 10:01:30.690,gvl_MS,bMotor_MS_OvenSlider_movein,False,poll
2026-03-20 10:01:30.690,gvl_MS,bMotor_MS_OvenSlider_moveout,False,poll
2026-03-20 10:01:30.690,gvl_MS,bMotor_MS_TransferUnit_tooven,False,poll
2026-03-20 10:01:30.690,gvl_MS,bMotor_MS_TransferUnit_toturntable,False,poll
2026-03-20 10:01:30.690,gvl_MS,bLamp_MS,False,poll
2026-03-20 10:01:30.690,gvl_MS,bCompressor_MS,False,poll
2026-03-20 10:01:30.690,gvl_MS,bValve_MS_Vacuum,False,poll
2026-03-20 10:01:30.690,gvl_MS,bValve_MS_TransferUnit,False,poll
2026-03-20 10:01:30.690,gvl_MS,bValve_MS_OvenDoor,False,poll
2026-03-20 10:01:30.690,gvl_MS,bValve_MS_Ejector,False,poll
2026-03-20 10:01:30.690,gvl_PM,bLightBarrier_PM_entry,True,poll
2026-03-20 10:01:30.690,gvl_PM,bLightBarrier_PM_tool,True,poll
2026-03-20 10:01:30.690,gvl_PM,bReferenceSwitch_PM_top,False,poll
2026-03-20 10:01:30.690,gvl_PM,bReferenceSwitch_PM_bottom,True,poll
2026-03-20 10:01:30.690,gvl_PM,bMotor_PM_ConveyorBelt_forward,False,poll
2026-03-20 10:01:30.690,gvl_PM,bMotor_PM_ConveyorBelt_backward,False,poll
2026-03-20 10:01:30.690,gvl_PM,bMotor_PM_Tool_upward,False,poll
2026-03-20 10:01:30.690,gvl_PM,bMotor_PM_Tool_downward,False,poll
2026-03-20 10:01:30.690,gvl_SL,bPulseCounter_SL,False,poll
2026-03-20 10:01:30.690,gvl_SL,bLightBarrier_SL_beforecolor,True,poll
2026-03-20 10:01:30.690,gvl_SL,bLightBarrier_SL_aftercolor,True,poll
2026-03-20 10:01:30.690,gvl_SL,bLightBarrier_SL_white,True,poll
2026-03-20 10:01:30.690,gvl_SL,bLightBarrier_SL_red,True,poll
2026-03-20 10:01:30.690,gvl_SL,bLightBarrier_SL_blue,True,poll
2026-03-20 10:01:30.690,gvl_SL,iColorSensor_SL,0,poll
2026-03-20 10:01:30.690,gvl_SL,bMotor_SL_ConveyorBelt,False,poll
2026-03-20 10:01:30.690,gvl_SL,bCompressor_SL,False,poll
2026-03-20 10:01:30.690,gvl_SL,bValve_SL_white,False,poll
2026-03-20 10:01:30.690,gvl_SL,bValve_SL_red,False,poll
2026-03-20 10:01:30.690,gvl_SL,bValve_SL_blue,False,poll
2026-03-20 10:01:30.690,LocalVariables,iC_CoordH,35,poll
2026-03-20 10:01:30.690,LocalVariables,iC_CoordV,0,poll
2026-03-20 10:01:30.690,LocalVariables,iC_CoordR,35,poll
2026-03-20 10:01:30.690,LocalVariables,eC_PickingStation,0,poll
2026-03-20 10:01:30.690,LocalVariables,eC_PlacingStation,0,poll
2026-03-20 10:01:30.690,LocalVariables,iC_Coord_Picking,"[[1340, 170, 150, 445], [380, 800, 367, 435], [800, 301, 580, 800]]",poll
2026-03-20 10:01:30.690,LocalVariables,iC_Coord_Placing,"[[890, 870], [500, 1343], [180, 150]]",poll
2026-03-20 10:01:31.015,gvl_SL,iColorSensor_SL,1,event
2026-03-20 10:01:31.117,gvl_SL,iColorSensor_SL,0,event
2026-03-20 10:01:31.422,gvl_C,bReferenceSwitch_C_vertical,True,poll
2026-03-20 10:01:31.422,gvl_C,bReferenceSwitch_C_horizontal,False,poll
2026-03-20 10:01:31.422,gvl_C,bReferenceSwitch_C_rotate,False,poll
2026-03-20 10:01:31.422,gvl_C,bEncoderImpulse_C_vertical1,False,poll
2026-03-20 10:01:31.422,gvl_C,bEncoderImpulse_C_vertical2,True,poll
2026-03-20 10:01:31.422,gvl_C,bEncoderImpulse_C_horizontal1,False,poll
2026-03-20 10:01:31.422,gvl_C,bEncoderImpulse_C_horizontal2,True,poll
2026-03-20 10:01:31.422,gvl_C,bEncoderImpulse_C_rotate1,True,poll
2026-03-20 10:01:31.422,gvl_C,bEncoderImpulse_C_rotate2,False,poll
2026-03-20 10:01:31.422,gvl_C,bMotor_C_upward,False,poll
2026-03-20 10:01:31.422,gvl_C,bMotor_C_downward,False,poll
2026-03-20 10:01:31.422,gvl_C,bMotor_C_backward,False,poll
2026-03-20 10:01:31.422,gvl_C,bMotor_C_forward,False,poll
2026-03-20 10:01:31.422,gvl_C,bMotor_C_clockwise,False,poll
2026-03-20 10:01:31.422,gvl_C,bMotor_C_counterclockwise,False,poll
2026-03-20 10:01:31.422,gvl_C,bCompressor_C,False,poll
2026-03-20 10:01:31.422,gvl_C,bValve_C,False,poll
2026-03-20 10:01:31.422,gvl_HBW,bReferenceSwitch_HBW_horizontal,True,poll
2026-03-20 10:01:31.422,gvl_HBW,bLightBarrier_HBW_inside,True,poll
2026-03-20 10:01:31.422,gvl_HBW,bLightBarrier_HBW_outside,True,poll
2026-03-20 10:01:31.422,gvl_HBW,bReferenceSwitch_HBW_vertical,False,poll
2026-03-20 10:01:31.422,gvl_HBW,bReferenceSwitch_HBW_Cantilever_front,False,poll
2026-03-20 10:01:31.422,gvl_HBW,bReferenceSwitch_HBW_Cantilever_back,False,poll
2026-03-20 10:01:31.422,gvl_HBW,bTrailSensor_HBW_bottom,True,poll
2026-03-20 10:01:31.422,gvl_HBW,bTrailSensor_HBW_top,True,poll
2026-03-20 10:01:31.422,gvl_HBW,bEncoderImpulse_HBW_horizontal1,False,poll
2026-03-20 10:01:31.422,gvl_HBW,bEncoderImpulse_HBW_horizontal2,True,poll
2026-03-20 10:01:31.422,gvl_HBW,bEncoderImpulse_HBW_vertical1,False,poll
2026-03-20 10:01:31.422,gvl_HBW,bEncoderImpulse_HBW_vertical2,False,poll
2026-03-20 10:01:31.422,gvl_HBW,bMotor_HBW_ConveyorBelt_forward,False,poll
2026-03-20 10:01:31.422,gvl_HBW,bMotor_HBW_ConveyorBelt_backward,False,poll
2026-03-20 10:01:31.422,gvl_HBW,bMotor_HBW_StackerCrane_torack,False,poll
2026-03-20 10:01:31.422,gvl_HBW,bMotor_HBW_StackerCrane_toconveyorbelt,False,poll
2026-03-20 10:01:31.422,gvl_HBW,bMotor_HBW_StackerCrane_downward,False,poll
2026-03-20 10:01:31.422,gvl_HBW,bMotor_HBW_StackerCrane_upward,False,poll
2026-03-20 10:01:31.422,gvl_HBW,bMotor_HBW_Cantilever_forward,False,poll
2026-03-20 10:01:31.422,gvl_HBW,bMotor_HBW_Cantilever_backward,False,poll
2026-03-20 10:01:31.422,gvl_MS,bReferenceSwitch_MS_Turntable_attransferunit,False,poll
2026-03-20 10:01:31.422,gvl_MS,bReferenceSwitch_MS_Turntable_atconveyorbelt,False,poll
2026-03-20 10:01:31.422,gvl_MS,bLightBarrier_MS_conveyorbelt,False,poll
2026-03-20 10:01:31.422,gvl_MS,bReferenceSwitch_MS_Turntable_atsaw,False,poll
2026-03-20 10:01:31.422,gvl_MS,bReferenceSwitch_MS_TransferUnit_atturntable,True,poll
2026-03-20 10:01:31.422,gvl_MS,bReferenceSwitch_MS_OvenSlider_inside,False,poll
2026-03-20 10:01:31.422,gvl_MS,bReferenceSwitch_MS_OvenSlider_outside,True,poll
2026-03-20 10:01:31.422,gvl_MS,bReferenceSwitch_MS_TransferUnit_atoven,False,poll
2026-03-20 10:01:31.422,gvl_MS,bLightBarrier_MS_oven,True,poll
2026-03-20 10:01:31.422,gvl_MS,bMotor_MS_Turntable_clockwise,False,poll
2026-03-20 10:01:31.422,gvl_MS,bMotor_MS_Turntable_counterclockwise,False,poll
2026-03-20 10:01:31.422,gvl_MS,bMotor_MS_ConveyorBelt_forward,False,poll
2026-03-20 10:01:31.422,gvl_MS,bMotor_MS_Saw,False,poll
2026-03-20 10:01:31.422,gvl_MS,bMotor_MS_OvenSlider_movein,False,poll
2026-03-20 10:01:31.422,gvl_MS,bMotor_MS_OvenSlider_moveout,False,poll
2026-03-20 10:01:31.422,gvl_MS,bMotor_MS_TransferUnit_tooven,False,poll
2026-03-20 10:01:31.422,gvl_MS,bMotor_MS_TransferUnit_toturntable,False,poll
2026-03-20 10:01:31.422,gvl_MS,bLamp_MS,False,poll
2026-03-20 10:01:31.422,gvl_MS,bCompressor_MS,False,poll
2026-03-20 10:01:31.422,gvl_MS,bValve_MS_Vacuum,False,poll
2026-03-20 10:01:31.422,gvl_MS,bValve_MS_TransferUnit,False,poll
2026-03-20 10:01:31.422,gvl_MS,bValve_MS_OvenDoor,False,poll
2026-03-20 10:01:31.422,gvl_MS,bValve_MS_Ejector,False,poll
2026-03-20 10:01:31.422,gvl_PM,bLightBarrier_PM_entry,True,poll
2026-03-20 10:01:31.422,gvl_PM,bLightBarrier_PM_tool,True,poll
2026-03-20 10:01:31.422,gvl_PM,bReferenceSwitch_PM_top,False,poll
2026-03-20 10:01:31.422,gvl_PM,bReferenceSwitch_PM_bottom,True,poll
2026-03-20 10:01:31.422,gvl_PM,bMotor_PM_ConveyorBelt_forward,False,poll
2026-03-20 10:01:31.422,gvl_PM,bMotor_PM_ConveyorBelt_backward,False,poll
2026-03-20 10:01:31.422,gvl_PM,bMotor_PM_Tool_upward,False,poll
2026-03-20 10:01:31.422,gvl_PM,bMotor_PM_Tool_downward,False,poll
2026-03-20 10:01:31.422,gvl_SL,bPulseCounter_SL,False,poll
2026-03-20 10:01:31.422,gvl_SL,bLightBarrier_SL_beforecolor,True,poll
2026-03-20 10:01:31.422,gvl_SL,bLightBarrier_SL_aftercolor,True,poll
2026-03-20 10:01:31.422,gvl_SL,bLightBarrier_SL_white,True,poll
2026-03-20 10:01:31.422,gvl_SL,bLightBarrier_SL_red,True,poll
2026-03-20 10:01:31.422,gvl_SL,bLightBarrier_SL_blue,True,poll
2026-03-20 10:01:31.422,gvl_SL,iColorSensor_SL,1,poll
2026-03-20 10:01:31.422,gvl_SL,bMotor_SL_ConveyorBelt,False,poll
2026-03-20 10:01:31.422,gvl_SL,bCompressor_SL,False,poll
2026-03-20 10:01:31.422,gvl_SL,bValve_SL_white,False,poll
2026-03-20 10:01:31.422,gvl_SL,bValve_SL_red,False,poll
2026-03-20 10:01:31.422,gvl_SL,bValve_SL_blue,False,poll
2026-03-20 10:01:31.422,LocalVariables,iC_CoordH,35,poll
2026-03-20 10:01:31.422,LocalVariables,iC_CoordV,0,poll
2026-03-20 10:01:31.422,LocalVariables,iC_CoordR,35,poll
2026-03-20 10:01:31.422,LocalVariables,eC_PickingStation,0,poll
2026-03-20 10:01:31.422,LocalVariables,eC_PlacingStation,0,poll
2026-03-20 10:01:31.422,LocalVariables,iC_Coord_Picking,"[[1340, 170, 150, 445], [380, 800, 367, 435], [800, 301, 580, 800]]",poll
2026-03-20 10:01:31.422,LocalVariables,iC_Coord_Placing,"[[890, 870], [500, 1343], [180, 150]]",poll
2026-03-20 10:01:32.020,gvl_SL,iColorSensor_SL,1,event
2026-03-20 10:01:32.115,gvl_SL,iColorSensor_SL,0,event
2026-03-20 10:01:32.141,gvl_C,bReferenceSwitch_C_vertical,True,poll
2026-03-20 10:01:32.141,gvl_C,bReferenceSwitch_C_horizontal,False,poll
2026-03-20 10:01:32.141,gvl_C,bReferenceSwitch_C_rotate,False,poll
2026-03-20 10:01:32.141,gvl_C,bEncoderImpulse_C_vertical1,False,poll
2026-03-20 10:01:32.141,gvl_C,bEncoderImpulse_C_vertical2,True,poll
2026-03-20 10:01:32.141,gvl_C,bEncoderImpulse_C_horizontal1,False,poll
2026-03-20 10:01:32.141,gvl_C,bEncoderImpulse_C_horizontal2,True,poll
2026-03-20 10:01:32.141,gvl_C,bEncoderImpulse_C_rotate1,True,poll
2026-03-20 10:01:32.141,gvl_C,bEncoderImpulse_C_rotate2,False,poll
2026-03-20 10:01:32.141,gvl_C,bMotor_C_upward,False,poll
2026-03-20 10:01:32.141,gvl_C,bMotor_C_downward,False,poll
2026-03-20 10:01:32.141,gvl_C,bMotor_C_backward,False,poll
2026-03-20 10:01:32.141,gvl_C,bMotor_C_forward,False,poll
2026-03-20 10:01:32.141,gvl_C,bMotor_C_clockwise,False,poll
2026-03-20 10:01:32.141,gvl_C,bMotor_C_counterclockwise,False,poll
2026-03-20 10:01:32.141,gvl_C,bCompressor_C,False,poll
2026-03-20 10:01:32.141,gvl_C,bValve_C,False,poll
2026-03-20 10:01:32.141,gvl_HBW,bReferenceSwitch_HBW_horizontal,True,poll
2026-03-20 10:01:32.141,gvl_HBW,bLightBarrier_HBW_inside,True,poll
2026-03-20 10:01:32.141,gvl_HBW,bLightBarrier_HBW_outside,True,poll
2026-03-20 10:01:32.141,gvl_HBW,bReferenceSwitch_HBW_vertical,False,poll
2026-03-20 10:01:32.141,gvl_HBW,bReferenceSwitch_HBW_Cantilever_front,False,poll
2026-03-20 10:01:32.141,gvl_HBW,bReferenceSwitch_HBW_Cantilever_back,False,poll
2026-03-20 10:01:32.141,gvl_HBW,bTrailSensor_HBW_bottom,True,poll
2026-03-20 10:01:32.141,gvl_HBW,bTrailSensor_HBW_top,True,poll
2026-03-20 10:01:32.141,gvl_HBW,bEncoderImpulse_HBW_horizontal1,False,poll
2026-03-20 10:01:32.141,gvl_HBW,bEncoderImpulse_HBW_horizontal2,True,poll
2026-03-20 10:01:32.141,gvl_HBW,bEncoderImpulse_HBW_vertical1,False,poll
2026-03-20 10:01:32.141,gvl_HBW,bEncoderImpulse_HBW_vertical2,False,poll
2026-03-20 10:01:32.141,gvl_HBW,bMotor_HBW_ConveyorBelt_forward,False,poll
2026-03-20 10:01:32.141,gvl_HBW,bMotor_HBW_ConveyorBelt_backward,False,poll
2026-03-20 10:01:32.141,gvl_HBW,bMotor_HBW_StackerCrane_torack,False,poll
2026-03-20 10:01:32.141,gvl_HBW,bMotor_HBW_StackerCrane_toconveyorbelt,False,poll
2026-03-20 10:01:32.141,gvl_HBW,bMotor_HBW_StackerCrane_downward,False,poll
2026-03-20 10:01:32.141,gvl_HBW,bMotor_HBW_StackerCrane_upward,False,poll
2026-03-20 10:01:32.141,gvl_HBW,bMotor_HBW_Cantilever_forward,False,poll
2026-03-20 10:01:32.141,gvl_HBW,bMotor_HBW_Cantilever_backward,False,poll
2026-03-20 10:01:32.141,gvl_MS,bReferenceSwitch_MS_Turntable_attransferunit,False,poll
2026-03-20 10:01:32.141,gvl_MS,bReferenceSwitch_MS_Turntable_atconveyorbelt,False,poll
2026-03-20 10:01:32.141,gvl_MS,bLightBarrier_MS_conveyorbelt,False,poll
2026-03-20 10:01:32.141,gvl_MS,bReferenceSwitch_MS_Turntable_atsaw,False,poll
2026-03-20 10:01:32.141,gvl_MS,bReferenceSwitch_MS_TransferUnit_atturntable,True,poll
2026-03-20 10:01:32.141,gvl_MS,bReferenceSwitch_MS_OvenSlider_inside,False,poll
2026-03-20 10:01:32.141,gvl_MS,bReferenceSwitch_MS_OvenSlider_outside,True,poll
2026-03-20 10:01:32.141,gvl_MS,bReferenceSwitch_MS_TransferUnit_atoven,False,poll
2026-03-20 10:01:32.141,gvl_MS,bLightBarrier_MS_oven,True,poll
2026-03-20 10:01:32.141,gvl_MS,bMotor_MS_Turntable_clockwise,False,poll
2026-03-20 10:01:32.141,gvl_MS,bMotor_MS_Turntable_counterclockwise,False,poll
2026-03-20 10:01:32.141,gvl_MS,bMotor_MS_ConveyorBelt_forward,False,poll
2026-03-20 10:01:32.141,gvl_MS,bMotor_MS_Saw,False,poll
2026-03-20 10:01:32.141,gvl_MS,bMotor_MS_OvenSlider_movein,False,poll
2026-03-20 10:01:32.141,gvl_MS,bMotor_MS_OvenSlider_moveout,False,poll
2026-03-20 10:01:32.141,gvl_MS,bMotor_MS_TransferUnit_tooven,False,poll
2026-03-20 10:01:32.141,gvl_MS,bMotor_MS_TransferUnit_toturntable,False,poll
2026-03-20 10:01:32.141,gvl_MS,bLamp_MS,False,poll
2026-03-20 10:01:32.141,gvl_MS,bCompressor_MS,False,poll
2026-03-20 10:01:32.141,gvl_MS,bValve_MS_Vacuum,False,poll
2026-03-20 10:01:32.141,gvl_MS,bValve_MS_TransferUnit,False,poll
2026-03-20 10:01:32.141,gvl_MS,bValve_MS_OvenDoor,False,poll
2026-03-20 10:01:32.141,gvl_MS,bValve_MS_Ejector,False,poll
2026-03-20 10:01:32.141,gvl_PM,bLightBarrier_PM_entry,True,poll
2026-03-20 10:01:32.141,gvl_PM,bLightBarrier_PM_tool,True,poll
2026-03-20 10:01:32.141,gvl_PM,bReferenceSwitch_PM_top,False,poll
2026-03-20 10:01:32.141,gvl_PM,bReferenceSwitch_PM_bottom,True,poll
2026-03-20 10:01:32.141,gvl_PM,bMotor_PM_ConveyorBelt_forward,False,poll
2026-03-20 10:01:32.141,gvl_PM,bMotor_PM_ConveyorBelt_backward,False,poll
2026-03-20 10:01:32.141,gvl_PM,bMotor_PM_Tool_upward,False,poll
2026-03-20 10:01:32.141,gvl_PM,bMotor_PM_Tool_downward,False,poll
2026-03-20 10:01:32.141,gvl_SL,bPulseCounter_SL,False,poll
2026-03-20 10:01:32.141,gvl_SL,bLightBarrier_SL_beforecolor,True,poll
2026-03-20 10:01:32.141,gvl_SL,bLightBarrier_SL_aftercolor,True,poll
2026-03-20 10:01:32.141,gvl_SL,bLightBarrier_SL_white,True,poll
2026-03-20 10:01:32.141,gvl_SL,bLightBarrier_SL_red,True,poll
2026-03-20 10:01:32.141,gvl_SL,bLightBarrier_SL_blue,True,poll
2026-03-20 10:01:32.141,gvl_SL,iColorSensor_SL,1,poll
2026-03-20 10:01:32.141,gvl_SL,bMotor_SL_ConveyorBelt,False,poll
2026-03-20 10:01:32.141,gvl_SL,bCompressor_SL,False,poll
2026-03-20 10:01:32.141,gvl_SL,bValve_SL_white,False,poll
2026-03-20 10:01:32.141,gvl_SL,bValve_SL_red,False,poll
2026-03-20 10:01:32.141,gvl_SL,bValve_SL_blue,False,poll
2026-03-20 10:01:32.141,LocalVariables,iC_CoordH,35,poll
2026-03-20 10:01:32.141,LocalVariables,iC_CoordV,0,poll
2026-03-20 10:01:32.141,LocalVariables,iC_CoordR,35,poll
2026-03-20 10:01:32.141,LocalVariables,eC_PickingStation,0,poll
2026-03-20 10:01:32.141,LocalVariables,eC_PlacingStation,0,poll
2026-03-20 10:01:32.141,LocalVariables,iC_Coord_Picking,"[[1340, 170, 150, 445], [380, 800, 367, 435], [800, 301, 580, 800]]",poll
2026-03-20 10:01:32.141,LocalVariables,iC_Coord_Placing,"[[890, 870], [500, 1343], [180, 150]]",poll
2026-03-20 10:01:32.519,gvl_SL,iColorSensor_SL,1,event
2026-03-20 10:01:32.715,gvl_SL,iColorSensor_SL,0,event
2026-03-20 10:01:32.978,gvl_C,bReferenceSwitch_C_vertical,True,poll
2026-03-20 10:01:32.978,gvl_C,bReferenceSwitch_C_horizontal,False,poll
2026-03-20 10:01:32.978,gvl_C,bReferenceSwitch_C_rotate,False,poll
2026-03-20 10:01:32.978,gvl_C,bEncoderImpulse_C_vertical1,False,poll
2026-03-20 10:01:32.978,gvl_C,bEncoderImpulse_C_vertical2,True,poll
2026-03-20 10:01:32.978,gvl_C,bEncoderImpulse_C_horizontal1,False,poll
2026-03-20 10:01:32.978,gvl_C,bEncoderImpulse_C_horizontal2,True,poll
2026-03-20 10:01:32.978,gvl_C,bEncoderImpulse_C_rotate1,True,poll
2026-03-20 10:01:32.978,gvl_C,bEncoderImpulse_C_rotate2,False,poll
2026-03-20 10:01:32.978,gvl_C,bMotor_C_upward,False,poll
2026-03-20 10:01:32.978,gvl_C,bMotor_C_downward,False,poll
2026-03-20 10:01:32.978,gvl_C,bMotor_C_backward,False,poll
2026-03-20 10:01:32.978,gvl_C,bMotor_C_forward,False,poll
2026-03-20 10:01:32.978,gvl_C,bMotor_C_clockwise,False,poll
2026-03-20 10:01:32.978,gvl_C,bMotor_C_counterclockwise,False,poll
2026-03-20 10:01:32.978,gvl_C,bCompressor_C,False,poll
2026-03-20 10:01:32.978,gvl_C,bValve_C,False,poll
2026-03-20 10:01:32.978,gvl_HBW,bReferenceSwitch_HBW_horizontal,True,poll
2026-03-20 10:01:32.978,gvl_HBW,bLightBarrier_HBW_inside,True,poll
2026-03-20 10:01:32.978,gvl_HBW,bLightBarrier_HBW_outside,True,poll
2026-03-20 10:01:32.978,gvl_HBW,bReferenceSwitch_HBW_vertical,False,poll
2026-03-20 10:01:32.978,gvl_HBW,bReferenceSwitch_HBW_Cantilever_front,False,poll
2026-03-20 10:01:32.978,gvl_HBW,bReferenceSwitch_HBW_Cantilever_back,False,poll
2026-03-20 10:01:32.978,gvl_HBW,bTrailSensor_HBW_bottom,True,poll
2026-03-20 10:01:32.978,gvl_HBW,bTrailSensor_HBW_top,True,poll
2026-03-20 10:01:32.978,gvl_HBW,bEncoderImpulse_HBW_horizontal1,False,poll
2026-03-20 10:01:32.978,gvl_HBW,bEncoderImpulse_HBW_horizontal2,True,poll
2026-03-20 10:01:32.978,gvl_HBW,bEncoderImpulse_HBW_vertical1,False,poll
2026-03-20 10:01:32.978,gvl_HBW,bEncoderImpulse_HBW_vertical2,False,poll
2026-03-20 10:01:32.978,gvl_HBW,bMotor_HBW_ConveyorBelt_forward,False,poll
2026-03-20 10:01:32.978,gvl_HBW,bMotor_HBW_ConveyorBelt_backward,False,poll
2026-03-20 10:01:32.978,gvl_HBW,bMotor_HBW_StackerCrane_torack,False,poll
2026-03-20 10:01:32.978,gvl_HBW,bMotor_HBW_StackerCrane_toconveyorbelt,False,poll
2026-03-20 10:01:32.978,gvl_HBW,bMotor_HBW_StackerCrane_downward,False,poll
2026-03-20 10:01:32.978,gvl_HBW,bMotor_HBW_StackerCrane_upward,False,poll
2026-03-20 10:01:32.978,gvl_HBW,bMotor_HBW_Cantilever_forward,False,poll
2026-03-20 10:01:32.978,gvl_HBW,bMotor_HBW_Cantilever_backward,False,poll
2026-03-20 10:01:32.978,gvl_MS,bReferenceSwitch_MS_Turntable_attransferunit,False,poll
2026-03-20 10:01:32.978,gvl_MS,bReferenceSwitch_MS_Turntable_atconveyorbelt,False,poll
2026-03-20 10:01:32.978,gvl_MS,bLightBarrier_MS_conveyorbelt,False,poll
2026-03-20 10:01:32.978,gvl_MS,bReferenceSwitch_MS_Turntable_atsaw,False,poll
2026-03-20 10:01:32.978,gvl_MS,bReferenceSwitch_MS_TransferUnit_atturntable,True,poll
2026-03-20 10:01:32.978,gvl_MS,bReferenceSwitch_MS_OvenSlider_inside,False,poll
2026-03-20 10:01:32.978,gvl_MS,bReferenceSwitch_MS_OvenSlider_outside,True,poll
2026-03-20 10:01:32.978,gvl_MS,bReferenceSwitch_MS_TransferUnit_atoven,False,poll
2026-03-20 10:01:32.978,gvl_MS,bLightBarrier_MS_oven,True,poll
2026-03-20 10:01:32.978,gvl_MS,bMotor_MS_Turntable_clockwise,False,poll
2026-03-20 10:01:32.978,gvl_MS,bMotor_MS_Turntable_counterclockwise,False,poll
2026-03-20 10:01:32.978,gvl_MS,bMotor_MS_ConveyorBelt_forward,False,poll
2026-03-20 10:01:32.978,gvl_MS,bMotor_MS_Saw,False,poll
2026-03-20 10:01:32.978,gvl_MS,bMotor_MS_OvenSlider_movein,False,poll
2026-03-20 10:01:32.978,gvl_MS,bMotor_MS_OvenSlider_moveout,False,poll
2026-03-20 10:01:32.978,gvl_MS,bMotor_MS_TransferUnit_tooven,False,poll
2026-03-20 10:01:32.978,gvl_MS,bMotor_MS_TransferUnit_toturntable,False,poll
2026-03-20 10:01:32.978,gvl_MS,bLamp_MS,False,poll
2026-03-20 10:01:32.978,gvl_MS,bCompressor_MS,False,poll
2026-03-20 10:01:32.978,gvl_MS,bValve_MS_Vacuum,False,poll
2026-03-20 10:01:32.978,gvl_MS,bValve_MS_TransferUnit,False,poll
2026-03-20 10:01:32.978,gvl_MS,bValve_MS_OvenDoor,False,poll
2026-03-20 10:01:32.978,gvl_MS,bValve_MS_Ejector,False,poll
2026-03-20 10:01:32.978,gvl_PM,bLightBarrier_PM_entry,True,poll
2026-03-20 10:01:32.978,gvl_PM,bLightBarrier_PM_tool,True,poll
2026-03-20 10:01:32.978,gvl_PM,bReferenceSwitch_PM_top,False,poll
2026-03-20 10:01:32.978,gvl_PM,bReferenceSwitch_PM_bottom,True,poll
2026-03-20 10:01:32.978,gvl_PM,bMotor_PM_ConveyorBelt_forward,False,poll
2026-03-20 10:01:32.978,gvl_PM,bMotor_PM_ConveyorBelt_backward,False,poll
2026-03-20 10:01:32.978,gvl_PM,bMotor_PM_Tool_upward,False,poll
2026-03-20 10:01:32.978,gvl_PM,bMotor_PM_Tool_downward,False,poll
2026-03-20 10:01:32.978,gvl_SL,bPulseCounter_SL,False,poll
2026-03-20 10:01:32.978,gvl_SL,bLightBarrier_SL_beforecolor,True,poll
2026-03-20 10:01:32.978,gvl_SL,bLightBarrier_SL_aftercolor,True,poll
2026-03-20 10:01:32.978,gvl_SL,bLightBarrier_SL_white,True,poll
2026-03-20 10:01:32.978,gvl_SL,bLightBarrier_SL_red,True,poll
2026-03-20 10:01:32.978,gvl_SL,bLightBarrier_SL_blue,True,poll
2026-03-20 10:01:32.978,gvl_SL,iColorSensor_SL,1,poll
2026-03-20 10:01:32.978,gvl_SL,bMotor_SL_ConveyorBelt,False,poll
2026-03-20 10:01:32.978,gvl_SL,bCompressor_SL,False,poll
2026-03-20 10:01:32.978,gvl_SL,bValve_SL_white,False,poll
2026-03-20 10:01:32.978,gvl_SL,bValve_SL_red,False,poll
2026-03-20 10:01:32.978,gvl_SL,bValve_SL_blue,False,poll
2026-03-20 10:01:32.978,LocalVariables,iC_CoordH,35,poll
2026-03-20 10:01:32.978,LocalVariables,iC_CoordV,0,poll
2026-03-20 10:01:32.978,LocalVariables,iC_CoordR,35,poll
2026-03-20 10:01:32.978,LocalVariables,eC_PickingStation,0,poll
2026-03-20 10:01:32.978,LocalVariables,eC_PlacingStation,0,poll
2026-03-20 10:01:32.978,LocalVariables,iC_Coord_Picking,"[[1340, 170, 150, 445], [380, 800, 367, 435], [800, 301, 580, 800]]",poll
2026-03-20 10:01:32.978,LocalVariables,iC_Coord_Placing,"[[890, 870], [500, 1343], [180, 150]]",poll
2026-03-20 10:01:33.779,gvl_C,bReferenceSwitch_C_vertical,True,poll
2026-03-20 10:01:33.779,gvl_C,bReferenceSwitch_C_horizontal,False,poll
2026-03-20 10:01:33.779,gvl_C,bReferenceSwitch_C_rotate,False,poll
2026-03-20 10:01:33.779,gvl_C,bEncoderImpulse_C_vertical1,False,poll
2026-03-20 10:01:33.779,gvl_C,bEncoderImpulse_C_vertical2,True,poll
2026-03-20 10:01:33.779,gvl_C,bEncoderImpulse_C_horizontal1,False,poll
2026-03-20 10:01:33.779,gvl_C,bEncoderImpulse_C_horizontal2,True,poll
2026-03-20 10:01:33.779,gvl_C,bEncoderImpulse_C_rotate1,True,poll
2026-03-20 10:01:33.779,gvl_C,bEncoderImpulse_C_rotate2,False,poll
2026-03-20 10:01:33.779,gvl_C,bMotor_C_upward,False,poll
2026-03-20 10:01:33.779,gvl_C,bMotor_C_downward,False,poll
2026-03-20 10:01:33.779,gvl_C,bMotor_C_backward,False,poll
2026-03-20 10:01:33.779,gvl_C,bMotor_C_forward,False,poll
2026-03-20 10:01:33.779,gvl_C,bMotor_C_clockwise,False,poll
2026-03-20 10:01:33.779,gvl_C,bMotor_C_counterclockwise,False,poll
2026-03-20 10:01:33.779,gvl_C,bCompressor_C,False,poll
2026-03-20 10:01:33.779,gvl_C,bValve_C,False,poll
2026-03-20 10:01:33.779,gvl_HBW,bReferenceSwitch_HBW_horizontal,True,poll
2026-03-20 10:01:33.779,gvl_HBW,bLightBarrier_HBW_inside,True,poll
2026-03-20 10:01:33.779,gvl_HBW,bLightBarrier_HBW_outside,True,poll
2026-03-20 10:01:33.779,gvl_HBW,bReferenceSwitch_HBW_vertical,False,poll
2026-03-20 10:01:33.779,gvl_HBW,bReferenceSwitch_HBW_Cantilever_front,False,poll
2026-03-20 10:01:33.779,gvl_HBW,bReferenceSwitch_HBW_Cantilever_back,False,poll
2026-03-20 10:01:33.779,gvl_HBW,bTrailSensor_HBW_bottom,True,poll
2026-03-20 10:01:33.779,gvl_HBW,bTrailSensor_HBW_top,True,poll
2026-03-20 10:01:33.779,gvl_HBW,bEncoderImpulse_HBW_horizontal1,False,poll
2026-03-20 10:01:33.779,gvl_HBW,bEncoderImpulse_HBW_horizontal2,True,poll
2026-03-20 10:01:33.779,gvl_HBW,bEncoderImpulse_HBW_vertical1,False,poll
2026-03-20 10:01:33.779,gvl_HBW,bEncoderImpulse_HBW_vertical2,False,poll
2026-03-20 10:01:33.779,gvl_HBW,bMotor_HBW_ConveyorBelt_forward,False,poll
2026-03-20 10:01:33.779,gvl_HBW,bMotor_HBW_ConveyorBelt_backward,False,poll
2026-03-20 10:01:33.779,gvl_HBW,bMotor_HBW_StackerCrane_torack,False,poll
2026-03-20 10:01:33.779,gvl_HBW,bMotor_HBW_StackerCrane_toconveyorbelt,False,poll
2026-03-20 10:01:33.779,gvl_HBW,bMotor_HBW_StackerCrane_downward,False,poll
2026-03-20 10:01:33.779,gvl_HBW,bMotor_HBW_StackerCrane_upward,False,poll
2026-03-20 10:01:33.779,gvl_HBW,bMotor_HBW_Cantilever_forward,False,poll
2026-03-20 10:01:33.779,gvl_HBW,bMotor_HBW_Cantilever_backward,False,poll
2026-03-20 10:01:33.779,gvl_MS,bReferenceSwitch_MS_Turntable_attransferunit,False,poll
2026-03-20 10:01:33.779,gvl_MS,bReferenceSwitch_MS_Turntable_atconveyorbelt,False,poll
2026-03-20 10:01:33.779,gvl_MS,bLightBarrier_MS_conveyorbelt,False,poll
2026-03-20 10:01:33.919,gvl_SL,iColorSensor_SL,1,event
2026-03-20 10:01:33.779,gvl_MS,bReferenceSwitch_MS_Turntable_atsaw,False,poll
2026-03-20 10:01:33.779,gvl_MS,bReferenceSwitch_MS_TransferUnit_atturntable,True,poll
2026-03-20 10:01:33.779,gvl_MS,bReferenceSwitch_MS_OvenSlider_inside,False,poll
2026-03-20 10:01:33.779,gvl_MS,bReferenceSwitch_MS_OvenSlider_outside,True,poll
2026-03-20 10:01:33.779,gvl_MS,bReferenceSwitch_MS_TransferUnit_atoven,False,poll
2026-03-20 10:01:33.779,gvl_MS,bLightBarrier_MS_oven,True,poll
2026-03-20 10:01:33.779,gvl_MS,bMotor_MS_Turntable_clockwise,False,poll
2026-03-20 10:01:33.779,gvl_MS,bMotor_MS_Turntable_counterclockwise,False,poll
2026-03-20 10:01:33.779,gvl_MS,bMotor_MS_ConveyorBelt_forward,False,poll
2026-03-20 10:01:33.779,gvl_MS,bMotor_MS_Saw,False,poll
2026-03-20 10:01:33.779,gvl_MS,bMotor_MS_OvenSlider_movein,False,poll
2026-03-20 10:01:33.779,gvl_MS,bMotor_MS_OvenSlider_moveout,False,poll
2026-03-20 10:01:33.779,gvl_MS,bMotor_MS_TransferUnit_tooven,False,poll
2026-03-20 10:01:33.779,gvl_MS,bMotor_MS_TransferUnit_toturntable,False,poll
2026-03-20 10:01:33.779,gvl_MS,bLamp_MS,False,poll
2026-03-20 10:01:33.779,gvl_MS,bCompressor_MS,False,poll
2026-03-20 10:01:33.779,gvl_MS,bValve_MS_Vacuum,False,poll
2026-03-20 10:01:33.779,gvl_MS,bValve_MS_TransferUnit,False,poll
2026-03-20 10:01:33.779,gvl_MS,bValve_MS_OvenDoor,False,poll
2026-03-20 10:01:33.779,gvl_MS,bValve_MS_Ejector,False,poll
2026-03-20 10:01:33.779,gvl_PM,bLightBarrier_PM_entry,True,poll
2026-03-20 10:01:33.779,gvl_PM,bLightBarrier_PM_tool,True,poll
2026-03-20 10:01:33.779,gvl_PM,bReferenceSwitch_PM_top,False,poll
2026-03-20 10:01:33.779,gvl_PM,bReferenceSwitch_PM_bottom,True,poll
2026-03-20 10:01:33.779,gvl_PM,bMotor_PM_ConveyorBelt_forward,False,poll
2026-03-20 10:01:34.015,gvl_SL,iColorSensor_SL,0,event
2026-03-20 10:01:33.779,gvl_PM,bMotor_PM_ConveyorBelt_backward,False,poll
2026-03-20 10:01:33.779,gvl_PM,bMotor_PM_Tool_upward,False,poll
2026-03-20 10:01:33.779,gvl_PM,bMotor_PM_Tool_downward,False,poll
2026-03-20 10:01:33.779,gvl_SL,bPulseCounter_SL,False,poll
2026-03-20 10:01:33.779,gvl_SL,bLightBarrier_SL_beforecolor,True,poll
2026-03-20 10:01:33.779,gvl_SL,bLightBarrier_SL_aftercolor,True,poll
2026-03-20 10:01:33.779,gvl_SL,bLightBarrier_SL_white,True,poll
2026-03-20 10:01:33.779,gvl_SL,bLightBarrier_SL_red,True,poll
2026-03-20 10:01:33.779,gvl_SL,bLightBarrier_SL_blue,True,poll
2026-03-20 10:01:33.779,gvl_SL,iColorSensor_SL,0,poll
2026-03-20 10:01:33.779,gvl_SL,bMotor_SL_ConveyorBelt,False,poll
2026-03-20 10:01:33.779,gvl_SL,bCompressor_SL,False,poll
2026-03-20 10:01:33.779,gvl_SL,bValve_SL_white,False,poll
2026-03-20 10:01:33.779,gvl_SL,bValve_SL_red,False,poll
2026-03-20 10:01:33.779,gvl_SL,bValve_SL_blue,False,poll
2026-03-20 10:01:33.779,LocalVariables,iC_CoordH,35,poll
2026-03-20 10:01:33.779,LocalVariables,iC_CoordV,0,poll
2026-03-20 10:01:33.779,LocalVariables,iC_CoordR,35,poll
2026-03-20 10:01:33.779,LocalVariables,eC_PickingStation,0,poll
2026-03-20 10:01:33.779,LocalVariables,eC_PlacingStation,0,poll
2026-03-20 10:01:33.779,LocalVariables,iC_Coord_Picking,"[[1340, 170, 150, 445], [380, 800, 367, 435], [800, 301, 580, 800]]",poll
2026-03-20 10:01:33.779,LocalVariables,iC_Coord_Placing,"[[890, 870], [500, 1343], [180, 150]]",poll
2026-03-20 10:01:34.515,gvl_SL,iColorSensor_SL,1,event
2026-03-20 10:01:34.606,gvl_C,bReferenceSwitch_C_vertical,True,poll
2026-03-20 10:01:34.606,gvl_C,bReferenceSwitch_C_horizontal,False,poll
2026-03-20 10:01:34.619,gvl_SL,iColorSensor_SL,0,event
2026-03-20 10:01:34.606,gvl_C,bReferenceSwitch_C_rotate,False,poll
2026-03-20 10:01:34.606,gvl_C,bEncoderImpulse_C_vertical1,False,poll
2026-03-20 10:01:34.606,gvl_C,bEncoderImpulse_C_vertical2,True,poll
2026-03-20 10:01:34.606,gvl_C,bEncoderImpulse_C_horizontal1,False,poll
2026-03-20 10:01:34.606,gvl_C,bEncoderImpulse_C_horizontal2,True,poll
2026-03-20 10:01:34.606,gvl_C,bEncoderImpulse_C_rotate1,True,poll
2026-03-20 10:01:34.606,gvl_C,bEncoderImpulse_C_rotate2,False,poll
2026-03-20 10:01:34.606,gvl_C,bMotor_C_upward,False,poll
2026-03-20 10:01:34.606,gvl_C,bMotor_C_downward,False,poll
2026-03-20 10:01:34.606,gvl_C,bMotor_C_backward,False,poll
2026-03-20 10:01:34.606,gvl_C,bMotor_C_forward,False,poll
2026-03-20 10:01:34.606,gvl_C,bMotor_C_clockwise,False,poll
2026-03-20 10:01:34.606,gvl_C,bMotor_C_counterclockwise,False,poll
2026-03-20 10:01:34.606,gvl_C,bCompressor_C,False,poll
2026-03-20 10:01:34.606,gvl_C,bValve_C,False,poll
2026-03-20 10:01:34.606,gvl_HBW,bReferenceSwitch_HBW_horizontal,True,poll
2026-03-20 10:01:34.606,gvl_HBW,bLightBarrier_HBW_inside,True,poll
2026-03-20 10:01:34.606,gvl_HBW,bLightBarrier_HBW_outside,True,poll
2026-03-20 10:01:34.606,gvl_HBW,bReferenceSwitch_HBW_vertical,False,poll
2026-03-20 10:01:34.606,gvl_HBW,bReferenceSwitch_HBW_Cantilever_front,False,poll
2026-03-20 10:01:34.606,gvl_HBW,bReferenceSwitch_HBW_Cantilever_back,False,poll
2026-03-20 10:01:34.606,gvl_HBW,bTrailSensor_HBW_bottom,True,poll
2026-03-20 10:01:34.606,gvl_HBW,bTrailSensor_HBW_top,True,poll
2026-03-20 10:01:34.606,gvl_HBW,bEncoderImpulse_HBW_horizontal1,False,poll
2026-03-20 10:01:34.606,gvl_HBW,bEncoderImpulse_HBW_horizontal2,True,poll
2026-03-20 10:01:34.606,gvl_HBW,bEncoderImpulse_HBW_vertical1,False,poll
2026-03-20 10:01:34.606,gvl_HBW,bEncoderImpulse_HBW_vertical2,False,poll
2026-03-20 10:01:34.606,gvl_HBW,bMotor_HBW_ConveyorBelt_forward,False,poll
2026-03-20 10:01:34.606,gvl_HBW,bMotor_HBW_ConveyorBelt_backward,False,poll
2026-03-20 10:01:34.606,gvl_HBW,bMotor_HBW_StackerCrane_torack,False,poll
2026-03-20 10:01:34.606,gvl_HBW,bMotor_HBW_StackerCrane_toconveyorbelt,False,poll
2026-03-20 10:01:34.606,gvl_HBW,bMotor_HBW_StackerCrane_downward,False,poll
2026-03-20 10:01:34.606,gvl_HBW,bMotor_HBW_StackerCrane_upward,False,poll
2026-03-20 10:01:34.606,gvl_HBW,bMotor_HBW_Cantilever_forward,False,poll
2026-03-20 10:01:34.606,gvl_HBW,bMotor_HBW_Cantilever_backward,False,poll
2026-03-20 10:01:34.606,gvl_MS,bReferenceSwitch_MS_Turntable_attransferunit,False,poll
2026-03-20 10:01:34.606,gvl_MS,bReferenceSwitch_MS_Turntable_atconveyorbelt,False,poll
2026-03-20 10:01:34.606,gvl_MS,bLightBarrier_MS_conveyorbelt,False,poll
2026-03-20 10:01:34.606,gvl_MS,bReferenceSwitch_MS_Turntable_atsaw,False,poll
2026-03-20 10:01:34.606,gvl_MS,bReferenceSwitch_MS_TransferUnit_atturntable,True,poll
2026-03-20 10:01:34.606,gvl_MS,bReferenceSwitch_MS_OvenSlider_inside,False,poll
2026-03-20 10:01:34.606,gvl_MS,bReferenceSwitch_MS_OvenSlider_outside,True,poll
2026-03-20 10:01:34.606,gvl_MS,bReferenceSwitch_MS_TransferUnit_atoven,False,poll
2026-03-20 10:01:34.606,gvl_MS,bLightBarrier_MS_oven,True,poll
2026-03-20 10:01:34.606,gvl_MS,bMotor_MS_Turntable_clockwise,False,poll
2026-03-20 10:01:34.606,gvl_MS,bMotor_MS_Turntable_counterclockwise,False,poll
2026-03-20 10:01:34.606,gvl_MS,bMotor_MS_ConveyorBelt_forward,False,poll
2026-03-20 10:01:34.606,gvl_MS,bMotor_MS_Saw,False,poll
2026-03-20 10:01:34.606,gvl_MS,bMotor_MS_OvenSlider_movein,False,poll
2026-03-20 10:01:34.606,gvl_MS,bMotor_MS_OvenSlider_moveout,False,poll
2026-03-20 10:01:34.606,gvl_MS,bMotor_MS_TransferUnit_tooven,False,poll
2026-03-20 10:01:34.606,gvl_MS,bMotor_MS_TransferUnit_toturntable,False,poll
2026-03-20 10:01:34.606,gvl_MS,bLamp_MS,False,poll
2026-03-20 10:01:34.606,gvl_MS,bCompressor_MS,False,poll
2026-03-20 10:01:34.606,gvl_MS,bValve_MS_Vacuum,False,poll
2026-03-20 10:01:34.606,gvl_MS,bValve_MS_TransferUnit,False,poll
2026-03-20 10:01:34.606,gvl_MS,bValve_MS_OvenDoor,False,poll
2026-03-20 10:01:34.606,gvl_MS,bValve_MS_Ejector,False,poll
2026-03-20 10:01:34.606,gvl_PM,bLightBarrier_PM_entry,True,poll
2026-03-20 10:01:34.606,gvl_PM,bLightBarrier_PM_tool,True,poll
2026-03-20 10:01:34.606,gvl_PM,bReferenceSwitch_PM_top,False,poll
2026-03-20 10:01:34.606,gvl_PM,bReferenceSwitch_PM_bottom,True,poll
2026-03-20 10:01:34.606,gvl_PM,bMotor_PM_ConveyorBelt_forward,False,poll
2026-03-20 10:01:34.606,gvl_PM,bMotor_PM_ConveyorBelt_backward,False,poll
2026-03-20 10:01:34.606,gvl_PM,bMotor_PM_Tool_upward,False,poll
2026-03-20 10:01:34.606,gvl_PM,bMotor_PM_Tool_downward,False,poll
2026-03-20 10:01:34.606,gvl_SL,bPulseCounter_SL,False,poll
2026-03-20 10:01:34.606,gvl_SL,bLightBarrier_SL_beforecolor,True,poll
2026-03-20 10:01:34.606,gvl_SL,bLightBarrier_SL_aftercolor,True,poll
2026-03-20 10:01:34.606,gvl_SL,bLightBarrier_SL_white,True,poll
2026-03-20 10:01:34.606,gvl_SL,bLightBarrier_SL_red,True,poll
2026-03-20 10:01:34.606,gvl_SL,bLightBarrier_SL_blue,True,poll
2026-03-20 10:01:34.606,gvl_SL,iColorSensor_SL,0,poll
2026-03-20 10:01:34.606,gvl_SL,bMotor_SL_ConveyorBelt,False,poll
2026-03-20 10:01:34.606,gvl_SL,bCompressor_SL,False,poll
2026-03-20 10:01:34.606,gvl_SL,bValve_SL_white,False,poll
2026-03-20 10:01:34.606,gvl_SL,bValve_SL_red,False,poll
2026-03-20 10:01:34.606,gvl_SL,bValve_SL_blue,False,poll
2026-03-20 10:01:34.606,LocalVariables,iC_CoordH,35,poll
2026-03-20 10:01:34.606,LocalVariables,iC_CoordV,0,poll
2026-03-20 10:01:34.606,LocalVariables,iC_CoordR,35,poll
2026-03-20 10:01:34.606,LocalVariables,eC_PickingStation,0,poll
2026-03-20 10:01:34.606,LocalVariables,eC_PlacingStation,0,poll
2026-03-20 10:01:34.606,LocalVariables,iC_Coord_Picking,"[[1340, 170, 150, 445], [380, 800, 367, 435], [800, 301, 580, 800]]",poll
2026-03-20 10:01:34.606,LocalVariables,iC_Coord_Placing,"[[890, 870], [500, 1343], [180, 150]]",poll
2026-03-20 10:01:35.117,gvl_SL,iColorSensor_SL,1,event
2026-03-20 10:01:35.218,gvl_SL,iColorSensor_SL,0,event
2026-03-20 10:01:35.328,gvl_C,bReferenceSwitch_C_vertical,True,poll
2026-03-20 10:01:35.328,gvl_C,bReferenceSwitch_C_horizontal,False,poll
2026-03-20 10:01:35.328,gvl_C,bReferenceSwitch_C_rotate,False,poll
2026-03-20 10:01:35.328,gvl_C,bEncoderImpulse_C_vertical1,False,poll
2026-03-20 10:01:35.328,gvl_C,bEncoderImpulse_C_vertical2,True,poll
2026-03-20 10:01:35.328,gvl_C,bEncoderImpulse_C_horizontal1,False,poll
2026-03-20 10:01:35.328,gvl_C,bEncoderImpulse_C_horizontal2,True,poll
2026-03-20 10:01:35.328,gvl_C,bEncoderImpulse_C_rotate1,True,poll
2026-03-20 10:01:35.328,gvl_C,bEncoderImpulse_C_rotate2,False,poll
2026-03-20 10:01:35.328,gvl_C,bMotor_C_upward,False,poll
2026-03-20 10:01:35.328,gvl_C,bMotor_C_downward,False,poll
2026-03-20 10:01:35.328,gvl_C,bMotor_C_backward,False,poll
2026-03-20 10:01:35.328,gvl_C,bMotor_C_forward,False,poll
2026-03-20 10:01:35.328,gvl_C,bMotor_C_clockwise,False,poll
2026-03-20 10:01:35.328,gvl_C,bMotor_C_counterclockwise,False,poll
2026-03-20 10:01:35.328,gvl_C,bCompressor_C,False,poll
2026-03-20 10:01:35.328,gvl_C,bValve_C,False,poll
2026-03-20 10:01:35.328,gvl_HBW,bReferenceSwitch_HBW_horizontal,True,poll
2026-03-20 10:01:35.328,gvl_HBW,bLightBarrier_HBW_inside,True,poll
2026-03-20 10:01:35.328,gvl_HBW,bLightBarrier_HBW_outside,True,poll
2026-03-20 10:01:35.328,gvl_HBW,bReferenceSwitch_HBW_vertical,False,poll
2026-03-20 10:01:35.328,gvl_HBW,bReferenceSwitch_HBW_Cantilever_front,False,poll
2026-03-20 10:01:35.328,gvl_HBW,bReferenceSwitch_HBW_Cantilever_back,False,poll
2026-03-20 10:01:35.328,gvl_HBW,bTrailSensor_HBW_bottom,True,poll
2026-03-20 10:01:35.328,gvl_HBW,bTrailSensor_HBW_top,True,poll
2026-03-20 10:01:35.328,gvl_HBW,bEncoderImpulse_HBW_horizontal1,False,poll
2026-03-20 10:01:35.328,gvl_HBW,bEncoderImpulse_HBW_horizontal2,True,poll
2026-03-20 10:01:35.328,gvl_HBW,bEncoderImpulse_HBW_vertical1,False,poll
2026-03-20 10:01:35.328,gvl_HBW,bEncoderImpulse_HBW_vertical2,False,poll
2026-03-20 10:01:35.328,gvl_HBW,bMotor_HBW_ConveyorBelt_forward,False,poll
2026-03-20 10:01:35.328,gvl_HBW,bMotor_HBW_ConveyorBelt_backward,False,poll
2026-03-20 10:01:35.328,gvl_HBW,bMotor_HBW_StackerCrane_torack,False,poll
2026-03-20 10:01:35.328,gvl_HBW,bMotor_HBW_StackerCrane_toconveyorbelt,False,poll
2026-03-20 10:01:35.328,gvl_HBW,bMotor_HBW_StackerCrane_downward,False,poll
2026-03-20 10:01:35.328,gvl_HBW,bMotor_HBW_StackerCrane_upward,False,poll
2026-03-20 10:01:35.328,gvl_HBW,bMotor_HBW_Cantilever_forward,False,poll
2026-03-20 10:01:35.328,gvl_HBW,bMotor_HBW_Cantilever_backward,False,poll
2026-03-20 10:01:35.328,gvl_MS,bReferenceSwitch_MS_Turntable_attransferunit,False,poll
2026-03-20 10:01:35.328,gvl_MS,bReferenceSwitch_MS_Turntable_atconveyorbelt,False,poll
2026-03-20 10:01:35.328,gvl_MS,bLightBarrier_MS_conveyorbelt,False,poll
2026-03-20 10:01:35.328,gvl_MS,bReferenceSwitch_MS_Turntable_atsaw,False,poll
2026-03-20 10:01:35.328,gvl_MS,bReferenceSwitch_MS_TransferUnit_atturntable,True,poll
2026-03-20 10:01:35.328,gvl_MS,bReferenceSwitch_MS_OvenSlider_inside,False,poll
2026-03-20 10:01:35.328,gvl_MS,bReferenceSwitch_MS_OvenSlider_outside,True,poll
2026-03-20 10:01:35.328,gvl_MS,bReferenceSwitch_MS_TransferUnit_atoven,False,poll
2026-03-20 10:01:35.328,gvl_MS,bLightBarrier_MS_oven,True,poll
2026-03-20 10:01:35.328,gvl_MS,bMotor_MS_Turntable_clockwise,False,poll
2026-03-20 10:01:35.328,gvl_MS,bMotor_MS_Turntable_counterclockwise,False,poll
2026-03-20 10:01:35.328,gvl_MS,bMotor_MS_ConveyorBelt_forward,False,poll
2026-03-20 10:01:35.328,gvl_MS,bMotor_MS_Saw,False,poll
2026-03-20 10:01:35.328,gvl_MS,bMotor_MS_OvenSlider_movein,False,poll
2026-03-20 10:01:35.328,gvl_MS,bMotor_MS_OvenSlider_moveout,False,poll
2026-03-20 10:01:35.328,gvl_MS,bMotor_MS_TransferUnit_tooven,False,poll
2026-03-20 10:01:35.328,gvl_MS,bMotor_MS_TransferUnit_toturntable,False,poll
2026-03-20 10:01:35.328,gvl_MS,bLamp_MS,False,poll
2026-03-20 10:01:35.328,gvl_MS,bCompressor_MS,False,poll
2026-03-20 10:01:35.328,gvl_MS,bValve_MS_Vacuum,False,poll
2026-03-20 10:01:35.328,gvl_MS,bValve_MS_TransferUnit,False,poll
2026-03-20 10:01:35.328,gvl_MS,bValve_MS_OvenDoor,False,poll
2026-03-20 10:01:35.328,gvl_MS,bValve_MS_Ejector,False,poll
2026-03-20 10:01:35.328,gvl_PM,bLightBarrier_PM_entry,True,poll
2026-03-20 10:01:35.328,gvl_PM,bLightBarrier_PM_tool,True,poll
2026-03-20 10:01:35.328,gvl_PM,bReferenceSwitch_PM_top,False,poll
2026-03-20 10:01:35.328,gvl_PM,bReferenceSwitch_PM_bottom,True,poll
2026-03-20 10:01:35.328,gvl_PM,bMotor_PM_ConveyorBelt_forward,False,poll
2026-03-20 10:01:35.328,gvl_PM,bMotor_PM_ConveyorBelt_backward,False,poll
2026-03-20 10:01:35.328,gvl_PM,bMotor_PM_Tool_upward,False,poll
2026-03-20 10:01:35.328,gvl_PM,bMotor_PM_Tool_downward,False,poll
2026-03-20 10:01:35.328,gvl_SL,bPulseCounter_SL,False,poll
2026-03-20 10:01:35.328,gvl_SL,bLightBarrier_SL_beforecolor,True,poll
2026-03-20 10:01:35.328,gvl_SL,bLightBarrier_SL_aftercolor,True,poll
2026-03-20 10:01:35.328,gvl_SL,bLightBarrier_SL_white,True,poll
2026-03-20 10:01:35.328,gvl_SL,bLightBarrier_SL_red,True,poll
2026-03-20 10:01:35.328,gvl_SL,bLightBarrier_SL_blue,True,poll
2026-03-20 10:01:35.328,gvl_SL,iColorSensor_SL,0,poll
2026-03-20 10:01:35.328,gvl_SL,bMotor_SL_ConveyorBelt,False,poll
2026-03-20 10:01:35.328,gvl_SL,bCompressor_SL,False,poll
2026-03-20 10:01:35.328,gvl_SL,bValve_SL_white,False,poll
2026-03-20 10:01:35.328,gvl_SL,bValve_SL_red,False,poll
2026-03-20 10:01:35.328,gvl_SL,bValve_SL_blue,False,poll
2026-03-20 10:01:35.328,LocalVariables,iC_CoordH,35,poll
2026-03-20 10:01:35.328,LocalVariables,iC_CoordV,0,poll
2026-03-20 10:01:35.328,LocalVariables,iC_CoordR,35,poll
2026-03-20 10:01:35.328,LocalVariables,eC_PickingStation,0,poll
2026-03-20 10:01:35.328,LocalVariables,eC_PlacingStation,0,poll
2026-03-20 10:01:35.328,LocalVariables,iC_Coord_Picking,"[[1340, 170, 150, 445], [380, 800, 367, 435], [800, 301, 580, 800]]",poll
2026-03-20 10:01:35.328,LocalVariables,iC_Coord_Placing,"[[890, 870], [500, 1343], [180, 150]]",poll
2026-03-20 10:01:35.916,gvl_SL,iColorSensor_SL,1,event
2026-03-20 10:01:36.016,gvl_SL,iColorSensor_SL,0,event
2026-03-20 10:01:36.106,gvl_C,bReferenceSwitch_C_vertical,True,poll
2026-03-20 10:01:36.106,gvl_C,bReferenceSwitch_C_horizontal,False,poll
2026-03-20 10:01:36.106,gvl_C,bReferenceSwitch_C_rotate,False,poll
2026-03-20 10:01:36.106,gvl_C,bEncoderImpulse_C_vertical1,False,poll
2026-03-20 10:01:36.106,gvl_C,bEncoderImpulse_C_vertical2,True,poll
2026-03-20 10:01:36.106,gvl_C,bEncoderImpulse_C_horizontal1,False,poll
2026-03-20 10:01:36.106,gvl_C,bEncoderImpulse_C_horizontal2,True,poll
2026-03-20 10:01:36.106,gvl_C,bEncoderImpulse_C_rotate1,True,poll
2026-03-20 10:01:36.106,gvl_C,bEncoderImpulse_C_rotate2,False,poll
2026-03-20 10:01:36.106,gvl_C,bMotor_C_upward,False,poll
2026-03-20 10:01:36.106,gvl_C,bMotor_C_downward,False,poll
2026-03-20 10:01:36.106,gvl_C,bMotor_C_backward,False,poll
2026-03-20 10:01:36.106,gvl_C,bMotor_C_forward,False,poll
2026-03-20 10:01:36.106,gvl_C,bMotor_C_clockwise,False,poll
2026-03-20 10:01:36.106,gvl_C,bMotor_C_counterclockwise,False,poll
2026-03-20 10:01:36.106,gvl_C,bCompressor_C,False,poll
2026-03-20 10:01:36.106,gvl_C,bValve_C,False,poll
2026-03-20 10:01:36.106,gvl_HBW,bReferenceSwitch_HBW_horizontal,True,poll
2026-03-20 10:01:36.106,gvl_HBW,bLightBarrier_HBW_inside,True,poll
2026-03-20 10:01:36.106,gvl_HBW,bLightBarrier_HBW_outside,True,poll
2026-03-20 10:01:36.106,gvl_HBW,bReferenceSwitch_HBW_vertical,False,poll
2026-03-20 10:01:36.106,gvl_HBW,bReferenceSwitch_HBW_Cantilever_front,False,poll
2026-03-20 10:01:36.106,gvl_HBW,bReferenceSwitch_HBW_Cantilever_back,False,poll
2026-03-20 10:01:36.106,gvl_HBW,bTrailSensor_HBW_bottom,True,poll
2026-03-20 10:01:36.106,gvl_HBW,bTrailSensor_HBW_top,True,poll
2026-03-20 10:01:36.106,gvl_HBW,bEncoderImpulse_HBW_horizontal1,False,poll
2026-03-20 10:01:36.106,gvl_HBW,bEncoderImpulse_HBW_horizontal2,True,poll
2026-03-20 10:01:36.106,gvl_HBW,bEncoderImpulse_HBW_vertical1,False,poll
2026-03-20 10:01:36.106,gvl_HBW,bEncoderImpulse_HBW_vertical2,False,poll
2026-03-20 10:01:36.106,gvl_HBW,bMotor_HBW_ConveyorBelt_forward,False,poll
2026-03-20 10:01:36.106,gvl_HBW,bMotor_HBW_ConveyorBelt_backward,False,poll
2026-03-20 10:01:36.106,gvl_HBW,bMotor_HBW_StackerCrane_torack,False,poll
2026-03-20 10:01:36.106,gvl_HBW,bMotor_HBW_StackerCrane_toconveyorbelt,False,poll
2026-03-20 10:01:36.106,gvl_HBW,bMotor_HBW_StackerCrane_downward,False,poll
2026-03-20 10:01:36.106,gvl_HBW,bMotor_HBW_StackerCrane_upward,False,poll
2026-03-20 10:01:36.106,gvl_HBW,bMotor_HBW_Cantilever_forward,False,poll
2026-03-20 10:01:36.106,gvl_HBW,bMotor_HBW_Cantilever_backward,False,poll
2026-03-20 10:01:36.106,gvl_MS,bReferenceSwitch_MS_Turntable_attransferunit,False,poll
2026-03-20 10:01:36.106,gvl_MS,bReferenceSwitch_MS_Turntable_atconveyorbelt,False,poll
2026-03-20 10:01:36.106,gvl_MS,bLightBarrier_MS_conveyorbelt,False,poll
2026-03-20 10:01:36.106,gvl_MS,bReferenceSwitch_MS_Turntable_atsaw,False,poll
2026-03-20 10:01:36.106,gvl_MS,bReferenceSwitch_MS_TransferUnit_atturntable,True,poll
2026-03-20 10:01:36.106,gvl_MS,bReferenceSwitch_MS_OvenSlider_inside,False,poll
2026-03-20 10:01:36.106,gvl_MS,bReferenceSwitch_MS_OvenSlider_outside,True,poll
2026-03-20 10:01:36.106,gvl_MS,bReferenceSwitch_MS_TransferUnit_atoven,False,poll
2026-03-20 10:01:36.106,gvl_MS,bLightBarrier_MS_oven,True,poll
2026-03-20 10:01:36.106,gvl_MS,bMotor_MS_Turntable_clockwise,False,poll
2026-03-20 10:01:36.106,gvl_MS,bMotor_MS_Turntable_counterclockwise,False,poll
2026-03-20 10:01:36.106,gvl_MS,bMotor_MS_ConveyorBelt_forward,False,poll
2026-03-20 10:01:36.106,gvl_MS,bMotor_MS_Saw,False,poll
2026-03-20 10:01:36.106,gvl_MS,bMotor_MS_OvenSlider_movein,False,poll
2026-03-20 10:01:36.106,gvl_MS,bMotor_MS_OvenSlider_moveout,False,poll
2026-03-20 10:01:36.106,gvl_MS,bMotor_MS_TransferUnit_tooven,False,poll
2026-03-20 10:01:36.106,gvl_MS,bMotor_MS_TransferUnit_toturntable,False,poll
2026-03-20 10:01:36.106,gvl_MS,bLamp_MS,False,poll
2026-03-20 10:01:36.106,gvl_MS,bCompressor_MS,False,poll
2026-03-20 10:01:36.106,gvl_MS,bValve_MS_Vacuum,False,poll
2026-03-20 10:01:36.106,gvl_MS,bValve_MS_TransferUnit,False,poll
2026-03-20 10:01:36.106,gvl_MS,bValve_MS_OvenDoor,False,poll
2026-03-20 10:01:36.106,gvl_MS,bValve_MS_Ejector,False,poll
2026-03-20 10:01:36.106,gvl_PM,bLightBarrier_PM_entry,True,poll
2026-03-20 10:01:36.106,gvl_PM,bLightBarrier_PM_tool,True,poll
2026-03-20 10:01:36.106,gvl_PM,bReferenceSwitch_PM_top,False,poll
2026-03-20 10:01:36.106,gvl_PM,bReferenceSwitch_PM_bottom,True,poll
2026-03-20 10:01:36.106,gvl_PM,bMotor_PM_ConveyorBelt_forward,False,poll
2026-03-20 10:01:36.106,gvl_PM,bMotor_PM_ConveyorBelt_backward,False,poll
2026-03-20 10:01:36.106,gvl_PM,bMotor_PM_Tool_upward,False,poll
2026-03-20 10:01:36.106,gvl_PM,bMotor_PM_Tool_downward,False,poll
2026-03-20 10:01:36.106,gvl_SL,bPulseCounter_SL,False,poll
2026-03-20 10:01:36.106,gvl_SL,bLightBarrier_SL_beforecolor,True,poll
2026-03-20 10:01:36.106,gvl_SL,bLightBarrier_SL_aftercolor,True,poll
2026-03-20 10:01:36.106,gvl_SL,bLightBarrier_SL_white,True,poll
2026-03-20 10:01:36.106,gvl_SL,bLightBarrier_SL_red,True,poll
2026-03-20 10:01:36.106,gvl_SL,bLightBarrier_SL_blue,True,poll
2026-03-20 10:01:36.106,gvl_SL,iColorSensor_SL,0,poll
2026-03-20 10:01:36.106,gvl_SL,bMotor_SL_ConveyorBelt,False,poll
2026-03-20 10:01:36.316,gvl_SL,iColorSensor_SL,1,event
2026-03-20 10:01:36.106,gvl_SL,bCompressor_SL,False,poll
2026-03-20 10:01:36.106,gvl_SL,bValve_SL_white,False,poll
2026-03-20 10:01:36.106,gvl_SL,bValve_SL_red,False,poll
2026-03-20 10:01:36.106,gvl_SL,bValve_SL_blue,False,poll
2026-03-20 10:01:36.106,LocalVariables,iC_CoordH,35,poll
2026-03-20 10:01:36.106,LocalVariables,iC_CoordV,0,poll
2026-03-20 10:01:36.106,LocalVariables,iC_CoordR,35,poll
2026-03-20 10:01:36.106,LocalVariables,eC_PickingStation,0,poll
2026-03-20 10:01:36.106,LocalVariables,eC_PlacingStation,0,poll
2026-03-20 10:01:36.106,LocalVariables,iC_Coord_Picking,"[[1340, 170, 150, 445], [380, 800, 367, 435], [800, 301, 580, 800]]",poll
2026-03-20 10:01:36.106,LocalVariables,iC_Coord_Placing,"[[890, 870], [500, 1343], [180, 150]]",poll
2026-03-20 10:01:36.417,gvl_SL,iColorSensor_SL,0,event
2026-03-20 10:01:36.852,gvl_C,bReferenceSwitch_C_vertical,True,poll
2026-03-20 10:01:36.852,gvl_C,bReferenceSwitch_C_horizontal,False,poll
2026-03-20 10:01:36.852,gvl_C,bReferenceSwitch_C_rotate,False,poll
2026-03-20 10:01:36.852,gvl_C,bEncoderImpulse_C_vertical1,False,poll
2026-03-20 10:01:36.852,gvl_C,bEncoderImpulse_C_vertical2,True,poll
2026-03-20 10:01:36.852,gvl_C,bEncoderImpulse_C_horizontal1,False,poll
2026-03-20 10:01:36.852,gvl_C,bEncoderImpulse_C_horizontal2,True,poll
2026-03-20 10:01:36.852,gvl_C,bEncoderImpulse_C_rotate1,True,poll
2026-03-20 10:01:36.852,gvl_C,bEncoderImpulse_C_rotate2,False,poll
2026-03-20 10:01:36.852,gvl_C,bMotor_C_upward,False,poll
2026-03-20 10:01:36.852,gvl_C,bMotor_C_downward,False,poll
2026-03-20 10:01:36.852,gvl_C,bMotor_C_backward,False,poll
2026-03-20 10:01:36.852,gvl_C,bMotor_C_forward,False,poll
2026-03-20 10:01:36.852,gvl_C,bMotor_C_clockwise,False,poll
2026-03-20 10:01:36.852,gvl_C,bMotor_C_counterclockwise,False,poll
2026-03-20 10:01:36.852,gvl_C,bCompressor_C,False,poll
2026-03-20 10:01:36.852,gvl_C,bValve_C,False,poll
2026-03-20 10:01:36.852,gvl_HBW,bReferenceSwitch_HBW_horizontal,True,poll
2026-03-20 10:01:36.852,gvl_HBW,bLightBarrier_HBW_inside,True,poll
2026-03-20 10:01:36.852,gvl_HBW,bLightBarrier_HBW_outside,True,poll
2026-03-20 10:01:36.852,gvl_HBW,bReferenceSwitch_HBW_vertical,False,poll
2026-03-20 10:01:36.852,gvl_HBW,bReferenceSwitch_HBW_Cantilever_front,False,poll
2026-03-20 10:01:36.852,gvl_HBW,bReferenceSwitch_HBW_Cantilever_back,False,poll
2026-03-20 10:01:36.852,gvl_HBW,bTrailSensor_HBW_bottom,True,poll
2026-03-20 10:01:36.852,gvl_HBW,bTrailSensor_HBW_top,True,poll
2026-03-20 10:01:36.852,gvl_HBW,bEncoderImpulse_HBW_horizontal1,False,poll
2026-03-20 10:01:36.852,gvl_HBW,bEncoderImpulse_HBW_horizontal2,True,poll
2026-03-20 10:01:36.852,gvl_HBW,bEncoderImpulse_HBW_vertical1,False,poll
2026-03-20 10:01:36.852,gvl_HBW,bEncoderImpulse_HBW_vertical2,False,poll
2026-03-20 10:01:36.852,gvl_HBW,bMotor_HBW_ConveyorBelt_forward,False,poll
2026-03-20 10:01:36.852,gvl_HBW,bMotor_HBW_ConveyorBelt_backward,False,poll
2026-03-20 10:01:36.852,gvl_HBW,bMotor_HBW_StackerCrane_torack,False,poll
2026-03-20 10:01:36.852,gvl_HBW,bMotor_HBW_StackerCrane_toconveyorbelt,False,poll
2026-03-20 10:01:36.852,gvl_HBW,bMotor_HBW_StackerCrane_downward,False,poll
2026-03-20 10:01:36.852,gvl_HBW,bMotor_HBW_StackerCrane_upward,False,poll
2026-03-20 10:01:36.852,gvl_HBW,bMotor_HBW_Cantilever_forward,False,poll
2026-03-20 10:01:36.852,gvl_HBW,bMotor_HBW_Cantilever_backward,False,poll
2026-03-20 10:01:36.852,gvl_MS,bReferenceSwitch_MS_Turntable_attransferunit,False,poll
2026-03-20 10:01:36.852,gvl_MS,bReferenceSwitch_MS_Turntable_atconveyorbelt,False,poll
2026-03-20 10:01:36.852,gvl_MS,bLightBarrier_MS_conveyorbelt,False,poll
2026-03-20 10:01:36.852,gvl_MS,bReferenceSwitch_MS_Turntable_atsaw,False,poll
2026-03-20 10:01:36.852,gvl_MS,bReferenceSwitch_MS_TransferUnit_atturntable,True,poll
2026-03-20 10:01:36.852,gvl_MS,bReferenceSwitch_MS_OvenSlider_inside,False,poll
2026-03-20 10:01:36.852,gvl_MS,bReferenceSwitch_MS_OvenSlider_outside,True,poll
2026-03-20 10:01:36.852,gvl_MS,bReferenceSwitch_MS_TransferUnit_atoven,False,poll
2026-03-20 10:01:36.852,gvl_MS,bLightBarrier_MS_oven,True,poll
2026-03-20 10:01:36.852,gvl_MS,bMotor_MS_Turntable_clockwise,False,poll
2026-03-20 10:01:36.852,gvl_MS,bMotor_MS_Turntable_counterclockwise,False,poll
2026-03-20 10:01:36.852,gvl_MS,bMotor_MS_ConveyorBelt_forward,False,poll
2026-03-20 10:01:36.852,gvl_MS,bMotor_MS_Saw,False,poll
2026-03-20 10:01:36.852,gvl_MS,bMotor_MS_OvenSlider_movein,False,poll
2026-03-20 10:01:36.852,gvl_MS,bMotor_MS_OvenSlider_moveout,False,poll
2026-03-20 10:01:36.852,gvl_MS,bMotor_MS_TransferUnit_tooven,False,poll
2026-03-20 10:01:36.852,gvl_MS,bMotor_MS_TransferUnit_toturntable,False,poll
2026-03-20 10:01:36.852,gvl_MS,bLamp_MS,False,poll
2026-03-20 10:01:36.852,gvl_MS,bCompressor_MS,False,poll
2026-03-20 10:01:36.852,gvl_MS,bValve_MS_Vacuum,False,poll
2026-03-20 10:01:36.852,gvl_MS,bValve_MS_TransferUnit,False,poll
2026-03-20 10:01:36.852,gvl_MS,bValve_MS_OvenDoor,False,poll
2026-03-20 10:01:36.852,gvl_MS,bValve_MS_Ejector,False,poll
2026-03-20 10:01:36.852,gvl_PM,bLightBarrier_PM_entry,True,poll
2026-03-20 10:01:36.852,gvl_PM,bLightBarrier_PM_tool,True,poll
2026-03-20 10:01:36.852,gvl_PM,bReferenceSwitch_PM_top,False,poll
2026-03-20 10:01:36.852,gvl_PM,bReferenceSwitch_PM_bottom,True,poll
2026-03-20 10:01:36.852,gvl_PM,bMotor_PM_ConveyorBelt_forward,False,poll
2026-03-20 10:01:36.852,gvl_PM,bMotor_PM_ConveyorBelt_backward,False,poll
2026-03-20 10:01:36.852,gvl_PM,bMotor_PM_Tool_upward,False,poll
2026-03-20 10:01:36.852,gvl_PM,bMotor_PM_Tool_downward,False,poll
2026-03-20 10:01:36.852,gvl_SL,bPulseCounter_SL,False,poll
2026-03-20 10:01:36.852,gvl_SL,bLightBarrier_SL_beforecolor,True,poll
2026-03-20 10:01:36.852,gvl_SL,bLightBarrier_SL_aftercolor,True,poll
2026-03-20 10:01:36.852,gvl_SL,bLightBarrier_SL_white,True,poll
2026-03-20 10:01:36.852,gvl_SL,bLightBarrier_SL_red,True,poll
2026-03-20 10:01:36.852,gvl_SL,bLightBarrier_SL_blue,True,poll
2026-03-20 10:01:36.852,gvl_SL,iColorSensor_SL,1,poll
2026-03-20 10:01:36.852,gvl_SL,bMotor_SL_ConveyorBelt,False,poll
2026-03-20 10:01:36.852,gvl_SL,bCompressor_SL,False,poll
2026-03-20 10:01:36.852,gvl_SL,bValve_SL_white,False,poll
2026-03-20 10:01:36.852,gvl_SL,bValve_SL_red,False,poll
2026-03-20 10:01:36.852,gvl_SL,bValve_SL_blue,False,poll
2026-03-20 10:01:36.852,LocalVariables,iC_CoordH,35,poll
2026-03-20 10:01:36.852,LocalVariables,iC_CoordV,0,poll
2026-03-20 10:01:36.852,LocalVariables,iC_CoordR,35,poll
2026-03-20 10:01:36.852,LocalVariables,eC_PickingStation,0,poll
2026-03-20 10:01:36.852,LocalVariables,eC_PlacingStation,0,poll
2026-03-20 10:01:36.852,LocalVariables,iC_Coord_Picking,"[[1340, 170, 150, 445], [380, 800, 367, 435], [800, 301, 580, 800]]",poll
2026-03-20 10:01:36.852,LocalVariables,iC_Coord_Placing,"[[890, 870], [500, 1343], [180, 150]]",poll
2026-03-20 10:01:37.218,gvl_SL,iColorSensor_SL,1,event
2026-03-20 10:01:37.418,gvl_SL,iColorSensor_SL,0,event
2026-03-20 10:01:37.517,gvl_SL,iColorSensor_SL,1,event
2026-03-20 10:01:37.616,gvl_SL,iColorSensor_SL,0,event
2026-03-20 10:01:37.614,gvl_C,bReferenceSwitch_C_vertical,True,poll
2026-03-20 10:01:37.614,gvl_C,bReferenceSwitch_C_horizontal,False,poll
2026-03-20 10:01:37.614,gvl_C,bReferenceSwitch_C_rotate,False,poll
2026-03-20 10:01:37.614,gvl_C,bEncoderImpulse_C_vertical1,False,poll
2026-03-20 10:01:37.614,gvl_C,bEncoderImpulse_C_vertical2,True,poll
2026-03-20 10:01:37.614,gvl_C,bEncoderImpulse_C_horizontal1,False,poll
2026-03-20 10:01:37.614,gvl_C,bEncoderImpulse_C_horizontal2,True,poll
2026-03-20 10:01:37.614,gvl_C,bEncoderImpulse_C_rotate1,True,poll
2026-03-20 10:01:37.614,gvl_C,bEncoderImpulse_C_rotate2,False,poll
2026-03-20 10:01:37.614,gvl_C,bMotor_C_upward,False,poll
2026-03-20 10:01:37.614,gvl_C,bMotor_C_downward,False,poll
2026-03-20 10:01:37.614,gvl_C,bMotor_C_backward,False,poll
2026-03-20 10:01:37.614,gvl_C,bMotor_C_forward,False,poll
2026-03-20 10:01:37.614,gvl_C,bMotor_C_clockwise,False,poll
2026-03-20 10:01:37.614,gvl_C,bMotor_C_counterclockwise,False,poll
2026-03-20 10:01:37.614,gvl_C,bCompressor_C,False,poll
2026-03-20 10:01:37.614,gvl_C,bValve_C,False,poll
2026-03-20 10:01:37.614,gvl_HBW,bReferenceSwitch_HBW_horizontal,True,poll
2026-03-20 10:01:37.614,gvl_HBW,bLightBarrier_HBW_inside,True,poll
2026-03-20 10:01:37.614,gvl_HBW,bLightBarrier_HBW_outside,True,poll
2026-03-20 10:01:37.614,gvl_HBW,bReferenceSwitch_HBW_vertical,False,poll
2026-03-20 10:01:37.614,gvl_HBW,bReferenceSwitch_HBW_Cantilever_front,False,poll
2026-03-20 10:01:37.614,gvl_HBW,bReferenceSwitch_HBW_Cantilever_back,False,poll
2026-03-20 10:01:37.614,gvl_HBW,bTrailSensor_HBW_bottom,True,poll
2026-03-20 10:01:37.614,gvl_HBW,bTrailSensor_HBW_top,True,poll
2026-03-20 10:01:37.614,gvl_HBW,bEncoderImpulse_HBW_horizontal1,False,poll
2026-03-20 10:01:37.614,gvl_HBW,bEncoderImpulse_HBW_horizontal2,True,poll
2026-03-20 10:01:37.614,gvl_HBW,bEncoderImpulse_HBW_vertical1,False,poll
2026-03-20 10:01:37.614,gvl_HBW,bEncoderImpulse_HBW_vertical2,False,poll
2026-03-20 10:01:37.614,gvl_HBW,bMotor_HBW_ConveyorBelt_forward,False,poll
2026-03-20 10:01:37.614,gvl_HBW,bMotor_HBW_ConveyorBelt_backward,False,poll
2026-03-20 10:01:37.614,gvl_HBW,bMotor_HBW_StackerCrane_torack,False,poll
2026-03-20 10:01:37.614,gvl_HBW,bMotor_HBW_StackerCrane_toconveyorbelt,False,poll
2026-03-20 10:01:37.614,gvl_HBW,bMotor_HBW_StackerCrane_downward,False,poll
2026-03-20 10:01:37.614,gvl_HBW,bMotor_HBW_StackerCrane_upward,False,poll
2026-03-20 10:01:37.614,gvl_HBW,bMotor_HBW_Cantilever_forward,False,poll
2026-03-20 10:01:37.614,gvl_HBW,bMotor_HBW_Cantilever_backward,False,poll
2026-03-20 10:01:37.614,gvl_MS,bReferenceSwitch_MS_Turntable_attransferunit,False,poll
2026-03-20 10:01:37.614,gvl_MS,bReferenceSwitch_MS_Turntable_atconveyorbelt,False,poll
2026-03-20 10:01:37.614,gvl_MS,bLightBarrier_MS_conveyorbelt,False,poll
2026-03-20 10:01:37.614,gvl_MS,bReferenceSwitch_MS_Turntable_atsaw,False,poll
2026-03-20 10:01:37.614,gvl_MS,bReferenceSwitch_MS_TransferUnit_atturntable,True,poll
2026-03-20 10:01:37.614,gvl_MS,bReferenceSwitch_MS_OvenSlider_inside,False,poll
2026-03-20 10:01:37.614,gvl_MS,bReferenceSwitch_MS_OvenSlider_outside,True,poll
2026-03-20 10:01:37.614,gvl_MS,bReferenceSwitch_MS_TransferUnit_atoven,False,poll
2026-03-20 10:01:37.614,gvl_MS,bLightBarrier_MS_oven,True,poll
2026-03-20 10:01:37.614,gvl_MS,bMotor_MS_Turntable_clockwise,False,poll
2026-03-20 10:01:37.614,gvl_MS,bMotor_MS_Turntable_counterclockwise,False,poll
2026-03-20 10:01:37.614,gvl_MS,bMotor_MS_ConveyorBelt_forward,False,poll
2026-03-20 10:01:37.614,gvl_MS,bMotor_MS_Saw,False,poll
2026-03-20 10:01:37.614,gvl_MS,bMotor_MS_OvenSlider_movein,False,poll
2026-03-20 10:01:37.614,gvl_MS,bMotor_MS_OvenSlider_moveout,False,poll
2026-03-20 10:01:37.614,gvl_MS,bMotor_MS_TransferUnit_tooven,False,poll
2026-03-20 10:01:37.614,gvl_MS,bMotor_MS_TransferUnit_toturntable,False,poll
2026-03-20 10:01:37.614,gvl_MS,bLamp_MS,False,poll
2026-03-20 10:01:37.614,gvl_MS,bCompressor_MS,False,poll
2026-03-20 10:01:37.614,gvl_MS,bValve_MS_Vacuum,False,poll
2026-03-20 10:01:37.614,gvl_MS,bValve_MS_TransferUnit,False,poll
2026-03-20 10:01:37.614,gvl_MS,bValve_MS_OvenDoor,False,poll
2026-03-20 10:01:37.614,gvl_MS,bValve_MS_Ejector,False,poll
2026-03-20 10:01:37.614,gvl_PM,bLightBarrier_PM_entry,True,poll
2026-03-20 10:01:37.614,gvl_PM,bLightBarrier_PM_tool,True,poll
2026-03-20 10:01:37.614,gvl_PM,bReferenceSwitch_PM_top,False,poll
2026-03-20 10:01:37.614,gvl_PM,bReferenceSwitch_PM_bottom,True,poll
2026-03-20 10:01:37.614,gvl_PM,bMotor_PM_ConveyorBelt_forward,False,poll
2026-03-20 10:01:37.614,gvl_PM,bMotor_PM_ConveyorBelt_backward,False,poll
2026-03-20 10:01:37.614,gvl_PM,bMotor_PM_Tool_upward,False,poll
2026-03-20 10:01:37.614,gvl_PM,bMotor_PM_Tool_downward,False,poll
2026-03-20 10:01:37.614,gvl_SL,bPulseCounter_SL,False,poll
2026-03-20 10:01:37.614,gvl_SL,bLightBarrier_SL_beforecolor,True,poll
2026-03-20 10:01:37.614,gvl_SL,bLightBarrier_SL_aftercolor,True,poll
2026-03-20 10:01:37.614,gvl_SL,bLightBarrier_SL_white,True,poll
2026-03-20 10:01:37.614,gvl_SL,bLightBarrier_SL_red,True,poll
2026-03-20 10:01:37.614,gvl_SL,bLightBarrier_SL_blue,True,poll
2026-03-20 10:01:37.614,gvl_SL,iColorSensor_SL,0,poll
2026-03-20 10:01:37.614,gvl_SL,bMotor_SL_ConveyorBelt,False,poll
2026-03-20 10:01:37.614,gvl_SL,bCompressor_SL,False,poll
2026-03-20 10:01:37.614,gvl_SL,bValve_SL_white,False,poll
2026-03-20 10:01:37.614,gvl_SL,bValve_SL_red,False,poll
2026-03-20 10:01:37.614,gvl_SL,bValve_SL_blue,False,poll
2026-03-20 10:01:37.614,LocalVariables,iC_CoordH,35,poll
2026-03-20 10:01:37.614,LocalVariables,iC_CoordV,0,poll
2026-03-20 10:01:37.614,LocalVariables,iC_CoordR,35,poll
2026-03-20 10:01:37.614,LocalVariables,eC_PickingStation,0,poll
2026-03-20 10:01:37.614,LocalVariables,eC_PlacingStation,0,poll
2026-03-20 10:01:37.614,LocalVariables,iC_Coord_Picking,"[[1340, 170, 150, 445], [380, 800, 367, 435], [800, 301, 580, 800]]",poll
2026-03-20 10:01:37.614,LocalVariables,iC_Coord_Placing,"[[890, 870], [500, 1343], [180, 150]]",poll
2026-03-20 10:01:37.918,gvl_SL,iColorSensor_SL,1,event
2026-03-20 10:01:38.118,gvl_SL,iColorSensor_SL,0,event
2026-03-20 10:01:38.217,gvl_SL,iColorSensor_SL,1,event
2026-03-20 10:01:38.316,gvl_SL,iColorSensor_SL,0,event
2026-03-20 10:01:38.398,gvl_C,bReferenceSwitch_C_vertical,True,poll
2026-03-20 10:01:38.398,gvl_C,bReferenceSwitch_C_horizontal,False,poll
2026-03-20 10:01:38.398,gvl_C,bReferenceSwitch_C_rotate,False,poll
2026-03-20 10:01:38.398,gvl_C,bEncoderImpulse_C_vertical1,False,poll
2026-03-20 10:01:38.398,gvl_C,bEncoderImpulse_C_vertical2,True,poll
2026-03-20 10:01:38.417,gvl_SL,iColorSensor_SL,1,event
2026-03-20 10:01:38.398,gvl_C,bEncoderImpulse_C_horizontal1,False,poll
2026-03-20 10:01:38.398,gvl_C,bEncoderImpulse_C_horizontal2,True,poll
2026-03-20 10:01:38.398,gvl_C,bEncoderImpulse_C_rotate1,True,poll
2026-03-20 10:01:38.398,gvl_C,bEncoderImpulse_C_rotate2,False,poll
2026-03-20 10:01:38.398,gvl_C,bMotor_C_upward,False,poll
2026-03-20 10:01:38.398,gvl_C,bMotor_C_downward,False,poll
2026-03-20 10:01:38.398,gvl_C,bMotor_C_backward,False,poll
2026-03-20 10:01:38.398,gvl_C,bMotor_C_forward,False,poll
2026-03-20 10:01:38.398,gvl_C,bMotor_C_clockwise,False,poll
2026-03-20 10:01:38.398,gvl_C,bMotor_C_counterclockwise,False,poll
2026-03-20 10:01:38.398,gvl_C,bCompressor_C,False,poll
2026-03-20 10:01:38.398,gvl_C,bValve_C,False,poll
2026-03-20 10:01:38.398,gvl_HBW,bReferenceSwitch_HBW_horizontal,True,poll
2026-03-20 10:01:38.398,gvl_HBW,bLightBarrier_HBW_inside,True,poll
2026-03-20 10:01:38.398,gvl_HBW,bLightBarrier_HBW_outside,True,poll
2026-03-20 10:01:38.398,gvl_HBW,bReferenceSwitch_HBW_vertical,False,poll
2026-03-20 10:01:38.398,gvl_HBW,bReferenceSwitch_HBW_Cantilever_front,False,poll
2026-03-20 10:01:38.398,gvl_HBW,bReferenceSwitch_HBW_Cantilever_back,False,poll
2026-03-20 10:01:38.398,gvl_HBW,bTrailSensor_HBW_bottom,True,poll
2026-03-20 10:01:38.398,gvl_HBW,bTrailSensor_HBW_top,True,poll
2026-03-20 10:01:38.398,gvl_HBW,bEncoderImpulse_HBW_horizontal1,False,poll
2026-03-20 10:01:38.398,gvl_HBW,bEncoderImpulse_HBW_horizontal2,True,poll
2026-03-20 10:01:38.398,gvl_HBW,bEncoderImpulse_HBW_vertical1,False,poll
2026-03-20 10:01:38.398,gvl_HBW,bEncoderImpulse_HBW_vertical2,False,poll
2026-03-20 10:01:38.398,gvl_HBW,bMotor_HBW_ConveyorBelt_forward,False,poll
2026-03-20 10:01:38.398,gvl_HBW,bMotor_HBW_ConveyorBelt_backward,False,poll
2026-03-20 10:01:38.398,gvl_HBW,bMotor_HBW_StackerCrane_torack,False,poll
2026-03-20 10:01:38.398,gvl_HBW,bMotor_HBW_StackerCrane_toconveyorbelt,False,poll
2026-03-20 10:01:38.398,gvl_HBW,bMotor_HBW_StackerCrane_downward,False,poll
2026-03-20 10:01:38.398,gvl_HBW,bMotor_HBW_StackerCrane_upward,False,poll
2026-03-20 10:01:38.398,gvl_HBW,bMotor_HBW_Cantilever_forward,False,poll
2026-03-20 10:01:38.398,gvl_HBW,bMotor_HBW_Cantilever_backward,False,poll
2026-03-20 10:01:38.398,gvl_MS,bReferenceSwitch_MS_Turntable_attransferunit,False,poll
2026-03-20 10:01:38.398,gvl_MS,bReferenceSwitch_MS_Turntable_atconveyorbelt,False,poll
2026-03-20 10:01:38.398,gvl_MS,bLightBarrier_MS_conveyorbelt,False,poll
2026-03-20 10:01:38.398,gvl_MS,bReferenceSwitch_MS_Turntable_atsaw,False,poll
2026-03-20 10:01:38.398,gvl_MS,bReferenceSwitch_MS_TransferUnit_atturntable,True,poll
2026-03-20 10:01:38.398,gvl_MS,bReferenceSwitch_MS_OvenSlider_inside,False,poll
2026-03-20 10:01:38.398,gvl_MS,bReferenceSwitch_MS_OvenSlider_outside,True,poll
2026-03-20 10:01:38.398,gvl_MS,bReferenceSwitch_MS_TransferUnit_atoven,False,poll
2026-03-20 10:01:38.398,gvl_MS,bLightBarrier_MS_oven,True,poll
2026-03-20 10:01:38.398,gvl_MS,bMotor_MS_Turntable_clockwise,False,poll
2026-03-20 10:01:38.398,gvl_MS,bMotor_MS_Turntable_counterclockwise,False,poll
2026-03-20 10:01:38.398,gvl_MS,bMotor_MS_ConveyorBelt_forward,False,poll
2026-03-20 10:01:38.398,gvl_MS,bMotor_MS_Saw,False,poll
2026-03-20 10:01:38.398,gvl_MS,bMotor_MS_OvenSlider_movein,False,poll
2026-03-20 10:01:38.398,gvl_MS,bMotor_MS_OvenSlider_moveout,False,poll
2026-03-20 10:01:38.398,gvl_MS,bMotor_MS_TransferUnit_tooven,False,poll
2026-03-20 10:01:38.398,gvl_MS,bMotor_MS_TransferUnit_toturntable,False,poll
2026-03-20 10:01:38.398,gvl_MS,bLamp_MS,False,poll
2026-03-20 10:01:38.398,gvl_MS,bCompressor_MS,False,poll
2026-03-20 10:01:38.398,gvl_MS,bValve_MS_Vacuum,False,poll
2026-03-20 10:01:38.398,gvl_MS,bValve_MS_TransferUnit,False,poll
2026-03-20 10:01:38.398,gvl_MS,bValve_MS_OvenDoor,False,poll
2026-03-20 10:01:38.398,gvl_MS,bValve_MS_Ejector,False,poll
2026-03-20 10:01:38.398,gvl_PM,bLightBarrier_PM_entry,True,poll
2026-03-20 10:01:38.398,gvl_PM,bLightBarrier_PM_tool,True,poll
2026-03-20 10:01:38.398,gvl_PM,bReferenceSwitch_PM_top,False,poll
2026-03-20 10:01:38.398,gvl_PM,bReferenceSwitch_PM_bottom,True,poll
2026-03-20 10:01:38.398,gvl_PM,bMotor_PM_ConveyorBelt_forward,False,poll
2026-03-20 10:01:38.398,gvl_PM,bMotor_PM_ConveyorBelt_backward,False,poll
2026-03-20 10:01:38.398,gvl_PM,bMotor_PM_Tool_upward,False,poll
2026-03-20 10:01:38.398,gvl_PM,bMotor_PM_Tool_downward,False,poll
2026-03-20 10:01:38.398,gvl_SL,bPulseCounter_SL,False,poll
2026-03-20 10:01:38.398,gvl_SL,bLightBarrier_SL_beforecolor,True,poll
2026-03-20 10:01:38.398,gvl_SL,bLightBarrier_SL_aftercolor,True,poll
2026-03-20 10:01:38.398,gvl_SL,bLightBarrier_SL_white,True,poll
2026-03-20 10:01:38.398,gvl_SL,bLightBarrier_SL_red,True,poll
2026-03-20 10:01:38.398,gvl_SL,bLightBarrier_SL_blue,True,poll
2026-03-20 10:01:38.398,gvl_SL,iColorSensor_SL,0,poll
2026-03-20 10:01:38.398,gvl_SL,bMotor_SL_ConveyorBelt,False,poll
2026-03-20 10:01:38.398,gvl_SL,bCompressor_SL,False,poll
2026-03-20 10:01:38.398,gvl_SL,bValve_SL_white,False,poll
2026-03-20 10:01:38.398,gvl_SL,bValve_SL_red,False,poll
2026-03-20 10:01:38.398,gvl_SL,bValve_SL_blue,False,poll
2026-03-20 10:01:38.398,LocalVariables,iC_CoordH,35,poll
2026-03-20 10:01:38.398,LocalVariables,iC_CoordV,0,poll
2026-03-20 10:01:38.398,LocalVariables,iC_CoordR,35,poll
2026-03-20 10:01:38.398,LocalVariables,eC_PickingStation,0,poll
2026-03-20 10:01:38.398,LocalVariables,eC_PlacingStation,0,poll
2026-03-20 10:01:38.398,LocalVariables,iC_Coord_Picking,"[[1340, 170, 150, 445], [380, 800, 367, 435], [800, 301, 580, 800]]",poll
2026-03-20 10:01:38.398,LocalVariables,iC_Coord_Placing,"[[890, 870], [500, 1343], [180, 150]]",poll
2026-03-20 10:01:38.718,gvl_SL,iColorSensor_SL,0,event
2026-03-20 10:01:39.120,gvl_SL,iColorSensor_SL,1,event
2026-03-20 10:01:39.182,gvl_C,bReferenceSwitch_C_vertical,True,poll
2026-03-20 10:01:39.182,gvl_C,bReferenceSwitch_C_horizontal,False,poll
2026-03-20 10:01:39.182,gvl_C,bReferenceSwitch_C_rotate,False,poll
2026-03-20 10:01:39.182,gvl_C,bEncoderImpulse_C_vertical1,False,poll
2026-03-20 10:01:39.182,gvl_C,bEncoderImpulse_C_vertical2,True,poll
2026-03-20 10:01:39.182,gvl_C,bEncoderImpulse_C_horizontal1,False,poll
2026-03-20 10:01:39.182,gvl_C,bEncoderImpulse_C_horizontal2,True,poll
2026-03-20 10:01:39.182,gvl_C,bEncoderImpulse_C_rotate1,True,poll
2026-03-20 10:01:39.182,gvl_C,bEncoderImpulse_C_rotate2,False,poll
2026-03-20 10:01:39.182,gvl_C,bMotor_C_upward,False,poll
2026-03-20 10:01:39.182,gvl_C,bMotor_C_downward,False,poll
2026-03-20 10:01:39.216,gvl_SL,iColorSensor_SL,0,event
2026-03-20 10:01:39.182,gvl_C,bMotor_C_backward,False,poll
2026-03-20 10:01:39.182,gvl_C,bMotor_C_forward,False,poll
2026-03-20 10:01:39.182,gvl_C,bMotor_C_clockwise,False,poll
2026-03-20 10:01:39.182,gvl_C,bMotor_C_counterclockwise,False,poll
2026-03-20 10:01:39.182,gvl_C,bCompressor_C,False,poll
2026-03-20 10:01:39.182,gvl_C,bValve_C,False,poll
2026-03-20 10:01:39.182,gvl_HBW,bReferenceSwitch_HBW_horizontal,True,poll
2026-03-20 10:01:39.182,gvl_HBW,bLightBarrier_HBW_inside,True,poll
2026-03-20 10:01:39.182,gvl_HBW,bLightBarrier_HBW_outside,True,poll
2026-03-20 10:01:39.182,gvl_HBW,bReferenceSwitch_HBW_vertical,False,poll
2026-03-20 10:01:39.182,gvl_HBW,bReferenceSwitch_HBW_Cantilever_front,False,poll
2026-03-20 10:01:39.182,gvl_HBW,bReferenceSwitch_HBW_Cantilever_back,False,poll
2026-03-20 10:01:39.182,gvl_HBW,bTrailSensor_HBW_bottom,True,poll
2026-03-20 10:01:39.182,gvl_HBW,bTrailSensor_HBW_top,True,poll
2026-03-20 10:01:39.182,gvl_HBW,bEncoderImpulse_HBW_horizontal1,False,poll
2026-03-20 10:01:39.182,gvl_HBW,bEncoderImpulse_HBW_horizontal2,True,poll
2026-03-20 10:01:39.182,gvl_HBW,bEncoderImpulse_HBW_vertical1,False,poll
2026-03-20 10:01:39.182,gvl_HBW,bEncoderImpulse_HBW_vertical2,False,poll
2026-03-20 10:01:39.182,gvl_HBW,bMotor_HBW_ConveyorBelt_forward,False,poll
2026-03-20 10:01:39.182,gvl_HBW,bMotor_HBW_ConveyorBelt_backward,False,poll
2026-03-20 10:01:39.182,gvl_HBW,bMotor_HBW_StackerCrane_torack,False,poll
2026-03-20 10:01:39.182,gvl_HBW,bMotor_HBW_StackerCrane_toconveyorbelt,False,poll
2026-03-20 10:01:39.182,gvl_HBW,bMotor_HBW_StackerCrane_downward,False,poll
2026-03-20 10:01:39.182,gvl_HBW,bMotor_HBW_StackerCrane_upward,False,poll
2026-03-20 10:01:39.182,gvl_HBW,bMotor_HBW_Cantilever_forward,False,poll
2026-03-20 10:01:39.182,gvl_HBW,bMotor_HBW_Cantilever_backward,False,poll
2026-03-20 10:01:39.182,gvl_MS,bReferenceSwitch_MS_Turntable_attransferunit,False,poll
2026-03-20 10:01:39.182,gvl_MS,bReferenceSwitch_MS_Turntable_atconveyorbelt,False,poll
2026-03-20 10:01:39.182,gvl_MS,bLightBarrier_MS_conveyorbelt,False,poll
2026-03-20 10:01:39.182,gvl_MS,bReferenceSwitch_MS_Turntable_atsaw,False,poll
2026-03-20 10:01:39.182,gvl_MS,bReferenceSwitch_MS_TransferUnit_atturntable,True,poll
2026-03-20 10:01:39.182,gvl_MS,bReferenceSwitch_MS_OvenSlider_inside,False,poll
2026-03-20 10:01:39.182,gvl_MS,bReferenceSwitch_MS_OvenSlider_outside,True,poll
2026-03-20 10:01:39.182,gvl_MS,bReferenceSwitch_MS_TransferUnit_atoven,False,poll
2026-03-20 10:01:39.182,gvl_MS,bLightBarrier_MS_oven,True,poll
2026-03-20 10:01:39.182,gvl_MS,bMotor_MS_Turntable_clockwise,False,poll
2026-03-20 10:01:39.182,gvl_MS,bMotor_MS_Turntable_counterclockwise,False,poll
2026-03-20 10:01:39.182,gvl_MS,bMotor_MS_ConveyorBelt_forward,False,poll
2026-03-20 10:01:39.182,gvl_MS,bMotor_MS_Saw,False,poll
2026-03-20 10:01:39.182,gvl_MS,bMotor_MS_OvenSlider_movein,False,poll
2026-03-20 10:01:39.182,gvl_MS,bMotor_MS_OvenSlider_moveout,False,poll
2026-03-20 10:01:39.182,gvl_MS,bMotor_MS_TransferUnit_tooven,False,poll
2026-03-20 10:01:39.182,gvl_MS,bMotor_MS_TransferUnit_toturntable,False,poll
2026-03-20 10:01:39.182,gvl_MS,bLamp_MS,False,poll
2026-03-20 10:01:39.182,gvl_MS,bCompressor_MS,False,poll
2026-03-20 10:01:39.182,gvl_MS,bValve_MS_Vacuum,False,poll
2026-03-20 10:01:39.182,gvl_MS,bValve_MS_TransferUnit,False,poll
2026-03-20 10:01:39.182,gvl_MS,bValve_MS_OvenDoor,False,poll
2026-03-20 10:01:39.182,gvl_MS,bValve_MS_Ejector,False,poll
2026-03-20 10:01:39.182,gvl_PM,bLightBarrier_PM_entry,True,poll
2026-03-20 10:01:39.182,gvl_PM,bLightBarrier_PM_tool,True,poll
2026-03-20 10:01:39.182,gvl_PM,bReferenceSwitch_PM_top,False,poll
2026-03-20 10:01:39.182,gvl_PM,bReferenceSwitch_PM_bottom,True,poll
2026-03-20 10:01:39.182,gvl_PM,bMotor_PM_ConveyorBelt_forward,False,poll
2026-03-20 10:01:39.182,gvl_PM,bMotor_PM_ConveyorBelt_backward,False,poll
2026-03-20 10:01:39.182,gvl_PM,bMotor_PM_Tool_upward,False,poll
2026-03-20 10:01:39.182,gvl_PM,bMotor_PM_Tool_downward,False,poll
2026-03-20 10:01:39.182,gvl_SL,bPulseCounter_SL,False,poll
2026-03-20 10:01:39.182,gvl_SL,bLightBarrier_SL_beforecolor,True,poll
2026-03-20 10:01:39.182,gvl_SL,bLightBarrier_SL_aftercolor,True,poll
2026-03-20 10:01:39.182,gvl_SL,bLightBarrier_SL_white,True,poll
2026-03-20 10:01:39.182,gvl_SL,bLightBarrier_SL_red,True,poll
2026-03-20 10:01:39.182,gvl_SL,bLightBarrier_SL_blue,True,poll
2026-03-20 10:01:39.182,gvl_SL,iColorSensor_SL,0,poll
2026-03-20 10:01:39.182,gvl_SL,bMotor_SL_ConveyorBelt,False,poll
2026-03-20 10:01:39.182,gvl_SL,bCompressor_SL,False,poll
2026-03-20 10:01:39.182,gvl_SL,bValve_SL_white,False,poll
2026-03-20 10:01:39.182,gvl_SL,bValve_SL_red,False,poll
2026-03-20 10:01:39.182,gvl_SL,bValve_SL_blue,False,poll
2026-03-20 10:01:39.182,LocalVariables,iC_CoordH,35,poll
2026-03-20 10:01:39.182,LocalVariables,iC_CoordV,0,poll
2026-03-20 10:01:39.182,LocalVariables,iC_CoordR,35,poll
2026-03-20 10:01:39.182,LocalVariables,eC_PickingStation,0,poll
2026-03-20 10:01:39.182,LocalVariables,eC_PlacingStation,0,poll
2026-03-20 10:01:39.182,LocalVariables,iC_Coord_Picking,"[[1340, 170, 150, 445], [380, 800, 367, 435], [800, 301, 580, 800]]",poll
2026-03-20 10:01:39.182,LocalVariables,iC_Coord_Placing,"[[890, 870], [500, 1343], [180, 150]]",poll
2026-03-20 10:01:39.884,gvl_C,bReferenceSwitch_C_vertical,True,poll
2026-03-20 10:01:39.884,gvl_C,bReferenceSwitch_C_horizontal,False,poll
2026-03-20 10:01:39.884,gvl_C,bReferenceSwitch_C_rotate,False,poll
2026-03-20 10:01:39.884,gvl_C,bEncoderImpulse_C_vertical1,False,poll
2026-03-20 10:01:39.884,gvl_C,bEncoderImpulse_C_vertical2,True,poll
2026-03-20 10:01:39.884,gvl_C,bEncoderImpulse_C_horizontal1,False,poll
2026-03-20 10:01:39.884,gvl_C,bEncoderImpulse_C_horizontal2,True,poll
2026-03-20 10:01:39.884,gvl_C,bEncoderImpulse_C_rotate1,True,poll
2026-03-20 10:01:39.884,gvl_C,bEncoderImpulse_C_rotate2,False,poll
2026-03-20 10:01:39.884,gvl_C,bMotor_C_upward,False,poll
2026-03-20 10:01:39.884,gvl_C,bMotor_C_downward,False,poll
2026-03-20 10:01:39.884,gvl_C,bMotor_C_backward,False,poll
2026-03-20 10:01:39.884,gvl_C,bMotor_C_forward,False,poll
2026-03-20 10:01:39.884,gvl_C,bMotor_C_clockwise,False,poll
2026-03-20 10:01:39.884,gvl_C,bMotor_C_counterclockwise,False,poll
2026-03-20 10:01:39.884,gvl_C,bCompressor_C,False,poll
2026-03-20 10:01:39.884,gvl_C,bValve_C,False,poll
2026-03-20 10:01:39.884,gvl_HBW,bReferenceSwitch_HBW_horizontal,True,poll
2026-03-20 10:01:39.884,gvl_HBW,bLightBarrier_HBW_inside,True,poll
2026-03-20 10:01:39.884,gvl_HBW,bLightBarrier_HBW_outside,True,poll
2026-03-20 10:01:39.884,gvl_HBW,bReferenceSwitch_HBW_vertical,False,poll
2026-03-20 10:01:39.884,gvl_HBW,bReferenceSwitch_HBW_Cantilever_front,False,poll
2026-03-20 10:01:39.884,gvl_HBW,bReferenceSwitch_HBW_Cantilever_back,False,poll
2026-03-20 10:01:39.884,gvl_HBW,bTrailSensor_HBW_bottom,True,poll
2026-03-20 10:01:39.884,gvl_HBW,bTrailSensor_HBW_top,True,poll
2026-03-20 10:01:39.884,gvl_HBW,bEncoderImpulse_HBW_horizontal1,False,poll
2026-03-20 10:01:39.884,gvl_HBW,bEncoderImpulse_HBW_horizontal2,True,poll
2026-03-20 10:01:39.884,gvl_HBW,bEncoderImpulse_HBW_vertical1,False,poll
2026-03-20 10:01:39.884,gvl_HBW,bEncoderImpulse_HBW_vertical2,False,poll
2026-03-20 10:01:39.884,gvl_HBW,bMotor_HBW_ConveyorBelt_forward,False,poll
2026-03-20 10:01:39.884,gvl_HBW,bMotor_HBW_ConveyorBelt_backward,False,poll
2026-03-20 10:01:39.884,gvl_HBW,bMotor_HBW_StackerCrane_torack,False,poll
2026-03-20 10:01:39.884,gvl_HBW,bMotor_HBW_StackerCrane_toconveyorbelt,False,poll
2026-03-20 10:01:39.884,gvl_HBW,bMotor_HBW_StackerCrane_downward,False,poll
2026-03-20 10:01:39.884,gvl_HBW,bMotor_HBW_StackerCrane_upward,False,poll
2026-03-20 10:01:39.884,gvl_HBW,bMotor_HBW_Cantilever_forward,False,poll
2026-03-20 10:01:39.884,gvl_HBW,bMotor_HBW_Cantilever_backward,False,poll
2026-03-20 10:01:39.884,gvl_MS,bReferenceSwitch_MS_Turntable_attransferunit,False,poll
2026-03-20 10:01:39.884,gvl_MS,bReferenceSwitch_MS_Turntable_atconveyorbelt,False,poll
2026-03-20 10:01:39.884,gvl_MS,bLightBarrier_MS_conveyorbelt,False,poll
2026-03-20 10:01:39.884,gvl_MS,bReferenceSwitch_MS_Turntable_atsaw,False,poll
2026-03-20 10:01:39.884,gvl_MS,bReferenceSwitch_MS_TransferUnit_atturntable,True,poll
2026-03-20 10:01:39.884,gvl_MS,bReferenceSwitch_MS_OvenSlider_inside,False,poll
2026-03-20 10:01:39.884,gvl_MS,bReferenceSwitch_MS_OvenSlider_outside,True,poll
2026-03-20 10:01:39.884,gvl_MS,bReferenceSwitch_MS_TransferUnit_atoven,False,poll
2026-03-20 10:01:39.884,gvl_MS,bLightBarrier_MS_oven,True,poll
2026-03-20 10:01:39.884,gvl_MS,bMotor_MS_Turntable_clockwise,False,poll
2026-03-20 10:01:39.884,gvl_MS,bMotor_MS_Turntable_counterclockwise,False,poll
2026-03-20 10:01:39.884,gvl_MS,bMotor_MS_ConveyorBelt_forward,False,poll
2026-03-20 10:01:39.884,gvl_MS,bMotor_MS_Saw,False,poll
2026-03-20 10:01:39.884,gvl_MS,bMotor_MS_OvenSlider_movein,False,poll
2026-03-20 10:01:39.884,gvl_MS,bMotor_MS_OvenSlider_moveout,False,poll
2026-03-20 10:01:39.884,gvl_MS,bMotor_MS_TransferUnit_tooven,False,poll
2026-03-20 10:01:39.884,gvl_MS,bMotor_MS_TransferUnit_toturntable,False,poll
2026-03-20 10:01:39.884,gvl_MS,bLamp_MS,False,poll
2026-03-20 10:01:39.884,gvl_MS,bCompressor_MS,False,poll
2026-03-20 10:01:39.884,gvl_MS,bValve_MS_Vacuum,False,poll
2026-03-20 10:01:39.884,gvl_MS,bValve_MS_TransferUnit,False,poll
2026-03-20 10:01:39.884,gvl_MS,bValve_MS_OvenDoor,False,poll
2026-03-20 10:01:39.884,gvl_MS,bValve_MS_Ejector,False,poll
2026-03-20 10:01:39.884,gvl_PM,bLightBarrier_PM_entry,True,poll
2026-03-20 10:01:39.884,gvl_PM,bLightBarrier_PM_tool,True,poll
2026-03-20 10:01:39.884,gvl_PM,bReferenceSwitch_PM_top,False,poll
2026-03-20 10:01:39.884,gvl_PM,bReferenceSwitch_PM_bottom,True,poll
2026-03-20 10:01:39.884,gvl_PM,bMotor_PM_ConveyorBelt_forward,False,poll
2026-03-20 10:01:39.884,gvl_PM,bMotor_PM_ConveyorBelt_backward,False,poll
2026-03-20 10:01:39.884,gvl_PM,bMotor_PM_Tool_upward,False,poll
2026-03-20 10:01:39.884,gvl_PM,bMotor_PM_Tool_downward,False,poll
2026-03-20 10:01:39.884,gvl_SL,bPulseCounter_SL,False,poll
2026-03-20 10:01:39.884,gvl_SL,bLightBarrier_SL_beforecolor,True,poll
2026-03-20 10:01:39.884,gvl_SL,bLightBarrier_SL_aftercolor,True,poll
2026-03-20 10:01:39.884,gvl_SL,bLightBarrier_SL_white,True,poll
2026-03-20 10:01:39.884,gvl_SL,bLightBarrier_SL_red,True,poll
2026-03-20 10:01:39.884,gvl_SL,bLightBarrier_SL_blue,True,poll
2026-03-20 10:01:39.884,gvl_SL,iColorSensor_SL,0,poll
2026-03-20 10:01:39.884,gvl_SL,bMotor_SL_ConveyorBelt,False,poll
2026-03-20 10:01:39.884,gvl_SL,bCompressor_SL,False,poll
2026-03-20 10:01:39.884,gvl_SL,bValve_SL_white,False,poll
2026-03-20 10:01:39.884,gvl_SL,bValve_SL_red,False,poll
2026-03-20 10:01:39.884,gvl_SL,bValve_SL_blue,False,poll
2026-03-20 10:01:39.884,LocalVariables,iC_CoordH,35,poll
2026-03-20 10:01:39.884,LocalVariables,iC_CoordV,0,poll
2026-03-20 10:01:39.884,LocalVariables,iC_CoordR,35,poll
2026-03-20 10:01:39.884,LocalVariables,eC_PickingStation,0,poll
2026-03-20 10:01:39.884,LocalVariables,eC_PlacingStation,0,poll
2026-03-20 10:01:39.884,LocalVariables,iC_Coord_Picking,"[[1340, 170, 150, 445], [380, 800, 367, 435], [800, 301, 580, 800]]",poll
2026-03-20 10:01:39.884,LocalVariables,iC_Coord_Placing,"[[890, 870], [500, 1343], [180, 150]]",poll
2026-03-20 10:01:40.217,gvl_SL,iColorSensor_SL,1,event
2026-03-20 10:01:40.317,gvl_SL,iColorSensor_SL,0,event
2026-03-20 10:01:40.516,gvl_SL,iColorSensor_SL,1,event
2026-03-20 10:01:40.618,gvl_SL,iColorSensor_SL,0,event
2026-03-20 10:01:40.688,gvl_C,bReferenceSwitch_C_vertical,True,poll
2026-03-20 10:01:40.688,gvl_C,bReferenceSwitch_C_horizontal,False,poll
2026-03-20 10:01:40.688,gvl_C,bReferenceSwitch_C_rotate,False,poll
2026-03-20 10:01:40.688,gvl_C,bEncoderImpulse_C_vertical1,False,poll
2026-03-20 10:01:40.688,gvl_C,bEncoderImpulse_C_vertical2,True,poll
2026-03-20 10:01:40.688,gvl_C,bEncoderImpulse_C_horizontal1,False,poll
2026-03-20 10:01:40.688,gvl_C,bEncoderImpulse_C_horizontal2,True,poll
2026-03-20 10:01:40.688,gvl_C,bEncoderImpulse_C_rotate1,True,poll
2026-03-20 10:01:40.688,gvl_C,bEncoderImpulse_C_rotate2,False,poll
2026-03-20 10:01:40.688,gvl_C,bMotor_C_upward,False,poll
2026-03-20 10:01:40.688,gvl_C,bMotor_C_downward,False,poll
2026-03-20 10:01:40.688,gvl_C,bMotor_C_backward,False,poll
2026-03-20 10:01:40.688,gvl_C,bMotor_C_forward,False,poll
2026-03-20 10:01:40.688,gvl_C,bMotor_C_clockwise,False,poll
2026-03-20 10:01:40.688,gvl_C,bMotor_C_counterclockwise,False,poll
2026-03-20 10:01:40.688,gvl_C,bCompressor_C,False,poll
2026-03-20 10:01:40.688,gvl_C,bValve_C,False,poll
2026-03-20 10:01:40.688,gvl_HBW,bReferenceSwitch_HBW_horizontal,True,poll
2026-03-20 10:01:40.688,gvl_HBW,bLightBarrier_HBW_inside,True,poll
2026-03-20 10:01:40.688,gvl_HBW,bLightBarrier_HBW_outside,True,poll
2026-03-20 10:01:40.688,gvl_HBW,bReferenceSwitch_HBW_vertical,False,poll
2026-03-20 10:01:40.688,gvl_HBW,bReferenceSwitch_HBW_Cantilever_front,False,poll
2026-03-20 10:01:40.688,gvl_HBW,bReferenceSwitch_HBW_Cantilever_back,False,poll
2026-03-20 10:01:40.688,gvl_HBW,bTrailSensor_HBW_bottom,True,poll
2026-03-20 10:01:40.688,gvl_HBW,bTrailSensor_HBW_top,True,poll
2026-03-20 10:01:40.688,gvl_HBW,bEncoderImpulse_HBW_horizontal1,False,poll
2026-03-20 10:01:40.688,gvl_HBW,bEncoderImpulse_HBW_horizontal2,True,poll
2026-03-20 10:01:40.688,gvl_HBW,bEncoderImpulse_HBW_vertical1,False,poll
2026-03-20 10:01:40.688,gvl_HBW,bEncoderImpulse_HBW_vertical2,False,poll
2026-03-20 10:01:40.688,gvl_HBW,bMotor_HBW_ConveyorBelt_forward,False,poll
2026-03-20 10:01:40.688,gvl_HBW,bMotor_HBW_ConveyorBelt_backward,False,poll
2026-03-20 10:01:40.688,gvl_HBW,bMotor_HBW_StackerCrane_torack,False,poll
2026-03-20 10:01:40.688,gvl_HBW,bMotor_HBW_StackerCrane_toconveyorbelt,False,poll
2026-03-20 10:01:40.688,gvl_HBW,bMotor_HBW_StackerCrane_downward,False,poll
2026-03-20 10:01:40.688,gvl_HBW,bMotor_HBW_StackerCrane_upward,False,poll
2026-03-20 10:01:40.688,gvl_HBW,bMotor_HBW_Cantilever_forward,False,poll
2026-03-20 10:01:40.688,gvl_HBW,bMotor_HBW_Cantilever_backward,False,poll
2026-03-20 10:01:40.688,gvl_MS,bReferenceSwitch_MS_Turntable_attransferunit,False,poll
2026-03-20 10:01:40.688,gvl_MS,bReferenceSwitch_MS_Turntable_atconveyorbelt,False,poll
2026-03-20 10:01:40.688,gvl_MS,bLightBarrier_MS_conveyorbelt,False,poll
2026-03-20 10:01:40.688,gvl_MS,bReferenceSwitch_MS_Turntable_atsaw,False,poll
2026-03-20 10:01:40.688,gvl_MS,bReferenceSwitch_MS_TransferUnit_atturntable,True,poll
2026-03-20 10:01:40.818,gvl_SL,iColorSensor_SL,1,event
2026-03-20 10:01:40.688,gvl_MS,bReferenceSwitch_MS_OvenSlider_inside,False,poll
2026-03-20 10:01:40.688,gvl_MS,bReferenceSwitch_MS_OvenSlider_outside,True,poll
2026-03-20 10:01:40.688,gvl_MS,bReferenceSwitch_MS_TransferUnit_atoven,False,poll
2026-03-20 10:01:40.688,gvl_MS,bLightBarrier_MS_oven,True,poll
2026-03-20 10:01:40.688,gvl_MS,bMotor_MS_Turntable_clockwise,False,poll
2026-03-20 10:01:40.688,gvl_MS,bMotor_MS_Turntable_counterclockwise,False,poll
2026-03-20 10:01:40.688,gvl_MS,bMotor_MS_ConveyorBelt_forward,False,poll
2026-03-20 10:01:40.688,gvl_MS,bMotor_MS_Saw,False,poll
2026-03-20 10:01:40.688,gvl_MS,bMotor_MS_OvenSlider_movein,False,poll
2026-03-20 10:01:40.688,gvl_MS,bMotor_MS_OvenSlider_moveout,False,poll
2026-03-20 10:01:40.688,gvl_MS,bMotor_MS_TransferUnit_tooven,False,poll
2026-03-20 10:01:40.688,gvl_MS,bMotor_MS_TransferUnit_toturntable,False,poll
2026-03-20 10:01:40.688,gvl_MS,bLamp_MS,False,poll
2026-03-20 10:01:40.688,gvl_MS,bCompressor_MS,False,poll
2026-03-20 10:01:40.688,gvl_MS,bValve_MS_Vacuum,False,poll
2026-03-20 10:01:40.688,gvl_MS,bValve_MS_TransferUnit,False,poll
2026-03-20 10:01:40.688,gvl_MS,bValve_MS_OvenDoor,False,poll
2026-03-20 10:01:40.688,gvl_MS,bValve_MS_Ejector,False,poll
2026-03-20 10:01:40.688,gvl_PM,bLightBarrier_PM_entry,True,poll
2026-03-20 10:01:40.688,gvl_PM,bLightBarrier_PM_tool,True,poll
2026-03-20 10:01:40.688,gvl_PM,bReferenceSwitch_PM_top,False,poll
2026-03-20 10:01:40.688,gvl_PM,bReferenceSwitch_PM_bottom,True,poll
2026-03-20 10:01:40.688,gvl_PM,bMotor_PM_ConveyorBelt_forward,False,poll
2026-03-20 10:01:40.688,gvl_PM,bMotor_PM_ConveyorBelt_backward,False,poll
2026-03-20 10:01:40.688,gvl_PM,bMotor_PM_Tool_upward,False,poll
2026-03-20 10:01:40.688,gvl_PM,bMotor_PM_Tool_downward,False,poll
2026-03-20 10:01:40.688,gvl_SL,bPulseCounter_SL,False,poll
2026-03-20 10:01:40.688,gvl_SL,bLightBarrier_SL_beforecolor,True,poll
2026-03-20 10:01:40.688,gvl_SL,bLightBarrier_SL_aftercolor,True,poll
2026-03-20 10:01:40.688,gvl_SL,bLightBarrier_SL_white,True,poll
2026-03-20 10:01:40.688,gvl_SL,bLightBarrier_SL_red,True,poll
2026-03-20 10:01:40.688,gvl_SL,bLightBarrier_SL_blue,True,poll
2026-03-20 10:01:40.688,gvl_SL,iColorSensor_SL,0,poll
2026-03-20 10:01:40.688,gvl_SL,bMotor_SL_ConveyorBelt,False,poll
2026-03-20 10:01:40.688,gvl_SL,bCompressor_SL,False,poll
2026-03-20 10:01:40.688,gvl_SL,bValve_SL_white,False,poll
2026-03-20 10:01:40.688,gvl_SL,bValve_SL_red,False,poll
2026-03-20 10:01:40.688,gvl_SL,bValve_SL_blue,False,poll
2026-03-20 10:01:40.688,LocalVariables,iC_CoordH,35,poll
2026-03-20 10:01:40.688,LocalVariables,iC_CoordV,0,poll
2026-03-20 10:01:40.688,LocalVariables,iC_CoordR,35,poll
2026-03-20 10:01:40.688,LocalVariables,eC_PickingStation,0,poll
2026-03-20 10:01:40.688,LocalVariables,eC_PlacingStation,0,poll
2026-03-20 10:01:40.688,LocalVariables,iC_Coord_Picking,"[[1340, 170, 150, 445], [380, 800, 367, 435], [800, 301, 580, 800]]",poll
2026-03-20 10:01:40.688,LocalVariables,iC_Coord_Placing,"[[890, 870], [500, 1343], [180, 150]]",poll
2026-03-20 10:01:41.016,gvl_SL,iColorSensor_SL,0,event
2026-03-20 10:01:41.465,gvl_C,bReferenceSwitch_C_vertical,True,poll
2026-03-20 10:01:41.465,gvl_C,bReferenceSwitch_C_horizontal,False,poll
2026-03-20 10:01:41.465,gvl_C,bReferenceSwitch_C_rotate,False,poll
2026-03-20 10:01:41.465,gvl_C,bEncoderImpulse_C_vertical1,False,poll
2026-03-20 10:01:41.465,gvl_C,bEncoderImpulse_C_vertical2,True,poll
2026-03-20 10:01:41.465,gvl_C,bEncoderImpulse_C_horizontal1,False,poll
2026-03-20 10:01:41.465,gvl_C,bEncoderImpulse_C_horizontal2,True,poll
2026-03-20 10:01:41.465,gvl_C,bEncoderImpulse_C_rotate1,True,poll
2026-03-20 10:01:41.465,gvl_C,bEncoderImpulse_C_rotate2,False,poll
2026-03-20 10:01:41.465,gvl_C,bMotor_C_upward,False,poll
2026-03-20 10:01:41.465,gvl_C,bMotor_C_downward,False,poll
2026-03-20 10:01:41.465,gvl_C,bMotor_C_backward,False,poll
2026-03-20 10:01:41.465,gvl_C,bMotor_C_forward,False,poll
2026-03-20 10:01:41.465,gvl_C,bMotor_C_clockwise,False,poll
2026-03-20 10:01:41.516,gvl_SL,iColorSensor_SL,1,event
2026-03-20 10:01:41.465,gvl_C,bMotor_C_counterclockwise,False,poll
2026-03-20 10:01:41.465,gvl_C,bCompressor_C,False,poll
2026-03-20 10:01:41.465,gvl_C,bValve_C,False,poll
2026-03-20 10:01:41.465,gvl_HBW,bReferenceSwitch_HBW_horizontal,True,poll
2026-03-20 10:01:41.465,gvl_HBW,bLightBarrier_HBW_inside,True,poll
2026-03-20 10:01:41.465,gvl_HBW,bLightBarrier_HBW_outside,True,poll
2026-03-20 10:01:41.465,gvl_HBW,bReferenceSwitch_HBW_vertical,False,poll
2026-03-20 10:01:41.465,gvl_HBW,bReferenceSwitch_HBW_Cantilever_front,False,poll
2026-03-20 10:01:41.465,gvl_HBW,bReferenceSwitch_HBW_Cantilever_back,False,poll
2026-03-20 10:01:41.465,gvl_HBW,bTrailSensor_HBW_bottom,True,poll
2026-03-20 10:01:41.465,gvl_HBW,bTrailSensor_HBW_top,True,poll
2026-03-20 10:01:41.465,gvl_HBW,bEncoderImpulse_HBW_horizontal1,False,poll
2026-03-20 10:01:41.465,gvl_HBW,bEncoderImpulse_HBW_horizontal2,True,poll
2026-03-20 10:01:41.465,gvl_HBW,bEncoderImpulse_HBW_vertical1,False,poll
2026-03-20 10:01:41.465,gvl_HBW,bEncoderImpulse_HBW_vertical2,False,poll
2026-03-20 10:01:41.465,gvl_HBW,bMotor_HBW_ConveyorBelt_forward,False,poll
2026-03-20 10:01:41.465,gvl_HBW,bMotor_HBW_ConveyorBelt_backward,False,poll
2026-03-20 10:01:41.465,gvl_HBW,bMotor_HBW_StackerCrane_torack,False,poll
2026-03-20 10:01:41.465,gvl_HBW,bMotor_HBW_StackerCrane_toconveyorbelt,False,poll
2026-03-20 10:01:41.465,gvl_HBW,bMotor_HBW_StackerCrane_downward,False,poll
2026-03-20 10:01:41.465,gvl_HBW,bMotor_HBW_StackerCrane_upward,False,poll
2026-03-20 10:01:41.465,gvl_HBW,bMotor_HBW_Cantilever_forward,False,poll
2026-03-20 10:01:41.465,gvl_HBW,bMotor_HBW_Cantilever_backward,False,poll
2026-03-20 10:01:41.465,gvl_MS,bReferenceSwitch_MS_Turntable_attransferunit,False,poll
2026-03-20 10:01:41.465,gvl_MS,bReferenceSwitch_MS_Turntable_atconveyorbelt,False,poll
2026-03-20 10:01:41.465,gvl_MS,bLightBarrier_MS_conveyorbelt,False,poll
2026-03-20 10:01:41.465,gvl_MS,bReferenceSwitch_MS_Turntable_atsaw,False,poll
2026-03-20 10:01:41.465,gvl_MS,bReferenceSwitch_MS_TransferUnit_atturntable,True,poll
2026-03-20 10:01:41.465,gvl_MS,bReferenceSwitch_MS_OvenSlider_inside,False,poll
2026-03-20 10:01:41.465,gvl_MS,bReferenceSwitch_MS_OvenSlider_outside,True,poll
2026-03-20 10:01:41.465,gvl_MS,bReferenceSwitch_MS_TransferUnit_atoven,False,poll
2026-03-20 10:01:41.465,gvl_MS,bLightBarrier_MS_oven,True,poll
2026-03-20 10:01:41.465,gvl_MS,bMotor_MS_Turntable_clockwise,False,poll
2026-03-20 10:01:41.465,gvl_MS,bMotor_MS_Turntable_counterclockwise,False,poll
2026-03-20 10:01:41.465,gvl_MS,bMotor_MS_ConveyorBelt_forward,False,poll
2026-03-20 10:01:41.465,gvl_MS,bMotor_MS_Saw,False,poll
2026-03-20 10:01:41.465,gvl_MS,bMotor_MS_OvenSlider_movein,False,poll
2026-03-20 10:01:41.465,gvl_MS,bMotor_MS_OvenSlider_moveout,False,poll
2026-03-20 10:01:41.465,gvl_MS,bMotor_MS_TransferUnit_tooven,False,poll
2026-03-20 10:01:41.465,gvl_MS,bMotor_MS_TransferUnit_toturntable,False,poll
2026-03-20 10:01:41.465,gvl_MS,bLamp_MS,False,poll
2026-03-20 10:01:41.465,gvl_MS,bCompressor_MS,False,poll
2026-03-20 10:01:41.465,gvl_MS,bValve_MS_Vacuum,False,poll
2026-03-20 10:01:41.465,gvl_MS,bValve_MS_TransferUnit,False,poll
2026-03-20 10:01:41.465,gvl_MS,bValve_MS_OvenDoor,False,poll
2026-03-20 10:01:41.465,gvl_MS,bValve_MS_Ejector,False,poll
2026-03-20 10:01:41.465,gvl_PM,bLightBarrier_PM_entry,True,poll
2026-03-20 10:01:41.616,gvl_SL,iColorSensor_SL,0,event
2026-03-20 10:01:41.465,gvl_PM,bLightBarrier_PM_tool,True,poll
2026-03-20 10:01:41.465,gvl_PM,bReferenceSwitch_PM_top,False,poll
2026-03-20 10:01:41.465,gvl_PM,bReferenceSwitch_PM_bottom,True,poll
2026-03-20 10:01:41.465,gvl_PM,bMotor_PM_ConveyorBelt_forward,False,poll
2026-03-20 10:01:41.465,gvl_PM,bMotor_PM_ConveyorBelt_backward,False,poll
2026-03-20 10:01:41.465,gvl_PM,bMotor_PM_Tool_upward,False,poll
2026-03-20 10:01:41.465,gvl_PM,bMotor_PM_Tool_downward,False,poll
2026-03-20 10:01:41.465,gvl_SL,bPulseCounter_SL,False,poll
2026-03-20 10:01:41.465,gvl_SL,bLightBarrier_SL_beforecolor,True,poll
2026-03-20 10:01:41.465,gvl_SL,bLightBarrier_SL_aftercolor,True,poll
2026-03-20 10:01:41.465,gvl_SL,bLightBarrier_SL_white,True,poll
2026-03-20 10:01:41.465,gvl_SL,bLightBarrier_SL_red,True,poll
2026-03-20 10:01:41.465,gvl_SL,bLightBarrier_SL_blue,True,poll
2026-03-20 10:01:41.465,gvl_SL,iColorSensor_SL,0,poll
2026-03-20 10:01:41.465,gvl_SL,bMotor_SL_ConveyorBelt,False,poll
2026-03-20 10:01:41.465,gvl_SL,bCompressor_SL,False,poll
2026-03-20 10:01:41.465,gvl_SL,bValve_SL_white,False,poll
2026-03-20 10:01:41.465,gvl_SL,bValve_SL_red,False,poll
2026-03-20 10:01:41.465,gvl_SL,bValve_SL_blue,False,poll
2026-03-20 10:01:41.465,LocalVariables,iC_CoordH,35,poll
2026-03-20 10:01:41.465,LocalVariables,iC_CoordV,0,poll
2026-03-20 10:01:41.465,LocalVariables,iC_CoordR,35,poll
2026-03-20 10:01:41.465,LocalVariables,eC_PickingStation,0,poll
2026-03-20 10:01:41.465,LocalVariables,eC_PlacingStation,0,poll
2026-03-20 10:01:41.465,LocalVariables,iC_Coord_Picking,"[[1340, 170, 150, 445], [380, 800, 367, 435], [800, 301, 580, 800]]",poll
2026-03-20 10:01:41.465,LocalVariables,iC_Coord_Placing,"[[890, 870], [500, 1343], [180, 150]]",poll
2026-03-20 10:01:41.716,gvl_SL,iColorSensor_SL,1,event
2026-03-20 10:01:41.818,gvl_SL,iColorSensor_SL,0,event
2026-03-20 10:01:41.917,gvl_SL,iColorSensor_SL,1,event
2026-03-20 10:01:42.019,gvl_SL,iColorSensor_SL,0,event
2026-03-20 10:01:42.173,gvl_C,bReferenceSwitch_C_vertical,True,poll
2026-03-20 10:01:42.173,gvl_C,bReferenceSwitch_C_horizontal,False,poll
2026-03-20 10:01:42.173,gvl_C,bReferenceSwitch_C_rotate,False,poll
2026-03-20 10:01:42.173,gvl_C,bEncoderImpulse_C_vertical1,False,poll
2026-03-20 10:01:42.173,gvl_C,bEncoderImpulse_C_vertical2,True,poll
2026-03-20 10:01:42.173,gvl_C,bEncoderImpulse_C_horizontal1,False,poll
2026-03-20 10:01:42.173,gvl_C,bEncoderImpulse_C_horizontal2,True,poll
2026-03-20 10:01:42.173,gvl_C,bEncoderImpulse_C_rotate1,True,poll
2026-03-20 10:01:42.173,gvl_C,bEncoderImpulse_C_rotate2,False,poll
2026-03-20 10:01:42.173,gvl_C,bMotor_C_upward,False,poll
2026-03-20 10:01:42.173,gvl_C,bMotor_C_downward,False,poll
2026-03-20 10:01:42.216,gvl_SL,iColorSensor_SL,1,event
2026-03-20 10:01:42.173,gvl_C,bMotor_C_backward,False,poll
2026-03-20 10:01:42.173,gvl_C,bMotor_C_forward,False,poll
2026-03-20 10:01:42.173,gvl_C,bMotor_C_clockwise,False,poll
2026-03-20 10:01:42.173,gvl_C,bMotor_C_counterclockwise,False,poll
2026-03-20 10:01:42.173,gvl_C,bCompressor_C,False,poll
2026-03-20 10:01:42.173,gvl_C,bValve_C,False,poll
2026-03-20 10:01:42.173,gvl_HBW,bReferenceSwitch_HBW_horizontal,True,poll
2026-03-20 10:01:42.173,gvl_HBW,bLightBarrier_HBW_inside,True,poll
2026-03-20 10:01:42.173,gvl_HBW,bLightBarrier_HBW_outside,True,poll
2026-03-20 10:01:42.173,gvl_HBW,bReferenceSwitch_HBW_vertical,False,poll
2026-03-20 10:01:42.173,gvl_HBW,bReferenceSwitch_HBW_Cantilever_front,False,poll
2026-03-20 10:01:42.173,gvl_HBW,bReferenceSwitch_HBW_Cantilever_back,False,poll
2026-03-20 10:01:42.173,gvl_HBW,bTrailSensor_HBW_bottom,True,poll
2026-03-20 10:01:42.173,gvl_HBW,bTrailSensor_HBW_top,True,poll
2026-03-20 10:01:42.173,gvl_HBW,bEncoderImpulse_HBW_horizontal1,False,poll
2026-03-20 10:01:42.173,gvl_HBW,bEncoderImpulse_HBW_horizontal2,True,poll
2026-03-20 10:01:42.173,gvl_HBW,bEncoderImpulse_HBW_vertical1,False,poll
2026-03-20 10:01:42.173,gvl_HBW,bEncoderImpulse_HBW_vertical2,False,poll
2026-03-20 10:01:42.173,gvl_HBW,bMotor_HBW_ConveyorBelt_forward,False,poll
2026-03-20 10:01:42.173,gvl_HBW,bMotor_HBW_ConveyorBelt_backward,False,poll
2026-03-20 10:01:42.173,gvl_HBW,bMotor_HBW_StackerCrane_torack,False,poll
2026-03-20 10:01:42.173,gvl_HBW,bMotor_HBW_StackerCrane_toconveyorbelt,False,poll
2026-03-20 10:01:42.173,gvl_HBW,bMotor_HBW_StackerCrane_downward,False,poll
2026-03-20 10:01:42.173,gvl_HBW,bMotor_HBW_StackerCrane_upward,False,poll
2026-03-20 10:01:42.173,gvl_HBW,bMotor_HBW_Cantilever_forward,False,poll
2026-03-20 10:01:42.173,gvl_HBW,bMotor_HBW_Cantilever_backward,False,poll
2026-03-20 10:01:42.173,gvl_MS,bReferenceSwitch_MS_Turntable_attransferunit,False,poll
2026-03-20 10:01:42.173,gvl_MS,bReferenceSwitch_MS_Turntable_atconveyorbelt,False,poll
2026-03-20 10:01:42.354,gvl_SL,iColorSensor_SL,0,event
2026-03-20 10:01:42.173,gvl_MS,bLightBarrier_MS_conveyorbelt,False,poll
2026-03-20 10:01:42.173,gvl_MS,bReferenceSwitch_MS_Turntable_atsaw,False,poll
2026-03-20 10:01:42.173,gvl_MS,bReferenceSwitch_MS_TransferUnit_atturntable,True,poll
2026-03-20 10:01:42.173,gvl_MS,bReferenceSwitch_MS_OvenSlider_inside,False,poll
2026-03-20 10:01:42.173,gvl_MS,bReferenceSwitch_MS_OvenSlider_outside,True,poll
2026-03-20 10:01:42.173,gvl_MS,bReferenceSwitch_MS_TransferUnit_atoven,False,poll
2026-03-20 10:01:42.173,gvl_MS,bLightBarrier_MS_oven,True,poll
2026-03-20 10:01:42.173,gvl_MS,bMotor_MS_Turntable_clockwise,False,poll
2026-03-20 10:01:42.173,gvl_MS,bMotor_MS_Turntable_counterclockwise,False,poll
2026-03-20 10:01:42.173,gvl_MS,bMotor_MS_ConveyorBelt_forward,False,poll
2026-03-20 10:01:42.173,gvl_MS,bMotor_MS_Saw,False,poll
2026-03-20 10:01:42.173,gvl_MS,bMotor_MS_OvenSlider_movein,False,poll
2026-03-20 10:01:42.173,gvl_MS,bMotor_MS_OvenSlider_moveout,False,poll
2026-03-20 10:01:42.173,gvl_MS,bMotor_MS_TransferUnit_tooven,False,poll
2026-03-20 10:01:42.173,gvl_MS,bMotor_MS_TransferUnit_toturntable,False,poll
2026-03-20 10:01:42.173,gvl_MS,bLamp_MS,False,poll
2026-03-20 10:01:42.173,gvl_MS,bCompressor_MS,False,poll
2026-03-20 10:01:42.173,gvl_MS,bValve_MS_Vacuum,False,poll
2026-03-20 10:01:42.173,gvl_MS,bValve_MS_TransferUnit,False,poll
2026-03-20 10:01:42.173,gvl_MS,bValve_MS_OvenDoor,False,poll
2026-03-20 10:01:42.173,gvl_MS,bValve_MS_Ejector,False,poll
2026-03-20 10:01:42.173,gvl_PM,bLightBarrier_PM_entry,True,poll
2026-03-20 10:01:42.173,gvl_PM,bLightBarrier_PM_tool,True,poll
2026-03-20 10:01:42.415,gvl_SL,iColorSensor_SL,1,event
2026-03-20 10:01:42.173,gvl_PM,bReferenceSwitch_PM_top,False,poll
2026-03-20 10:01:42.173,gvl_PM,bReferenceSwitch_PM_bottom,True,poll
2026-03-20 10:01:42.173,gvl_PM,bMotor_PM_ConveyorBelt_forward,False,poll
2026-03-20 10:01:42.173,gvl_PM,bMotor_PM_ConveyorBelt_backward,False,poll
2026-03-20 10:01:42.173,gvl_PM,bMotor_PM_Tool_upward,False,poll
2026-03-20 10:01:42.173,gvl_PM,bMotor_PM_Tool_downward,False,poll
2026-03-20 10:01:42.173,gvl_SL,bPulseCounter_SL,False,poll
2026-03-20 10:01:42.173,gvl_SL,bLightBarrier_SL_beforecolor,True,poll
2026-03-20 10:01:42.173,gvl_SL,bLightBarrier_SL_aftercolor,True,poll
2026-03-20 10:01:42.173,gvl_SL,bLightBarrier_SL_white,True,poll
2026-03-20 10:01:42.173,gvl_SL,bLightBarrier_SL_red,True,poll
2026-03-20 10:01:42.173,gvl_SL,bLightBarrier_SL_blue,True,poll
2026-03-20 10:01:42.173,gvl_SL,iColorSensor_SL,1,poll
2026-03-20 10:01:42.173,gvl_SL,bMotor_SL_ConveyorBelt,False,poll
2026-03-20 10:01:42.173,gvl_SL,bCompressor_SL,False,poll
2026-03-20 10:01:42.173,gvl_SL,bValve_SL_white,False,poll
2026-03-20 10:01:42.173,gvl_SL,bValve_SL_red,False,poll
2026-03-20 10:01:42.173,gvl_SL,bValve_SL_blue,False,poll
2026-03-20 10:01:42.173,LocalVariables,iC_CoordH,35,poll
2026-03-20 10:01:42.173,LocalVariables,iC_CoordV,0,poll
2026-03-20 10:01:42.173,LocalVariables,iC_CoordR,35,poll
2026-03-20 10:01:42.173,LocalVariables,eC_PickingStation,0,poll
2026-03-20 10:01:42.173,LocalVariables,eC_PlacingStation,0,poll
2026-03-20 10:01:42.173,LocalVariables,iC_Coord_Picking,"[[1340, 170, 150, 445], [380, 800, 367, 435], [800, 301, 580, 800]]",poll
2026-03-20 10:01:42.173,LocalVariables,iC_Coord_Placing,"[[890, 870], [500, 1343], [180, 150]]",poll
2026-03-20 10:01:42.521,gvl_SL,iColorSensor_SL,0,event
2026-03-20 10:01:42.617,gvl_SL,iColorSensor_SL,1,event
2026-03-20 10:01:42.719,gvl_SL,iColorSensor_SL,0,event
2026-03-20 10:01:42.918,gvl_SL,iColorSensor_SL,1,event
2026-03-20 10:01:43.001,gvl_C,bReferenceSwitch_C_vertical,True,poll
2026-03-20 10:01:43.001,gvl_C,bReferenceSwitch_C_horizontal,False,poll
2026-03-20 10:01:43.001,gvl_C,bReferenceSwitch_C_rotate,False,poll
2026-03-20 10:01:43.017,gvl_SL,iColorSensor_SL,0,event
2026-03-20 10:01:43.001,gvl_C,bEncoderImpulse_C_vertical1,False,poll
2026-03-20 10:01:43.001,gvl_C,bEncoderImpulse_C_vertical2,True,poll
2026-03-20 10:01:43.001,gvl_C,bEncoderImpulse_C_horizontal1,False,poll
2026-03-20 10:01:43.001,gvl_C,bEncoderImpulse_C_horizontal2,True,poll
2026-03-20 10:01:43.001,gvl_C,bEncoderImpulse_C_rotate1,True,poll
2026-03-20 10:01:43.001,gvl_C,bEncoderImpulse_C_rotate2,False,poll
2026-03-20 10:01:43.001,gvl_C,bMotor_C_upward,False,poll
2026-03-20 10:01:43.001,gvl_C,bMotor_C_downward,False,poll
2026-03-20 10:01:43.001,gvl_C,bMotor_C_backward,False,poll
2026-03-20 10:01:43.001,gvl_C,bMotor_C_forward,False,poll
2026-03-20 10:01:43.001,gvl_C,bMotor_C_clockwise,False,poll
2026-03-20 10:01:43.001,gvl_C,bMotor_C_counterclockwise,False,poll
2026-03-20 10:01:43.001,gvl_C,bCompressor_C,False,poll
2026-03-20 10:01:43.001,gvl_C,bValve_C,False,poll
2026-03-20 10:01:43.001,gvl_HBW,bReferenceSwitch_HBW_horizontal,True,poll
2026-03-20 10:01:43.001,gvl_HBW,bLightBarrier_HBW_inside,True,poll
2026-03-20 10:01:43.001,gvl_HBW,bLightBarrier_HBW_outside,True,poll
2026-03-20 10:01:43.001,gvl_HBW,bReferenceSwitch_HBW_vertical,False,poll
2026-03-20 10:01:43.001,gvl_HBW,bReferenceSwitch_HBW_Cantilever_front,False,poll
2026-03-20 10:01:43.001,gvl_HBW,bReferenceSwitch_HBW_Cantilever_back,False,poll
2026-03-20 10:01:43.001,gvl_HBW,bTrailSensor_HBW_bottom,True,poll
2026-03-20 10:01:43.001,gvl_HBW,bTrailSensor_HBW_top,True,poll
2026-03-20 10:01:43.001,gvl_HBW,bEncoderImpulse_HBW_horizontal1,False,poll
2026-03-20 10:01:43.001,gvl_HBW,bEncoderImpulse_HBW_horizontal2,True,poll
2026-03-20 10:01:43.001,gvl_HBW,bEncoderImpulse_HBW_vertical1,False,poll
2026-03-20 10:01:43.001,gvl_HBW,bEncoderImpulse_HBW_vertical2,False,poll
2026-03-20 10:01:43.001,gvl_HBW,bMotor_HBW_ConveyorBelt_forward,False,poll
2026-03-20 10:01:43.001,gvl_HBW,bMotor_HBW_ConveyorBelt_backward,False,poll
2026-03-20 10:01:43.001,gvl_HBW,bMotor_HBW_StackerCrane_torack,False,poll
2026-03-20 10:01:43.001,gvl_HBW,bMotor_HBW_StackerCrane_toconveyorbelt,False,poll
2026-03-20 10:01:43.001,gvl_HBW,bMotor_HBW_StackerCrane_downward,False,poll
2026-03-20 10:01:43.001,gvl_HBW,bMotor_HBW_StackerCrane_upward,False,poll
2026-03-20 10:01:43.001,gvl_HBW,bMotor_HBW_Cantilever_forward,False,poll
2026-03-20 10:01:43.001,gvl_HBW,bMotor_HBW_Cantilever_backward,False,poll
2026-03-20 10:01:43.001,gvl_MS,bReferenceSwitch_MS_Turntable_attransferunit,False,poll
2026-03-20 10:01:43.001,gvl_MS,bReferenceSwitch_MS_Turntable_atconveyorbelt,False,poll
2026-03-20 10:01:43.001,gvl_MS,bLightBarrier_MS_conveyorbelt,False,poll
2026-03-20 10:01:43.001,gvl_MS,bReferenceSwitch_MS_Turntable_atsaw,False,poll
2026-03-20 10:01:43.001,gvl_MS,bReferenceSwitch_MS_TransferUnit_atturntable,True,poll
2026-03-20 10:01:43.001,gvl_MS,bReferenceSwitch_MS_OvenSlider_inside,False,poll
2026-03-20 10:01:43.001,gvl_MS,bReferenceSwitch_MS_OvenSlider_outside,True,poll
2026-03-20 10:01:43.001,gvl_MS,bReferenceSwitch_MS_TransferUnit_atoven,False,poll
2026-03-20 10:01:43.001,gvl_MS,bLightBarrier_MS_oven,True,poll
2026-03-20 10:01:43.001,gvl_MS,bMotor_MS_Turntable_clockwise,False,poll
2026-03-20 10:01:43.001,gvl_MS,bMotor_MS_Turntable_counterclockwise,False,poll
2026-03-20 10:01:43.001,gvl_MS,bMotor_MS_ConveyorBelt_forward,False,poll
2026-03-20 10:01:43.001,gvl_MS,bMotor_MS_Saw,False,poll
2026-03-20 10:01:43.001,gvl_MS,bMotor_MS_OvenSlider_movein,False,poll
2026-03-20 10:01:43.001,gvl_MS,bMotor_MS_OvenSlider_moveout,False,poll
2026-03-20 10:01:43.001,gvl_MS,bMotor_MS_TransferUnit_tooven,False,poll
2026-03-20 10:01:43.001,gvl_MS,bMotor_MS_TransferUnit_toturntable,False,poll
2026-03-20 10:01:43.001,gvl_MS,bLamp_MS,False,poll
2026-03-20 10:01:43.001,gvl_MS,bCompressor_MS,False,poll
2026-03-20 10:01:43.001,gvl_MS,bValve_MS_Vacuum,False,poll
2026-03-20 10:01:43.001,gvl_MS,bValve_MS_TransferUnit,False,poll
2026-03-20 10:01:43.001,gvl_MS,bValve_MS_OvenDoor,False,poll
2026-03-20 10:01:43.001,gvl_MS,bValve_MS_Ejector,False,poll
2026-03-20 10:01:43.001,gvl_PM,bLightBarrier_PM_entry,True,poll
2026-03-20 10:01:43.001,gvl_PM,bLightBarrier_PM_tool,True,poll
2026-03-20 10:01:43.001,gvl_PM,bReferenceSwitch_PM_top,False,poll
2026-03-20 10:01:43.001,gvl_PM,bReferenceSwitch_PM_bottom,True,poll
2026-03-20 10:01:43.001,gvl_PM,bMotor_PM_ConveyorBelt_forward,False,poll
2026-03-20 10:01:43.001,gvl_PM,bMotor_PM_ConveyorBelt_backward,False,poll
2026-03-20 10:01:43.001,gvl_PM,bMotor_PM_Tool_upward,False,poll
2026-03-20 10:01:43.001,gvl_PM,bMotor_PM_Tool_downward,False,poll
2026-03-20 10:01:43.001,gvl_SL,bPulseCounter_SL,False,poll
2026-03-20 10:01:43.001,gvl_SL,bLightBarrier_SL_beforecolor,True,poll
2026-03-20 10:01:43.001,gvl_SL,bLightBarrier_SL_aftercolor,True,poll
2026-03-20 10:01:43.001,gvl_SL,bLightBarrier_SL_white,True,poll
2026-03-20 10:01:43.001,gvl_SL,bLightBarrier_SL_red,True,poll
2026-03-20 10:01:43.001,gvl_SL,bLightBarrier_SL_blue,True,poll
2026-03-20 10:01:43.001,gvl_SL,iColorSensor_SL,0,poll
2026-03-20 10:01:43.001,gvl_SL,bMotor_SL_ConveyorBelt,False,poll
2026-03-20 10:01:43.001,gvl_SL,bCompressor_SL,False,poll
2026-03-20 10:01:43.001,gvl_SL,bValve_SL_white,False,poll
2026-03-20 10:01:43.001,gvl_SL,bValve_SL_red,False,poll
2026-03-20 10:01:43.001,gvl_SL,bValve_SL_blue,False,poll
2026-03-20 10:01:43.001,LocalVariables,iC_CoordH,35,poll
2026-03-20 10:01:43.001,LocalVariables,iC_CoordV,0,poll
2026-03-20 10:01:43.001,LocalVariables,iC_CoordR,35,poll
2026-03-20 10:01:43.001,LocalVariables,eC_PickingStation,0,poll
2026-03-20 10:01:43.001,LocalVariables,eC_PlacingStation,0,poll
2026-03-20 10:01:43.001,LocalVariables,iC_Coord_Picking,"[[1340, 170, 150, 445], [380, 800, 367, 435], [800, 301, 580, 800]]",poll
2026-03-20 10:01:43.001,LocalVariables,iC_Coord_Placing,"[[890, 870], [500, 1343], [180, 150]]",poll
2026-03-20 10:01:43.520,gvl_SL,iColorSensor_SL,1,event
2026-03-20 10:01:43.616,gvl_SL,iColorSensor_SL,0,event
2026-03-20 10:01:43.818,gvl_SL,iColorSensor_SL,1,event
2026-03-20 10:01:43.812,gvl_C,bReferenceSwitch_C_vertical,True,poll
2026-03-20 10:01:43.812,gvl_C,bReferenceSwitch_C_horizontal,False,poll
2026-03-20 10:01:43.812,gvl_C,bReferenceSwitch_C_rotate,False,poll
2026-03-20 10:01:43.812,gvl_C,bEncoderImpulse_C_vertical1,False,poll
2026-03-20 10:01:43.812,gvl_C,bEncoderImpulse_C_vertical2,True,poll
2026-03-20 10:01:43.812,gvl_C,bEncoderImpulse_C_horizontal1,False,poll
2026-03-20 10:01:43.812,gvl_C,bEncoderImpulse_C_horizontal2,True,poll
2026-03-20 10:01:43.812,gvl_C,bEncoderImpulse_C_rotate1,True,poll
2026-03-20 10:01:43.812,gvl_C,bEncoderImpulse_C_rotate2,False,poll
2026-03-20 10:01:43.812,gvl_C,bMotor_C_upward,False,poll
2026-03-20 10:01:43.812,gvl_C,bMotor_C_downward,False,poll
2026-03-20 10:01:43.812,gvl_C,bMotor_C_backward,False,poll
2026-03-20 10:01:43.812,gvl_C,bMotor_C_forward,False,poll
2026-03-20 10:01:43.812,gvl_C,bMotor_C_clockwise,False,poll
2026-03-20 10:01:43.812,gvl_C,bMotor_C_counterclockwise,False,poll
2026-03-20 10:01:43.812,gvl_C,bCompressor_C,False,poll
2026-03-20 10:01:43.812,gvl_C,bValve_C,False,poll
2026-03-20 10:01:43.812,gvl_HBW,bReferenceSwitch_HBW_horizontal,True,poll
2026-03-20 10:01:43.812,gvl_HBW,bLightBarrier_HBW_inside,True,poll
2026-03-20 10:01:43.812,gvl_HBW,bLightBarrier_HBW_outside,True,poll
2026-03-20 10:01:43.812,gvl_HBW,bReferenceSwitch_HBW_vertical,False,poll
2026-03-20 10:01:43.812,gvl_HBW,bReferenceSwitch_HBW_Cantilever_front,False,poll
2026-03-20 10:01:43.812,gvl_HBW,bReferenceSwitch_HBW_Cantilever_back,False,poll
2026-03-20 10:01:43.812,gvl_HBW,bTrailSensor_HBW_bottom,True,poll
2026-03-20 10:01:43.916,gvl_SL,bLightBarrier_SL_beforecolor,False,event
2026-03-20 10:01:43.916,gvl_SL,iColorSensor_SL,0,event
2026-03-20 10:01:43.812,gvl_HBW,bTrailSensor_HBW_top,True,poll
2026-03-20 10:01:43.812,gvl_HBW,bEncoderImpulse_HBW_horizontal1,False,poll
2026-03-20 10:01:43.812,gvl_HBW,bEncoderImpulse_HBW_horizontal2,True,poll
2026-03-20 10:01:43.812,gvl_HBW,bEncoderImpulse_HBW_vertical1,False,poll
2026-03-20 10:01:43.812,gvl_HBW,bEncoderImpulse_HBW_vertical2,False,poll
2026-03-20 10:01:43.812,gvl_HBW,bMotor_HBW_ConveyorBelt_forward,False,poll
2026-03-20 10:01:43.812,gvl_HBW,bMotor_HBW_ConveyorBelt_backward,False,poll
2026-03-20 10:01:43.812,gvl_HBW,bMotor_HBW_StackerCrane_torack,False,poll
2026-03-20 10:01:43.812,gvl_HBW,bMotor_HBW_StackerCrane_toconveyorbelt,False,poll
2026-03-20 10:01:43.812,gvl_HBW,bMotor_HBW_StackerCrane_downward,False,poll
2026-03-20 10:01:43.812,gvl_HBW,bMotor_HBW_StackerCrane_upward,False,poll
2026-03-20 10:01:43.812,gvl_HBW,bMotor_HBW_Cantilever_forward,False,poll
2026-03-20 10:01:43.812,gvl_HBW,bMotor_HBW_Cantilever_backward,False,poll
2026-03-20 10:01:43.812,gvl_MS,bReferenceSwitch_MS_Turntable_attransferunit,False,poll
2026-03-20 10:01:43.812,gvl_MS,bReferenceSwitch_MS_Turntable_atconveyorbelt,False,poll
2026-03-20 10:01:43.812,gvl_MS,bLightBarrier_MS_conveyorbelt,False,poll
2026-03-20 10:01:43.812,gvl_MS,bReferenceSwitch_MS_Turntable_atsaw,False,poll
2026-03-20 10:01:43.812,gvl_MS,bReferenceSwitch_MS_TransferUnit_atturntable,True,poll
2026-03-20 10:01:43.812,gvl_MS,bReferenceSwitch_MS_OvenSlider_inside,False,poll
2026-03-20 10:01:43.812,gvl_MS,bReferenceSwitch_MS_OvenSlider_outside,True,poll
2026-03-20 10:01:43.812,gvl_MS,bReferenceSwitch_MS_TransferUnit_atoven,False,poll
2026-03-20 10:01:43.812,gvl_MS,bLightBarrier_MS_oven,True,poll
2026-03-20 10:01:43.812,gvl_MS,bMotor_MS_Turntable_clockwise,False,poll
2026-03-20 10:01:43.812,gvl_MS,bMotor_MS_Turntable_counterclockwise,False,poll
2026-03-20 10:01:43.812,gvl_MS,bMotor_MS_ConveyorBelt_forward,False,poll
2026-03-20 10:01:43.812,gvl_MS,bMotor_MS_Saw,False,poll
2026-03-20 10:01:43.812,gvl_MS,bMotor_MS_OvenSlider_movein,False,poll
2026-03-20 10:01:43.812,gvl_MS,bMotor_MS_OvenSlider_moveout,False,poll
2026-03-20 10:01:43.812,gvl_MS,bMotor_MS_TransferUnit_tooven,False,poll
2026-03-20 10:01:43.812,gvl_MS,bMotor_MS_TransferUnit_toturntable,False,poll
2026-03-20 10:01:43.812,gvl_MS,bLamp_MS,False,poll
2026-03-20 10:01:43.812,gvl_MS,bCompressor_MS,False,poll
2026-03-20 10:01:43.812,gvl_MS,bValve_MS_Vacuum,False,poll
2026-03-20 10:01:43.812,gvl_MS,bValve_MS_TransferUnit,False,poll
2026-03-20 10:01:43.812,gvl_MS,bValve_MS_OvenDoor,False,poll
2026-03-20 10:01:43.812,gvl_MS,bValve_MS_Ejector,False,poll
2026-03-20 10:01:43.812,gvl_PM,bLightBarrier_PM_entry,True,poll
2026-03-20 10:01:43.812,gvl_PM,bLightBarrier_PM_tool,True,poll
2026-03-20 10:01:43.812,gvl_PM,bReferenceSwitch_PM_top,False,poll
2026-03-20 10:01:43.812,gvl_PM,bReferenceSwitch_PM_bottom,True,poll
2026-03-20 10:01:43.812,gvl_PM,bMotor_PM_ConveyorBelt_forward,False,poll
2026-03-20 10:01:43.812,gvl_PM,bMotor_PM_ConveyorBelt_backward,False,poll
2026-03-20 10:01:43.812,gvl_PM,bMotor_PM_Tool_upward,False,poll
2026-03-20 10:01:43.812,gvl_PM,bMotor_PM_Tool_downward,False,poll
2026-03-20 10:01:43.812,gvl_SL,bPulseCounter_SL,False,poll
2026-03-20 10:01:43.812,gvl_SL,bLightBarrier_SL_beforecolor,False,poll
2026-03-20 10:01:43.812,gvl_SL,bLightBarrier_SL_aftercolor,True,poll
2026-03-20 10:01:43.812,gvl_SL,bLightBarrier_SL_white,True,poll
2026-03-20 10:01:43.812,gvl_SL,bLightBarrier_SL_red,True,poll
2026-03-20 10:01:43.812,gvl_SL,bLightBarrier_SL_blue,True,poll
2026-03-20 10:01:43.812,gvl_SL,iColorSensor_SL,0,poll
2026-03-20 10:01:43.812,gvl_SL,bMotor_SL_ConveyorBelt,False,poll
2026-03-20 10:01:43.812,gvl_SL,bCompressor_SL,False,poll
2026-03-20 10:01:43.812,gvl_SL,bValve_SL_white,False,poll
2026-03-20 10:01:43.812,gvl_SL,bValve_SL_red,False,poll
2026-03-20 10:01:43.812,gvl_SL,bValve_SL_blue,False,poll
2026-03-20 10:01:43.812,LocalVariables,iC_CoordH,35,poll
2026-03-20 10:01:43.812,LocalVariables,iC_CoordV,0,poll
2026-03-20 10:01:43.812,LocalVariables,iC_CoordR,35,poll
2026-03-20 10:01:43.812,LocalVariables,eC_PickingStation,0,poll
2026-03-20 10:01:43.812,LocalVariables,eC_PlacingStation,0,poll
2026-03-20 10:01:43.812,LocalVariables,iC_Coord_Picking,"[[1340, 170, 150, 445], [380, 800, 367, 435], [800, 301, 580, 800]]",poll
2026-03-20 10:01:43.812,LocalVariables,iC_Coord_Placing,"[[890, 870], [500, 1343], [180, 150]]",poll
2026-03-20 10:01:44.416,gvl_SL,bLightBarrier_SL_beforecolor,True,event
2026-03-20 10:01:44.673,gvl_C,bReferenceSwitch_C_vertical,True,poll
2026-03-20 10:01:44.673,gvl_C,bReferenceSwitch_C_horizontal,False,poll
2026-03-20 10:01:44.673,gvl_C,bReferenceSwitch_C_rotate,False,poll
2026-03-20 10:01:44.673,gvl_C,bEncoderImpulse_C_vertical1,False,poll
2026-03-20 10:01:44.673,gvl_C,bEncoderImpulse_C_vertical2,True,poll
2026-03-20 10:01:44.673,gvl_C,bEncoderImpulse_C_horizontal1,False,poll
2026-03-20 10:01:44.673,gvl_C,bEncoderImpulse_C_horizontal2,True,poll
2026-03-20 10:01:44.673,gvl_C,bEncoderImpulse_C_rotate1,True,poll
2026-03-20 10:01:44.673,gvl_C,bEncoderImpulse_C_rotate2,False,poll
2026-03-20 10:01:44.673,gvl_C,bMotor_C_upward,False,poll
2026-03-20 10:01:44.673,gvl_C,bMotor_C_downward,False,poll
2026-03-20 10:01:44.673,gvl_C,bMotor_C_backward,False,poll
2026-03-20 10:01:44.673,gvl_C,bMotor_C_forward,False,poll
2026-03-20 10:01:44.673,gvl_C,bMotor_C_clockwise,False,poll
2026-03-20 10:01:44.673,gvl_C,bMotor_C_counterclockwise,False,poll
2026-03-20 10:01:44.673,gvl_C,bCompressor_C,False,poll
2026-03-20 10:01:44.673,gvl_C,bValve_C,False,poll
2026-03-20 10:01:44.673,gvl_HBW,bReferenceSwitch_HBW_horizontal,True,poll
2026-03-20 10:01:44.673,gvl_HBW,bLightBarrier_HBW_inside,True,poll
2026-03-20 10:01:44.673,gvl_HBW,bLightBarrier_HBW_outside,True,poll
2026-03-20 10:01:44.673,gvl_HBW,bReferenceSwitch_HBW_vertical,False,poll
2026-03-20 10:01:44.673,gvl_HBW,bReferenceSwitch_HBW_Cantilever_front,False,poll
2026-03-20 10:01:44.673,gvl_HBW,bReferenceSwitch_HBW_Cantilever_back,False,poll
2026-03-20 10:01:44.673,gvl_HBW,bTrailSensor_HBW_bottom,True,poll
2026-03-20 10:01:44.673,gvl_HBW,bTrailSensor_HBW_top,True,poll
2026-03-20 10:01:44.673,gvl_HBW,bEncoderImpulse_HBW_horizontal1,False,poll
2026-03-20 10:01:44.673,gvl_HBW,bEncoderImpulse_HBW_horizontal2,True,poll
2026-03-20 10:01:44.673,gvl_HBW,bEncoderImpulse_HBW_vertical1,False,poll
2026-03-20 10:01:44.673,gvl_HBW,bEncoderImpulse_HBW_vertical2,False,poll
2026-03-20 10:01:44.673,gvl_HBW,bMotor_HBW_ConveyorBelt_forward,False,poll
2026-03-20 10:01:44.673,gvl_HBW,bMotor_HBW_ConveyorBelt_backward,False,poll
2026-03-20 10:01:44.673,gvl_HBW,bMotor_HBW_StackerCrane_torack,False,poll
2026-03-20 10:01:44.673,gvl_HBW,bMotor_HBW_StackerCrane_toconveyorbelt,False,poll
2026-03-20 10:01:44.673,gvl_HBW,bMotor_HBW_StackerCrane_downward,False,poll
2026-03-20 10:01:44.673,gvl_HBW,bMotor_HBW_StackerCrane_upward,False,poll
2026-03-20 10:01:44.673,gvl_HBW,bMotor_HBW_Cantilever_forward,False,poll
2026-03-20 10:01:44.673,gvl_HBW,bMotor_HBW_Cantilever_backward,False,poll
2026-03-20 10:01:44.673,gvl_MS,bReferenceSwitch_MS_Turntable_attransferunit,False,poll
2026-03-20 10:01:44.673,gvl_MS,bReferenceSwitch_MS_Turntable_atconveyorbelt,False,poll
2026-03-20 10:01:44.673,gvl_MS,bLightBarrier_MS_conveyorbelt,False,poll
2026-03-20 10:01:44.673,gvl_MS,bReferenceSwitch_MS_Turntable_atsaw,False,poll
2026-03-20 10:01:44.673,gvl_MS,bReferenceSwitch_MS_TransferUnit_atturntable,True,poll
2026-03-20 10:01:44.673,gvl_MS,bReferenceSwitch_MS_OvenSlider_inside,False,poll
2026-03-20 10:01:44.673,gvl_MS,bReferenceSwitch_MS_OvenSlider_outside,True,poll
2026-03-20 10:01:44.673,gvl_MS,bReferenceSwitch_MS_TransferUnit_atoven,False,poll
2026-03-20 10:01:44.673,gvl_MS,bLightBarrier_MS_oven,True,poll
2026-03-20 10:01:44.673,gvl_MS,bMotor_MS_Turntable_clockwise,False,poll
2026-03-20 10:01:44.673,gvl_MS,bMotor_MS_Turntable_counterclockwise,False,poll
2026-03-20 10:01:44.673,gvl_MS,bMotor_MS_ConveyorBelt_forward,False,poll
2026-03-20 10:01:44.673,gvl_MS,bMotor_MS_Saw,False,poll
2026-03-20 10:01:44.673,gvl_MS,bMotor_MS_OvenSlider_movein,False,poll
2026-03-20 10:01:44.673,gvl_MS,bMotor_MS_OvenSlider_moveout,False,poll
2026-03-20 10:01:44.673,gvl_MS,bMotor_MS_TransferUnit_tooven,False,poll
2026-03-20 10:01:44.673,gvl_MS,bMotor_MS_TransferUnit_toturntable,False,poll
2026-03-20 10:01:44.673,gvl_MS,bLamp_MS,False,poll
2026-03-20 10:01:44.673,gvl_MS,bCompressor_MS,False,poll
2026-03-20 10:01:44.673,gvl_MS,bValve_MS_Vacuum,False,poll
2026-03-20 10:01:44.673,gvl_MS,bValve_MS_TransferUnit,False,poll
2026-03-20 10:01:44.673,gvl_MS,bValve_MS_OvenDoor,False,poll
2026-03-20 10:01:44.673,gvl_MS,bValve_MS_Ejector,False,poll
2026-03-20 10:01:44.673,gvl_PM,bLightBarrier_PM_entry,True,poll
2026-03-20 10:01:44.673,gvl_PM,bLightBarrier_PM_tool,True,poll
2026-03-20 10:01:44.673,gvl_PM,bReferenceSwitch_PM_top,False,poll
2026-03-20 10:01:44.673,gvl_PM,bReferenceSwitch_PM_bottom,True,poll
2026-03-20 10:01:44.673,gvl_PM,bMotor_PM_ConveyorBelt_forward,False,poll
2026-03-20 10:01:44.673,gvl_PM,bMotor_PM_ConveyorBelt_backward,False,poll
2026-03-20 10:01:44.673,gvl_PM,bMotor_PM_Tool_upward,False,poll
2026-03-20 10:01:44.673,gvl_PM,bMotor_PM_Tool_downward,False,poll
2026-03-20 10:01:44.673,gvl_SL,bPulseCounter_SL,False,poll
2026-03-20 10:01:44.673,gvl_SL,bLightBarrier_SL_beforecolor,True,poll
2026-03-20 10:01:44.673,gvl_SL,bLightBarrier_SL_aftercolor,True,poll
2026-03-20 10:01:44.673,gvl_SL,bLightBarrier_SL_white,True,poll
2026-03-20 10:01:44.673,gvl_SL,bLightBarrier_SL_red,True,poll
2026-03-20 10:01:44.673,gvl_SL,bLightBarrier_SL_blue,True,poll
2026-03-20 10:01:44.673,gvl_SL,iColorSensor_SL,0,poll
2026-03-20 10:01:44.673,gvl_SL,bMotor_SL_ConveyorBelt,False,poll
2026-03-20 10:01:44.673,gvl_SL,bCompressor_SL,False,poll
2026-03-20 10:01:44.673,gvl_SL,bValve_SL_white,False,poll
2026-03-20 10:01:44.673,gvl_SL,bValve_SL_red,False,poll
2026-03-20 10:01:44.673,gvl_SL,bValve_SL_blue,False,poll
2026-03-20 10:01:44.673,LocalVariables,iC_CoordH,35,poll
2026-03-20 10:01:44.673,LocalVariables,iC_CoordV,0,poll
2026-03-20 10:01:44.673,LocalVariables,iC_CoordR,35,poll
2026-03-20 10:01:44.673,LocalVariables,eC_PickingStation,0,poll
2026-03-20 10:01:44.673,LocalVariables,eC_PlacingStation,0,poll
2026-03-20 10:01:44.673,LocalVariables,iC_Coord_Picking,"[[1340, 170, 150, 445], [380, 800, 367, 435], [800, 301, 580, 800]]",poll
2026-03-20 10:01:44.673,LocalVariables,iC_Coord_Placing,"[[890, 870], [500, 1343], [180, 150]]",poll
2026-03-20 10:01:44.918,gvl_SL,iColorSensor_SL,1,event
2026-03-20 10:01:45.020,gvl_SL,iColorSensor_SL,0,event
2026-03-20 10:01:45.319,gvl_SL,iColorSensor_SL,1,event
2026-03-20 10:01:45.405,gvl_C,bReferenceSwitch_C_vertical,True,poll
2026-03-20 10:01:45.405,gvl_C,bReferenceSwitch_C_horizontal,False,poll
2026-03-20 10:01:45.405,gvl_C,bReferenceSwitch_C_rotate,False,poll
2026-03-20 10:01:45.405,gvl_C,bEncoderImpulse_C_vertical1,False,poll
2026-03-20 10:01:45.405,gvl_C,bEncoderImpulse_C_vertical2,True,poll
2026-03-20 10:01:45.405,gvl_C,bEncoderImpulse_C_horizontal1,False,poll
2026-03-20 10:01:45.405,gvl_C,bEncoderImpulse_C_horizontal2,True,poll
2026-03-20 10:01:45.405,gvl_C,bEncoderImpulse_C_rotate1,True,poll
2026-03-20 10:01:45.405,gvl_C,bEncoderImpulse_C_rotate2,False,poll
2026-03-20 10:01:45.405,gvl_C,bMotor_C_upward,False,poll
2026-03-20 10:01:45.405,gvl_C,bMotor_C_downward,False,poll
2026-03-20 10:01:45.405,gvl_C,bMotor_C_backward,False,poll
2026-03-20 10:01:45.405,gvl_C,bMotor_C_forward,False,poll
2026-03-20 10:01:45.405,gvl_C,bMotor_C_clockwise,False,poll
2026-03-20 10:01:45.405,gvl_C,bMotor_C_counterclockwise,False,poll
2026-03-20 10:01:45.405,gvl_C,bCompressor_C,False,poll
2026-03-20 10:01:45.405,gvl_C,bValve_C,False,poll
2026-03-20 10:01:45.405,gvl_HBW,bReferenceSwitch_HBW_horizontal,True,poll
2026-03-20 10:01:45.405,gvl_HBW,bLightBarrier_HBW_inside,True,poll
2026-03-20 10:01:45.405,gvl_HBW,bLightBarrier_HBW_outside,True,poll
2026-03-20 10:01:45.405,gvl_HBW,bReferenceSwitch_HBW_vertical,False,poll
2026-03-20 10:01:45.405,gvl_HBW,bReferenceSwitch_HBW_Cantilever_front,False,poll
2026-03-20 10:01:45.405,gvl_HBW,bReferenceSwitch_HBW_Cantilever_back,False,poll
2026-03-20 10:01:45.405,gvl_HBW,bTrailSensor_HBW_bottom,True,poll
2026-03-20 10:01:45.405,gvl_HBW,bTrailSensor_HBW_top,True,poll
2026-03-20 10:01:45.405,gvl_HBW,bEncoderImpulse_HBW_horizontal1,False,poll
2026-03-20 10:01:45.405,gvl_HBW,bEncoderImpulse_HBW_horizontal2,True,poll
2026-03-20 10:01:45.405,gvl_HBW,bEncoderImpulse_HBW_vertical1,False,poll
2026-03-20 10:01:45.405,gvl_HBW,bEncoderImpulse_HBW_vertical2,False,poll
2026-03-20 10:01:45.405,gvl_HBW,bMotor_HBW_ConveyorBelt_forward,False,poll
2026-03-20 10:01:45.405,gvl_HBW,bMotor_HBW_ConveyorBelt_backward,False,poll
2026-03-20 10:01:45.405,gvl_HBW,bMotor_HBW_StackerCrane_torack,False,poll
2026-03-20 10:01:45.405,gvl_HBW,bMotor_HBW_StackerCrane_toconveyorbelt,False,poll
2026-03-20 10:01:45.405,gvl_HBW,bMotor_HBW_StackerCrane_downward,False,poll
2026-03-20 10:01:45.405,gvl_HBW,bMotor_HBW_StackerCrane_upward,False,poll
2026-03-20 10:01:45.405,gvl_HBW,bMotor_HBW_Cantilever_forward,False,poll
2026-03-20 10:01:45.405,gvl_HBW,bMotor_HBW_Cantilever_backward,False,poll
2026-03-20 10:01:45.405,gvl_MS,bReferenceSwitch_MS_Turntable_attransferunit,False,poll
2026-03-20 10:01:45.405,gvl_MS,bReferenceSwitch_MS_Turntable_atconveyorbelt,False,poll
2026-03-20 10:01:45.518,gvl_SL,iColorSensor_SL,0,event
2026-03-20 10:01:45.405,gvl_MS,bLightBarrier_MS_conveyorbelt,False,poll
2026-03-20 10:01:45.405,gvl_MS,bReferenceSwitch_MS_Turntable_atsaw,False,poll
2026-03-20 10:01:45.405,gvl_MS,bReferenceSwitch_MS_TransferUnit_atturntable,True,poll
2026-03-20 10:01:45.405,gvl_MS,bReferenceSwitch_MS_OvenSlider_inside,False,poll
2026-03-20 10:01:45.405,gvl_MS,bReferenceSwitch_MS_OvenSlider_outside,True,poll
2026-03-20 10:01:45.405,gvl_MS,bReferenceSwitch_MS_TransferUnit_atoven,False,poll
2026-03-20 10:01:45.405,gvl_MS,bLightBarrier_MS_oven,True,poll
2026-03-20 10:01:45.405,gvl_MS,bMotor_MS_Turntable_clockwise,False,poll
2026-03-20 10:01:45.405,gvl_MS,bMotor_MS_Turntable_counterclockwise,False,poll
2026-03-20 10:01:45.405,gvl_MS,bMotor_MS_ConveyorBelt_forward,False,poll
2026-03-20 10:01:45.405,gvl_MS,bMotor_MS_Saw,False,poll
2026-03-20 10:01:45.405,gvl_MS,bMotor_MS_OvenSlider_movein,False,poll
2026-03-20 10:01:45.405,gvl_MS,bMotor_MS_OvenSlider_moveout,False,poll
2026-03-20 10:01:45.405,gvl_MS,bMotor_MS_TransferUnit_tooven,False,poll
2026-03-20 10:01:45.405,gvl_MS,bMotor_MS_TransferUnit_toturntable,False,poll
2026-03-20 10:01:45.405,gvl_MS,bLamp_MS,False,poll
2026-03-20 10:01:45.405,gvl_MS,bCompressor_MS,False,poll
2026-03-20 10:01:45.405,gvl_MS,bValve_MS_Vacuum,False,poll
2026-03-20 10:01:45.405,gvl_MS,bValve_MS_TransferUnit,False,poll
2026-03-20 10:01:45.405,gvl_MS,bValve_MS_OvenDoor,False,poll
2026-03-20 10:01:45.405,gvl_MS,bValve_MS_Ejector,False,poll
2026-03-20 10:01:45.405,gvl_PM,bLightBarrier_PM_entry,True,poll
2026-03-20 10:01:45.405,gvl_PM,bLightBarrier_PM_tool,True,poll
2026-03-20 10:01:45.405,gvl_PM,bReferenceSwitch_PM_top,False,poll
2026-03-20 10:01:45.405,gvl_PM,bReferenceSwitch_PM_bottom,True,poll
2026-03-20 10:01:45.405,gvl_PM,bMotor_PM_ConveyorBelt_forward,False,poll
2026-03-20 10:01:45.405,gvl_PM,bMotor_PM_ConveyorBelt_backward,False,poll
2026-03-20 10:01:45.405,gvl_PM,bMotor_PM_Tool_upward,False,poll
2026-03-20 10:01:45.405,gvl_PM,bMotor_PM_Tool_downward,False,poll
2026-03-20 10:01:45.405,gvl_SL,bPulseCounter_SL,False,poll
2026-03-20 10:01:45.405,gvl_SL,bLightBarrier_SL_beforecolor,True,poll
2026-03-20 10:01:45.405,gvl_SL,bLightBarrier_SL_aftercolor,True,poll
2026-03-20 10:01:45.405,gvl_SL,bLightBarrier_SL_white,True,poll
2026-03-20 10:01:45.405,gvl_SL,bLightBarrier_SL_red,True,poll
2026-03-20 10:01:45.405,gvl_SL,bLightBarrier_SL_blue,True,poll
2026-03-20 10:01:45.405,gvl_SL,iColorSensor_SL,0,poll
2026-03-20 10:01:45.405,gvl_SL,bMotor_SL_ConveyorBelt,False,poll
2026-03-20 10:01:45.405,gvl_SL,bCompressor_SL,False,poll
2026-03-20 10:01:45.405,gvl_SL,bValve_SL_white,False,poll
2026-03-20 10:01:45.405,gvl_SL,bValve_SL_red,False,poll
2026-03-20 10:01:45.405,gvl_SL,bValve_SL_blue,False,poll
2026-03-20 10:01:45.405,LocalVariables,iC_CoordH,35,poll
2026-03-20 10:01:45.405,LocalVariables,iC_CoordV,0,poll
2026-03-20 10:01:45.405,LocalVariables,iC_CoordR,35,poll
2026-03-20 10:01:45.405,LocalVariables,eC_PickingStation,0,poll
2026-03-20 10:01:45.405,LocalVariables,eC_PlacingStation,0,poll
2026-03-20 10:01:45.405,LocalVariables,iC_Coord_Picking,"[[1340, 170, 150, 445], [380, 800, 367, 435], [800, 301, 580, 800]]",poll
2026-03-20 10:01:45.405,LocalVariables,iC_Coord_Placing,"[[890, 870], [500, 1343], [180, 150]]",poll
2026-03-20 10:01:45.920,gvl_SL,iColorSensor_SL,1,event
2026-03-20 10:01:46.017,gvl_SL,iColorSensor_SL,0,event
2026-03-20 10:01:46.139,gvl_C,bReferenceSwitch_C_vertical,True,poll
2026-03-20 10:01:46.139,gvl_C,bReferenceSwitch_C_horizontal,False,poll
2026-03-20 10:01:46.139,gvl_C,bReferenceSwitch_C_rotate,False,poll
2026-03-20 10:01:46.139,gvl_C,bEncoderImpulse_C_vertical1,False,poll
2026-03-20 10:01:46.139,gvl_C,bEncoderImpulse_C_vertical2,True,poll
2026-03-20 10:01:46.139,gvl_C,bEncoderImpulse_C_horizontal1,False,poll
2026-03-20 10:01:46.139,gvl_C,bEncoderImpulse_C_horizontal2,True,poll
2026-03-20 10:01:46.139,gvl_C,bEncoderImpulse_C_rotate1,True,poll
2026-03-20 10:01:46.139,gvl_C,bEncoderImpulse_C_rotate2,False,poll
2026-03-20 10:01:46.139,gvl_C,bMotor_C_upward,False,poll
2026-03-20 10:01:46.139,gvl_C,bMotor_C_downward,False,poll
2026-03-20 10:01:46.139,gvl_C,bMotor_C_backward,False,poll
2026-03-20 10:01:46.139,gvl_C,bMotor_C_forward,False,poll
2026-03-20 10:01:46.139,gvl_C,bMotor_C_clockwise,False,poll
2026-03-20 10:01:46.139,gvl_C,bMotor_C_counterclockwise,False,poll
2026-03-20 10:01:46.139,gvl_C,bCompressor_C,False,poll
2026-03-20 10:01:46.139,gvl_C,bValve_C,False,poll
2026-03-20 10:01:46.139,gvl_HBW,bReferenceSwitch_HBW_horizontal,True,poll
2026-03-20 10:01:46.139,gvl_HBW,bLightBarrier_HBW_inside,True,poll
2026-03-20 10:01:46.139,gvl_HBW,bLightBarrier_HBW_outside,True,poll
2026-03-20 10:01:46.139,gvl_HBW,bReferenceSwitch_HBW_vertical,False,poll
2026-03-20 10:01:46.139,gvl_HBW,bReferenceSwitch_HBW_Cantilever_front,False,poll
2026-03-20 10:01:46.139,gvl_HBW,bReferenceSwitch_HBW_Cantilever_back,False,poll
2026-03-20 10:01:46.139,gvl_HBW,bTrailSensor_HBW_bottom,True,poll
2026-03-20 10:01:46.139,gvl_HBW,bTrailSensor_HBW_top,True,poll
2026-03-20 10:01:46.139,gvl_HBW,bEncoderImpulse_HBW_horizontal1,False,poll
2026-03-20 10:01:46.139,gvl_HBW,bEncoderImpulse_HBW_horizontal2,True,poll
2026-03-20 10:01:46.139,gvl_HBW,bEncoderImpulse_HBW_vertical1,False,poll
2026-03-20 10:01:46.139,gvl_HBW,bEncoderImpulse_HBW_vertical2,False,poll
2026-03-20 10:01:46.139,gvl_HBW,bMotor_HBW_ConveyorBelt_forward,False,poll
2026-03-20 10:01:46.139,gvl_HBW,bMotor_HBW_ConveyorBelt_backward,False,poll
2026-03-20 10:01:46.139,gvl_HBW,bMotor_HBW_StackerCrane_torack,False,poll
2026-03-20 10:01:46.139,gvl_HBW,bMotor_HBW_StackerCrane_toconveyorbelt,False,poll
2026-03-20 10:01:46.139,gvl_HBW,bMotor_HBW_StackerCrane_downward,False,poll
2026-03-20 10:01:46.139,gvl_HBW,bMotor_HBW_StackerCrane_upward,False,poll
2026-03-20 10:01:46.139,gvl_HBW,bMotor_HBW_Cantilever_forward,False,poll
2026-03-20 10:01:46.139,gvl_HBW,bMotor_HBW_Cantilever_backward,False,poll
2026-03-20 10:01:46.139,gvl_MS,bReferenceSwitch_MS_Turntable_attransferunit,False,poll
2026-03-20 10:01:46.139,gvl_MS,bReferenceSwitch_MS_Turntable_atconveyorbelt,False,poll
2026-03-20 10:01:46.139,gvl_MS,bLightBarrier_MS_conveyorbelt,False,poll
2026-03-20 10:01:46.139,gvl_MS,bReferenceSwitch_MS_Turntable_atsaw,False,poll
2026-03-20 10:01:46.139,gvl_MS,bReferenceSwitch_MS_TransferUnit_atturntable,True,poll
2026-03-20 10:01:46.139,gvl_MS,bReferenceSwitch_MS_OvenSlider_inside,False,poll
2026-03-20 10:01:46.139,gvl_MS,bReferenceSwitch_MS_OvenSlider_outside,True,poll
2026-03-20 10:01:46.139,gvl_MS,bReferenceSwitch_MS_TransferUnit_atoven,False,poll
2026-03-20 10:01:46.139,gvl_MS,bLightBarrier_MS_oven,True,poll
2026-03-20 10:01:46.139,gvl_MS,bMotor_MS_Turntable_clockwise,False,poll
2026-03-20 10:01:46.139,gvl_MS,bMotor_MS_Turntable_counterclockwise,False,poll
2026-03-20 10:01:46.139,gvl_MS,bMotor_MS_ConveyorBelt_forward,False,poll
2026-03-20 10:01:46.139,gvl_MS,bMotor_MS_Saw,False,poll
2026-03-20 10:01:46.139,gvl_MS,bMotor_MS_OvenSlider_movein,False,poll
2026-03-20 10:01:46.139,gvl_MS,bMotor_MS_OvenSlider_moveout,False,poll
2026-03-20 10:01:46.139,gvl_MS,bMotor_MS_TransferUnit_tooven,False,poll
2026-03-20 10:01:46.139,gvl_MS,bMotor_MS_TransferUnit_toturntable,False,poll
2026-03-20 10:01:46.139,gvl_MS,bLamp_MS,False,poll
2026-03-20 10:01:46.139,gvl_MS,bCompressor_MS,False,poll
2026-03-20 10:01:46.139,gvl_MS,bValve_MS_Vacuum,False,poll
2026-03-20 10:01:46.139,gvl_MS,bValve_MS_TransferUnit,False,poll
2026-03-20 10:01:46.139,gvl_MS,bValve_MS_OvenDoor,False,poll
2026-03-20 10:01:46.139,gvl_MS,bValve_MS_Ejector,False,poll
2026-03-20 10:01:46.139,gvl_PM,bLightBarrier_PM_entry,True,poll
2026-03-20 10:01:46.139,gvl_PM,bLightBarrier_PM_tool,True,poll
2026-03-20 10:01:46.139,gvl_PM,bReferenceSwitch_PM_top,False,poll
2026-03-20 10:01:46.139,gvl_PM,bReferenceSwitch_PM_bottom,True,poll
2026-03-20 10:01:46.139,gvl_PM,bMotor_PM_ConveyorBelt_forward,False,poll
2026-03-20 10:01:46.139,gvl_PM,bMotor_PM_ConveyorBelt_backward,False,poll
2026-03-20 10:01:46.139,gvl_PM,bMotor_PM_Tool_upward,False,poll
2026-03-20 10:01:46.139,gvl_PM,bMotor_PM_Tool_downward,False,poll
2026-03-20 10:01:46.139,gvl_SL,bPulseCounter_SL,False,poll
2026-03-20 10:01:46.139,gvl_SL,bLightBarrier_SL_beforecolor,True,poll
2026-03-20 10:01:46.139,gvl_SL,bLightBarrier_SL_aftercolor,True,poll
2026-03-20 10:01:46.139,gvl_SL,bLightBarrier_SL_white,True,poll
2026-03-20 10:01:46.139,gvl_SL,bLightBarrier_SL_red,True,poll
2026-03-20 10:01:46.139,gvl_SL,bLightBarrier_SL_blue,True,poll
2026-03-20 10:01:46.139,gvl_SL,iColorSensor_SL,0,poll
2026-03-20 10:01:46.139,gvl_SL,bMotor_SL_ConveyorBelt,False,poll
2026-03-20 10:01:46.139,gvl_SL,bCompressor_SL,False,poll
2026-03-20 10:01:46.139,gvl_SL,bValve_SL_white,False,poll
2026-03-20 10:01:46.139,gvl_SL,bValve_SL_red,False,poll
2026-03-20 10:01:46.139,gvl_SL,bValve_SL_blue,False,poll
2026-03-20 10:01:46.139,LocalVariables,iC_CoordH,35,poll
2026-03-20 10:01:46.139,LocalVariables,iC_CoordV,0,poll
2026-03-20 10:01:46.139,LocalVariables,iC_CoordR,35,poll
2026-03-20 10:01:46.139,LocalVariables,eC_PickingStation,0,poll
2026-03-20 10:01:46.139,LocalVariables,eC_PlacingStation,0,poll
2026-03-20 10:01:46.139,LocalVariables,iC_Coord_Picking,"[[1340, 170, 150, 445], [380, 800, 367, 435], [800, 301, 580, 800]]",poll
2026-03-20 10:01:46.139,LocalVariables,iC_Coord_Placing,"[[890, 870], [500, 1343], [180, 150]]",poll
2026-03-20 10:01:46.516,gvl_SL,iColorSensor_SL,1,event
2026-03-20 10:01:46.717,gvl_SL,iColorSensor_SL,0,event
2026-03-20 10:01:46.883,gvl_C,bReferenceSwitch_C_vertical,True,poll
2026-03-20 10:01:46.883,gvl_C,bReferenceSwitch_C_horizontal,False,poll
2026-03-20 10:01:46.883,gvl_C,bReferenceSwitch_C_rotate,False,poll
2026-03-20 10:01:46.883,gvl_C,bEncoderImpulse_C_vertical1,False,poll
2026-03-20 10:01:46.883,gvl_C,bEncoderImpulse_C_vertical2,True,poll
2026-03-20 10:01:46.883,gvl_C,bEncoderImpulse_C_horizontal1,False,poll
2026-03-20 10:01:46.883,gvl_C,bEncoderImpulse_C_horizontal2,True,poll
2026-03-20 10:01:46.883,gvl_C,bEncoderImpulse_C_rotate1,True,poll
2026-03-20 10:01:46.883,gvl_C,bEncoderImpulse_C_rotate2,False,poll
2026-03-20 10:01:46.883,gvl_C,bMotor_C_upward,False,poll
2026-03-20 10:01:46.883,gvl_C,bMotor_C_downward,False,poll
2026-03-20 10:01:46.883,gvl_C,bMotor_C_backward,False,poll
2026-03-20 10:01:46.883,gvl_C,bMotor_C_forward,False,poll
2026-03-20 10:01:46.883,gvl_C,bMotor_C_clockwise,False,poll
2026-03-20 10:01:46.883,gvl_C,bMotor_C_counterclockwise,False,poll
2026-03-20 10:01:46.883,gvl_C,bCompressor_C,False,poll
2026-03-20 10:01:46.883,gvl_C,bValve_C,False,poll
2026-03-20 10:01:46.883,gvl_HBW,bReferenceSwitch_HBW_horizontal,True,poll
2026-03-20 10:01:46.883,gvl_HBW,bLightBarrier_HBW_inside,True,poll
2026-03-20 10:01:46.883,gvl_HBW,bLightBarrier_HBW_outside,True,poll
2026-03-20 10:01:46.883,gvl_HBW,bReferenceSwitch_HBW_vertical,False,poll
2026-03-20 10:01:46.883,gvl_HBW,bReferenceSwitch_HBW_Cantilever_front,False,poll
2026-03-20 10:01:46.883,gvl_HBW,bReferenceSwitch_HBW_Cantilever_back,False,poll
2026-03-20 10:01:46.883,gvl_HBW,bTrailSensor_HBW_bottom,True,poll
2026-03-20 10:01:46.883,gvl_HBW,bTrailSensor_HBW_top,True,poll
2026-03-20 10:01:46.883,gvl_HBW,bEncoderImpulse_HBW_horizontal1,False,poll
2026-03-20 10:01:46.883,gvl_HBW,bEncoderImpulse_HBW_horizontal2,True,poll
2026-03-20 10:01:46.883,gvl_HBW,bEncoderImpulse_HBW_vertical1,False,poll
2026-03-20 10:01:46.883,gvl_HBW,bEncoderImpulse_HBW_vertical2,False,poll
2026-03-20 10:01:46.883,gvl_HBW,bMotor_HBW_ConveyorBelt_forward,False,poll
2026-03-20 10:01:46.883,gvl_HBW,bMotor_HBW_ConveyorBelt_backward,False,poll
2026-03-20 10:01:46.883,gvl_HBW,bMotor_HBW_StackerCrane_torack,False,poll
2026-03-20 10:01:46.883,gvl_HBW,bMotor_HBW_StackerCrane_toconveyorbelt,False,poll
2026-03-20 10:01:46.883,gvl_HBW,bMotor_HBW_StackerCrane_downward,False,poll
2026-03-20 10:01:46.883,gvl_HBW,bMotor_HBW_StackerCrane_upward,False,poll
2026-03-20 10:01:46.883,gvl_HBW,bMotor_HBW_Cantilever_forward,False,poll
2026-03-20 10:01:46.883,gvl_HBW,bMotor_HBW_Cantilever_backward,False,poll
2026-03-20 10:01:46.883,gvl_MS,bReferenceSwitch_MS_Turntable_attransferunit,False,poll
2026-03-20 10:01:46.883,gvl_MS,bReferenceSwitch_MS_Turntable_atconveyorbelt,False,poll
2026-03-20 10:01:46.883,gvl_MS,bLightBarrier_MS_conveyorbelt,False,poll
2026-03-20 10:01:46.883,gvl_MS,bReferenceSwitch_MS_Turntable_atsaw,False,poll
2026-03-20 10:01:46.883,gvl_MS,bReferenceSwitch_MS_TransferUnit_atturntable,True,poll
2026-03-20 10:01:46.883,gvl_MS,bReferenceSwitch_MS_OvenSlider_inside,False,poll
2026-03-20 10:01:46.883,gvl_MS,bReferenceSwitch_MS_OvenSlider_outside,True,poll
2026-03-20 10:01:46.883,gvl_MS,bReferenceSwitch_MS_TransferUnit_atoven,False,poll
2026-03-20 10:01:46.883,gvl_MS,bLightBarrier_MS_oven,True,poll
2026-03-20 10:01:46.883,gvl_MS,bMotor_MS_Turntable_clockwise,False,poll
2026-03-20 10:01:46.883,gvl_MS,bMotor_MS_Turntable_counterclockwise,False,poll
2026-03-20 10:01:46.883,gvl_MS,bMotor_MS_ConveyorBelt_forward,False,poll
2026-03-20 10:01:46.883,gvl_MS,bMotor_MS_Saw,False,poll
2026-03-20 10:01:46.883,gvl_MS,bMotor_MS_OvenSlider_movein,False,poll
2026-03-20 10:01:46.883,gvl_MS,bMotor_MS_OvenSlider_moveout,False,poll
2026-03-20 10:01:46.883,gvl_MS,bMotor_MS_TransferUnit_tooven,False,poll
2026-03-20 10:01:46.883,gvl_MS,bMotor_MS_TransferUnit_toturntable,False,poll
2026-03-20 10:01:46.883,gvl_MS,bLamp_MS,False,poll
2026-03-20 10:01:46.883,gvl_MS,bCompressor_MS,False,poll
2026-03-20 10:01:46.883,gvl_MS,bValve_MS_Vacuum,False,poll
2026-03-20 10:01:46.883,gvl_MS,bValve_MS_TransferUnit,False,poll
2026-03-20 10:01:46.883,gvl_MS,bValve_MS_OvenDoor,False,poll
2026-03-20 10:01:46.883,gvl_MS,bValve_MS_Ejector,False,poll
2026-03-20 10:01:46.883,gvl_PM,bLightBarrier_PM_entry,True,poll
2026-03-20 10:01:46.883,gvl_PM,bLightBarrier_PM_tool,True,poll
2026-03-20 10:01:46.883,gvl_PM,bReferenceSwitch_PM_top,False,poll
2026-03-20 10:01:46.883,gvl_PM,bReferenceSwitch_PM_bottom,True,poll
2026-03-20 10:01:46.883,gvl_PM,bMotor_PM_ConveyorBelt_forward,False,poll
2026-03-20 10:01:46.883,gvl_PM,bMotor_PM_ConveyorBelt_backward,False,poll
2026-03-20 10:01:46.883,gvl_PM,bMotor_PM_Tool_upward,False,poll
2026-03-20 10:01:46.883,gvl_PM,bMotor_PM_Tool_downward,False,poll
2026-03-20 10:01:46.883,gvl_SL,bPulseCounter_SL,False,poll
2026-03-20 10:01:46.883,gvl_SL,bLightBarrier_SL_beforecolor,True,poll
2026-03-20 10:01:46.883,gvl_SL,bLightBarrier_SL_aftercolor,True,poll
2026-03-20 10:01:46.883,gvl_SL,bLightBarrier_SL_white,True,poll
2026-03-20 10:01:46.883,gvl_SL,bLightBarrier_SL_red,True,poll
2026-03-20 10:01:46.883,gvl_SL,bLightBarrier_SL_blue,True,poll
2026-03-20 10:01:46.883,gvl_SL,iColorSensor_SL,0,poll
2026-03-20 10:01:46.883,gvl_SL,bMotor_SL_ConveyorBelt,False,poll
2026-03-20 10:01:46.883,gvl_SL,bCompressor_SL,False,poll
2026-03-20 10:01:46.883,gvl_SL,bValve_SL_white,False,poll
2026-03-20 10:01:46.883,gvl_SL,bValve_SL_red,False,poll
2026-03-20 10:01:46.883,gvl_SL,bValve_SL_blue,False,poll
2026-03-20 10:01:46.883,LocalVariables,iC_CoordH,35,poll
2026-03-20 10:01:46.883,LocalVariables,iC_CoordV,0,poll
2026-03-20 10:01:46.883,LocalVariables,iC_CoordR,35,poll
2026-03-20 10:01:46.883,LocalVariables,eC_PickingStation,0,poll
2026-03-20 10:01:46.883,LocalVariables,eC_PlacingStation,0,poll
2026-03-20 10:01:46.883,LocalVariables,iC_Coord_Picking,"[[1340, 170, 150, 445], [380, 800, 367, 435], [800, 301, 580, 800]]",poll
2026-03-20 10:01:46.883,LocalVariables,iC_Coord_Placing,"[[890, 870], [500, 1343], [180, 150]]",poll
2026-03-20 10:01:47.317,gvl_SL,iColorSensor_SL,1,event
2026-03-20 10:01:47.419,gvl_SL,iColorSensor_SL,0,event
2026-03-20 10:01:47.622,gvl_C,bReferenceSwitch_C_vertical,True,poll
2026-03-20 10:01:47.622,gvl_C,bReferenceSwitch_C_horizontal,False,poll
2026-03-20 10:01:47.622,gvl_C,bReferenceSwitch_C_rotate,False,poll
2026-03-20 10:01:47.622,gvl_C,bEncoderImpulse_C_vertical1,False,poll
2026-03-20 10:01:47.622,gvl_C,bEncoderImpulse_C_vertical2,True,poll
2026-03-20 10:01:47.622,gvl_C,bEncoderImpulse_C_horizontal1,False,poll
2026-03-20 10:01:47.622,gvl_C,bEncoderImpulse_C_horizontal2,True,poll
2026-03-20 10:01:47.622,gvl_C,bEncoderImpulse_C_rotate1,True,poll
2026-03-20 10:01:47.622,gvl_C,bEncoderImpulse_C_rotate2,False,poll
2026-03-20 10:01:47.622,gvl_C,bMotor_C_upward,False,poll
2026-03-20 10:01:47.622,gvl_C,bMotor_C_downward,False,poll
2026-03-20 10:01:47.622,gvl_C,bMotor_C_backward,False,poll
2026-03-20 10:01:47.622,gvl_C,bMotor_C_forward,False,poll
2026-03-20 10:01:47.622,gvl_C,bMotor_C_clockwise,False,poll
2026-03-20 10:01:47.622,gvl_C,bMotor_C_counterclockwise,False,poll
2026-03-20 10:01:47.622,gvl_C,bCompressor_C,False,poll
2026-03-20 10:01:47.622,gvl_C,bValve_C,False,poll
2026-03-20 10:01:47.622,gvl_HBW,bReferenceSwitch_HBW_horizontal,True,poll
2026-03-20 10:01:47.622,gvl_HBW,bLightBarrier_HBW_inside,True,poll
2026-03-20 10:01:47.622,gvl_HBW,bLightBarrier_HBW_outside,True,poll
2026-03-20 10:01:47.622,gvl_HBW,bReferenceSwitch_HBW_vertical,False,poll
2026-03-20 10:01:47.622,gvl_HBW,bReferenceSwitch_HBW_Cantilever_front,False,poll
2026-03-20 10:01:47.622,gvl_HBW,bReferenceSwitch_HBW_Cantilever_back,False,poll
2026-03-20 10:01:47.622,gvl_HBW,bTrailSensor_HBW_bottom,True,poll
2026-03-20 10:01:47.622,gvl_HBW,bTrailSensor_HBW_top,True,poll
2026-03-20 10:01:47.622,gvl_HBW,bEncoderImpulse_HBW_horizontal1,False,poll
2026-03-20 10:01:47.622,gvl_HBW,bEncoderImpulse_HBW_horizontal2,True,poll
2026-03-20 10:01:47.622,gvl_HBW,bEncoderImpulse_HBW_vertical1,False,poll
2026-03-20 10:01:47.622,gvl_HBW,bEncoderImpulse_HBW_vertical2,False,poll
2026-03-20 10:01:47.622,gvl_HBW,bMotor_HBW_ConveyorBelt_forward,False,poll
2026-03-20 10:01:47.622,gvl_HBW,bMotor_HBW_ConveyorBelt_backward,False,poll
2026-03-20 10:01:47.622,gvl_HBW,bMotor_HBW_StackerCrane_torack,False,poll
2026-03-20 10:01:47.718,gvl_SL,iColorSensor_SL,1,event
2026-03-20 10:01:47.622,gvl_HBW,bMotor_HBW_StackerCrane_toconveyorbelt,False,poll
2026-03-20 10:01:47.622,gvl_HBW,bMotor_HBW_StackerCrane_downward,False,poll
2026-03-20 10:01:47.622,gvl_HBW,bMotor_HBW_StackerCrane_upward,False,poll
2026-03-20 10:01:47.622,gvl_HBW,bMotor_HBW_Cantilever_forward,False,poll
2026-03-20 10:01:47.622,gvl_HBW,bMotor_HBW_Cantilever_backward,False,poll
2026-03-20 10:01:47.622,gvl_MS,bReferenceSwitch_MS_Turntable_attransferunit,False,poll
2026-03-20 10:01:47.622,gvl_MS,bReferenceSwitch_MS_Turntable_atconveyorbelt,False,poll
2026-03-20 10:01:47.622,gvl_MS,bLightBarrier_MS_conveyorbelt,False,poll
2026-03-20 10:01:47.622,gvl_MS,bReferenceSwitch_MS_Turntable_atsaw,False,poll
2026-03-20 10:01:47.622,gvl_MS,bReferenceSwitch_MS_TransferUnit_atturntable,True,poll
2026-03-20 10:01:47.622,gvl_MS,bReferenceSwitch_MS_OvenSlider_inside,False,poll
2026-03-20 10:01:47.622,gvl_MS,bReferenceSwitch_MS_OvenSlider_outside,True,poll
2026-03-20 10:01:47.622,gvl_MS,bReferenceSwitch_MS_TransferUnit_atoven,False,poll
2026-03-20 10:01:47.622,gvl_MS,bLightBarrier_MS_oven,True,poll
2026-03-20 10:01:47.622,gvl_MS,bMotor_MS_Turntable_clockwise,False,poll
2026-03-20 10:01:47.622,gvl_MS,bMotor_MS_Turntable_counterclockwise,False,poll
2026-03-20 10:01:47.622,gvl_MS,bMotor_MS_ConveyorBelt_forward,False,poll
2026-03-20 10:01:47.622,gvl_MS,bMotor_MS_Saw,False,poll
2026-03-20 10:01:47.622,gvl_MS,bMotor_MS_OvenSlider_movein,False,poll
2026-03-20 10:01:47.622,gvl_MS,bMotor_MS_OvenSlider_moveout,False,poll
2026-03-20 10:01:47.622,gvl_MS,bMotor_MS_TransferUnit_tooven,False,poll
2026-03-20 10:01:47.622,gvl_MS,bMotor_MS_TransferUnit_toturntable,False,poll
2026-03-20 10:01:47.622,gvl_MS,bLamp_MS,False,poll
2026-03-20 10:01:47.622,gvl_MS,bCompressor_MS,False,poll
2026-03-20 10:01:47.622,gvl_MS,bValve_MS_Vacuum,False,poll
2026-03-20 10:01:47.622,gvl_MS,bValve_MS_TransferUnit,False,poll
2026-03-20 10:01:47.622,gvl_MS,bValve_MS_OvenDoor,False,poll
2026-03-20 10:01:47.622,gvl_MS,bValve_MS_Ejector,False,poll
2026-03-20 10:01:47.622,gvl_PM,bLightBarrier_PM_entry,True,poll
2026-03-20 10:01:47.622,gvl_PM,bLightBarrier_PM_tool,True,poll
2026-03-20 10:01:47.818,gvl_SL,iColorSensor_SL,0,event
2026-03-20 10:01:47.622,gvl_PM,bReferenceSwitch_PM_top,False,poll
2026-03-20 10:01:47.622,gvl_PM,bReferenceSwitch_PM_bottom,True,poll
2026-03-20 10:01:47.622,gvl_PM,bMotor_PM_ConveyorBelt_forward,False,poll
2026-03-20 10:01:47.622,gvl_PM,bMotor_PM_ConveyorBelt_backward,False,poll
2026-03-20 10:01:47.622,gvl_PM,bMotor_PM_Tool_upward,False,poll
2026-03-20 10:01:47.622,gvl_PM,bMotor_PM_Tool_downward,False,poll
2026-03-20 10:01:47.622,gvl_SL,bPulseCounter_SL,False,poll
2026-03-20 10:01:47.622,gvl_SL,bLightBarrier_SL_beforecolor,True,poll
2026-03-20 10:01:47.622,gvl_SL,bLightBarrier_SL_aftercolor,True,poll
2026-03-20 10:01:47.622,gvl_SL,bLightBarrier_SL_white,True,poll
2026-03-20 10:01:47.622,gvl_SL,bLightBarrier_SL_red,True,poll
2026-03-20 10:01:47.622,gvl_SL,bLightBarrier_SL_blue,True,poll
2026-03-20 10:01:47.622,gvl_SL,iColorSensor_SL,0,poll
2026-03-20 10:01:47.622,gvl_SL,bMotor_SL_ConveyorBelt,False,poll
2026-03-20 10:01:47.622,gvl_SL,bCompressor_SL,False,poll
2026-03-20 10:01:47.622,gvl_SL,bValve_SL_white,False,poll
2026-03-20 10:01:47.622,gvl_SL,bValve_SL_red,False,poll
2026-03-20 10:01:47.622,gvl_SL,bValve_SL_blue,False,poll
2026-03-20 10:01:47.622,LocalVariables,iC_CoordH,35,poll
2026-03-20 10:01:47.622,LocalVariables,iC_CoordV,0,poll
2026-03-20 10:01:47.622,LocalVariables,iC_CoordR,35,poll
2026-03-20 10:01:47.622,LocalVariables,eC_PickingStation,0,poll
2026-03-20 10:01:47.622,LocalVariables,eC_PlacingStation,0,poll
2026-03-20 10:01:47.622,LocalVariables,iC_Coord_Picking,"[[1340, 170, 150, 445], [380, 800, 367, 435], [800, 301, 580, 800]]",poll
2026-03-20 10:01:47.622,LocalVariables,iC_Coord_Placing,"[[890, 870], [500, 1343], [180, 150]]",poll
2026-03-20 10:01:48.116,gvl_SL,iColorSensor_SL,1,event
2026-03-20 10:01:48.217,gvl_SL,iColorSensor_SL,0,event
2026-03-20 10:01:48.402,gvl_C,bReferenceSwitch_C_vertical,True,poll
2026-03-20 10:01:48.402,gvl_C,bReferenceSwitch_C_horizontal,False,poll
2026-03-20 10:01:48.402,gvl_C,bReferenceSwitch_C_rotate,False,poll
2026-03-20 10:01:48.418,gvl_SL,iColorSensor_SL,1,event
2026-03-20 10:01:48.402,gvl_C,bEncoderImpulse_C_vertical1,False,poll
2026-03-20 10:01:48.402,gvl_C,bEncoderImpulse_C_vertical2,True,poll
2026-03-20 10:01:48.402,gvl_C,bEncoderImpulse_C_horizontal1,False,poll
2026-03-20 10:01:48.402,gvl_C,bEncoderImpulse_C_horizontal2,True,poll
2026-03-20 10:01:48.402,gvl_C,bEncoderImpulse_C_rotate1,True,poll
2026-03-20 10:01:48.402,gvl_C,bEncoderImpulse_C_rotate2,False,poll
2026-03-20 10:01:48.402,gvl_C,bMotor_C_upward,False,poll
2026-03-20 10:01:48.402,gvl_C,bMotor_C_downward,False,poll
2026-03-20 10:01:48.402,gvl_C,bMotor_C_backward,False,poll
2026-03-20 10:01:48.402,gvl_C,bMotor_C_forward,False,poll
2026-03-20 10:01:48.402,gvl_C,bMotor_C_clockwise,False,poll
2026-03-20 10:01:48.402,gvl_C,bMotor_C_counterclockwise,False,poll
2026-03-20 10:01:48.402,gvl_C,bCompressor_C,False,poll
2026-03-20 10:01:48.402,gvl_C,bValve_C,False,poll
2026-03-20 10:01:48.402,gvl_HBW,bReferenceSwitch_HBW_horizontal,True,poll
2026-03-20 10:01:48.402,gvl_HBW,bLightBarrier_HBW_inside,True,poll
2026-03-20 10:01:48.402,gvl_HBW,bLightBarrier_HBW_outside,True,poll
2026-03-20 10:01:48.402,gvl_HBW,bReferenceSwitch_HBW_vertical,False,poll
2026-03-20 10:01:48.402,gvl_HBW,bReferenceSwitch_HBW_Cantilever_front,False,poll
2026-03-20 10:01:48.402,gvl_HBW,bReferenceSwitch_HBW_Cantilever_back,False,poll
2026-03-20 10:01:48.402,gvl_HBW,bTrailSensor_HBW_bottom,True,poll
2026-03-20 10:01:48.402,gvl_HBW,bTrailSensor_HBW_top,True,poll
2026-03-20 10:01:48.402,gvl_HBW,bEncoderImpulse_HBW_horizontal1,False,poll
2026-03-20 10:01:48.402,gvl_HBW,bEncoderImpulse_HBW_horizontal2,True,poll
2026-03-20 10:01:48.402,gvl_HBW,bEncoderImpulse_HBW_vertical1,False,poll
2026-03-20 10:01:48.402,gvl_HBW,bEncoderImpulse_HBW_vertical2,False,poll
2026-03-20 10:01:48.402,gvl_HBW,bMotor_HBW_ConveyorBelt_forward,False,poll
2026-03-20 10:01:48.402,gvl_HBW,bMotor_HBW_ConveyorBelt_backward,False,poll
2026-03-20 10:01:48.402,gvl_HBW,bMotor_HBW_StackerCrane_torack,False,poll
2026-03-20 10:01:48.402,gvl_HBW,bMotor_HBW_StackerCrane_toconveyorbelt,False,poll
2026-03-20 10:01:48.402,gvl_HBW,bMotor_HBW_StackerCrane_downward,False,poll
2026-03-20 10:01:48.402,gvl_HBW,bMotor_HBW_StackerCrane_upward,False,poll
2026-03-20 10:01:48.402,gvl_HBW,bMotor_HBW_Cantilever_forward,False,poll
2026-03-20 10:01:48.402,gvl_HBW,bMotor_HBW_Cantilever_backward,False,poll
2026-03-20 10:01:48.402,gvl_MS,bReferenceSwitch_MS_Turntable_attransferunit,False,poll
2026-03-20 10:01:48.402,gvl_MS,bReferenceSwitch_MS_Turntable_atconveyorbelt,False,poll
2026-03-20 10:01:48.402,gvl_MS,bLightBarrier_MS_conveyorbelt,False,poll
2026-03-20 10:01:48.402,gvl_MS,bReferenceSwitch_MS_Turntable_atsaw,False,poll
2026-03-20 10:01:48.402,gvl_MS,bReferenceSwitch_MS_TransferUnit_atturntable,True,poll
2026-03-20 10:01:48.402,gvl_MS,bReferenceSwitch_MS_OvenSlider_inside,False,poll
2026-03-20 10:01:48.402,gvl_MS,bReferenceSwitch_MS_OvenSlider_outside,True,poll
2026-03-20 10:01:48.402,gvl_MS,bReferenceSwitch_MS_TransferUnit_atoven,False,poll
2026-03-20 10:01:48.402,gvl_MS,bLightBarrier_MS_oven,True,poll
2026-03-20 10:01:48.402,gvl_MS,bMotor_MS_Turntable_clockwise,False,poll
2026-03-20 10:01:48.402,gvl_MS,bMotor_MS_Turntable_counterclockwise,False,poll
2026-03-20 10:01:48.402,gvl_MS,bMotor_MS_ConveyorBelt_forward,False,poll
2026-03-20 10:01:48.402,gvl_MS,bMotor_MS_Saw,False,poll
2026-03-20 10:01:48.402,gvl_MS,bMotor_MS_OvenSlider_movein,False,poll
2026-03-20 10:01:48.516,gvl_SL,iColorSensor_SL,0,event
2026-03-20 10:01:48.402,gvl_MS,bMotor_MS_OvenSlider_moveout,False,poll
2026-03-20 10:01:48.402,gvl_MS,bMotor_MS_TransferUnit_tooven,False,poll
2026-03-20 10:01:48.402,gvl_MS,bMotor_MS_TransferUnit_toturntable,False,poll
2026-03-20 10:01:48.402,gvl_MS,bLamp_MS,False,poll
2026-03-20 10:01:48.402,gvl_MS,bCompressor_MS,False,poll
2026-03-20 10:01:48.402,gvl_MS,bValve_MS_Vacuum,False,poll
2026-03-20 10:01:48.402,gvl_MS,bValve_MS_TransferUnit,False,poll
2026-03-20 10:01:48.402,gvl_MS,bValve_MS_OvenDoor,False,poll
2026-03-20 10:01:48.402,gvl_MS,bValve_MS_Ejector,False,poll
2026-03-20 10:01:48.402,gvl_PM,bLightBarrier_PM_entry,True,poll
2026-03-20 10:01:48.402,gvl_PM,bLightBarrier_PM_tool,True,poll
2026-03-20 10:01:48.402,gvl_PM,bReferenceSwitch_PM_top,False,poll
2026-03-20 10:01:48.402,gvl_PM,bReferenceSwitch_PM_bottom,True,poll
2026-03-20 10:01:48.402,gvl_PM,bMotor_PM_ConveyorBelt_forward,False,poll
2026-03-20 10:01:48.402,gvl_PM,bMotor_PM_ConveyorBelt_backward,False,poll
2026-03-20 10:01:48.402,gvl_PM,bMotor_PM_Tool_upward,False,poll
2026-03-20 10:01:48.402,gvl_PM,bMotor_PM_Tool_downward,False,poll
2026-03-20 10:01:48.402,gvl_SL,bPulseCounter_SL,False,poll
2026-03-20 10:01:48.402,gvl_SL,bLightBarrier_SL_beforecolor,True,poll
2026-03-20 10:01:48.402,gvl_SL,bLightBarrier_SL_aftercolor,True,poll
2026-03-20 10:01:48.402,gvl_SL,bLightBarrier_SL_white,True,poll
2026-03-20 10:01:48.402,gvl_SL,bLightBarrier_SL_red,True,poll
2026-03-20 10:01:48.402,gvl_SL,bLightBarrier_SL_blue,True,poll
2026-03-20 10:01:48.402,gvl_SL,iColorSensor_SL,0,poll
2026-03-20 10:01:48.402,gvl_SL,bMotor_SL_ConveyorBelt,False,poll
2026-03-20 10:01:48.402,gvl_SL,bCompressor_SL,False,poll
2026-03-20 10:01:48.402,gvl_SL,bValve_SL_white,False,poll
2026-03-20 10:01:48.402,gvl_SL,bValve_SL_red,False,poll
2026-03-20 10:01:48.402,gvl_SL,bValve_SL_blue,False,poll
2026-03-20 10:01:48.402,LocalVariables,iC_CoordH,35,poll
2026-03-20 10:01:48.402,LocalVariables,iC_CoordV,0,poll
2026-03-20 10:01:48.402,LocalVariables,iC_CoordR,35,poll
2026-03-20 10:01:48.402,LocalVariables,eC_PickingStation,0,poll
2026-03-20 10:01:48.402,LocalVariables,eC_PlacingStation,0,poll
2026-03-20 10:01:48.402,LocalVariables,iC_Coord_Picking,"[[1340, 170, 150, 445], [380, 800, 367, 435], [800, 301, 580, 800]]",poll
2026-03-20 10:01:48.402,LocalVariables,iC_Coord_Placing,"[[890, 870], [500, 1343], [180, 150]]",poll
2026-03-20 10:01:48.618,gvl_SL,iColorSensor_SL,1,event
2026-03-20 10:01:48.718,gvl_SL,iColorSensor_SL,0,event
2026-03-20 10:01:49.018,gvl_SL,iColorSensor_SL,1,event
2026-03-20 10:01:49.096,gvl_C,bReferenceSwitch_C_vertical,True,poll
2026-03-20 10:01:49.096,gvl_C,bReferenceSwitch_C_horizontal,False,poll
2026-03-20 10:01:49.096,gvl_C,bReferenceSwitch_C_rotate,False,poll
2026-03-20 10:01:49.096,gvl_C,bEncoderImpulse_C_vertical1,False,poll
2026-03-20 10:01:49.096,gvl_C,bEncoderImpulse_C_vertical2,True,poll
2026-03-20 10:01:49.118,gvl_SL,iColorSensor_SL,0,event
2026-03-20 10:01:49.096,gvl_C,bEncoderImpulse_C_horizontal1,False,poll
2026-03-20 10:01:49.096,gvl_C,bEncoderImpulse_C_horizontal2,True,poll
2026-03-20 10:01:49.096,gvl_C,bEncoderImpulse_C_rotate1,True,poll
2026-03-20 10:01:49.096,gvl_C,bEncoderImpulse_C_rotate2,False,poll
2026-03-20 10:01:49.096,gvl_C,bMotor_C_upward,False,poll
2026-03-20 10:01:49.096,gvl_C,bMotor_C_downward,False,poll
2026-03-20 10:01:49.096,gvl_C,bMotor_C_backward,False,poll
2026-03-20 10:01:49.096,gvl_C,bMotor_C_forward,False,poll
2026-03-20 10:01:49.096,gvl_C,bMotor_C_clockwise,False,poll
2026-03-20 10:01:49.096,gvl_C,bMotor_C_counterclockwise,False,poll
2026-03-20 10:01:49.096,gvl_C,bCompressor_C,False,poll
2026-03-20 10:01:49.096,gvl_C,bValve_C,False,poll
2026-03-20 10:01:49.096,gvl_HBW,bReferenceSwitch_HBW_horizontal,True,poll
2026-03-20 10:01:49.096,gvl_HBW,bLightBarrier_HBW_inside,True,poll
2026-03-20 10:01:49.096,gvl_HBW,bLightBarrier_HBW_outside,True,poll
2026-03-20 10:01:49.096,gvl_HBW,bReferenceSwitch_HBW_vertical,False,poll
2026-03-20 10:01:49.096,gvl_HBW,bReferenceSwitch_HBW_Cantilever_front,False,poll
2026-03-20 10:01:49.096,gvl_HBW,bReferenceSwitch_HBW_Cantilever_back,False,poll
2026-03-20 10:01:49.096,gvl_HBW,bTrailSensor_HBW_bottom,True,poll
2026-03-20 10:01:49.096,gvl_HBW,bTrailSensor_HBW_top,True,poll
2026-03-20 10:01:49.096,gvl_HBW,bEncoderImpulse_HBW_horizontal1,False,poll
2026-03-20 10:01:49.096,gvl_HBW,bEncoderImpulse_HBW_horizontal2,True,poll
2026-03-20 10:01:49.096,gvl_HBW,bEncoderImpulse_HBW_vertical1,False,poll
2026-03-20 10:01:49.096,gvl_HBW,bEncoderImpulse_HBW_vertical2,False,poll
2026-03-20 10:01:49.096,gvl_HBW,bMotor_HBW_ConveyorBelt_forward,False,poll
2026-03-20 10:01:49.096,gvl_HBW,bMotor_HBW_ConveyorBelt_backward,False,poll
2026-03-20 10:01:49.096,gvl_HBW,bMotor_HBW_StackerCrane_torack,False,poll
2026-03-20 10:01:49.096,gvl_HBW,bMotor_HBW_StackerCrane_toconveyorbelt,False,poll
2026-03-20 10:01:49.096,gvl_HBW,bMotor_HBW_StackerCrane_downward,False,poll
2026-03-20 10:01:49.096,gvl_HBW,bMotor_HBW_StackerCrane_upward,False,poll
2026-03-20 10:01:49.096,gvl_HBW,bMotor_HBW_Cantilever_forward,False,poll
2026-03-20 10:01:49.096,gvl_HBW,bMotor_HBW_Cantilever_backward,False,poll
2026-03-20 10:01:49.096,gvl_MS,bReferenceSwitch_MS_Turntable_attransferunit,False,poll
2026-03-20 10:01:49.096,gvl_MS,bReferenceSwitch_MS_Turntable_atconveyorbelt,False,poll
2026-03-20 10:01:49.096,gvl_MS,bLightBarrier_MS_conveyorbelt,False,poll
2026-03-20 10:01:49.096,gvl_MS,bReferenceSwitch_MS_Turntable_atsaw,False,poll
2026-03-20 10:01:49.096,gvl_MS,bReferenceSwitch_MS_TransferUnit_atturntable,True,poll
2026-03-20 10:01:49.096,gvl_MS,bReferenceSwitch_MS_OvenSlider_inside,False,poll
2026-03-20 10:01:49.096,gvl_MS,bReferenceSwitch_MS_OvenSlider_outside,True,poll
2026-03-20 10:01:49.096,gvl_MS,bReferenceSwitch_MS_TransferUnit_atoven,False,poll
2026-03-20 10:01:49.096,gvl_MS,bLightBarrier_MS_oven,True,poll
2026-03-20 10:01:49.096,gvl_MS,bMotor_MS_Turntable_clockwise,False,poll
2026-03-20 10:01:49.096,gvl_MS,bMotor_MS_Turntable_counterclockwise,False,poll
2026-03-20 10:01:49.096,gvl_MS,bMotor_MS_ConveyorBelt_forward,False,poll
2026-03-20 10:01:49.096,gvl_MS,bMotor_MS_Saw,False,poll
2026-03-20 10:01:49.096,gvl_MS,bMotor_MS_OvenSlider_movein,False,poll
2026-03-20 10:01:49.096,gvl_MS,bMotor_MS_OvenSlider_moveout,False,poll
2026-03-20 10:01:49.096,gvl_MS,bMotor_MS_TransferUnit_tooven,False,poll
2026-03-20 10:01:49.096,gvl_MS,bMotor_MS_TransferUnit_toturntable,False,poll
2026-03-20 10:01:49.096,gvl_MS,bLamp_MS,False,poll
2026-03-20 10:01:49.096,gvl_MS,bCompressor_MS,False,poll
2026-03-20 10:01:49.096,gvl_MS,bValve_MS_Vacuum,False,poll
2026-03-20 10:01:49.096,gvl_MS,bValve_MS_TransferUnit,False,poll
2026-03-20 10:01:49.096,gvl_MS,bValve_MS_OvenDoor,False,poll
2026-03-20 10:01:49.096,gvl_MS,bValve_MS_Ejector,False,poll
2026-03-20 10:01:49.096,gvl_PM,bLightBarrier_PM_entry,True,poll
2026-03-20 10:01:49.096,gvl_PM,bLightBarrier_PM_tool,True,poll
2026-03-20 10:01:49.096,gvl_PM,bReferenceSwitch_PM_top,False,poll
2026-03-20 10:01:49.096,gvl_PM,bReferenceSwitch_PM_bottom,True,poll
2026-03-20 10:01:49.096,gvl_PM,bMotor_PM_ConveyorBelt_forward,False,poll
2026-03-20 10:01:49.096,gvl_PM,bMotor_PM_ConveyorBelt_backward,False,poll
2026-03-20 10:01:49.096,gvl_PM,bMotor_PM_Tool_upward,False,poll
2026-03-20 10:01:49.096,gvl_PM,bMotor_PM_Tool_downward,False,poll
2026-03-20 10:01:49.096,gvl_SL,bPulseCounter_SL,False,poll
2026-03-20 10:01:49.096,gvl_SL,bLightBarrier_SL_beforecolor,True,poll
2026-03-20 10:01:49.096,gvl_SL,bLightBarrier_SL_aftercolor,True,poll
2026-03-20 10:01:49.096,gvl_SL,bLightBarrier_SL_white,True,poll
2026-03-20 10:01:49.096,gvl_SL,bLightBarrier_SL_red,True,poll
2026-03-20 10:01:49.096,gvl_SL,bLightBarrier_SL_blue,True,poll
2026-03-20 10:01:49.096,gvl_SL,iColorSensor_SL,0,poll
2026-03-20 10:01:49.096,gvl_SL,bMotor_SL_ConveyorBelt,False,poll
2026-03-20 10:01:49.096,gvl_SL,bCompressor_SL,False,poll
2026-03-20 10:01:49.096,gvl_SL,bValve_SL_white,False,poll
2026-03-20 10:01:49.096,gvl_SL,bValve_SL_red,False,poll
2026-03-20 10:01:49.096,gvl_SL,bValve_SL_blue,False,poll
2026-03-20 10:01:49.096,LocalVariables,iC_CoordH,35,poll
2026-03-20 10:01:49.096,LocalVariables,iC_CoordV,0,poll
2026-03-20 10:01:49.096,LocalVariables,iC_CoordR,35,poll
2026-03-20 10:01:49.096,LocalVariables,eC_PickingStation,0,poll
2026-03-20 10:01:49.096,LocalVariables,eC_PlacingStation,0,poll
2026-03-20 10:01:49.096,LocalVariables,iC_Coord_Picking,"[[1340, 170, 150, 445], [380, 800, 367, 435], [800, 301, 580, 800]]",poll
2026-03-20 10:01:49.096,LocalVariables,iC_Coord_Placing,"[[890, 870], [500, 1343], [180, 150]]",poll
2026-03-20 10:01:49.874,gvl_C,bReferenceSwitch_C_vertical,True,poll
2026-03-20 10:01:49.874,gvl_C,bReferenceSwitch_C_horizontal,False,poll
2026-03-20 10:01:49.874,gvl_C,bReferenceSwitch_C_rotate,False,poll
2026-03-20 10:01:49.874,gvl_C,bEncoderImpulse_C_vertical1,False,poll
2026-03-20 10:01:49.874,gvl_C,bEncoderImpulse_C_vertical2,True,poll
2026-03-20 10:01:49.874,gvl_C,bEncoderImpulse_C_horizontal1,False,poll
2026-03-20 10:01:49.874,gvl_C,bEncoderImpulse_C_horizontal2,True,poll
2026-03-20 10:01:49.874,gvl_C,bEncoderImpulse_C_rotate1,True,poll
2026-03-20 10:01:49.874,gvl_C,bEncoderImpulse_C_rotate2,False,poll
2026-03-20 10:01:49.874,gvl_C,bMotor_C_upward,False,poll
2026-03-20 10:01:49.874,gvl_C,bMotor_C_downward,False,poll
2026-03-20 10:01:49.874,gvl_C,bMotor_C_backward,False,poll
2026-03-20 10:01:49.874,gvl_C,bMotor_C_forward,False,poll
2026-03-20 10:01:49.874,gvl_C,bMotor_C_clockwise,False,poll
2026-03-20 10:01:49.874,gvl_C,bMotor_C_counterclockwise,False,poll
2026-03-20 10:01:49.874,gvl_C,bCompressor_C,False,poll
2026-03-20 10:01:49.874,gvl_C,bValve_C,False,poll
2026-03-20 10:01:49.874,gvl_HBW,bReferenceSwitch_HBW_horizontal,True,poll
2026-03-20 10:01:49.874,gvl_HBW,bLightBarrier_HBW_inside,True,poll
2026-03-20 10:01:49.874,gvl_HBW,bLightBarrier_HBW_outside,True,poll
2026-03-20 10:01:49.874,gvl_HBW,bReferenceSwitch_HBW_vertical,False,poll
2026-03-20 10:01:49.874,gvl_HBW,bReferenceSwitch_HBW_Cantilever_front,False,poll
2026-03-20 10:01:49.874,gvl_HBW,bReferenceSwitch_HBW_Cantilever_back,False,poll
2026-03-20 10:01:49.874,gvl_HBW,bTrailSensor_HBW_bottom,True,poll
2026-03-20 10:01:49.874,gvl_HBW,bTrailSensor_HBW_top,True,poll
2026-03-20 10:01:49.874,gvl_HBW,bEncoderImpulse_HBW_horizontal1,False,poll
2026-03-20 10:01:49.874,gvl_HBW,bEncoderImpulse_HBW_horizontal2,True,poll
2026-03-20 10:01:49.874,gvl_HBW,bEncoderImpulse_HBW_vertical1,False,poll
2026-03-20 10:01:49.874,gvl_HBW,bEncoderImpulse_HBW_vertical2,False,poll
2026-03-20 10:01:49.874,gvl_HBW,bMotor_HBW_ConveyorBelt_forward,False,poll
2026-03-20 10:01:49.874,gvl_HBW,bMotor_HBW_ConveyorBelt_backward,False,poll
2026-03-20 10:01:49.874,gvl_HBW,bMotor_HBW_StackerCrane_torack,False,poll
2026-03-20 10:01:49.874,gvl_HBW,bMotor_HBW_StackerCrane_toconveyorbelt,False,poll
2026-03-20 10:01:49.874,gvl_HBW,bMotor_HBW_StackerCrane_downward,False,poll
2026-03-20 10:01:49.874,gvl_HBW,bMotor_HBW_StackerCrane_upward,False,poll
2026-03-20 10:01:49.874,gvl_HBW,bMotor_HBW_Cantilever_forward,False,poll
2026-03-20 10:01:49.874,gvl_HBW,bMotor_HBW_Cantilever_backward,False,poll
2026-03-20 10:01:49.874,gvl_MS,bReferenceSwitch_MS_Turntable_attransferunit,False,poll
2026-03-20 10:01:49.874,gvl_MS,bReferenceSwitch_MS_Turntable_atconveyorbelt,False,poll
2026-03-20 10:01:49.874,gvl_MS,bLightBarrier_MS_conveyorbelt,False,poll
2026-03-20 10:01:49.874,gvl_MS,bReferenceSwitch_MS_Turntable_atsaw,False,poll
2026-03-20 10:01:49.874,gvl_MS,bReferenceSwitch_MS_TransferUnit_atturntable,True,poll
2026-03-20 10:01:49.874,gvl_MS,bReferenceSwitch_MS_OvenSlider_inside,False,poll
2026-03-20 10:01:49.874,gvl_MS,bReferenceSwitch_MS_OvenSlider_outside,True,poll
2026-03-20 10:01:49.874,gvl_MS,bReferenceSwitch_MS_TransferUnit_atoven,False,poll
2026-03-20 10:01:49.874,gvl_MS,bLightBarrier_MS_oven,True,poll
2026-03-20 10:01:49.874,gvl_MS,bMotor_MS_Turntable_clockwise,False,poll
2026-03-20 10:01:49.874,gvl_MS,bMotor_MS_Turntable_counterclockwise,False,poll
2026-03-20 10:01:50.016,gvl_SL,iColorSensor_SL,1,event
2026-03-20 10:01:49.874,gvl_MS,bMotor_MS_ConveyorBelt_forward,False,poll
2026-03-20 10:01:49.874,gvl_MS,bMotor_MS_Saw,False,poll
2026-03-20 10:01:49.874,gvl_MS,bMotor_MS_OvenSlider_movein,False,poll
2026-03-20 10:01:49.874,gvl_MS,bMotor_MS_OvenSlider_moveout,False,poll
2026-03-20 10:01:49.874,gvl_MS,bMotor_MS_TransferUnit_tooven,False,poll
2026-03-20 10:01:49.874,gvl_MS,bMotor_MS_TransferUnit_toturntable,False,poll
2026-03-20 10:01:49.874,gvl_MS,bLamp_MS,False,poll
2026-03-20 10:01:49.874,gvl_MS,bCompressor_MS,False,poll
2026-03-20 10:01:49.874,gvl_MS,bValve_MS_Vacuum,False,poll
2026-03-20 10:01:49.874,gvl_MS,bValve_MS_TransferUnit,False,poll
2026-03-20 10:01:49.874,gvl_MS,bValve_MS_OvenDoor,False,poll
2026-03-20 10:01:49.874,gvl_MS,bValve_MS_Ejector,False,poll
2026-03-20 10:01:49.874,gvl_PM,bLightBarrier_PM_entry,True,poll
2026-03-20 10:01:49.874,gvl_PM,bLightBarrier_PM_tool,True,poll
2026-03-20 10:01:49.874,gvl_PM,bReferenceSwitch_PM_top,False,poll
2026-03-20 10:01:49.874,gvl_PM,bReferenceSwitch_PM_bottom,True,poll
2026-03-20 10:01:49.874,gvl_PM,bMotor_PM_ConveyorBelt_forward,False,poll
2026-03-20 10:01:49.874,gvl_PM,bMotor_PM_ConveyorBelt_backward,False,poll
2026-03-20 10:01:49.874,gvl_PM,bMotor_PM_Tool_upward,False,poll
2026-03-20 10:01:49.874,gvl_PM,bMotor_PM_Tool_downward,False,poll
2026-03-20 10:01:49.874,gvl_SL,bPulseCounter_SL,False,poll
2026-03-20 10:01:49.874,gvl_SL,bLightBarrier_SL_beforecolor,True,poll
2026-03-20 10:01:49.874,gvl_SL,bLightBarrier_SL_aftercolor,True,poll
2026-03-20 10:01:49.874,gvl_SL,bLightBarrier_SL_white,True,poll
2026-03-20 10:01:49.874,gvl_SL,bLightBarrier_SL_red,True,poll
2026-03-20 10:01:49.874,gvl_SL,bLightBarrier_SL_blue,True,poll
2026-03-20 10:01:49.874,gvl_SL,iColorSensor_SL,0,poll
2026-03-20 10:01:49.874,gvl_SL,bMotor_SL_ConveyorBelt,False,poll
2026-03-20 10:01:49.874,gvl_SL,bCompressor_SL,False,poll
2026-03-20 10:01:49.874,gvl_SL,bValve_SL_white,False,poll
2026-03-20 10:01:49.874,gvl_SL,bValve_SL_red,False,poll
2026-03-20 10:01:49.874,gvl_SL,bValve_SL_blue,False,poll
2026-03-20 10:01:49.874,LocalVariables,iC_CoordH,35,poll
2026-03-20 10:01:49.874,LocalVariables,iC_CoordV,0,poll
2026-03-20 10:01:49.874,LocalVariables,iC_CoordR,35,poll
2026-03-20 10:01:49.874,LocalVariables,eC_PickingStation,0,poll
2026-03-20 10:01:49.874,LocalVariables,eC_PlacingStation,0,poll
2026-03-20 10:01:49.874,LocalVariables,iC_Coord_Picking,"[[1340, 170, 150, 445], [380, 800, 367, 435], [800, 301, 580, 800]]",poll
2026-03-20 10:01:49.874,LocalVariables,iC_Coord_Placing,"[[890, 870], [500, 1343], [180, 150]]",poll
2026-03-20 10:01:50.117,gvl_SL,iColorSensor_SL,0,event
2026-03-20 10:01:50.517,gvl_SL,iColorSensor_SL,1,event
2026-03-20 10:01:50.617,gvl_SL,iColorSensor_SL,0,event
2026-03-20 10:01:50.616,gvl_C,bReferenceSwitch_C_vertical,True,poll
2026-03-20 10:01:50.616,gvl_C,bReferenceSwitch_C_horizontal,False,poll
2026-03-20 10:01:50.616,gvl_C,bReferenceSwitch_C_rotate,False,poll
2026-03-20 10:01:50.616,gvl_C,bEncoderImpulse_C_vertical1,False,poll
2026-03-20 10:01:50.616,gvl_C,bEncoderImpulse_C_vertical2,True,poll
2026-03-20 10:01:50.616,gvl_C,bEncoderImpulse_C_horizontal1,False,poll
2026-03-20 10:01:50.616,gvl_C,bEncoderImpulse_C_horizontal2,True,poll
2026-03-20 10:01:50.616,gvl_C,bEncoderImpulse_C_rotate1,True,poll
2026-03-20 10:01:50.616,gvl_C,bEncoderImpulse_C_rotate2,False,poll
2026-03-20 10:01:50.616,gvl_C,bMotor_C_upward,False,poll
2026-03-20 10:01:50.616,gvl_C,bMotor_C_downward,False,poll
2026-03-20 10:01:50.616,gvl_C,bMotor_C_backward,False,poll
2026-03-20 10:01:50.616,gvl_C,bMotor_C_forward,False,poll
2026-03-20 10:01:50.616,gvl_C,bMotor_C_clockwise,False,poll
2026-03-20 10:01:50.616,gvl_C,bMotor_C_counterclockwise,False,poll
2026-03-20 10:01:50.616,gvl_C,bCompressor_C,False,poll
2026-03-20 10:01:50.616,gvl_C,bValve_C,False,poll
2026-03-20 10:01:50.616,gvl_HBW,bReferenceSwitch_HBW_horizontal,True,poll
2026-03-20 10:01:50.616,gvl_HBW,bLightBarrier_HBW_inside,True,poll
2026-03-20 10:01:50.616,gvl_HBW,bLightBarrier_HBW_outside,True,poll
2026-03-20 10:01:50.616,gvl_HBW,bReferenceSwitch_HBW_vertical,False,poll
2026-03-20 10:01:50.616,gvl_HBW,bReferenceSwitch_HBW_Cantilever_front,False,poll
2026-03-20 10:01:50.616,gvl_HBW,bReferenceSwitch_HBW_Cantilever_back,False,poll
2026-03-20 10:01:50.616,gvl_HBW,bTrailSensor_HBW_bottom,True,poll
2026-03-20 10:01:50.616,gvl_HBW,bTrailSensor_HBW_top,True,poll
2026-03-20 10:01:50.616,gvl_HBW,bEncoderImpulse_HBW_horizontal1,False,poll
2026-03-20 10:01:50.616,gvl_HBW,bEncoderImpulse_HBW_horizontal2,True,poll
2026-03-20 10:01:50.616,gvl_HBW,bEncoderImpulse_HBW_vertical1,False,poll
2026-03-20 10:01:50.616,gvl_HBW,bEncoderImpulse_HBW_vertical2,False,poll
2026-03-20 10:01:50.616,gvl_HBW,bMotor_HBW_ConveyorBelt_forward,False,poll
2026-03-20 10:01:50.616,gvl_HBW,bMotor_HBW_ConveyorBelt_backward,False,poll
2026-03-20 10:01:50.616,gvl_HBW,bMotor_HBW_StackerCrane_torack,False,poll
2026-03-20 10:01:50.616,gvl_HBW,bMotor_HBW_StackerCrane_toconveyorbelt,False,poll
2026-03-20 10:01:50.616,gvl_HBW,bMotor_HBW_StackerCrane_downward,False,poll
2026-03-20 10:01:50.616,gvl_HBW,bMotor_HBW_StackerCrane_upward,False,poll
2026-03-20 10:01:50.616,gvl_HBW,bMotor_HBW_Cantilever_forward,False,poll
2026-03-20 10:01:50.616,gvl_HBW,bMotor_HBW_Cantilever_backward,False,poll
2026-03-20 10:01:50.616,gvl_MS,bReferenceSwitch_MS_Turntable_attransferunit,False,poll
2026-03-20 10:01:50.616,gvl_MS,bReferenceSwitch_MS_Turntable_atconveyorbelt,False,poll
2026-03-20 10:01:50.616,gvl_MS,bLightBarrier_MS_conveyorbelt,False,poll
2026-03-20 10:01:50.616,gvl_MS,bReferenceSwitch_MS_Turntable_atsaw,False,poll
2026-03-20 10:01:50.616,gvl_MS,bReferenceSwitch_MS_TransferUnit_atturntable,True,poll
2026-03-20 10:01:50.616,gvl_MS,bReferenceSwitch_MS_OvenSlider_inside,False,poll
2026-03-20 10:01:50.616,gvl_MS,bReferenceSwitch_MS_OvenSlider_outside,True,poll
2026-03-20 10:01:50.616,gvl_MS,bReferenceSwitch_MS_TransferUnit_atoven,False,poll
2026-03-20 10:01:50.616,gvl_MS,bLightBarrier_MS_oven,True,poll
2026-03-20 10:01:50.616,gvl_MS,bMotor_MS_Turntable_clockwise,False,poll
2026-03-20 10:01:50.616,gvl_MS,bMotor_MS_Turntable_counterclockwise,False,poll
2026-03-20 10:01:50.616,gvl_MS,bMotor_MS_ConveyorBelt_forward,False,poll
2026-03-20 10:01:50.616,gvl_MS,bMotor_MS_Saw,False,poll
2026-03-20 10:01:50.616,gvl_MS,bMotor_MS_OvenSlider_movein,False,poll
2026-03-20 10:01:50.616,gvl_MS,bMotor_MS_OvenSlider_moveout,False,poll
2026-03-20 10:01:50.616,gvl_MS,bMotor_MS_TransferUnit_tooven,False,poll
2026-03-20 10:01:50.616,gvl_MS,bMotor_MS_TransferUnit_toturntable,False,poll
2026-03-20 10:01:50.616,gvl_MS,bLamp_MS,False,poll
2026-03-20 10:01:50.616,gvl_MS,bCompressor_MS,False,poll
2026-03-20 10:01:50.616,gvl_MS,bValve_MS_Vacuum,False,poll
2026-03-20 10:01:50.616,gvl_MS,bValve_MS_TransferUnit,False,poll
2026-03-20 10:01:50.616,gvl_MS,bValve_MS_OvenDoor,False,poll
2026-03-20 10:01:50.616,gvl_MS,bValve_MS_Ejector,False,poll
2026-03-20 10:01:50.616,gvl_PM,bLightBarrier_PM_entry,True,poll
2026-03-20 10:01:50.616,gvl_PM,bLightBarrier_PM_tool,True,poll
2026-03-20 10:01:50.616,gvl_PM,bReferenceSwitch_PM_top,False,poll
2026-03-20 10:01:50.616,gvl_PM,bReferenceSwitch_PM_bottom,True,poll
2026-03-20 10:01:50.616,gvl_PM,bMotor_PM_ConveyorBelt_forward,False,poll
2026-03-20 10:01:50.616,gvl_PM,bMotor_PM_ConveyorBelt_backward,False,poll
2026-03-20 10:01:50.616,gvl_PM,bMotor_PM_Tool_upward,False,poll
2026-03-20 10:01:50.616,gvl_PM,bMotor_PM_Tool_downward,False,poll
2026-03-20 10:01:50.616,gvl_SL,bPulseCounter_SL,False,poll
2026-03-20 10:01:50.616,gvl_SL,bLightBarrier_SL_beforecolor,True,poll
2026-03-20 10:01:50.616,gvl_SL,bLightBarrier_SL_aftercolor,True,poll
2026-03-20 10:01:50.616,gvl_SL,bLightBarrier_SL_white,True,poll
2026-03-20 10:01:50.616,gvl_SL,bLightBarrier_SL_red,True,poll
2026-03-20 10:01:50.616,gvl_SL,bLightBarrier_SL_blue,True,poll
2026-03-20 10:01:50.616,gvl_SL,iColorSensor_SL,0,poll
2026-03-20 10:01:50.616,gvl_SL,bMotor_SL_ConveyorBelt,False,poll
2026-03-20 10:01:50.616,gvl_SL,bCompressor_SL,False,poll
2026-03-20 10:01:50.616,gvl_SL,bValve_SL_white,False,poll
2026-03-20 10:01:50.616,gvl_SL,bValve_SL_red,False,poll
2026-03-20 10:01:50.616,gvl_SL,bValve_SL_blue,False,poll
2026-03-20 10:01:50.616,LocalVariables,iC_CoordH,35,poll
2026-03-20 10:01:50.616,LocalVariables,iC_CoordV,0,poll
2026-03-20 10:01:50.616,LocalVariables,iC_CoordR,35,poll
2026-03-20 10:01:50.616,LocalVariables,eC_PickingStation,0,poll
2026-03-20 10:01:50.616,LocalVariables,eC_PlacingStation,0,poll
2026-03-20 10:01:50.616,LocalVariables,iC_Coord_Picking,"[[1340, 170, 150, 445], [380, 800, 367, 435], [800, 301, 580, 800]]",poll
2026-03-20 10:01:50.616,LocalVariables,iC_Coord_Placing,"[[890, 870], [500, 1343], [180, 150]]",poll
2026-03-20 10:01:51.218,gvl_SL,iColorSensor_SL,1,event
2026-03-20 10:01:51.317,gvl_SL,iColorSensor_SL,0,event
2026-03-20 10:01:51.405,gvl_C,bReferenceSwitch_C_vertical,True,poll
2026-03-20 10:01:51.405,gvl_C,bReferenceSwitch_C_horizontal,False,poll
2026-03-20 10:01:51.405,gvl_C,bReferenceSwitch_C_rotate,False,poll
2026-03-20 10:01:51.405,gvl_C,bEncoderImpulse_C_vertical1,False,poll
2026-03-20 10:01:51.405,gvl_C,bEncoderImpulse_C_vertical2,True,poll
2026-03-20 10:01:51.405,gvl_C,bEncoderImpulse_C_horizontal1,False,poll
2026-03-20 10:01:51.405,gvl_C,bEncoderImpulse_C_horizontal2,True,poll
2026-03-20 10:01:51.405,gvl_C,bEncoderImpulse_C_rotate1,True,poll
2026-03-20 10:01:51.405,gvl_C,bEncoderImpulse_C_rotate2,False,poll
2026-03-20 10:01:51.405,gvl_C,bMotor_C_upward,False,poll
2026-03-20 10:01:51.405,gvl_C,bMotor_C_downward,False,poll
2026-03-20 10:01:51.405,gvl_C,bMotor_C_backward,False,poll
2026-03-20 10:01:51.405,gvl_C,bMotor_C_forward,False,poll
2026-03-20 10:01:51.405,gvl_C,bMotor_C_clockwise,False,poll
2026-03-20 10:01:51.405,gvl_C,bMotor_C_counterclockwise,False,poll
2026-03-20 10:01:51.405,gvl_C,bCompressor_C,False,poll
2026-03-20 10:01:51.405,gvl_C,bValve_C,False,poll
2026-03-20 10:01:51.405,gvl_HBW,bReferenceSwitch_HBW_horizontal,True,poll
2026-03-20 10:01:51.405,gvl_HBW,bLightBarrier_HBW_inside,True,poll
2026-03-20 10:01:51.405,gvl_HBW,bLightBarrier_HBW_outside,True,poll
2026-03-20 10:01:51.405,gvl_HBW,bReferenceSwitch_HBW_vertical,False,poll
2026-03-20 10:01:51.405,gvl_HBW,bReferenceSwitch_HBW_Cantilever_front,False,poll
2026-03-20 10:01:51.405,gvl_HBW,bReferenceSwitch_HBW_Cantilever_back,False,poll
2026-03-20 10:01:51.405,gvl_HBW,bTrailSensor_HBW_bottom,True,poll
2026-03-20 10:01:51.405,gvl_HBW,bTrailSensor_HBW_top,True,poll
2026-03-20 10:01:51.405,gvl_HBW,bEncoderImpulse_HBW_horizontal1,False,poll
2026-03-20 10:01:51.405,gvl_HBW,bEncoderImpulse_HBW_horizontal2,True,poll
2026-03-20 10:01:51.405,gvl_HBW,bEncoderImpulse_HBW_vertical1,False,poll
2026-03-20 10:01:51.405,gvl_HBW,bEncoderImpulse_HBW_vertical2,False,poll
2026-03-20 10:01:51.405,gvl_HBW,bMotor_HBW_ConveyorBelt_forward,False,poll
2026-03-20 10:01:51.405,gvl_HBW,bMotor_HBW_ConveyorBelt_backward,False,poll
2026-03-20 10:01:51.405,gvl_HBW,bMotor_HBW_StackerCrane_torack,False,poll
2026-03-20 10:01:51.405,gvl_HBW,bMotor_HBW_StackerCrane_toconveyorbelt,False,poll
2026-03-20 10:01:51.405,gvl_HBW,bMotor_HBW_StackerCrane_downward,False,poll
2026-03-20 10:01:51.405,gvl_HBW,bMotor_HBW_StackerCrane_upward,False,poll
2026-03-20 10:01:51.405,gvl_HBW,bMotor_HBW_Cantilever_forward,False,poll
2026-03-20 10:01:51.405,gvl_HBW,bMotor_HBW_Cantilever_backward,False,poll
2026-03-20 10:01:51.405,gvl_MS,bReferenceSwitch_MS_Turntable_attransferunit,False,poll
2026-03-20 10:01:51.405,gvl_MS,bReferenceSwitch_MS_Turntable_atconveyorbelt,False,poll
2026-03-20 10:01:51.405,gvl_MS,bLightBarrier_MS_conveyorbelt,False,poll
2026-03-20 10:01:51.405,gvl_MS,bReferenceSwitch_MS_Turntable_atsaw,False,poll
2026-03-20 10:01:51.405,gvl_MS,bReferenceSwitch_MS_TransferUnit_atturntable,True,poll
2026-03-20 10:01:51.405,gvl_MS,bReferenceSwitch_MS_OvenSlider_inside,False,poll
2026-03-20 10:01:51.405,gvl_MS,bReferenceSwitch_MS_OvenSlider_outside,True,poll
2026-03-20 10:01:51.405,gvl_MS,bReferenceSwitch_MS_TransferUnit_atoven,False,poll
2026-03-20 10:01:51.405,gvl_MS,bLightBarrier_MS_oven,True,poll
2026-03-20 10:01:51.405,gvl_MS,bMotor_MS_Turntable_clockwise,False,poll
2026-03-20 10:01:51.405,gvl_MS,bMotor_MS_Turntable_counterclockwise,False,poll
2026-03-20 10:01:51.405,gvl_MS,bMotor_MS_ConveyorBelt_forward,False,poll
2026-03-20 10:01:51.405,gvl_MS,bMotor_MS_Saw,False,poll
2026-03-20 10:01:51.405,gvl_MS,bMotor_MS_OvenSlider_movein,False,poll
2026-03-20 10:01:51.405,gvl_MS,bMotor_MS_OvenSlider_moveout,False,poll
2026-03-20 10:01:51.405,gvl_MS,bMotor_MS_TransferUnit_tooven,False,poll
2026-03-20 10:01:51.405,gvl_MS,bMotor_MS_TransferUnit_toturntable,False,poll
2026-03-20 10:01:51.405,gvl_MS,bLamp_MS,False,poll
2026-03-20 10:01:51.405,gvl_MS,bCompressor_MS,False,poll
2026-03-20 10:01:51.405,gvl_MS,bValve_MS_Vacuum,False,poll
2026-03-20 10:01:51.405,gvl_MS,bValve_MS_TransferUnit,False,poll
2026-03-20 10:01:51.405,gvl_MS,bValve_MS_OvenDoor,False,poll
2026-03-20 10:01:51.405,gvl_MS,bValve_MS_Ejector,False,poll
2026-03-20 10:01:51.405,gvl_PM,bLightBarrier_PM_entry,True,poll
2026-03-20 10:01:51.405,gvl_PM,bLightBarrier_PM_tool,True,poll
2026-03-20 10:01:51.405,gvl_PM,bReferenceSwitch_PM_top,False,poll
2026-03-20 10:01:51.405,gvl_PM,bReferenceSwitch_PM_bottom,True,poll
2026-03-20 10:01:51.405,gvl_PM,bMotor_PM_ConveyorBelt_forward,False,poll
2026-03-20 10:01:51.405,gvl_PM,bMotor_PM_ConveyorBelt_backward,False,poll
2026-03-20 10:01:51.405,gvl_PM,bMotor_PM_Tool_upward,False,poll
2026-03-20 10:01:51.405,gvl_PM,bMotor_PM_Tool_downward,False,poll
2026-03-20 10:01:51.405,gvl_SL,bPulseCounter_SL,False,poll
2026-03-20 10:01:51.405,gvl_SL,bLightBarrier_SL_beforecolor,True,poll
2026-03-20 10:01:51.405,gvl_SL,bLightBarrier_SL_aftercolor,True,poll
2026-03-20 10:01:51.405,gvl_SL,bLightBarrier_SL_white,True,poll
2026-03-20 10:01:51.405,gvl_SL,bLightBarrier_SL_red,True,poll
2026-03-20 10:01:51.405,gvl_SL,bLightBarrier_SL_blue,True,poll
2026-03-20 10:01:51.405,gvl_SL,iColorSensor_SL,0,poll
2026-03-20 10:01:51.405,gvl_SL,bMotor_SL_ConveyorBelt,False,poll
2026-03-20 10:01:51.405,gvl_SL,bCompressor_SL,False,poll
2026-03-20 10:01:51.405,gvl_SL,bValve_SL_white,False,poll
2026-03-20 10:01:51.405,gvl_SL,bValve_SL_red,False,poll
2026-03-20 10:01:51.405,gvl_SL,bValve_SL_blue,False,poll
2026-03-20 10:01:51.405,LocalVariables,iC_CoordH,35,poll
2026-03-20 10:01:51.405,LocalVariables,iC_CoordV,0,poll
2026-03-20 10:01:51.405,LocalVariables,iC_CoordR,35,poll
2026-03-20 10:01:51.405,LocalVariables,eC_PickingStation,0,poll
2026-03-20 10:01:51.405,LocalVariables,eC_PlacingStation,0,poll
2026-03-20 10:01:51.405,LocalVariables,iC_Coord_Picking,"[[1340, 170, 150, 445], [380, 800, 367, 435], [800, 301, 580, 800]]",poll
2026-03-20 10:01:51.405,LocalVariables,iC_Coord_Placing,"[[890, 870], [500, 1343], [180, 150]]",poll
2026-03-20 10:01:51.817,gvl_SL,iColorSensor_SL,1,event
2026-03-20 10:01:51.917,gvl_SL,iColorSensor_SL,0,event
2026-03-20 10:01:52.135,gvl_C,bReferenceSwitch_C_vertical,True,poll
2026-03-20 10:01:52.135,gvl_C,bReferenceSwitch_C_horizontal,False,poll
2026-03-20 10:01:52.135,gvl_C,bReferenceSwitch_C_rotate,False,poll
2026-03-20 10:01:52.135,gvl_C,bEncoderImpulse_C_vertical1,False,poll
2026-03-20 10:01:52.135,gvl_C,bEncoderImpulse_C_vertical2,True,poll
2026-03-20 10:01:52.135,gvl_C,bEncoderImpulse_C_horizontal1,False,poll
2026-03-20 10:01:52.135,gvl_C,bEncoderImpulse_C_horizontal2,True,poll
2026-03-20 10:01:52.135,gvl_C,bEncoderImpulse_C_rotate1,True,poll
2026-03-20 10:01:52.135,gvl_C,bEncoderImpulse_C_rotate2,False,poll
2026-03-20 10:01:52.135,gvl_C,bMotor_C_upward,False,poll
2026-03-20 10:01:52.135,gvl_C,bMotor_C_downward,False,poll
2026-03-20 10:01:52.135,gvl_C,bMotor_C_backward,False,poll
2026-03-20 10:01:52.135,gvl_C,bMotor_C_forward,False,poll
2026-03-20 10:01:52.135,gvl_C,bMotor_C_clockwise,False,poll
2026-03-20 10:01:52.135,gvl_C,bMotor_C_counterclockwise,False,poll
2026-03-20 10:01:52.135,gvl_C,bCompressor_C,False,poll
2026-03-20 10:01:52.135,gvl_C,bValve_C,False,poll
2026-03-20 10:01:52.135,gvl_HBW,bReferenceSwitch_HBW_horizontal,True,poll
2026-03-20 10:01:52.135,gvl_HBW,bLightBarrier_HBW_inside,True,poll
2026-03-20 10:01:52.135,gvl_HBW,bLightBarrier_HBW_outside,True,poll
2026-03-20 10:01:52.135,gvl_HBW,bReferenceSwitch_HBW_vertical,False,poll
2026-03-20 10:01:52.135,gvl_HBW,bReferenceSwitch_HBW_Cantilever_front,False,poll
2026-03-20 10:01:52.135,gvl_HBW,bReferenceSwitch_HBW_Cantilever_back,False,poll
2026-03-20 10:01:52.135,gvl_HBW,bTrailSensor_HBW_bottom,True,poll
2026-03-20 10:01:52.135,gvl_HBW,bTrailSensor_HBW_top,True,poll
2026-03-20 10:01:52.135,gvl_HBW,bEncoderImpulse_HBW_horizontal1,False,poll
2026-03-20 10:01:52.135,gvl_HBW,bEncoderImpulse_HBW_horizontal2,True,poll
2026-03-20 10:01:52.135,gvl_HBW,bEncoderImpulse_HBW_vertical1,False,poll
2026-03-20 10:01:52.135,gvl_HBW,bEncoderImpulse_HBW_vertical2,False,poll
2026-03-20 10:01:52.135,gvl_HBW,bMotor_HBW_ConveyorBelt_forward,False,poll
2026-03-20 10:01:52.135,gvl_HBW,bMotor_HBW_ConveyorBelt_backward,False,poll
2026-03-20 10:01:52.135,gvl_HBW,bMotor_HBW_StackerCrane_torack,False,poll
2026-03-20 10:01:52.135,gvl_HBW,bMotor_HBW_StackerCrane_toconveyorbelt,False,poll
2026-03-20 10:01:52.135,gvl_HBW,bMotor_HBW_StackerCrane_downward,False,poll
2026-03-20 10:01:52.135,gvl_HBW,bMotor_HBW_StackerCrane_upward,False,poll
2026-03-20 10:01:52.135,gvl_HBW,bMotor_HBW_Cantilever_forward,False,poll
2026-03-20 10:01:52.135,gvl_HBW,bMotor_HBW_Cantilever_backward,False,poll
2026-03-20 10:01:52.135,gvl_MS,bReferenceSwitch_MS_Turntable_attransferunit,False,poll
2026-03-20 10:01:52.135,gvl_MS,bReferenceSwitch_MS_Turntable_atconveyorbelt,False,poll
2026-03-20 10:01:52.135,gvl_MS,bLightBarrier_MS_conveyorbelt,False,poll
2026-03-20 10:01:52.135,gvl_MS,bReferenceSwitch_MS_Turntable_atsaw,False,poll
2026-03-20 10:01:52.135,gvl_MS,bReferenceSwitch_MS_TransferUnit_atturntable,True,poll
2026-03-20 10:01:52.135,gvl_MS,bReferenceSwitch_MS_OvenSlider_inside,False,poll
2026-03-20 10:01:52.135,gvl_MS,bReferenceSwitch_MS_OvenSlider_outside,True,poll
2026-03-20 10:01:52.317,gvl_SL,iColorSensor_SL,1,event
2026-03-20 10:01:52.135,gvl_MS,bReferenceSwitch_MS_TransferUnit_atoven,False,poll
2026-03-20 10:01:52.135,gvl_MS,bLightBarrier_MS_oven,True,poll
2026-03-20 10:01:52.135,gvl_MS,bMotor_MS_Turntable_clockwise,False,poll
2026-03-20 10:01:52.135,gvl_MS,bMotor_MS_Turntable_counterclockwise,False,poll
2026-03-20 10:01:52.135,gvl_MS,bMotor_MS_ConveyorBelt_forward,False,poll
2026-03-20 10:01:52.135,gvl_MS,bMotor_MS_Saw,False,poll
2026-03-20 10:01:52.135,gvl_MS,bMotor_MS_OvenSlider_movein,False,poll
2026-03-20 10:01:52.135,gvl_MS,bMotor_MS_OvenSlider_moveout,False,poll
2026-03-20 10:01:52.135,gvl_MS,bMotor_MS_TransferUnit_tooven,False,poll
2026-03-20 10:01:52.135,gvl_MS,bMotor_MS_TransferUnit_toturntable,False,poll
2026-03-20 10:01:52.135,gvl_MS,bLamp_MS,False,poll
2026-03-20 10:01:52.135,gvl_MS,bCompressor_MS,False,poll
2026-03-20 10:01:52.135,gvl_MS,bValve_MS_Vacuum,False,poll
2026-03-20 10:01:52.135,gvl_MS,bValve_MS_TransferUnit,False,poll
2026-03-20 10:01:52.135,gvl_MS,bValve_MS_OvenDoor,False,poll
2026-03-20 10:01:52.135,gvl_MS,bValve_MS_Ejector,False,poll
2026-03-20 10:01:52.135,gvl_PM,bLightBarrier_PM_entry,True,poll
2026-03-20 10:01:52.135,gvl_PM,bLightBarrier_PM_tool,True,poll
2026-03-20 10:01:52.135,gvl_PM,bReferenceSwitch_PM_top,False,poll
2026-03-20 10:01:52.135,gvl_PM,bReferenceSwitch_PM_bottom,True,poll
2026-03-20 10:01:52.135,gvl_PM,bMotor_PM_ConveyorBelt_forward,False,poll
2026-03-20 10:01:52.135,gvl_PM,bMotor_PM_ConveyorBelt_backward,False,poll
2026-03-20 10:01:52.135,gvl_PM,bMotor_PM_Tool_upward,False,poll
2026-03-20 10:01:52.135,gvl_PM,bMotor_PM_Tool_downward,False,poll
2026-03-20 10:01:52.135,gvl_SL,bPulseCounter_SL,False,poll
2026-03-20 10:01:52.135,gvl_SL,bLightBarrier_SL_beforecolor,True,poll
2026-03-20 10:01:52.135,gvl_SL,bLightBarrier_SL_aftercolor,True,poll
2026-03-20 10:01:52.135,gvl_SL,bLightBarrier_SL_white,True,poll
2026-03-20 10:01:52.135,gvl_SL,bLightBarrier_SL_red,True,poll
2026-03-20 10:01:52.135,gvl_SL,bLightBarrier_SL_blue,True,poll
2026-03-20 10:01:52.419,gvl_SL,iColorSensor_SL,0,event
2026-03-20 10:01:52.135,gvl_SL,iColorSensor_SL,0,poll
2026-03-20 10:01:52.135,gvl_SL,bMotor_SL_ConveyorBelt,False,poll
2026-03-20 10:01:52.135,gvl_SL,bCompressor_SL,False,poll
2026-03-20 10:01:52.135,gvl_SL,bValve_SL_white,False,poll
2026-03-20 10:01:52.135,gvl_SL,bValve_SL_red,False,poll
2026-03-20 10:01:52.135,gvl_SL,bValve_SL_blue,False,poll
2026-03-20 10:01:52.135,LocalVariables,iC_CoordH,35,poll
2026-03-20 10:01:52.135,LocalVariables,iC_CoordV,0,poll
2026-03-20 10:01:52.135,LocalVariables,iC_CoordR,35,poll
2026-03-20 10:01:52.135,LocalVariables,eC_PickingStation,0,poll
2026-03-20 10:01:52.135,LocalVariables,eC_PlacingStation,0,poll
2026-03-20 10:01:52.135,LocalVariables,iC_Coord_Picking,"[[1340, 170, 150, 445], [380, 800, 367, 435], [800, 301, 580, 800]]",poll
2026-03-20 10:01:52.135,LocalVariables,iC_Coord_Placing,"[[890, 870], [500, 1343], [180, 150]]",poll
2026-03-20 10:01:52.520,gvl_SL,iColorSensor_SL,1,event
2026-03-20 10:01:52.620,gvl_SL,iColorSensor_SL,0,event
2026-03-20 10:01:52.971,gvl_C,bReferenceSwitch_C_vertical,True,poll
2026-03-20 10:01:52.971,gvl_C,bReferenceSwitch_C_horizontal,False,poll
2026-03-20 10:01:52.971,gvl_C,bReferenceSwitch_C_rotate,False,poll
2026-03-20 10:01:52.971,gvl_C,bEncoderImpulse_C_vertical1,False,poll
2026-03-20 10:01:52.971,gvl_C,bEncoderImpulse_C_vertical2,True,poll
2026-03-20 10:01:52.971,gvl_C,bEncoderImpulse_C_horizontal1,False,poll
2026-03-20 10:01:52.971,gvl_C,bEncoderImpulse_C_horizontal2,True,poll
2026-03-20 10:01:52.971,gvl_C,bEncoderImpulse_C_rotate1,True,poll
2026-03-20 10:01:52.971,gvl_C,bEncoderImpulse_C_rotate2,False,poll
2026-03-20 10:01:52.971,gvl_C,bMotor_C_upward,False,poll
2026-03-20 10:01:52.971,gvl_C,bMotor_C_downward,False,poll
2026-03-20 10:01:52.971,gvl_C,bMotor_C_backward,False,poll
2026-03-20 10:01:52.971,gvl_C,bMotor_C_forward,False,poll
2026-03-20 10:01:52.971,gvl_C,bMotor_C_clockwise,False,poll
2026-03-20 10:01:52.971,gvl_C,bMotor_C_counterclockwise,False,poll
2026-03-20 10:01:52.971,gvl_C,bCompressor_C,False,poll
2026-03-20 10:01:52.971,gvl_C,bValve_C,False,poll
2026-03-20 10:01:52.971,gvl_HBW,bReferenceSwitch_HBW_horizontal,True,poll
2026-03-20 10:01:52.971,gvl_HBW,bLightBarrier_HBW_inside,True,poll
2026-03-20 10:01:52.971,gvl_HBW,bLightBarrier_HBW_outside,True,poll
2026-03-20 10:01:52.971,gvl_HBW,bReferenceSwitch_HBW_vertical,False,poll
2026-03-20 10:01:52.971,gvl_HBW,bReferenceSwitch_HBW_Cantilever_front,False,poll
2026-03-20 10:01:52.971,gvl_HBW,bReferenceSwitch_HBW_Cantilever_back,False,poll
2026-03-20 10:01:52.971,gvl_HBW,bTrailSensor_HBW_bottom,True,poll
2026-03-20 10:01:52.971,gvl_HBW,bTrailSensor_HBW_top,True,poll
2026-03-20 10:01:52.971,gvl_HBW,bEncoderImpulse_HBW_horizontal1,False,poll
2026-03-20 10:01:52.971,gvl_HBW,bEncoderImpulse_HBW_horizontal2,True,poll
2026-03-20 10:01:52.971,gvl_HBW,bEncoderImpulse_HBW_vertical1,False,poll
2026-03-20 10:01:52.971,gvl_HBW,bEncoderImpulse_HBW_vertical2,False,poll
2026-03-20 10:01:52.971,gvl_HBW,bMotor_HBW_ConveyorBelt_forward,False,poll
2026-03-20 10:01:52.971,gvl_HBW,bMotor_HBW_ConveyorBelt_backward,False,poll
2026-03-20 10:01:52.971,gvl_HBW,bMotor_HBW_StackerCrane_torack,False,poll
2026-03-20 10:01:52.971,gvl_HBW,bMotor_HBW_StackerCrane_toconveyorbelt,False,poll
2026-03-20 10:01:52.971,gvl_HBW,bMotor_HBW_StackerCrane_downward,False,poll
2026-03-20 10:01:52.971,gvl_HBW,bMotor_HBW_StackerCrane_upward,False,poll
2026-03-20 10:01:52.971,gvl_HBW,bMotor_HBW_Cantilever_forward,False,poll
2026-03-20 10:01:52.971,gvl_HBW,bMotor_HBW_Cantilever_backward,False,poll
2026-03-20 10:01:52.971,gvl_MS,bReferenceSwitch_MS_Turntable_attransferunit,False,poll
2026-03-20 10:01:52.971,gvl_MS,bReferenceSwitch_MS_Turntable_atconveyorbelt,False,poll
2026-03-20 10:01:52.971,gvl_MS,bLightBarrier_MS_conveyorbelt,False,poll
2026-03-20 10:01:52.971,gvl_MS,bReferenceSwitch_MS_Turntable_atsaw,False,poll
2026-03-20 10:01:52.971,gvl_MS,bReferenceSwitch_MS_TransferUnit_atturntable,True,poll
2026-03-20 10:01:52.971,gvl_MS,bReferenceSwitch_MS_OvenSlider_inside,False,poll
2026-03-20 10:01:52.971,gvl_MS,bReferenceSwitch_MS_OvenSlider_outside,True,poll
2026-03-20 10:01:52.971,gvl_MS,bReferenceSwitch_MS_TransferUnit_atoven,False,poll
2026-03-20 10:01:53.117,gvl_SL,iColorSensor_SL,1,event
2026-03-20 10:01:52.971,gvl_MS,bLightBarrier_MS_oven,True,poll
2026-03-20 10:01:52.971,gvl_MS,bMotor_MS_Turntable_clockwise,False,poll
2026-03-20 10:01:52.971,gvl_MS,bMotor_MS_Turntable_counterclockwise,False,poll
2026-03-20 10:01:52.971,gvl_MS,bMotor_MS_ConveyorBelt_forward,False,poll
2026-03-20 10:01:52.971,gvl_MS,bMotor_MS_Saw,False,poll
2026-03-20 10:01:52.971,gvl_MS,bMotor_MS_OvenSlider_movein,False,poll
2026-03-20 10:01:52.971,gvl_MS,bMotor_MS_OvenSlider_moveout,False,poll
2026-03-20 10:01:52.971,gvl_MS,bMotor_MS_TransferUnit_tooven,False,poll
2026-03-20 10:01:52.971,gvl_MS,bMotor_MS_TransferUnit_toturntable,False,poll
2026-03-20 10:01:52.971,gvl_MS,bLamp_MS,False,poll
2026-03-20 10:01:52.971,gvl_MS,bCompressor_MS,False,poll
2026-03-20 10:01:52.971,gvl_MS,bValve_MS_Vacuum,False,poll
2026-03-20 10:01:52.971,gvl_MS,bValve_MS_TransferUnit,False,poll
2026-03-20 10:01:52.971,gvl_MS,bValve_MS_OvenDoor,False,poll
2026-03-20 10:01:52.971,gvl_MS,bValve_MS_Ejector,False,poll
2026-03-20 10:01:52.971,gvl_PM,bLightBarrier_PM_entry,True,poll
2026-03-20 10:01:52.971,gvl_PM,bLightBarrier_PM_tool,True,poll
2026-03-20 10:01:52.971,gvl_PM,bReferenceSwitch_PM_top,False,poll
2026-03-20 10:01:52.971,gvl_PM,bReferenceSwitch_PM_bottom,True,poll
2026-03-20 10:01:52.971,gvl_PM,bMotor_PM_ConveyorBelt_forward,False,poll
2026-03-20 10:01:52.971,gvl_PM,bMotor_PM_ConveyorBelt_backward,False,poll
2026-03-20 10:01:52.971,gvl_PM,bMotor_PM_Tool_upward,False,poll
2026-03-20 10:01:52.971,gvl_PM,bMotor_PM_Tool_downward,False,poll
2026-03-20 10:01:52.971,gvl_SL,bPulseCounter_SL,False,poll
2026-03-20 10:01:52.971,gvl_SL,bLightBarrier_SL_beforecolor,True,poll
2026-03-20 10:01:52.971,gvl_SL,bLightBarrier_SL_aftercolor,True,poll
2026-03-20 10:01:52.971,gvl_SL,bLightBarrier_SL_white,True,poll
2026-03-20 10:01:52.971,gvl_SL,bLightBarrier_SL_red,True,poll
2026-03-20 10:01:52.971,gvl_SL,bLightBarrier_SL_blue,True,poll
2026-03-20 10:01:52.971,gvl_SL,iColorSensor_SL,0,poll
2026-03-20 10:01:52.971,gvl_SL,bMotor_SL_ConveyorBelt,False,poll
2026-03-20 10:01:52.971,gvl_SL,bCompressor_SL,False,poll
2026-03-20 10:01:52.971,gvl_SL,bValve_SL_white,False,poll
2026-03-20 10:01:52.971,gvl_SL,bValve_SL_red,False,poll
2026-03-20 10:01:52.971,gvl_SL,bValve_SL_blue,False,poll
2026-03-20 10:01:52.971,LocalVariables,iC_CoordH,35,poll
2026-03-20 10:01:52.971,LocalVariables,iC_CoordV,0,poll
2026-03-20 10:01:52.971,LocalVariables,iC_CoordR,35,poll
2026-03-20 10:01:52.971,LocalVariables,eC_PickingStation,0,poll
2026-03-20 10:01:52.971,LocalVariables,eC_PlacingStation,0,poll
2026-03-20 10:01:52.971,LocalVariables,iC_Coord_Picking,"[[1340, 170, 150, 445], [380, 800, 367, 435], [800, 301, 580, 800]]",poll
2026-03-20 10:01:52.971,LocalVariables,iC_Coord_Placing,"[[890, 870], [500, 1343], [180, 150]]",poll
2026-03-20 10:01:53.317,gvl_SL,iColorSensor_SL,0,event
2026-03-20 10:01:53.417,gvl_SL,iColorSensor_SL,1,event
2026-03-20 10:01:53.517,gvl_SL,iColorSensor_SL,0,event
2026-03-20 10:01:53.618,gvl_SL,iColorSensor_SL,1,event
2026-03-20 10:01:53.717,gvl_SL,iColorSensor_SL,0,event
2026-03-20 10:01:53.749,gvl_C,bReferenceSwitch_C_vertical,True,poll
2026-03-20 10:01:53.749,gvl_C,bReferenceSwitch_C_horizontal,False,poll
2026-03-20 10:01:53.749,gvl_C,bReferenceSwitch_C_rotate,False,poll
2026-03-20 10:01:53.749,gvl_C,bEncoderImpulse_C_vertical1,False,poll
2026-03-20 10:01:53.749,gvl_C,bEncoderImpulse_C_vertical2,True,poll
2026-03-20 10:01:53.749,gvl_C,bEncoderImpulse_C_horizontal1,False,poll
2026-03-20 10:01:53.749,gvl_C,bEncoderImpulse_C_horizontal2,True,poll
2026-03-20 10:01:53.749,gvl_C,bEncoderImpulse_C_rotate1,True,poll
2026-03-20 10:01:53.749,gvl_C,bEncoderImpulse_C_rotate2,False,poll
2026-03-20 10:01:53.749,gvl_C,bMotor_C_upward,False,poll
2026-03-20 10:01:53.749,gvl_C,bMotor_C_downward,False,poll
2026-03-20 10:01:53.749,gvl_C,bMotor_C_backward,False,poll
2026-03-20 10:01:53.749,gvl_C,bMotor_C_forward,False,poll
2026-03-20 10:01:53.749,gvl_C,bMotor_C_clockwise,False,poll
2026-03-20 10:01:53.749,gvl_C,bMotor_C_counterclockwise,False,poll
2026-03-20 10:01:53.749,gvl_C,bCompressor_C,False,poll
2026-03-20 10:01:53.749,gvl_C,bValve_C,False,poll
2026-03-20 10:01:53.749,gvl_HBW,bReferenceSwitch_HBW_horizontal,True,poll
2026-03-20 10:01:53.749,gvl_HBW,bLightBarrier_HBW_inside,True,poll
2026-03-20 10:01:53.749,gvl_HBW,bLightBarrier_HBW_outside,True,poll
2026-03-20 10:01:53.749,gvl_HBW,bReferenceSwitch_HBW_vertical,False,poll
2026-03-20 10:01:53.749,gvl_HBW,bReferenceSwitch_HBW_Cantilever_front,False,poll
2026-03-20 10:01:53.749,gvl_HBW,bReferenceSwitch_HBW_Cantilever_back,False,poll
2026-03-20 10:01:53.749,gvl_HBW,bTrailSensor_HBW_bottom,True,poll
2026-03-20 10:01:53.749,gvl_HBW,bTrailSensor_HBW_top,True,poll
2026-03-20 10:01:53.749,gvl_HBW,bEncoderImpulse_HBW_horizontal1,False,poll
2026-03-20 10:01:53.749,gvl_HBW,bEncoderImpulse_HBW_horizontal2,True,poll
2026-03-20 10:01:53.749,gvl_HBW,bEncoderImpulse_HBW_vertical1,False,poll
2026-03-20 10:01:53.749,gvl_HBW,bEncoderImpulse_HBW_vertical2,False,poll
2026-03-20 10:01:53.749,gvl_HBW,bMotor_HBW_ConveyorBelt_forward,False,poll
2026-03-20 10:01:53.749,gvl_HBW,bMotor_HBW_ConveyorBelt_backward,False,poll
2026-03-20 10:01:53.749,gvl_HBW,bMotor_HBW_StackerCrane_torack,False,poll
2026-03-20 10:01:53.749,gvl_HBW,bMotor_HBW_StackerCrane_toconveyorbelt,False,poll
2026-03-20 10:01:53.749,gvl_HBW,bMotor_HBW_StackerCrane_downward,False,poll
2026-03-20 10:01:53.749,gvl_HBW,bMotor_HBW_StackerCrane_upward,False,poll
2026-03-20 10:01:53.749,gvl_HBW,bMotor_HBW_Cantilever_forward,False,poll
2026-03-20 10:01:53.749,gvl_HBW,bMotor_HBW_Cantilever_backward,False,poll
2026-03-20 10:01:53.749,gvl_MS,bReferenceSwitch_MS_Turntable_attransferunit,False,poll
2026-03-20 10:01:53.749,gvl_MS,bReferenceSwitch_MS_Turntable_atconveyorbelt,False,poll
2026-03-20 10:01:53.749,gvl_MS,bLightBarrier_MS_conveyorbelt,False,poll
2026-03-20 10:01:53.749,gvl_MS,bReferenceSwitch_MS_Turntable_atsaw,False,poll
2026-03-20 10:01:53.749,gvl_MS,bReferenceSwitch_MS_TransferUnit_atturntable,True,poll
2026-03-20 10:01:53.749,gvl_MS,bReferenceSwitch_MS_OvenSlider_inside,False,poll
2026-03-20 10:01:53.749,gvl_MS,bReferenceSwitch_MS_OvenSlider_outside,True,poll
2026-03-20 10:01:53.749,gvl_MS,bReferenceSwitch_MS_TransferUnit_atoven,False,poll
2026-03-20 10:01:53.749,gvl_MS,bLightBarrier_MS_oven,True,poll
2026-03-20 10:01:53.749,gvl_MS,bMotor_MS_Turntable_clockwise,False,poll
2026-03-20 10:01:53.749,gvl_MS,bMotor_MS_Turntable_counterclockwise,False,poll
2026-03-20 10:01:53.749,gvl_MS,bMotor_MS_ConveyorBelt_forward,False,poll
2026-03-20 10:01:53.749,gvl_MS,bMotor_MS_Saw,False,poll
2026-03-20 10:01:53.749,gvl_MS,bMotor_MS_OvenSlider_movein,False,poll
2026-03-20 10:01:53.749,gvl_MS,bMotor_MS_OvenSlider_moveout,False,poll
2026-03-20 10:01:53.749,gvl_MS,bMotor_MS_TransferUnit_tooven,False,poll
2026-03-20 10:01:53.749,gvl_MS,bMotor_MS_TransferUnit_toturntable,False,poll
2026-03-20 10:01:53.749,gvl_MS,bLamp_MS,False,poll
2026-03-20 10:01:53.749,gvl_MS,bCompressor_MS,False,poll
2026-03-20 10:01:53.749,gvl_MS,bValve_MS_Vacuum,False,poll
2026-03-20 10:01:53.749,gvl_MS,bValve_MS_TransferUnit,False,poll
2026-03-20 10:01:53.749,gvl_MS,bValve_MS_OvenDoor,False,poll
2026-03-20 10:01:53.749,gvl_MS,bValve_MS_Ejector,False,poll
2026-03-20 10:01:53.749,gvl_PM,bLightBarrier_PM_entry,True,poll
2026-03-20 10:01:53.749,gvl_PM,bLightBarrier_PM_tool,True,poll
2026-03-20 10:01:53.749,gvl_PM,bReferenceSwitch_PM_top,False,poll
2026-03-20 10:01:53.749,gvl_PM,bReferenceSwitch_PM_bottom,True,poll
2026-03-20 10:01:53.749,gvl_PM,bMotor_PM_ConveyorBelt_forward,False,poll
2026-03-20 10:01:53.749,gvl_PM,bMotor_PM_ConveyorBelt_backward,False,poll
2026-03-20 10:01:53.749,gvl_PM,bMotor_PM_Tool_upward,False,poll
2026-03-20 10:01:53.749,gvl_PM,bMotor_PM_Tool_downward,False,poll
2026-03-20 10:01:53.749,gvl_SL,bPulseCounter_SL,False,poll
2026-03-20 10:01:53.749,gvl_SL,bLightBarrier_SL_beforecolor,True,poll
2026-03-20 10:01:53.749,gvl_SL,bLightBarrier_SL_aftercolor,True,poll
2026-03-20 10:01:53.749,gvl_SL,bLightBarrier_SL_white,True,poll
2026-03-20 10:01:53.749,gvl_SL,bLightBarrier_SL_red,True,poll
2026-03-20 10:01:53.749,gvl_SL,bLightBarrier_SL_blue,True,poll
2026-03-20 10:01:53.749,gvl_SL,iColorSensor_SL,0,poll
2026-03-20 10:01:53.749,gvl_SL,bMotor_SL_ConveyorBelt,False,poll
2026-03-20 10:01:53.749,gvl_SL,bCompressor_SL,False,poll
2026-03-20 10:01:53.749,gvl_SL,bValve_SL_white,False,poll
2026-03-20 10:01:53.749,gvl_SL,bValve_SL_red,False,poll
2026-03-20 10:01:53.749,gvl_SL,bValve_SL_blue,False,poll
2026-03-20 10:01:53.749,LocalVariables,iC_CoordH,35,poll
2026-03-20 10:01:53.749,LocalVariables,iC_CoordV,0,poll
2026-03-20 10:01:53.749,LocalVariables,iC_CoordR,35,poll
2026-03-20 10:01:53.749,LocalVariables,eC_PickingStation,0,poll
2026-03-20 10:01:53.749,LocalVariables,eC_PlacingStation,0,poll
2026-03-20 10:01:53.749,LocalVariables,iC_Coord_Picking,"[[1340, 170, 150, 445], [380, 800, 367, 435], [800, 301, 580, 800]]",poll
2026-03-20 10:01:53.749,LocalVariables,iC_Coord_Placing,"[[890, 870], [500, 1343], [180, 150]]",poll
2026-03-20 10:01:54.594,gvl_C,bReferenceSwitch_C_vertical,True,poll
2026-03-20 10:01:54.594,gvl_C,bReferenceSwitch_C_horizontal,False,poll
2026-03-20 10:01:54.594,gvl_C,bReferenceSwitch_C_rotate,False,poll
2026-03-20 10:01:54.594,gvl_C,bEncoderImpulse_C_vertical1,False,poll
2026-03-20 10:01:54.594,gvl_C,bEncoderImpulse_C_vertical2,True,poll
2026-03-20 10:01:54.594,gvl_C,bEncoderImpulse_C_horizontal1,False,poll
2026-03-20 10:01:54.594,gvl_C,bEncoderImpulse_C_horizontal2,True,poll
2026-03-20 10:01:54.594,gvl_C,bEncoderImpulse_C_rotate1,True,poll
2026-03-20 10:01:54.594,gvl_C,bEncoderImpulse_C_rotate2,False,poll
2026-03-20 10:01:54.594,gvl_C,bMotor_C_upward,False,poll
2026-03-20 10:01:54.594,gvl_C,bMotor_C_downward,False,poll
2026-03-20 10:01:54.594,gvl_C,bMotor_C_backward,False,poll
2026-03-20 10:01:54.594,gvl_C,bMotor_C_forward,False,poll
2026-03-20 10:01:54.594,gvl_C,bMotor_C_clockwise,False,poll
2026-03-20 10:01:54.594,gvl_C,bMotor_C_counterclockwise,False,poll
2026-03-20 10:01:54.594,gvl_C,bCompressor_C,False,poll
2026-03-20 10:01:54.594,gvl_C,bValve_C,False,poll
2026-03-20 10:01:54.594,gvl_HBW,bReferenceSwitch_HBW_horizontal,True,poll
2026-03-20 10:01:54.594,gvl_HBW,bLightBarrier_HBW_inside,True,poll
2026-03-20 10:01:54.594,gvl_HBW,bLightBarrier_HBW_outside,True,poll
2026-03-20 10:01:54.594,gvl_HBW,bReferenceSwitch_HBW_vertical,False,poll
2026-03-20 10:01:54.594,gvl_HBW,bReferenceSwitch_HBW_Cantilever_front,False,poll
2026-03-20 10:01:54.594,gvl_HBW,bReferenceSwitch_HBW_Cantilever_back,False,poll
2026-03-20 10:01:54.594,gvl_HBW,bTrailSensor_HBW_bottom,True,poll
2026-03-20 10:01:54.594,gvl_HBW,bTrailSensor_HBW_top,True,poll
2026-03-20 10:01:54.594,gvl_HBW,bEncoderImpulse_HBW_horizontal1,False,poll
2026-03-20 10:01:54.594,gvl_HBW,bEncoderImpulse_HBW_horizontal2,True,poll
2026-03-20 10:01:54.594,gvl_HBW,bEncoderImpulse_HBW_vertical1,False,poll
2026-03-20 10:01:54.594,gvl_HBW,bEncoderImpulse_HBW_vertical2,False,poll
2026-03-20 10:01:54.594,gvl_HBW,bMotor_HBW_ConveyorBelt_forward,False,poll
2026-03-20 10:01:54.594,gvl_HBW,bMotor_HBW_ConveyorBelt_backward,False,poll
2026-03-20 10:01:54.594,gvl_HBW,bMotor_HBW_StackerCrane_torack,False,poll
2026-03-20 10:01:54.594,gvl_HBW,bMotor_HBW_StackerCrane_toconveyorbelt,False,poll
2026-03-20 10:01:54.594,gvl_HBW,bMotor_HBW_StackerCrane_downward,False,poll
2026-03-20 10:01:54.594,gvl_HBW,bMotor_HBW_StackerCrane_upward,False,poll
2026-03-20 10:01:54.594,gvl_HBW,bMotor_HBW_Cantilever_forward,False,poll
2026-03-20 10:01:54.594,gvl_HBW,bMotor_HBW_Cantilever_backward,False,poll
2026-03-20 10:01:54.594,gvl_MS,bReferenceSwitch_MS_Turntable_attransferunit,False,poll
2026-03-20 10:01:54.594,gvl_MS,bReferenceSwitch_MS_Turntable_atconveyorbelt,False,poll
2026-03-20 10:01:54.594,gvl_MS,bLightBarrier_MS_conveyorbelt,False,poll
2026-03-20 10:01:54.594,gvl_MS,bReferenceSwitch_MS_Turntable_atsaw,False,poll
2026-03-20 10:01:54.594,gvl_MS,bReferenceSwitch_MS_TransferUnit_atturntable,True,poll
2026-03-20 10:01:54.594,gvl_MS,bReferenceSwitch_MS_OvenSlider_inside,False,poll
2026-03-20 10:01:54.594,gvl_MS,bReferenceSwitch_MS_OvenSlider_outside,True,poll
2026-03-20 10:01:54.594,gvl_MS,bReferenceSwitch_MS_TransferUnit_atoven,False,poll
2026-03-20 10:01:54.594,gvl_MS,bLightBarrier_MS_oven,True,poll
2026-03-20 10:01:54.594,gvl_MS,bMotor_MS_Turntable_clockwise,False,poll
2026-03-20 10:01:54.594,gvl_MS,bMotor_MS_Turntable_counterclockwise,False,poll
2026-03-20 10:01:54.594,gvl_MS,bMotor_MS_ConveyorBelt_forward,False,poll
2026-03-20 10:01:54.594,gvl_MS,bMotor_MS_Saw,False,poll
2026-03-20 10:01:54.594,gvl_MS,bMotor_MS_OvenSlider_movein,False,poll
2026-03-20 10:01:54.819,gvl_SL,iColorSensor_SL,1,event
2026-03-20 10:01:54.594,gvl_MS,bMotor_MS_OvenSlider_moveout,False,poll
2026-03-20 10:01:54.594,gvl_MS,bMotor_MS_TransferUnit_tooven,False,poll
2026-03-20 10:01:54.594,gvl_MS,bMotor_MS_TransferUnit_toturntable,False,poll
2026-03-20 10:01:54.594,gvl_MS,bLamp_MS,False,poll
2026-03-20 10:01:54.594,gvl_MS,bCompressor_MS,False,poll
2026-03-20 10:01:54.594,gvl_MS,bValve_MS_Vacuum,False,poll
2026-03-20 10:01:54.594,gvl_MS,bValve_MS_TransferUnit,False,poll
2026-03-20 10:01:54.594,gvl_MS,bValve_MS_OvenDoor,False,poll
2026-03-20 10:01:54.594,gvl_MS,bValve_MS_Ejector,False,poll
2026-03-20 10:01:54.594,gvl_PM,bLightBarrier_PM_entry,True,poll
2026-03-20 10:01:54.594,gvl_PM,bLightBarrier_PM_tool,True,poll
2026-03-20 10:01:54.594,gvl_PM,bReferenceSwitch_PM_top,False,poll
2026-03-20 10:01:54.594,gvl_PM,bReferenceSwitch_PM_bottom,True,poll
2026-03-20 10:01:54.594,gvl_PM,bMotor_PM_ConveyorBelt_forward,False,poll
2026-03-20 10:01:54.594,gvl_PM,bMotor_PM_ConveyorBelt_backward,False,poll
2026-03-20 10:01:54.594,gvl_PM,bMotor_PM_Tool_upward,False,poll
2026-03-20 10:01:54.594,gvl_PM,bMotor_PM_Tool_downward,False,poll
2026-03-20 10:01:54.594,gvl_SL,bPulseCounter_SL,False,poll
2026-03-20 10:01:54.594,gvl_SL,bLightBarrier_SL_beforecolor,True,poll
2026-03-20 10:01:54.594,gvl_SL,bLightBarrier_SL_aftercolor,True,poll
2026-03-20 10:01:54.594,gvl_SL,bLightBarrier_SL_white,True,poll
2026-03-20 10:01:54.594,gvl_SL,bLightBarrier_SL_red,True,poll
2026-03-20 10:01:54.594,gvl_SL,bLightBarrier_SL_blue,True,poll
2026-03-20 10:01:54.594,gvl_SL,iColorSensor_SL,1,poll
2026-03-20 10:01:54.594,gvl_SL,bMotor_SL_ConveyorBelt,False,poll
2026-03-20 10:01:54.594,gvl_SL,bCompressor_SL,False,poll
2026-03-20 10:01:54.918,gvl_SL,iColorSensor_SL,0,event
2026-03-20 10:01:54.594,gvl_SL,bValve_SL_white,False,poll
2026-03-20 10:01:54.594,gvl_SL,bValve_SL_red,False,poll
2026-03-20 10:01:54.594,gvl_SL,bValve_SL_blue,False,poll
2026-03-20 10:01:54.594,LocalVariables,iC_CoordH,35,poll
2026-03-20 10:01:54.594,LocalVariables,iC_CoordV,0,poll
2026-03-20 10:01:54.594,LocalVariables,iC_CoordR,35,poll
2026-03-20 10:01:54.594,LocalVariables,eC_PickingStation,0,poll
2026-03-20 10:01:54.594,LocalVariables,eC_PlacingStation,0,poll
2026-03-20 10:01:54.594,LocalVariables,iC_Coord_Picking,"[[1340, 170, 150, 445], [380, 800, 367, 435], [800, 301, 580, 800]]",poll
2026-03-20 10:01:54.594,LocalVariables,iC_Coord_Placing,"[[890, 870], [500, 1343], [180, 150]]",poll
2026-03-20 10:01:55.218,gvl_SL,iColorSensor_SL,1,event
2026-03-20 10:01:55.458,gvl_C,bReferenceSwitch_C_vertical,True,poll
2026-03-20 10:01:55.458,gvl_C,bReferenceSwitch_C_horizontal,False,poll
2026-03-20 10:01:55.458,gvl_C,bReferenceSwitch_C_rotate,False,poll
2026-03-20 10:01:55.458,gvl_C,bEncoderImpulse_C_vertical1,False,poll
2026-03-20 10:01:55.458,gvl_C,bEncoderImpulse_C_vertical2,True,poll
2026-03-20 10:01:55.458,gvl_C,bEncoderImpulse_C_horizontal1,False,poll
2026-03-20 10:01:55.458,gvl_C,bEncoderImpulse_C_horizontal2,True,poll
2026-03-20 10:01:55.458,gvl_C,bEncoderImpulse_C_rotate1,True,poll
2026-03-20 10:01:55.458,gvl_C,bEncoderImpulse_C_rotate2,False,poll
2026-03-20 10:01:55.458,gvl_C,bMotor_C_upward,False,poll
2026-03-20 10:01:55.458,gvl_C,bMotor_C_downward,False,poll
2026-03-20 10:01:55.458,gvl_C,bMotor_C_backward,False,poll
2026-03-20 10:01:55.458,gvl_C,bMotor_C_forward,False,poll
2026-03-20 10:01:55.458,gvl_C,bMotor_C_clockwise,False,poll
2026-03-20 10:01:55.458,gvl_C,bMotor_C_counterclockwise,False,poll
2026-03-20 10:01:55.458,gvl_C,bCompressor_C,False,poll
2026-03-20 10:01:55.458,gvl_C,bValve_C,False,poll
2026-03-20 10:01:55.458,gvl_HBW,bReferenceSwitch_HBW_horizontal,True,poll
2026-03-20 10:01:55.458,gvl_HBW,bLightBarrier_HBW_inside,True,poll
2026-03-20 10:01:55.458,gvl_HBW,bLightBarrier_HBW_outside,True,poll
2026-03-20 10:01:55.458,gvl_HBW,bReferenceSwitch_HBW_vertical,False,poll
2026-03-20 10:01:55.458,gvl_HBW,bReferenceSwitch_HBW_Cantilever_front,False,poll
2026-03-20 10:01:55.458,gvl_HBW,bReferenceSwitch_HBW_Cantilever_back,False,poll
2026-03-20 10:01:55.458,gvl_HBW,bTrailSensor_HBW_bottom,True,poll
2026-03-20 10:01:55.458,gvl_HBW,bTrailSensor_HBW_top,True,poll
2026-03-20 10:01:55.458,gvl_HBW,bEncoderImpulse_HBW_horizontal1,False,poll
2026-03-20 10:01:55.517,gvl_SL,iColorSensor_SL,0,event
2026-03-20 10:01:55.458,gvl_HBW,bEncoderImpulse_HBW_horizontal2,True,poll
2026-03-20 10:01:55.458,gvl_HBW,bEncoderImpulse_HBW_vertical1,False,poll
2026-03-20 10:01:55.458,gvl_HBW,bEncoderImpulse_HBW_vertical2,False,poll
2026-03-20 10:01:55.458,gvl_HBW,bMotor_HBW_ConveyorBelt_forward,False,poll
2026-03-20 10:01:55.458,gvl_HBW,bMotor_HBW_ConveyorBelt_backward,False,poll
2026-03-20 10:01:55.458,gvl_HBW,bMotor_HBW_StackerCrane_torack,False,poll
2026-03-20 10:01:55.458,gvl_HBW,bMotor_HBW_StackerCrane_toconveyorbelt,False,poll
2026-03-20 10:01:55.458,gvl_HBW,bMotor_HBW_StackerCrane_downward,False,poll
2026-03-20 10:01:55.458,gvl_HBW,bMotor_HBW_StackerCrane_upward,False,poll
2026-03-20 10:01:55.458,gvl_HBW,bMotor_HBW_Cantilever_forward,False,poll
2026-03-20 10:01:55.458,gvl_HBW,bMotor_HBW_Cantilever_backward,False,poll
2026-03-20 10:01:55.458,gvl_MS,bReferenceSwitch_MS_Turntable_attransferunit,False,poll
2026-03-20 10:01:55.458,gvl_MS,bReferenceSwitch_MS_Turntable_atconveyorbelt,False,poll
2026-03-20 10:01:55.458,gvl_MS,bLightBarrier_MS_conveyorbelt,False,poll
2026-03-20 10:01:55.458,gvl_MS,bReferenceSwitch_MS_Turntable_atsaw,False,poll
2026-03-20 10:01:55.458,gvl_MS,bReferenceSwitch_MS_TransferUnit_atturntable,True,poll
2026-03-20 10:01:55.458,gvl_MS,bReferenceSwitch_MS_OvenSlider_inside,False,poll
2026-03-20 10:01:55.458,gvl_MS,bReferenceSwitch_MS_OvenSlider_outside,True,poll
2026-03-20 10:01:55.458,gvl_MS,bReferenceSwitch_MS_TransferUnit_atoven,False,poll
2026-03-20 10:01:55.458,gvl_MS,bLightBarrier_MS_oven,True,poll
2026-03-20 10:01:55.458,gvl_MS,bMotor_MS_Turntable_clockwise,False,poll
2026-03-20 10:01:55.458,gvl_MS,bMotor_MS_Turntable_counterclockwise,False,poll
2026-03-20 10:01:55.458,gvl_MS,bMotor_MS_ConveyorBelt_forward,False,poll
2026-03-20 10:01:55.458,gvl_MS,bMotor_MS_Saw,False,poll
2026-03-20 10:01:55.458,gvl_MS,bMotor_MS_OvenSlider_movein,False,poll
2026-03-20 10:01:55.458,gvl_MS,bMotor_MS_OvenSlider_moveout,False,poll
2026-03-20 10:01:55.458,gvl_MS,bMotor_MS_TransferUnit_tooven,False,poll
2026-03-20 10:01:55.458,gvl_MS,bMotor_MS_TransferUnit_toturntable,False,poll
2026-03-20 10:01:55.458,gvl_MS,bLamp_MS,False,poll
2026-03-20 10:01:55.458,gvl_MS,bCompressor_MS,False,poll
2026-03-20 10:01:55.458,gvl_MS,bValve_MS_Vacuum,False,poll
2026-03-20 10:01:55.458,gvl_MS,bValve_MS_TransferUnit,False,poll
2026-03-20 10:01:55.458,gvl_MS,bValve_MS_OvenDoor,False,poll
2026-03-20 10:01:55.458,gvl_MS,bValve_MS_Ejector,False,poll
2026-03-20 10:01:55.458,gvl_PM,bLightBarrier_PM_entry,True,poll
2026-03-20 10:01:55.458,gvl_PM,bLightBarrier_PM_tool,True,poll
2026-03-20 10:01:55.458,gvl_PM,bReferenceSwitch_PM_top,False,poll
2026-03-20 10:01:55.458,gvl_PM,bReferenceSwitch_PM_bottom,True,poll
2026-03-20 10:01:55.458,gvl_PM,bMotor_PM_ConveyorBelt_forward,False,poll
2026-03-20 10:01:55.458,gvl_PM,bMotor_PM_ConveyorBelt_backward,False,poll
2026-03-20 10:01:55.458,gvl_PM,bMotor_PM_Tool_upward,False,poll
2026-03-20 10:01:55.458,gvl_PM,bMotor_PM_Tool_downward,False,poll
2026-03-20 10:01:55.458,gvl_SL,bPulseCounter_SL,False,poll
2026-03-20 10:01:55.458,gvl_SL,bLightBarrier_SL_beforecolor,True,poll
2026-03-20 10:01:55.458,gvl_SL,bLightBarrier_SL_aftercolor,True,poll
2026-03-20 10:01:55.458,gvl_SL,bLightBarrier_SL_white,True,poll
2026-03-20 10:01:55.458,gvl_SL,bLightBarrier_SL_red,True,poll
2026-03-20 10:01:55.458,gvl_SL,bLightBarrier_SL_blue,True,poll
2026-03-20 10:01:55.458,gvl_SL,iColorSensor_SL,0,poll
2026-03-20 10:01:55.458,gvl_SL,bMotor_SL_ConveyorBelt,False,poll
2026-03-20 10:01:55.458,gvl_SL,bCompressor_SL,False,poll
2026-03-20 10:01:55.458,gvl_SL,bValve_SL_white,False,poll
2026-03-20 10:01:55.458,gvl_SL,bValve_SL_red,False,poll
2026-03-20 10:01:55.458,gvl_SL,bValve_SL_blue,False,poll
2026-03-20 10:01:55.458,LocalVariables,iC_CoordH,35,poll
2026-03-20 10:01:55.458,LocalVariables,iC_CoordV,0,poll
2026-03-20 10:01:55.458,LocalVariables,iC_CoordR,35,poll
2026-03-20 10:01:55.458,LocalVariables,eC_PickingStation,0,poll
2026-03-20 10:01:55.458,LocalVariables,eC_PlacingStation,0,poll
2026-03-20 10:01:55.458,LocalVariables,iC_Coord_Picking,"[[1340, 170, 150, 445], [380, 800, 367, 435], [800, 301, 580, 800]]",poll
2026-03-20 10:01:55.458,LocalVariables,iC_Coord_Placing,"[[890, 870], [500, 1343], [180, 150]]",poll
2026-03-20 10:01:56.018,gvl_SL,iColorSensor_SL,1,event
2026-03-20 10:01:56.137,gvl_C,bReferenceSwitch_C_vertical,True,poll
2026-03-20 10:01:56.137,gvl_C,bReferenceSwitch_C_horizontal,False,poll
2026-03-20 10:01:56.137,gvl_C,bReferenceSwitch_C_rotate,False,poll
2026-03-20 10:01:56.137,gvl_C,bEncoderImpulse_C_vertical1,False,poll
2026-03-20 10:01:56.137,gvl_C,bEncoderImpulse_C_vertical2,True,poll
2026-03-20 10:01:56.137,gvl_C,bEncoderImpulse_C_horizontal1,False,poll
2026-03-20 10:01:56.137,gvl_C,bEncoderImpulse_C_horizontal2,True,poll
2026-03-20 10:01:56.137,gvl_C,bEncoderImpulse_C_rotate1,True,poll
2026-03-20 10:01:56.137,gvl_C,bEncoderImpulse_C_rotate2,False,poll
2026-03-20 10:01:56.137,gvl_C,bMotor_C_upward,False,poll
2026-03-20 10:01:56.137,gvl_C,bMotor_C_downward,False,poll
2026-03-20 10:01:56.137,gvl_C,bMotor_C_backward,False,poll
2026-03-20 10:01:56.137,gvl_C,bMotor_C_forward,False,poll
2026-03-20 10:01:56.137,gvl_C,bMotor_C_clockwise,False,poll
2026-03-20 10:01:56.137,gvl_C,bMotor_C_counterclockwise,False,poll
2026-03-20 10:01:56.137,gvl_C,bCompressor_C,False,poll
2026-03-20 10:01:56.137,gvl_C,bValve_C,False,poll
2026-03-20 10:01:56.137,gvl_HBW,bReferenceSwitch_HBW_horizontal,True,poll
2026-03-20 10:01:56.137,gvl_HBW,bLightBarrier_HBW_inside,True,poll
2026-03-20 10:01:56.137,gvl_HBW,bLightBarrier_HBW_outside,True,poll
2026-03-20 10:01:56.137,gvl_HBW,bReferenceSwitch_HBW_vertical,False,poll
2026-03-20 10:01:56.137,gvl_HBW,bReferenceSwitch_HBW_Cantilever_front,False,poll
2026-03-20 10:01:56.137,gvl_HBW,bReferenceSwitch_HBW_Cantilever_back,False,poll
2026-03-20 10:01:56.137,gvl_HBW,bTrailSensor_HBW_bottom,True,poll
2026-03-20 10:01:56.137,gvl_HBW,bTrailSensor_HBW_top,True,poll
2026-03-20 10:01:56.219,gvl_SL,iColorSensor_SL,0,event
2026-03-20 10:01:56.137,gvl_HBW,bEncoderImpulse_HBW_horizontal1,False,poll
2026-03-20 10:01:56.137,gvl_HBW,bEncoderImpulse_HBW_horizontal2,True,poll
2026-03-20 10:01:56.137,gvl_HBW,bEncoderImpulse_HBW_vertical1,False,poll
2026-03-20 10:01:56.137,gvl_HBW,bEncoderImpulse_HBW_vertical2,False,poll
2026-03-20 10:01:56.137,gvl_HBW,bMotor_HBW_ConveyorBelt_forward,False,poll
2026-03-20 10:01:56.137,gvl_HBW,bMotor_HBW_ConveyorBelt_backward,False,poll
2026-03-20 10:01:56.137,gvl_HBW,bMotor_HBW_StackerCrane_torack,False,poll
2026-03-20 10:01:56.137,gvl_HBW,bMotor_HBW_StackerCrane_toconveyorbelt,False,poll
2026-03-20 10:01:56.137,gvl_HBW,bMotor_HBW_StackerCrane_downward,False,poll
2026-03-20 10:01:56.137,gvl_HBW,bMotor_HBW_StackerCrane_upward,False,poll
2026-03-20 10:01:56.137,gvl_HBW,bMotor_HBW_Cantilever_forward,False,poll
2026-03-20 10:01:56.137,gvl_HBW,bMotor_HBW_Cantilever_backward,False,poll
2026-03-20 10:01:56.137,gvl_MS,bReferenceSwitch_MS_Turntable_attransferunit,False,poll
2026-03-20 10:01:56.137,gvl_MS,bReferenceSwitch_MS_Turntable_atconveyorbelt,False,poll
2026-03-20 10:01:56.137,gvl_MS,bLightBarrier_MS_conveyorbelt,False,poll
2026-03-20 10:01:56.137,gvl_MS,bReferenceSwitch_MS_Turntable_atsaw,False,poll
2026-03-20 10:01:56.137,gvl_MS,bReferenceSwitch_MS_TransferUnit_atturntable,True,poll
2026-03-20 10:01:56.137,gvl_MS,bReferenceSwitch_MS_OvenSlider_inside,False,poll
2026-03-20 10:01:56.137,gvl_MS,bReferenceSwitch_MS_OvenSlider_outside,True,poll
2026-03-20 10:01:56.137,gvl_MS,bReferenceSwitch_MS_TransferUnit_atoven,False,poll
2026-03-20 10:01:56.137,gvl_MS,bLightBarrier_MS_oven,True,poll
2026-03-20 10:01:56.137,gvl_MS,bMotor_MS_Turntable_clockwise,False,poll
2026-03-20 10:01:56.137,gvl_MS,bMotor_MS_Turntable_counterclockwise,False,poll
2026-03-20 10:01:56.137,gvl_MS,bMotor_MS_ConveyorBelt_forward,False,poll
2026-03-20 10:01:56.137,gvl_MS,bMotor_MS_Saw,False,poll
2026-03-20 10:01:56.137,gvl_MS,bMotor_MS_OvenSlider_movein,False,poll
2026-03-20 10:01:56.137,gvl_MS,bMotor_MS_OvenSlider_moveout,False,poll
2026-03-20 10:01:56.137,gvl_MS,bMotor_MS_TransferUnit_tooven,False,poll
2026-03-20 10:01:56.137,gvl_MS,bMotor_MS_TransferUnit_toturntable,False,poll
2026-03-20 10:01:56.137,gvl_MS,bLamp_MS,False,poll
2026-03-20 10:01:56.137,gvl_MS,bCompressor_MS,False,poll
2026-03-20 10:01:56.137,gvl_MS,bValve_MS_Vacuum,False,poll
2026-03-20 10:01:56.137,gvl_MS,bValve_MS_TransferUnit,False,poll
2026-03-20 10:01:56.137,gvl_MS,bValve_MS_OvenDoor,False,poll
2026-03-20 10:01:56.137,gvl_MS,bValve_MS_Ejector,False,poll
2026-03-20 10:01:56.137,gvl_PM,bLightBarrier_PM_entry,True,poll
2026-03-20 10:01:56.137,gvl_PM,bLightBarrier_PM_tool,True,poll
2026-03-20 10:01:56.137,gvl_PM,bReferenceSwitch_PM_top,False,poll
2026-03-20 10:01:56.137,gvl_PM,bReferenceSwitch_PM_bottom,True,poll
2026-03-20 10:01:56.137,gvl_PM,bMotor_PM_ConveyorBelt_forward,False,poll
2026-03-20 10:01:56.137,gvl_PM,bMotor_PM_ConveyorBelt_backward,False,poll
2026-03-20 10:01:56.137,gvl_PM,bMotor_PM_Tool_upward,False,poll
2026-03-20 10:01:56.137,gvl_PM,bMotor_PM_Tool_downward,False,poll
2026-03-20 10:01:56.137,gvl_SL,bPulseCounter_SL,False,poll
2026-03-20 10:01:56.137,gvl_SL,bLightBarrier_SL_beforecolor,True,poll
2026-03-20 10:01:56.137,gvl_SL,bLightBarrier_SL_aftercolor,True,poll
2026-03-20 10:01:56.137,gvl_SL,bLightBarrier_SL_white,True,poll
2026-03-20 10:01:56.137,gvl_SL,bLightBarrier_SL_red,True,poll
2026-03-20 10:01:56.137,gvl_SL,bLightBarrier_SL_blue,True,poll
2026-03-20 10:01:56.137,gvl_SL,iColorSensor_SL,0,poll
2026-03-20 10:01:56.137,gvl_SL,bMotor_SL_ConveyorBelt,False,poll
2026-03-20 10:01:56.137,gvl_SL,bCompressor_SL,False,poll
2026-03-20 10:01:56.137,gvl_SL,bValve_SL_white,False,poll
2026-03-20 10:01:56.137,gvl_SL,bValve_SL_red,False,poll
2026-03-20 10:01:56.137,gvl_SL,bValve_SL_blue,False,poll
2026-03-20 10:01:56.137,LocalVariables,iC_CoordH,35,poll
2026-03-20 10:01:56.137,LocalVariables,iC_CoordV,0,poll
2026-03-20 10:01:56.137,LocalVariables,iC_CoordR,35,poll
2026-03-20 10:01:56.137,LocalVariables,eC_PickingStation,0,poll
2026-03-20 10:01:56.137,LocalVariables,eC_PlacingStation,0,poll
2026-03-20 10:01:56.137,LocalVariables,iC_Coord_Picking,"[[1340, 170, 150, 445], [380, 800, 367, 435], [800, 301, 580, 800]]",poll
2026-03-20 10:01:56.137,LocalVariables,iC_Coord_Placing,"[[890, 870], [500, 1343], [180, 150]]",poll
2026-03-20 10:01:56.935,gvl_C,bReferenceSwitch_C_vertical,True,poll
2026-03-20 10:01:56.935,gvl_C,bReferenceSwitch_C_horizontal,False,poll
2026-03-20 10:01:56.935,gvl_C,bReferenceSwitch_C_rotate,False,poll
2026-03-20 10:01:56.935,gvl_C,bEncoderImpulse_C_vertical1,False,poll
2026-03-20 10:01:56.935,gvl_C,bEncoderImpulse_C_vertical2,True,poll
2026-03-20 10:01:56.935,gvl_C,bEncoderImpulse_C_horizontal1,False,poll
2026-03-20 10:01:56.935,gvl_C,bEncoderImpulse_C_horizontal2,True,poll
2026-03-20 10:01:56.935,gvl_C,bEncoderImpulse_C_rotate1,True,poll
2026-03-20 10:01:56.935,gvl_C,bEncoderImpulse_C_rotate2,False,poll
2026-03-20 10:01:56.935,gvl_C,bMotor_C_upward,False,poll
2026-03-20 10:01:56.935,gvl_C,bMotor_C_downward,False,poll
2026-03-20 10:01:56.935,gvl_C,bMotor_C_backward,False,poll
2026-03-20 10:01:56.935,gvl_C,bMotor_C_forward,False,poll
2026-03-20 10:01:56.935,gvl_C,bMotor_C_clockwise,False,poll
2026-03-20 10:01:56.935,gvl_C,bMotor_C_counterclockwise,False,poll
2026-03-20 10:01:56.935,gvl_C,bCompressor_C,False,poll
2026-03-20 10:01:56.935,gvl_C,bValve_C,False,poll
2026-03-20 10:01:56.935,gvl_HBW,bReferenceSwitch_HBW_horizontal,True,poll
2026-03-20 10:01:56.935,gvl_HBW,bLightBarrier_HBW_inside,True,poll
2026-03-20 10:01:56.935,gvl_HBW,bLightBarrier_HBW_outside,True,poll
2026-03-20 10:01:56.935,gvl_HBW,bReferenceSwitch_HBW_vertical,False,poll
2026-03-20 10:01:56.935,gvl_HBW,bReferenceSwitch_HBW_Cantilever_front,False,poll
2026-03-20 10:01:56.935,gvl_HBW,bReferenceSwitch_HBW_Cantilever_back,False,poll
2026-03-20 10:01:56.935,gvl_HBW,bTrailSensor_HBW_bottom,True,poll
2026-03-20 10:01:56.935,gvl_HBW,bTrailSensor_HBW_top,True,poll
2026-03-20 10:01:56.935,gvl_HBW,bEncoderImpulse_HBW_horizontal1,False,poll
2026-03-20 10:01:56.935,gvl_HBW,bEncoderImpulse_HBW_horizontal2,True,poll
2026-03-20 10:01:56.935,gvl_HBW,bEncoderImpulse_HBW_vertical1,False,poll
2026-03-20 10:01:56.935,gvl_HBW,bEncoderImpulse_HBW_vertical2,False,poll
2026-03-20 10:01:56.935,gvl_HBW,bMotor_HBW_ConveyorBelt_forward,False,poll
2026-03-20 10:01:56.935,gvl_HBW,bMotor_HBW_ConveyorBelt_backward,False,poll
2026-03-20 10:01:56.935,gvl_HBW,bMotor_HBW_StackerCrane_torack,False,poll
2026-03-20 10:01:56.935,gvl_HBW,bMotor_HBW_StackerCrane_toconveyorbelt,False,poll
2026-03-20 10:01:56.935,gvl_HBW,bMotor_HBW_StackerCrane_downward,False,poll
2026-03-20 10:01:56.935,gvl_HBW,bMotor_HBW_StackerCrane_upward,False,poll
2026-03-20 10:01:56.935,gvl_HBW,bMotor_HBW_Cantilever_forward,False,poll
2026-03-20 10:01:56.935,gvl_HBW,bMotor_HBW_Cantilever_backward,False,poll
2026-03-20 10:01:56.935,gvl_MS,bReferenceSwitch_MS_Turntable_attransferunit,False,poll
2026-03-20 10:01:56.935,gvl_MS,bReferenceSwitch_MS_Turntable_atconveyorbelt,False,poll
2026-03-20 10:01:56.935,gvl_MS,bLightBarrier_MS_conveyorbelt,False,poll
2026-03-20 10:01:56.935,gvl_MS,bReferenceSwitch_MS_Turntable_atsaw,False,poll
2026-03-20 10:01:56.935,gvl_MS,bReferenceSwitch_MS_TransferUnit_atturntable,True,poll
2026-03-20 10:01:56.935,gvl_MS,bReferenceSwitch_MS_OvenSlider_inside,False,poll
2026-03-20 10:01:56.935,gvl_MS,bReferenceSwitch_MS_OvenSlider_outside,True,poll
2026-03-20 10:01:56.935,gvl_MS,bReferenceSwitch_MS_TransferUnit_atoven,False,poll
2026-03-20 10:01:56.935,gvl_MS,bLightBarrier_MS_oven,True,poll
2026-03-20 10:01:56.935,gvl_MS,bMotor_MS_Turntable_clockwise,False,poll
2026-03-20 10:01:56.935,gvl_MS,bMotor_MS_Turntable_counterclockwise,False,poll
2026-03-20 10:01:56.935,gvl_MS,bMotor_MS_ConveyorBelt_forward,False,poll
2026-03-20 10:01:56.935,gvl_MS,bMotor_MS_Saw,False,poll
2026-03-20 10:01:56.935,gvl_MS,bMotor_MS_OvenSlider_movein,False,poll
2026-03-20 10:01:56.935,gvl_MS,bMotor_MS_OvenSlider_moveout,False,poll
2026-03-20 10:01:56.935,gvl_MS,bMotor_MS_TransferUnit_tooven,False,poll
2026-03-20 10:01:56.935,gvl_MS,bMotor_MS_TransferUnit_toturntable,False,poll
2026-03-20 10:01:56.935,gvl_MS,bLamp_MS,False,poll
2026-03-20 10:01:56.935,gvl_MS,bCompressor_MS,False,poll
2026-03-20 10:01:56.935,gvl_MS,bValve_MS_Vacuum,False,poll
2026-03-20 10:01:56.935,gvl_MS,bValve_MS_TransferUnit,False,poll
2026-03-20 10:01:56.935,gvl_MS,bValve_MS_OvenDoor,False,poll
2026-03-20 10:01:56.935,gvl_MS,bValve_MS_Ejector,False,poll
2026-03-20 10:01:56.935,gvl_PM,bLightBarrier_PM_entry,True,poll
2026-03-20 10:01:56.935,gvl_PM,bLightBarrier_PM_tool,True,poll
2026-03-20 10:01:56.935,gvl_PM,bReferenceSwitch_PM_top,False,poll
2026-03-20 10:01:56.935,gvl_PM,bReferenceSwitch_PM_bottom,True,poll
2026-03-20 10:01:56.935,gvl_PM,bMotor_PM_ConveyorBelt_forward,False,poll
2026-03-20 10:01:56.935,gvl_PM,bMotor_PM_ConveyorBelt_backward,False,poll
2026-03-20 10:01:56.935,gvl_PM,bMotor_PM_Tool_upward,False,poll
2026-03-20 10:01:56.935,gvl_PM,bMotor_PM_Tool_downward,False,poll
2026-03-20 10:01:56.935,gvl_SL,bPulseCounter_SL,False,poll
2026-03-20 10:01:57.118,gvl_SL,iColorSensor_SL,1,event
2026-03-20 10:01:56.935,gvl_SL,bLightBarrier_SL_beforecolor,True,poll
2026-03-20 10:01:56.935,gvl_SL,bLightBarrier_SL_aftercolor,True,poll
2026-03-20 10:01:56.935,gvl_SL,bLightBarrier_SL_white,True,poll
2026-03-20 10:01:56.935,gvl_SL,bLightBarrier_SL_red,True,poll
2026-03-20 10:01:56.935,gvl_SL,bLightBarrier_SL_blue,True,poll
2026-03-20 10:01:56.935,gvl_SL,iColorSensor_SL,0,poll
2026-03-20 10:01:56.935,gvl_SL,bMotor_SL_ConveyorBelt,False,poll
2026-03-20 10:01:56.935,gvl_SL,bCompressor_SL,False,poll
2026-03-20 10:01:56.935,gvl_SL,bValve_SL_white,False,poll
2026-03-20 10:01:56.935,gvl_SL,bValve_SL_red,False,poll
2026-03-20 10:01:56.935,gvl_SL,bValve_SL_blue,False,poll
2026-03-20 10:01:56.935,LocalVariables,iC_CoordH,35,poll
2026-03-20 10:01:56.935,LocalVariables,iC_CoordV,0,poll
2026-03-20 10:01:56.935,LocalVariables,iC_CoordR,35,poll
2026-03-20 10:01:56.935,LocalVariables,eC_PickingStation,0,poll
2026-03-20 10:01:56.935,LocalVariables,eC_PlacingStation,0,poll
2026-03-20 10:01:56.935,LocalVariables,iC_Coord_Picking,"[[1340, 170, 150, 445], [380, 800, 367, 435], [800, 301, 580, 800]]",poll
2026-03-20 10:01:56.935,LocalVariables,iC_Coord_Placing,"[[890, 870], [500, 1343], [180, 150]]",poll
2026-03-20 10:01:57.218,gvl_SL,iColorSensor_SL,0,event
2026-03-20 10:01:57.418,gvl_SL,iColorSensor_SL,1,event
2026-03-20 10:01:57.518,gvl_SL,iColorSensor_SL,0,event
2026-03-20 10:01:57.674,gvl_C,bReferenceSwitch_C_vertical,True,poll
2026-03-20 10:01:57.674,gvl_C,bReferenceSwitch_C_horizontal,False,poll
2026-03-20 10:01:57.674,gvl_C,bReferenceSwitch_C_rotate,False,poll
2026-03-20 10:01:57.674,gvl_C,bEncoderImpulse_C_vertical1,False,poll
2026-03-20 10:01:57.674,gvl_C,bEncoderImpulse_C_vertical2,True,poll
2026-03-20 10:01:57.674,gvl_C,bEncoderImpulse_C_horizontal1,False,poll
2026-03-20 10:01:57.674,gvl_C,bEncoderImpulse_C_horizontal2,True,poll
2026-03-20 10:01:57.674,gvl_C,bEncoderImpulse_C_rotate1,True,poll
2026-03-20 10:01:57.674,gvl_C,bEncoderImpulse_C_rotate2,False,poll
2026-03-20 10:01:57.674,gvl_C,bMotor_C_upward,False,poll
2026-03-20 10:01:57.674,gvl_C,bMotor_C_downward,False,poll
2026-03-20 10:01:57.674,gvl_C,bMotor_C_backward,False,poll
2026-03-20 10:01:57.674,gvl_C,bMotor_C_forward,False,poll
2026-03-20 10:01:57.674,gvl_C,bMotor_C_clockwise,False,poll
2026-03-20 10:01:57.674,gvl_C,bMotor_C_counterclockwise,False,poll
2026-03-20 10:01:57.674,gvl_C,bCompressor_C,False,poll
2026-03-20 10:01:57.674,gvl_C,bValve_C,False,poll
2026-03-20 10:01:57.674,gvl_HBW,bReferenceSwitch_HBW_horizontal,True,poll
2026-03-20 10:01:57.674,gvl_HBW,bLightBarrier_HBW_inside,True,poll
2026-03-20 10:01:57.674,gvl_HBW,bLightBarrier_HBW_outside,True,poll
2026-03-20 10:01:57.674,gvl_HBW,bReferenceSwitch_HBW_vertical,False,poll
2026-03-20 10:01:57.674,gvl_HBW,bReferenceSwitch_HBW_Cantilever_front,False,poll
2026-03-20 10:01:57.674,gvl_HBW,bReferenceSwitch_HBW_Cantilever_back,False,poll
2026-03-20 10:01:57.674,gvl_HBW,bTrailSensor_HBW_bottom,True,poll
2026-03-20 10:01:57.674,gvl_HBW,bTrailSensor_HBW_top,True,poll
2026-03-20 10:01:57.674,gvl_HBW,bEncoderImpulse_HBW_horizontal1,False,poll
2026-03-20 10:01:57.674,gvl_HBW,bEncoderImpulse_HBW_horizontal2,True,poll
2026-03-20 10:01:57.674,gvl_HBW,bEncoderImpulse_HBW_vertical1,False,poll
2026-03-20 10:01:57.674,gvl_HBW,bEncoderImpulse_HBW_vertical2,False,poll
2026-03-20 10:01:57.674,gvl_HBW,bMotor_HBW_ConveyorBelt_forward,False,poll
2026-03-20 10:01:57.674,gvl_HBW,bMotor_HBW_ConveyorBelt_backward,False,poll
2026-03-20 10:01:57.674,gvl_HBW,bMotor_HBW_StackerCrane_torack,False,poll
2026-03-20 10:01:57.674,gvl_HBW,bMotor_HBW_StackerCrane_toconveyorbelt,False,poll
2026-03-20 10:01:57.674,gvl_HBW,bMotor_HBW_StackerCrane_downward,False,poll
2026-03-20 10:01:57.674,gvl_HBW,bMotor_HBW_StackerCrane_upward,False,poll
2026-03-20 10:01:57.674,gvl_HBW,bMotor_HBW_Cantilever_forward,False,poll
2026-03-20 10:01:57.674,gvl_HBW,bMotor_HBW_Cantilever_backward,False,poll
2026-03-20 10:01:57.674,gvl_MS,bReferenceSwitch_MS_Turntable_attransferunit,False,poll
2026-03-20 10:01:57.674,gvl_MS,bReferenceSwitch_MS_Turntable_atconveyorbelt,False,poll
2026-03-20 10:01:57.674,gvl_MS,bLightBarrier_MS_conveyorbelt,False,poll
2026-03-20 10:01:57.674,gvl_MS,bReferenceSwitch_MS_Turntable_atsaw,False,poll
2026-03-20 10:01:57.674,gvl_MS,bReferenceSwitch_MS_TransferUnit_atturntable,True,poll
2026-03-20 10:01:57.674,gvl_MS,bReferenceSwitch_MS_OvenSlider_inside,False,poll
2026-03-20 10:01:57.674,gvl_MS,bReferenceSwitch_MS_OvenSlider_outside,True,poll
2026-03-20 10:01:57.674,gvl_MS,bReferenceSwitch_MS_TransferUnit_atoven,False,poll
2026-03-20 10:01:57.674,gvl_MS,bLightBarrier_MS_oven,True,poll
2026-03-20 10:01:57.674,gvl_MS,bMotor_MS_Turntable_clockwise,False,poll
2026-03-20 10:01:57.674,gvl_MS,bMotor_MS_Turntable_counterclockwise,False,poll
2026-03-20 10:01:57.674,gvl_MS,bMotor_MS_ConveyorBelt_forward,False,poll
2026-03-20 10:01:57.674,gvl_MS,bMotor_MS_Saw,False,poll
2026-03-20 10:01:57.674,gvl_MS,bMotor_MS_OvenSlider_movein,False,poll
2026-03-20 10:01:57.674,gvl_MS,bMotor_MS_OvenSlider_moveout,False,poll
2026-03-20 10:01:57.674,gvl_MS,bMotor_MS_TransferUnit_tooven,False,poll
2026-03-20 10:01:57.674,gvl_MS,bMotor_MS_TransferUnit_toturntable,False,poll
2026-03-20 10:01:57.674,gvl_MS,bLamp_MS,False,poll
2026-03-20 10:01:57.674,gvl_MS,bCompressor_MS,False,poll
2026-03-20 10:01:57.674,gvl_MS,bValve_MS_Vacuum,False,poll
2026-03-20 10:01:57.674,gvl_MS,bValve_MS_TransferUnit,False,poll
2026-03-20 10:01:57.674,gvl_MS,bValve_MS_OvenDoor,False,poll
2026-03-20 10:01:57.674,gvl_MS,bValve_MS_Ejector,False,poll
2026-03-20 10:01:57.674,gvl_PM,bLightBarrier_PM_entry,True,poll
2026-03-20 10:01:57.674,gvl_PM,bLightBarrier_PM_tool,True,poll
2026-03-20 10:01:57.674,gvl_PM,bReferenceSwitch_PM_top,False,poll
2026-03-20 10:01:57.674,gvl_PM,bReferenceSwitch_PM_bottom,True,poll
2026-03-20 10:01:57.674,gvl_PM,bMotor_PM_ConveyorBelt_forward,False,poll
2026-03-20 10:01:57.674,gvl_PM,bMotor_PM_ConveyorBelt_backward,False,poll
2026-03-20 10:01:57.674,gvl_PM,bMotor_PM_Tool_upward,False,poll
2026-03-20 10:01:57.674,gvl_PM,bMotor_PM_Tool_downward,False,poll
2026-03-20 10:01:57.674,gvl_SL,bPulseCounter_SL,False,poll
2026-03-20 10:01:57.674,gvl_SL,bLightBarrier_SL_beforecolor,True,poll
2026-03-20 10:01:57.674,gvl_SL,bLightBarrier_SL_aftercolor,True,poll
2026-03-20 10:01:57.674,gvl_SL,bLightBarrier_SL_white,True,poll
2026-03-20 10:01:57.674,gvl_SL,bLightBarrier_SL_red,True,poll
2026-03-20 10:01:57.674,gvl_SL,bLightBarrier_SL_blue,True,poll
2026-03-20 10:01:57.674,gvl_SL,iColorSensor_SL,0,poll
2026-03-20 10:01:57.674,gvl_SL,bMotor_SL_ConveyorBelt,False,poll
2026-03-20 10:01:57.674,gvl_SL,bCompressor_SL,False,poll
2026-03-20 10:01:57.674,gvl_SL,bValve_SL_white,False,poll
2026-03-20 10:01:57.674,gvl_SL,bValve_SL_red,False,poll
2026-03-20 10:01:57.674,gvl_SL,bValve_SL_blue,False,poll
2026-03-20 10:01:57.674,LocalVariables,iC_CoordH,35,poll
2026-03-20 10:01:57.674,LocalVariables,iC_CoordV,0,poll
2026-03-20 10:01:57.674,LocalVariables,iC_CoordR,35,poll
2026-03-20 10:01:57.674,LocalVariables,eC_PickingStation,0,poll
2026-03-20 10:01:57.674,LocalVariables,eC_PlacingStation,0,poll
2026-03-20 10:01:57.674,LocalVariables,iC_Coord_Picking,"[[1340, 170, 150, 445], [380, 800, 367, 435], [800, 301, 580, 800]]",poll
2026-03-20 10:01:57.674,LocalVariables,iC_Coord_Placing,"[[890, 870], [500, 1343], [180, 150]]",poll
2026-03-20 10:01:58.443,gvl_C,bReferenceSwitch_C_vertical,True,poll
2026-03-20 10:01:58.443,gvl_C,bReferenceSwitch_C_horizontal,False,poll
2026-03-20 10:01:58.443,gvl_C,bReferenceSwitch_C_rotate,False,poll
2026-03-20 10:01:58.443,gvl_C,bEncoderImpulse_C_vertical1,False,poll
2026-03-20 10:01:58.443,gvl_C,bEncoderImpulse_C_vertical2,True,poll
2026-03-20 10:01:58.443,gvl_C,bEncoderImpulse_C_horizontal1,False,poll
2026-03-20 10:01:58.443,gvl_C,bEncoderImpulse_C_horizontal2,True,poll
2026-03-20 10:01:58.443,gvl_C,bEncoderImpulse_C_rotate1,True,poll
2026-03-20 10:01:58.443,gvl_C,bEncoderImpulse_C_rotate2,False,poll
2026-03-20 10:01:58.443,gvl_C,bMotor_C_upward,False,poll
2026-03-20 10:01:58.443,gvl_C,bMotor_C_downward,False,poll
2026-03-20 10:01:58.443,gvl_C,bMotor_C_backward,False,poll
2026-03-20 10:01:58.443,gvl_C,bMotor_C_forward,False,poll
2026-03-20 10:01:58.443,gvl_C,bMotor_C_clockwise,False,poll
2026-03-20 10:01:58.443,gvl_C,bMotor_C_counterclockwise,False,poll
2026-03-20 10:01:58.443,gvl_C,bCompressor_C,False,poll
2026-03-20 10:01:58.443,gvl_C,bValve_C,False,poll
2026-03-20 10:01:58.443,gvl_HBW,bReferenceSwitch_HBW_horizontal,True,poll
2026-03-20 10:01:58.443,gvl_HBW,bLightBarrier_HBW_inside,True,poll
2026-03-20 10:01:58.443,gvl_HBW,bLightBarrier_HBW_outside,True,poll
2026-03-20 10:01:58.443,gvl_HBW,bReferenceSwitch_HBW_vertical,False,poll
2026-03-20 10:01:58.443,gvl_HBW,bReferenceSwitch_HBW_Cantilever_front,False,poll
2026-03-20 10:01:58.443,gvl_HBW,bReferenceSwitch_HBW_Cantilever_back,False,poll
2026-03-20 10:01:58.443,gvl_HBW,bTrailSensor_HBW_bottom,True,poll
2026-03-20 10:01:58.443,gvl_HBW,bTrailSensor_HBW_top,True,poll
2026-03-20 10:01:58.443,gvl_HBW,bEncoderImpulse_HBW_horizontal1,False,poll
2026-03-20 10:01:58.443,gvl_HBW,bEncoderImpulse_HBW_horizontal2,True,poll
2026-03-20 10:01:58.443,gvl_HBW,bEncoderImpulse_HBW_vertical1,False,poll
2026-03-20 10:01:58.443,gvl_HBW,bEncoderImpulse_HBW_vertical2,False,poll
2026-03-20 10:01:58.443,gvl_HBW,bMotor_HBW_ConveyorBelt_forward,False,poll
2026-03-20 10:01:58.443,gvl_HBW,bMotor_HBW_ConveyorBelt_backward,False,poll
2026-03-20 10:01:58.443,gvl_HBW,bMotor_HBW_StackerCrane_torack,False,poll
2026-03-20 10:01:58.443,gvl_HBW,bMotor_HBW_StackerCrane_toconveyorbelt,False,poll
2026-03-20 10:01:58.443,gvl_HBW,bMotor_HBW_StackerCrane_downward,False,poll
2026-03-20 10:01:58.443,gvl_HBW,bMotor_HBW_StackerCrane_upward,False,poll
2026-03-20 10:01:58.443,gvl_HBW,bMotor_HBW_Cantilever_forward,False,poll
2026-03-20 10:01:58.443,gvl_HBW,bMotor_HBW_Cantilever_backward,False,poll
2026-03-20 10:01:58.443,gvl_MS,bReferenceSwitch_MS_Turntable_attransferunit,False,poll
2026-03-20 10:01:58.443,gvl_MS,bReferenceSwitch_MS_Turntable_atconveyorbelt,False,poll
2026-03-20 10:01:58.443,gvl_MS,bLightBarrier_MS_conveyorbelt,False,poll
2026-03-20 10:01:58.443,gvl_MS,bReferenceSwitch_MS_Turntable_atsaw,False,poll
2026-03-20 10:01:58.443,gvl_MS,bReferenceSwitch_MS_TransferUnit_atturntable,True,poll
2026-03-20 10:01:58.443,gvl_MS,bReferenceSwitch_MS_OvenSlider_inside,False,poll
2026-03-20 10:01:58.443,gvl_MS,bReferenceSwitch_MS_OvenSlider_outside,True,poll
2026-03-20 10:01:58.443,gvl_MS,bReferenceSwitch_MS_TransferUnit_atoven,False,poll
2026-03-20 10:01:58.443,gvl_MS,bLightBarrier_MS_oven,True,poll
2026-03-20 10:01:58.443,gvl_MS,bMotor_MS_Turntable_clockwise,False,poll
2026-03-20 10:01:58.443,gvl_MS,bMotor_MS_Turntable_counterclockwise,False,poll
2026-03-20 10:01:58.443,gvl_MS,bMotor_MS_ConveyorBelt_forward,False,poll
2026-03-20 10:01:58.443,gvl_MS,bMotor_MS_Saw,False,poll
2026-03-20 10:01:58.443,gvl_MS,bMotor_MS_OvenSlider_movein,False,poll
2026-03-20 10:01:58.443,gvl_MS,bMotor_MS_OvenSlider_moveout,False,poll
2026-03-20 10:01:58.443,gvl_MS,bMotor_MS_TransferUnit_tooven,False,poll
2026-03-20 10:01:58.443,gvl_MS,bMotor_MS_TransferUnit_toturntable,False,poll
2026-03-20 10:01:58.443,gvl_MS,bLamp_MS,False,poll
2026-03-20 10:01:58.443,gvl_MS,bCompressor_MS,False,poll
2026-03-20 10:01:58.443,gvl_MS,bValve_MS_Vacuum,False,poll
2026-03-20 10:01:58.443,gvl_MS,bValve_MS_TransferUnit,False,poll
2026-03-20 10:01:58.443,gvl_MS,bValve_MS_OvenDoor,False,poll
2026-03-20 10:01:58.443,gvl_MS,bValve_MS_Ejector,False,poll
2026-03-20 10:01:58.443,gvl_PM,bLightBarrier_PM_entry,True,poll
2026-03-20 10:01:58.443,gvl_PM,bLightBarrier_PM_tool,True,poll
2026-03-20 10:01:58.443,gvl_PM,bReferenceSwitch_PM_top,False,poll
2026-03-20 10:01:58.443,gvl_PM,bReferenceSwitch_PM_bottom,True,poll
2026-03-20 10:01:58.443,gvl_PM,bMotor_PM_ConveyorBelt_forward,False,poll
2026-03-20 10:01:58.443,gvl_PM,bMotor_PM_ConveyorBelt_backward,False,poll
2026-03-20 10:01:58.443,gvl_PM,bMotor_PM_Tool_upward,False,poll
2026-03-20 10:01:58.443,gvl_PM,bMotor_PM_Tool_downward,False,poll
2026-03-20 10:01:58.443,gvl_SL,bPulseCounter_SL,False,poll
2026-03-20 10:01:58.443,gvl_SL,bLightBarrier_SL_beforecolor,True,poll
2026-03-20 10:01:58.443,gvl_SL,bLightBarrier_SL_aftercolor,True,poll
2026-03-20 10:01:58.443,gvl_SL,bLightBarrier_SL_white,True,poll
2026-03-20 10:01:58.443,gvl_SL,bLightBarrier_SL_red,True,poll
2026-03-20 10:01:58.443,gvl_SL,bLightBarrier_SL_blue,True,poll
2026-03-20 10:01:58.443,gvl_SL,iColorSensor_SL,0,poll
2026-03-20 10:01:58.443,gvl_SL,bMotor_SL_ConveyorBelt,False,poll
2026-03-20 10:01:58.443,gvl_SL,bCompressor_SL,False,poll
2026-03-20 10:01:58.443,gvl_SL,bValve_SL_white,False,poll
2026-03-20 10:01:58.443,gvl_SL,bValve_SL_red,False,poll
2026-03-20 10:01:58.443,gvl_SL,bValve_SL_blue,False,poll
2026-03-20 10:01:58.443,LocalVariables,iC_CoordH,35,poll
2026-03-20 10:01:58.443,LocalVariables,iC_CoordV,0,poll
2026-03-20 10:01:58.443,LocalVariables,iC_CoordR,35,poll
2026-03-20 10:01:58.443,LocalVariables,eC_PickingStation,0,poll
2026-03-20 10:01:58.443,LocalVariables,eC_PlacingStation,0,poll
2026-03-20 10:01:58.443,LocalVariables,iC_Coord_Picking,"[[1340, 170, 150, 445], [380, 800, 367, 435], [800, 301, 580, 800]]",poll
2026-03-20 10:01:58.443,LocalVariables,iC_Coord_Placing,"[[890, 870], [500, 1343], [180, 150]]",poll
2026-03-20 10:01:58.919,gvl_SL,iColorSensor_SL,1,event
2026-03-20 10:01:59.017,gvl_SL,iColorSensor_SL,0,event
2026-03-20 10:01:59.224,gvl_C,bReferenceSwitch_C_vertical,True,poll
2026-03-20 10:01:59.224,gvl_C,bReferenceSwitch_C_horizontal,False,poll
2026-03-20 10:01:59.224,gvl_C,bReferenceSwitch_C_rotate,False,poll
2026-03-20 10:01:59.224,gvl_C,bEncoderImpulse_C_vertical1,False,poll
2026-03-20 10:01:59.224,gvl_C,bEncoderImpulse_C_vertical2,True,poll
2026-03-20 10:01:59.224,gvl_C,bEncoderImpulse_C_horizontal1,False,poll
2026-03-20 10:01:59.224,gvl_C,bEncoderImpulse_C_horizontal2,True,poll
2026-03-20 10:01:59.224,gvl_C,bEncoderImpulse_C_rotate1,True,poll
2026-03-20 10:01:59.224,gvl_C,bEncoderImpulse_C_rotate2,False,poll
2026-03-20 10:01:59.224,gvl_C,bMotor_C_upward,False,poll
2026-03-20 10:01:59.224,gvl_C,bMotor_C_downward,False,poll
2026-03-20 10:01:59.224,gvl_C,bMotor_C_backward,False,poll
2026-03-20 10:01:59.224,gvl_C,bMotor_C_forward,False,poll
2026-03-20 10:01:59.224,gvl_C,bMotor_C_clockwise,False,poll
2026-03-20 10:01:59.224,gvl_C,bMotor_C_counterclockwise,False,poll
2026-03-20 10:01:59.224,gvl_C,bCompressor_C,False,poll
2026-03-20 10:01:59.224,gvl_C,bValve_C,False,poll
2026-03-20 10:01:59.224,gvl_HBW,bReferenceSwitch_HBW_horizontal,True,poll
2026-03-20 10:01:59.224,gvl_HBW,bLightBarrier_HBW_inside,True,poll
2026-03-20 10:01:59.224,gvl_HBW,bLightBarrier_HBW_outside,True,poll
2026-03-20 10:01:59.224,gvl_HBW,bReferenceSwitch_HBW_vertical,False,poll
2026-03-20 10:01:59.224,gvl_HBW,bReferenceSwitch_HBW_Cantilever_front,False,poll
2026-03-20 10:01:59.224,gvl_HBW,bReferenceSwitch_HBW_Cantilever_back,False,poll
2026-03-20 10:01:59.224,gvl_HBW,bTrailSensor_HBW_bottom,True,poll
2026-03-20 10:01:59.224,gvl_HBW,bTrailSensor_HBW_top,True,poll
2026-03-20 10:01:59.224,gvl_HBW,bEncoderImpulse_HBW_horizontal1,False,poll
2026-03-20 10:01:59.224,gvl_HBW,bEncoderImpulse_HBW_horizontal2,True,poll
2026-03-20 10:01:59.224,gvl_HBW,bEncoderImpulse_HBW_vertical1,False,poll
2026-03-20 10:01:59.224,gvl_HBW,bEncoderImpulse_HBW_vertical2,False,poll
2026-03-20 10:01:59.224,gvl_HBW,bMotor_HBW_ConveyorBelt_forward,False,poll
2026-03-20 10:01:59.224,gvl_HBW,bMotor_HBW_ConveyorBelt_backward,False,poll
2026-03-20 10:01:59.224,gvl_HBW,bMotor_HBW_StackerCrane_torack,False,poll
2026-03-20 10:01:59.224,gvl_HBW,bMotor_HBW_StackerCrane_toconveyorbelt,False,poll
2026-03-20 10:01:59.224,gvl_HBW,bMotor_HBW_StackerCrane_downward,False,poll
2026-03-20 10:01:59.224,gvl_HBW,bMotor_HBW_StackerCrane_upward,False,poll
2026-03-20 10:01:59.224,gvl_HBW,bMotor_HBW_Cantilever_forward,False,poll
2026-03-20 10:01:59.224,gvl_HBW,bMotor_HBW_Cantilever_backward,False,poll
2026-03-20 10:01:59.224,gvl_MS,bReferenceSwitch_MS_Turntable_attransferunit,False,poll
2026-03-20 10:01:59.224,gvl_MS,bReferenceSwitch_MS_Turntable_atconveyorbelt,False,poll
2026-03-20 10:01:59.224,gvl_MS,bLightBarrier_MS_conveyorbelt,False,poll
2026-03-20 10:01:59.224,gvl_MS,bReferenceSwitch_MS_Turntable_atsaw,False,poll
2026-03-20 10:01:59.224,gvl_MS,bReferenceSwitch_MS_TransferUnit_atturntable,True,poll
2026-03-20 10:01:59.224,gvl_MS,bReferenceSwitch_MS_OvenSlider_inside,False,poll
2026-03-20 10:01:59.224,gvl_MS,bReferenceSwitch_MS_OvenSlider_outside,True,poll
2026-03-20 10:01:59.224,gvl_MS,bReferenceSwitch_MS_TransferUnit_atoven,False,poll
2026-03-20 10:01:59.224,gvl_MS,bLightBarrier_MS_oven,True,poll
2026-03-20 10:01:59.224,gvl_MS,bMotor_MS_Turntable_clockwise,False,poll
2026-03-20 10:01:59.224,gvl_MS,bMotor_MS_Turntable_counterclockwise,False,poll
2026-03-20 10:01:59.224,gvl_MS,bMotor_MS_ConveyorBelt_forward,False,poll
2026-03-20 10:01:59.224,gvl_MS,bMotor_MS_Saw,False,poll
2026-03-20 10:01:59.224,gvl_MS,bMotor_MS_OvenSlider_movein,False,poll
2026-03-20 10:01:59.224,gvl_MS,bMotor_MS_OvenSlider_moveout,False,poll
2026-03-20 10:01:59.224,gvl_MS,bMotor_MS_TransferUnit_tooven,False,poll
2026-03-20 10:01:59.224,gvl_MS,bMotor_MS_TransferUnit_toturntable,False,poll
2026-03-20 10:01:59.224,gvl_MS,bLamp_MS,False,poll
2026-03-20 10:01:59.224,gvl_MS,bCompressor_MS,False,poll
2026-03-20 10:01:59.224,gvl_MS,bValve_MS_Vacuum,False,poll
2026-03-20 10:01:59.224,gvl_MS,bValve_MS_TransferUnit,False,poll
2026-03-20 10:01:59.224,gvl_MS,bValve_MS_OvenDoor,False,poll
2026-03-20 10:01:59.224,gvl_MS,bValve_MS_Ejector,False,poll
2026-03-20 10:01:59.224,gvl_PM,bLightBarrier_PM_entry,True,poll
2026-03-20 10:01:59.224,gvl_PM,bLightBarrier_PM_tool,True,poll
2026-03-20 10:01:59.224,gvl_PM,bReferenceSwitch_PM_top,False,poll
2026-03-20 10:01:59.224,gvl_PM,bReferenceSwitch_PM_bottom,True,poll
2026-03-20 10:01:59.224,gvl_PM,bMotor_PM_ConveyorBelt_forward,False,poll
2026-03-20 10:01:59.224,gvl_PM,bMotor_PM_ConveyorBelt_backward,False,poll
2026-03-20 10:01:59.224,gvl_PM,bMotor_PM_Tool_upward,False,poll
2026-03-20 10:01:59.224,gvl_PM,bMotor_PM_Tool_downward,False,poll
2026-03-20 10:01:59.224,gvl_SL,bPulseCounter_SL,False,poll
2026-03-20 10:01:59.224,gvl_SL,bLightBarrier_SL_beforecolor,True,poll
2026-03-20 10:01:59.224,gvl_SL,bLightBarrier_SL_aftercolor,True,poll
2026-03-20 10:01:59.224,gvl_SL,bLightBarrier_SL_white,True,poll
2026-03-20 10:01:59.224,gvl_SL,bLightBarrier_SL_red,True,poll
2026-03-20 10:01:59.224,gvl_SL,bLightBarrier_SL_blue,True,poll
2026-03-20 10:01:59.224,gvl_SL,iColorSensor_SL,0,poll
2026-03-20 10:01:59.224,gvl_SL,bMotor_SL_ConveyorBelt,False,poll
2026-03-20 10:01:59.224,gvl_SL,bCompressor_SL,False,poll
2026-03-20 10:01:59.224,gvl_SL,bValve_SL_white,False,poll
2026-03-20 10:01:59.517,gvl_SL,iColorSensor_SL,1,event
2026-03-20 10:01:59.224,gvl_SL,bValve_SL_red,False,poll
2026-03-20 10:01:59.224,gvl_SL,bValve_SL_blue,False,poll
2026-03-20 10:01:59.224,LocalVariables,iC_CoordH,35,poll
2026-03-20 10:01:59.224,LocalVariables,iC_CoordV,0,poll
2026-03-20 10:01:59.224,LocalVariables,iC_CoordR,35,poll
2026-03-20 10:01:59.224,LocalVariables,eC_PickingStation,0,poll
2026-03-20 10:01:59.224,LocalVariables,eC_PlacingStation,0,poll
2026-03-20 10:01:59.224,LocalVariables,iC_Coord_Picking,"[[1340, 170, 150, 445], [380, 800, 367, 435], [800, 301, 580, 800]]",poll
2026-03-20 10:01:59.224,LocalVariables,iC_Coord_Placing,"[[890, 870], [500, 1343], [180, 150]]",poll
2026-03-20 10:01:59.619,gvl_SL,iColorSensor_SL,0,event
2026-03-20 10:01:59.918,gvl_SL,iColorSensor_SL,1,event
2026-03-20 10:02:00.018,gvl_SL,iColorSensor_SL,0,event
2026-03-20 10:02:00.040,gvl_C,bReferenceSwitch_C_vertical,True,poll
2026-03-20 10:02:00.040,gvl_C,bReferenceSwitch_C_horizontal,False,poll
2026-03-20 10:02:00.040,gvl_C,bReferenceSwitch_C_rotate,False,poll
2026-03-20 10:02:00.040,gvl_C,bEncoderImpulse_C_vertical1,False,poll
2026-03-20 10:02:00.040,gvl_C,bEncoderImpulse_C_vertical2,True,poll
2026-03-20 10:02:00.040,gvl_C,bEncoderImpulse_C_horizontal1,False,poll
2026-03-20 10:02:00.040,gvl_C,bEncoderImpulse_C_horizontal2,True,poll
2026-03-20 10:02:00.040,gvl_C,bEncoderImpulse_C_rotate1,True,poll
2026-03-20 10:02:00.040,gvl_C,bEncoderImpulse_C_rotate2,False,poll
2026-03-20 10:02:00.040,gvl_C,bMotor_C_upward,False,poll
2026-03-20 10:02:00.040,gvl_C,bMotor_C_downward,False,poll
2026-03-20 10:02:00.040,gvl_C,bMotor_C_backward,False,poll
2026-03-20 10:02:00.040,gvl_C,bMotor_C_forward,False,poll
2026-03-20 10:02:00.040,gvl_C,bMotor_C_clockwise,False,poll
2026-03-20 10:02:00.040,gvl_C,bMotor_C_counterclockwise,False,poll
2026-03-20 10:02:00.040,gvl_C,bCompressor_C,False,poll
2026-03-20 10:02:00.040,gvl_C,bValve_C,False,poll
2026-03-20 10:02:00.040,gvl_HBW,bReferenceSwitch_HBW_horizontal,True,poll
2026-03-20 10:02:00.040,gvl_HBW,bLightBarrier_HBW_inside,True,poll
2026-03-20 10:02:00.040,gvl_HBW,bLightBarrier_HBW_outside,True,poll
2026-03-20 10:02:00.040,gvl_HBW,bReferenceSwitch_HBW_vertical,False,poll
2026-03-20 10:02:00.040,gvl_HBW,bReferenceSwitch_HBW_Cantilever_front,False,poll
2026-03-20 10:02:00.040,gvl_HBW,bReferenceSwitch_HBW_Cantilever_back,False,poll
2026-03-20 10:02:00.040,gvl_HBW,bTrailSensor_HBW_bottom,True,poll
2026-03-20 10:02:00.040,gvl_HBW,bTrailSensor_HBW_top,True,poll
2026-03-20 10:02:00.040,gvl_HBW,bEncoderImpulse_HBW_horizontal1,False,poll
2026-03-20 10:02:00.040,gvl_HBW,bEncoderImpulse_HBW_horizontal2,True,poll
2026-03-20 10:02:00.040,gvl_HBW,bEncoderImpulse_HBW_vertical1,False,poll
2026-03-20 10:02:00.040,gvl_HBW,bEncoderImpulse_HBW_vertical2,False,poll
2026-03-20 10:02:00.040,gvl_HBW,bMotor_HBW_ConveyorBelt_forward,False,poll
2026-03-20 10:02:00.040,gvl_HBW,bMotor_HBW_ConveyorBelt_backward,False,poll
2026-03-20 10:02:00.040,gvl_HBW,bMotor_HBW_StackerCrane_torack,False,poll
2026-03-20 10:02:00.040,gvl_HBW,bMotor_HBW_StackerCrane_toconveyorbelt,False,poll
2026-03-20 10:02:00.040,gvl_HBW,bMotor_HBW_StackerCrane_downward,False,poll
2026-03-20 10:02:00.040,gvl_HBW,bMotor_HBW_StackerCrane_upward,False,poll
2026-03-20 10:02:00.040,gvl_HBW,bMotor_HBW_Cantilever_forward,False,poll
2026-03-20 10:02:00.040,gvl_HBW,bMotor_HBW_Cantilever_backward,False,poll
2026-03-20 10:02:00.040,gvl_MS,bReferenceSwitch_MS_Turntable_attransferunit,False,poll
2026-03-20 10:02:00.040,gvl_MS,bReferenceSwitch_MS_Turntable_atconveyorbelt,False,poll
2026-03-20 10:02:00.040,gvl_MS,bLightBarrier_MS_conveyorbelt,False,poll
2026-03-20 10:02:00.040,gvl_MS,bReferenceSwitch_MS_Turntable_atsaw,False,poll
2026-03-20 10:02:00.040,gvl_MS,bReferenceSwitch_MS_TransferUnit_atturntable,True,poll
2026-03-20 10:02:00.040,gvl_MS,bReferenceSwitch_MS_OvenSlider_inside,False,poll
2026-03-20 10:02:00.040,gvl_MS,bReferenceSwitch_MS_OvenSlider_outside,True,poll
2026-03-20 10:02:00.040,gvl_MS,bReferenceSwitch_MS_TransferUnit_atoven,False,poll
2026-03-20 10:02:00.040,gvl_MS,bLightBarrier_MS_oven,True,poll
2026-03-20 10:02:00.040,gvl_MS,bMotor_MS_Turntable_clockwise,False,poll
2026-03-20 10:02:00.040,gvl_MS,bMotor_MS_Turntable_counterclockwise,False,poll
2026-03-20 10:02:00.040,gvl_MS,bMotor_MS_ConveyorBelt_forward,False,poll
2026-03-20 10:02:00.040,gvl_MS,bMotor_MS_Saw,False,poll
2026-03-20 10:02:00.040,gvl_MS,bMotor_MS_OvenSlider_movein,False,poll
2026-03-20 10:02:00.040,gvl_MS,bMotor_MS_OvenSlider_moveout,False,poll
2026-03-20 10:02:00.040,gvl_MS,bMotor_MS_TransferUnit_tooven,False,poll
2026-03-20 10:02:00.040,gvl_MS,bMotor_MS_TransferUnit_toturntable,False,poll
2026-03-20 10:02:00.040,gvl_MS,bLamp_MS,False,poll
2026-03-20 10:02:00.040,gvl_MS,bCompressor_MS,False,poll
2026-03-20 10:02:00.228,gvl_SL,iColorSensor_SL,1,event
2026-03-20 10:02:00.040,gvl_MS,bValve_MS_Vacuum,False,poll
2026-03-20 10:02:00.040,gvl_MS,bValve_MS_TransferUnit,False,poll
2026-03-20 10:02:00.040,gvl_MS,bValve_MS_OvenDoor,False,poll
2026-03-20 10:02:00.040,gvl_MS,bValve_MS_Ejector,False,poll
2026-03-20 10:02:00.040,gvl_PM,bLightBarrier_PM_entry,True,poll
2026-03-20 10:02:00.040,gvl_PM,bLightBarrier_PM_tool,True,poll
2026-03-20 10:02:00.040,gvl_PM,bReferenceSwitch_PM_top,False,poll
2026-03-20 10:02:00.040,gvl_PM,bReferenceSwitch_PM_bottom,True,poll
2026-03-20 10:02:00.040,gvl_PM,bMotor_PM_ConveyorBelt_forward,False,poll
2026-03-20 10:02:00.040,gvl_PM,bMotor_PM_ConveyorBelt_backward,False,poll
2026-03-20 10:02:00.040,gvl_PM,bMotor_PM_Tool_upward,False,poll
2026-03-20 10:02:00.040,gvl_PM,bMotor_PM_Tool_downward,False,poll
2026-03-20 10:02:00.040,gvl_SL,bPulseCounter_SL,False,poll
2026-03-20 10:02:00.040,gvl_SL,bLightBarrier_SL_beforecolor,True,poll
2026-03-20 10:02:00.040,gvl_SL,bLightBarrier_SL_aftercolor,True,poll
2026-03-20 10:02:00.040,gvl_SL,bLightBarrier_SL_white,True,poll
2026-03-20 10:02:00.040,gvl_SL,bLightBarrier_SL_red,True,poll
2026-03-20 10:02:00.040,gvl_SL,bLightBarrier_SL_blue,True,poll
2026-03-20 10:02:00.040,gvl_SL,iColorSensor_SL,0,poll
2026-03-20 10:02:00.040,gvl_SL,bMotor_SL_ConveyorBelt,False,poll
2026-03-20 10:02:00.040,gvl_SL,bCompressor_SL,False,poll
2026-03-20 10:02:00.040,gvl_SL,bValve_SL_white,False,poll
2026-03-20 10:02:00.040,gvl_SL,bValve_SL_red,False,poll
2026-03-20 10:02:00.040,gvl_SL,bValve_SL_blue,False,poll
2026-03-20 10:02:00.040,LocalVariables,iC_CoordH,35,poll
2026-03-20 10:02:00.040,LocalVariables,iC_CoordV,0,poll
2026-03-20 10:02:00.040,LocalVariables,iC_CoordR,35,poll
2026-03-20 10:02:00.040,LocalVariables,eC_PickingStation,0,poll
2026-03-20 10:02:00.040,LocalVariables,eC_PlacingStation,0,poll
2026-03-20 10:02:00.040,LocalVariables,iC_Coord_Picking,"[[1340, 170, 150, 445], [380, 800, 367, 435], [800, 301, 580, 800]]",poll
2026-03-20 10:02:00.040,LocalVariables,iC_Coord_Placing,"[[890, 870], [500, 1343], [180, 150]]",poll
2026-03-20 10:02:00.419,gvl_SL,iColorSensor_SL,0,event
2026-03-20 10:02:00.799,gvl_C,bReferenceSwitch_C_vertical,True,poll
2026-03-20 10:02:00.799,gvl_C,bReferenceSwitch_C_horizontal,False,poll
2026-03-20 10:02:00.799,gvl_C,bReferenceSwitch_C_rotate,False,poll
2026-03-20 10:02:00.799,gvl_C,bEncoderImpulse_C_vertical1,False,poll
2026-03-20 10:02:00.799,gvl_C,bEncoderImpulse_C_vertical2,True,poll
2026-03-20 10:02:00.799,gvl_C,bEncoderImpulse_C_horizontal1,False,poll
2026-03-20 10:02:00.799,gvl_C,bEncoderImpulse_C_horizontal2,True,poll
2026-03-20 10:02:00.799,gvl_C,bEncoderImpulse_C_rotate1,True,poll
2026-03-20 10:02:00.799,gvl_C,bEncoderImpulse_C_rotate2,False,poll
2026-03-20 10:02:00.799,gvl_C,bMotor_C_upward,False,poll
2026-03-20 10:02:00.799,gvl_C,bMotor_C_downward,False,poll
2026-03-20 10:02:00.799,gvl_C,bMotor_C_backward,False,poll
2026-03-20 10:02:00.799,gvl_C,bMotor_C_forward,False,poll
2026-03-20 10:02:00.799,gvl_C,bMotor_C_clockwise,False,poll
2026-03-20 10:02:00.799,gvl_C,bMotor_C_counterclockwise,False,poll
2026-03-20 10:02:00.799,gvl_C,bCompressor_C,False,poll
2026-03-20 10:02:00.799,gvl_C,bValve_C,False,poll
2026-03-20 10:02:00.799,gvl_HBW,bReferenceSwitch_HBW_horizontal,True,poll
2026-03-20 10:02:00.799,gvl_HBW,bLightBarrier_HBW_inside,True,poll
2026-03-20 10:02:00.799,gvl_HBW,bLightBarrier_HBW_outside,True,poll
2026-03-20 10:02:00.799,gvl_HBW,bReferenceSwitch_HBW_vertical,False,poll
2026-03-20 10:02:00.799,gvl_HBW,bReferenceSwitch_HBW_Cantilever_front,False,poll
2026-03-20 10:02:00.799,gvl_HBW,bReferenceSwitch_HBW_Cantilever_back,False,poll
2026-03-20 10:02:00.799,gvl_HBW,bTrailSensor_HBW_bottom,True,poll
2026-03-20 10:02:00.799,gvl_HBW,bTrailSensor_HBW_top,True,poll
2026-03-20 10:02:00.799,gvl_HBW,bEncoderImpulse_HBW_horizontal1,False,poll
2026-03-20 10:02:00.799,gvl_HBW,bEncoderImpulse_HBW_horizontal2,True,poll
2026-03-20 10:02:00.799,gvl_HBW,bEncoderImpulse_HBW_vertical1,False,poll
2026-03-20 10:02:00.799,gvl_HBW,bEncoderImpulse_HBW_vertical2,False,poll
2026-03-20 10:02:00.799,gvl_HBW,bMotor_HBW_ConveyorBelt_forward,False,poll
2026-03-20 10:02:00.799,gvl_HBW,bMotor_HBW_ConveyorBelt_backward,False,poll
2026-03-20 10:02:00.799,gvl_HBW,bMotor_HBW_StackerCrane_torack,False,poll
2026-03-20 10:02:00.799,gvl_HBW,bMotor_HBW_StackerCrane_toconveyorbelt,False,poll
2026-03-20 10:02:00.799,gvl_HBW,bMotor_HBW_StackerCrane_downward,False,poll
2026-03-20 10:02:00.799,gvl_HBW,bMotor_HBW_StackerCrane_upward,False,poll
2026-03-20 10:02:00.799,gvl_HBW,bMotor_HBW_Cantilever_forward,False,poll
2026-03-20 10:02:00.799,gvl_HBW,bMotor_HBW_Cantilever_backward,False,poll
2026-03-20 10:02:00.799,gvl_MS,bReferenceSwitch_MS_Turntable_attransferunit,False,poll
2026-03-20 10:02:00.799,gvl_MS,bReferenceSwitch_MS_Turntable_atconveyorbelt,False,poll
2026-03-20 10:02:00.799,gvl_MS,bLightBarrier_MS_conveyorbelt,False,poll
2026-03-20 10:02:00.799,gvl_MS,bReferenceSwitch_MS_Turntable_atsaw,False,poll
2026-03-20 10:02:00.799,gvl_MS,bReferenceSwitch_MS_TransferUnit_atturntable,True,poll
2026-03-20 10:02:00.799,gvl_MS,bReferenceSwitch_MS_OvenSlider_inside,False,poll
2026-03-20 10:02:00.799,gvl_MS,bReferenceSwitch_MS_OvenSlider_outside,True,poll
2026-03-20 10:02:00.799,gvl_MS,bReferenceSwitch_MS_TransferUnit_atoven,False,poll
2026-03-20 10:02:00.799,gvl_MS,bLightBarrier_MS_oven,True,poll
2026-03-20 10:02:00.799,gvl_MS,bMotor_MS_Turntable_clockwise,False,poll
2026-03-20 10:02:00.799,gvl_MS,bMotor_MS_Turntable_counterclockwise,False,poll
2026-03-20 10:02:00.799,gvl_MS,bMotor_MS_ConveyorBelt_forward,False,poll
2026-03-20 10:02:00.799,gvl_MS,bMotor_MS_Saw,False,poll
2026-03-20 10:02:00.799,gvl_MS,bMotor_MS_OvenSlider_movein,False,poll
2026-03-20 10:02:00.799,gvl_MS,bMotor_MS_OvenSlider_moveout,False,poll
2026-03-20 10:02:00.799,gvl_MS,bMotor_MS_TransferUnit_tooven,False,poll
2026-03-20 10:02:00.799,gvl_MS,bMotor_MS_TransferUnit_toturntable,False,poll
2026-03-20 10:02:00.799,gvl_MS,bLamp_MS,False,poll
2026-03-20 10:02:00.799,gvl_MS,bCompressor_MS,False,poll
2026-03-20 10:02:00.799,gvl_MS,bValve_MS_Vacuum,False,poll
2026-03-20 10:02:00.799,gvl_MS,bValve_MS_TransferUnit,False,poll
2026-03-20 10:02:00.799,gvl_MS,bValve_MS_OvenDoor,False,poll
2026-03-20 10:02:00.799,gvl_MS,bValve_MS_Ejector,False,poll
2026-03-20 10:02:00.799,gvl_PM,bLightBarrier_PM_entry,True,poll
2026-03-20 10:02:00.799,gvl_PM,bLightBarrier_PM_tool,True,poll
2026-03-20 10:02:00.799,gvl_PM,bReferenceSwitch_PM_top,False,poll
2026-03-20 10:02:00.799,gvl_PM,bReferenceSwitch_PM_bottom,True,poll
2026-03-20 10:02:00.799,gvl_PM,bMotor_PM_ConveyorBelt_forward,False,poll
2026-03-20 10:02:00.799,gvl_PM,bMotor_PM_ConveyorBelt_backward,False,poll
2026-03-20 10:02:00.799,gvl_PM,bMotor_PM_Tool_upward,False,poll
2026-03-20 10:02:00.799,gvl_PM,bMotor_PM_Tool_downward,False,poll
2026-03-20 10:02:00.799,gvl_SL,bPulseCounter_SL,False,poll
2026-03-20 10:02:00.799,gvl_SL,bLightBarrier_SL_beforecolor,True,poll
2026-03-20 10:02:00.799,gvl_SL,bLightBarrier_SL_aftercolor,True,poll
2026-03-20 10:02:00.799,gvl_SL,bLightBarrier_SL_white,True,poll
2026-03-20 10:02:00.799,gvl_SL,bLightBarrier_SL_red,True,poll
2026-03-20 10:02:00.799,gvl_SL,bLightBarrier_SL_blue,True,poll
2026-03-20 10:02:00.799,gvl_SL,iColorSensor_SL,0,poll
2026-03-20 10:02:00.799,gvl_SL,bMotor_SL_ConveyorBelt,False,poll
2026-03-20 10:02:00.799,gvl_SL,bCompressor_SL,False,poll
2026-03-20 10:02:00.799,gvl_SL,bValve_SL_white,False,poll
2026-03-20 10:02:00.799,gvl_SL,bValve_SL_red,False,poll
2026-03-20 10:02:00.799,gvl_SL,bValve_SL_blue,False,poll
2026-03-20 10:02:00.799,LocalVariables,iC_CoordH,35,poll
2026-03-20 10:02:00.799,LocalVariables,iC_CoordV,0,poll
2026-03-20 10:02:00.799,LocalVariables,iC_CoordR,35,poll
2026-03-20 10:02:00.799,LocalVariables,eC_PickingStation,0,poll
2026-03-20 10:02:00.799,LocalVariables,eC_PlacingStation,0,poll
2026-03-20 10:02:00.799,LocalVariables,iC_Coord_Picking,"[[1340, 170, 150, 445], [380, 800, 367, 435], [800, 301, 580, 800]]",poll
2026-03-20 10:02:00.799,LocalVariables,iC_Coord_Placing,"[[890, 870], [500, 1343], [180, 150]]",poll
2026-03-20 10:02:01.219,gvl_SL,iColorSensor_SL,1,event
2026-03-20 10:02:01.321,gvl_SL,iColorSensor_SL,0,event
2026-03-20 10:02:01.598,gvl_C,bReferenceSwitch_C_vertical,True,poll
2026-03-20 10:02:01.598,gvl_C,bReferenceSwitch_C_horizontal,False,poll
2026-03-20 10:02:01.598,gvl_C,bReferenceSwitch_C_rotate,False,poll
2026-03-20 10:02:01.598,gvl_C,bEncoderImpulse_C_vertical1,False,poll
2026-03-20 10:02:01.598,gvl_C,bEncoderImpulse_C_vertical2,True,poll
2026-03-20 10:02:01.598,gvl_C,bEncoderImpulse_C_horizontal1,False,poll
2026-03-20 10:02:01.598,gvl_C,bEncoderImpulse_C_horizontal2,True,poll
2026-03-20 10:02:01.598,gvl_C,bEncoderImpulse_C_rotate1,True,poll
2026-03-20 10:02:01.598,gvl_C,bEncoderImpulse_C_rotate2,False,poll
2026-03-20 10:02:01.598,gvl_C,bMotor_C_upward,False,poll
2026-03-20 10:02:01.598,gvl_C,bMotor_C_downward,False,poll
2026-03-20 10:02:01.598,gvl_C,bMotor_C_backward,False,poll
2026-03-20 10:02:01.598,gvl_C,bMotor_C_forward,False,poll
2026-03-20 10:02:01.598,gvl_C,bMotor_C_clockwise,False,poll
2026-03-20 10:02:01.598,gvl_C,bMotor_C_counterclockwise,False,poll
2026-03-20 10:02:01.598,gvl_C,bCompressor_C,False,poll
2026-03-20 10:02:01.598,gvl_C,bValve_C,False,poll
2026-03-20 10:02:01.598,gvl_HBW,bReferenceSwitch_HBW_horizontal,True,poll
2026-03-20 10:02:01.598,gvl_HBW,bLightBarrier_HBW_inside,True,poll
2026-03-20 10:02:01.598,gvl_HBW,bLightBarrier_HBW_outside,True,poll
2026-03-20 10:02:01.598,gvl_HBW,bReferenceSwitch_HBW_vertical,False,poll
2026-03-20 10:02:01.598,gvl_HBW,bReferenceSwitch_HBW_Cantilever_front,False,poll
2026-03-20 10:02:01.598,gvl_HBW,bReferenceSwitch_HBW_Cantilever_back,False,poll
2026-03-20 10:02:01.598,gvl_HBW,bTrailSensor_HBW_bottom,True,poll
2026-03-20 10:02:01.598,gvl_HBW,bTrailSensor_HBW_top,True,poll
2026-03-20 10:02:01.598,gvl_HBW,bEncoderImpulse_HBW_horizontal1,False,poll
2026-03-20 10:02:01.598,gvl_HBW,bEncoderImpulse_HBW_horizontal2,True,poll
2026-03-20 10:02:01.598,gvl_HBW,bEncoderImpulse_HBW_vertical1,False,poll
2026-03-20 10:02:01.598,gvl_HBW,bEncoderImpulse_HBW_vertical2,False,poll
2026-03-20 10:02:01.598,gvl_HBW,bMotor_HBW_ConveyorBelt_forward,False,poll
2026-03-20 10:02:01.598,gvl_HBW,bMotor_HBW_ConveyorBelt_backward,False,poll
2026-03-20 10:02:01.598,gvl_HBW,bMotor_HBW_StackerCrane_torack,False,poll
2026-03-20 10:02:01.598,gvl_HBW,bMotor_HBW_StackerCrane_toconveyorbelt,False,poll
2026-03-20 10:02:01.598,gvl_HBW,bMotor_HBW_StackerCrane_downward,False,poll
2026-03-20 10:02:01.598,gvl_HBW,bMotor_HBW_StackerCrane_upward,False,poll
2026-03-20 10:02:01.598,gvl_HBW,bMotor_HBW_Cantilever_forward,False,poll
2026-03-20 10:02:01.598,gvl_HBW,bMotor_HBW_Cantilever_backward,False,poll
2026-03-20 10:02:01.598,gvl_MS,bReferenceSwitch_MS_Turntable_attransferunit,False,poll
2026-03-20 10:02:01.598,gvl_MS,bReferenceSwitch_MS_Turntable_atconveyorbelt,False,poll
2026-03-20 10:02:01.598,gvl_MS,bLightBarrier_MS_conveyorbelt,False,poll
2026-03-20 10:02:01.598,gvl_MS,bReferenceSwitch_MS_Turntable_atsaw,False,poll
2026-03-20 10:02:01.598,gvl_MS,bReferenceSwitch_MS_TransferUnit_atturntable,True,poll
2026-03-20 10:02:01.598,gvl_MS,bReferenceSwitch_MS_OvenSlider_inside,False,poll
2026-03-20 10:02:01.598,gvl_MS,bReferenceSwitch_MS_OvenSlider_outside,True,poll
2026-03-20 10:02:01.598,gvl_MS,bReferenceSwitch_MS_TransferUnit_atoven,False,poll
2026-03-20 10:02:01.598,gvl_MS,bLightBarrier_MS_oven,True,poll
2026-03-20 10:02:01.598,gvl_MS,bMotor_MS_Turntable_clockwise,False,poll
2026-03-20 10:02:01.598,gvl_MS,bMotor_MS_Turntable_counterclockwise,False,poll
2026-03-20 10:02:01.598,gvl_MS,bMotor_MS_ConveyorBelt_forward,False,poll
2026-03-20 10:02:01.598,gvl_MS,bMotor_MS_Saw,False,poll
2026-03-20 10:02:01.598,gvl_MS,bMotor_MS_OvenSlider_movein,False,poll
2026-03-20 10:02:01.598,gvl_MS,bMotor_MS_OvenSlider_moveout,False,poll
2026-03-20 10:02:01.598,gvl_MS,bMotor_MS_TransferUnit_tooven,False,poll
2026-03-20 10:02:01.598,gvl_MS,bMotor_MS_TransferUnit_toturntable,False,poll
2026-03-20 10:02:01.598,gvl_MS,bLamp_MS,False,poll
2026-03-20 10:02:01.598,gvl_MS,bCompressor_MS,False,poll
2026-03-20 10:02:01.598,gvl_MS,bValve_MS_Vacuum,False,poll
2026-03-20 10:02:01.598,gvl_MS,bValve_MS_TransferUnit,False,poll
2026-03-20 10:02:01.598,gvl_MS,bValve_MS_OvenDoor,False,poll
2026-03-20 10:02:01.598,gvl_MS,bValve_MS_Ejector,False,poll
2026-03-20 10:02:01.598,gvl_PM,bLightBarrier_PM_entry,True,poll
2026-03-20 10:02:01.598,gvl_PM,bLightBarrier_PM_tool,True,poll
2026-03-20 10:02:01.598,gvl_PM,bReferenceSwitch_PM_top,False,poll
2026-03-20 10:02:01.598,gvl_PM,bReferenceSwitch_PM_bottom,True,poll
2026-03-20 10:02:01.598,gvl_PM,bMotor_PM_ConveyorBelt_forward,False,poll
2026-03-20 10:02:01.598,gvl_PM,bMotor_PM_ConveyorBelt_backward,False,poll
2026-03-20 10:02:01.598,gvl_PM,bMotor_PM_Tool_upward,False,poll
2026-03-20 10:02:01.598,gvl_PM,bMotor_PM_Tool_downward,False,poll
2026-03-20 10:02:01.598,gvl_SL,bPulseCounter_SL,False,poll
2026-03-20 10:02:01.598,gvl_SL,bLightBarrier_SL_beforecolor,True,poll
2026-03-20 10:02:01.598,gvl_SL,bLightBarrier_SL_aftercolor,True,poll
2026-03-20 10:02:01.598,gvl_SL,bLightBarrier_SL_white,True,poll
2026-03-20 10:02:01.598,gvl_SL,bLightBarrier_SL_red,True,poll
2026-03-20 10:02:01.598,gvl_SL,bLightBarrier_SL_blue,True,poll
2026-03-20 10:02:01.598,gvl_SL,iColorSensor_SL,0,poll
2026-03-20 10:02:01.598,gvl_SL,bMotor_SL_ConveyorBelt,False,poll
2026-03-20 10:02:01.598,gvl_SL,bCompressor_SL,False,poll
2026-03-20 10:02:01.598,gvl_SL,bValve_SL_white,False,poll
2026-03-20 10:02:01.598,gvl_SL,bValve_SL_red,False,poll
2026-03-20 10:02:01.598,gvl_SL,bValve_SL_blue,False,poll
2026-03-20 10:02:01.598,LocalVariables,iC_CoordH,35,poll
2026-03-20 10:02:01.598,LocalVariables,iC_CoordV,0,poll
2026-03-20 10:02:01.598,LocalVariables,iC_CoordR,35,poll
2026-03-20 10:02:01.598,LocalVariables,eC_PickingStation,0,poll
2026-03-20 10:02:01.598,LocalVariables,eC_PlacingStation,0,poll
2026-03-20 10:02:01.598,LocalVariables,iC_Coord_Picking,"[[1340, 170, 150, 445], [380, 800, 367, 435], [800, 301, 580, 800]]",poll
2026-03-20 10:02:01.598,LocalVariables,iC_Coord_Placing,"[[890, 870], [500, 1343], [180, 150]]",poll
2026-03-20 10:02:01.920,gvl_SL,iColorSensor_SL,1,event
2026-03-20 10:02:02.118,gvl_SL,iColorSensor_SL,0,event
2026-03-20 10:02:02.281,gvl_C,bReferenceSwitch_C_vertical,True,poll
2026-03-20 10:02:02.281,gvl_C,bReferenceSwitch_C_horizontal,False,poll
2026-03-20 10:02:02.281,gvl_C,bReferenceSwitch_C_rotate,False,poll
2026-03-20 10:02:02.281,gvl_C,bEncoderImpulse_C_vertical1,False,poll
2026-03-20 10:02:02.281,gvl_C,bEncoderImpulse_C_vertical2,True,poll
2026-03-20 10:02:02.281,gvl_C,bEncoderImpulse_C_horizontal1,False,poll
2026-03-20 10:02:02.281,gvl_C,bEncoderImpulse_C_horizontal2,True,poll
2026-03-20 10:02:02.281,gvl_C,bEncoderImpulse_C_rotate1,True,poll
2026-03-20 10:02:02.281,gvl_C,bEncoderImpulse_C_rotate2,False,poll
2026-03-20 10:02:02.281,gvl_C,bMotor_C_upward,False,poll
2026-03-20 10:02:02.281,gvl_C,bMotor_C_downward,False,poll
2026-03-20 10:02:02.281,gvl_C,bMotor_C_backward,False,poll
2026-03-20 10:02:02.281,gvl_C,bMotor_C_forward,False,poll
2026-03-20 10:02:02.281,gvl_C,bMotor_C_clockwise,False,poll
2026-03-20 10:02:02.281,gvl_C,bMotor_C_counterclockwise,False,poll
2026-03-20 10:02:02.281,gvl_C,bCompressor_C,False,poll
2026-03-20 10:02:02.281,gvl_C,bValve_C,False,poll
2026-03-20 10:02:02.281,gvl_HBW,bReferenceSwitch_HBW_horizontal,True,poll
2026-03-20 10:02:02.281,gvl_HBW,bLightBarrier_HBW_inside,True,poll
2026-03-20 10:02:02.281,gvl_HBW,bLightBarrier_HBW_outside,True,poll
2026-03-20 10:02:02.281,gvl_HBW,bReferenceSwitch_HBW_vertical,False,poll
2026-03-20 10:02:02.281,gvl_HBW,bReferenceSwitch_HBW_Cantilever_front,False,poll
2026-03-20 10:02:02.281,gvl_HBW,bReferenceSwitch_HBW_Cantilever_back,False,poll
2026-03-20 10:02:02.281,gvl_HBW,bTrailSensor_HBW_bottom,True,poll
2026-03-20 10:02:02.281,gvl_HBW,bTrailSensor_HBW_top,True,poll
2026-03-20 10:02:02.281,gvl_HBW,bEncoderImpulse_HBW_horizontal1,False,poll
2026-03-20 10:02:02.281,gvl_HBW,bEncoderImpulse_HBW_horizontal2,True,poll
2026-03-20 10:02:02.281,gvl_HBW,bEncoderImpulse_HBW_vertical1,False,poll
2026-03-20 10:02:02.281,gvl_HBW,bEncoderImpulse_HBW_vertical2,False,poll
2026-03-20 10:02:02.281,gvl_HBW,bMotor_HBW_ConveyorBelt_forward,False,poll
2026-03-20 10:02:02.281,gvl_HBW,bMotor_HBW_ConveyorBelt_backward,False,poll
2026-03-20 10:02:02.281,gvl_HBW,bMotor_HBW_StackerCrane_torack,False,poll
2026-03-20 10:02:02.281,gvl_HBW,bMotor_HBW_StackerCrane_toconveyorbelt,False,poll
2026-03-20 10:02:02.281,gvl_HBW,bMotor_HBW_StackerCrane_downward,False,poll
2026-03-20 10:02:02.281,gvl_HBW,bMotor_HBW_StackerCrane_upward,False,poll
2026-03-20 10:02:02.281,gvl_HBW,bMotor_HBW_Cantilever_forward,False,poll
2026-03-20 10:02:02.281,gvl_HBW,bMotor_HBW_Cantilever_backward,False,poll
2026-03-20 10:02:02.281,gvl_MS,bReferenceSwitch_MS_Turntable_attransferunit,False,poll
2026-03-20 10:02:02.281,gvl_MS,bReferenceSwitch_MS_Turntable_atconveyorbelt,False,poll
2026-03-20 10:02:02.418,gvl_SL,iColorSensor_SL,1,event
2026-03-20 10:02:02.281,gvl_MS,bLightBarrier_MS_conveyorbelt,False,poll
2026-03-20 10:02:02.281,gvl_MS,bReferenceSwitch_MS_Turntable_atsaw,False,poll
2026-03-20 10:02:02.281,gvl_MS,bReferenceSwitch_MS_TransferUnit_atturntable,True,poll
2026-03-20 10:02:02.281,gvl_MS,bReferenceSwitch_MS_OvenSlider_inside,False,poll
2026-03-20 10:02:02.281,gvl_MS,bReferenceSwitch_MS_OvenSlider_outside,True,poll
2026-03-20 10:02:02.281,gvl_MS,bReferenceSwitch_MS_TransferUnit_atoven,False,poll
2026-03-20 10:02:02.281,gvl_MS,bLightBarrier_MS_oven,True,poll
2026-03-20 10:02:02.281,gvl_MS,bMotor_MS_Turntable_clockwise,False,poll
2026-03-20 10:02:02.281,gvl_MS,bMotor_MS_Turntable_counterclockwise,False,poll
2026-03-20 10:02:02.281,gvl_MS,bMotor_MS_ConveyorBelt_forward,False,poll
2026-03-20 10:02:02.281,gvl_MS,bMotor_MS_Saw,False,poll
2026-03-20 10:02:02.281,gvl_MS,bMotor_MS_OvenSlider_movein,False,poll
2026-03-20 10:02:02.281,gvl_MS,bMotor_MS_OvenSlider_moveout,False,poll
2026-03-20 10:02:02.281,gvl_MS,bMotor_MS_TransferUnit_tooven,False,poll
2026-03-20 10:02:02.281,gvl_MS,bMotor_MS_TransferUnit_toturntable,False,poll
2026-03-20 10:02:02.281,gvl_MS,bLamp_MS,False,poll
2026-03-20 10:02:02.281,gvl_MS,bCompressor_MS,False,poll
2026-03-20 10:02:02.281,gvl_MS,bValve_MS_Vacuum,False,poll
2026-03-20 10:02:02.281,gvl_MS,bValve_MS_TransferUnit,False,poll
2026-03-20 10:02:02.281,gvl_MS,bValve_MS_OvenDoor,False,poll
2026-03-20 10:02:02.281,gvl_MS,bValve_MS_Ejector,False,poll
2026-03-20 10:02:02.281,gvl_PM,bLightBarrier_PM_entry,True,poll
2026-03-20 10:02:02.281,gvl_PM,bLightBarrier_PM_tool,True,poll
2026-03-20 10:02:02.281,gvl_PM,bReferenceSwitch_PM_top,False,poll
2026-03-20 10:02:02.281,gvl_PM,bReferenceSwitch_PM_bottom,True,poll
2026-03-20 10:02:02.281,gvl_PM,bMotor_PM_ConveyorBelt_forward,False,poll
2026-03-20 10:02:02.281,gvl_PM,bMotor_PM_ConveyorBelt_backward,False,poll
2026-03-20 10:02:02.281,gvl_PM,bMotor_PM_Tool_upward,False,poll
2026-03-20 10:02:02.281,gvl_PM,bMotor_PM_Tool_downward,False,poll
2026-03-20 10:02:02.281,gvl_SL,bPulseCounter_SL,False,poll
2026-03-20 10:02:02.281,gvl_SL,bLightBarrier_SL_beforecolor,True,poll
2026-03-20 10:02:02.281,gvl_SL,bLightBarrier_SL_aftercolor,True,poll
2026-03-20 10:02:02.281,gvl_SL,bLightBarrier_SL_white,True,poll
2026-03-20 10:02:02.517,gvl_SL,iColorSensor_SL,0,event
2026-03-20 10:02:02.281,gvl_SL,bLightBarrier_SL_red,True,poll
2026-03-20 10:02:02.281,gvl_SL,bLightBarrier_SL_blue,True,poll
2026-03-20 10:02:02.281,gvl_SL,iColorSensor_SL,0,poll
2026-03-20 10:02:02.281,gvl_SL,bMotor_SL_ConveyorBelt,False,poll
2026-03-20 10:02:02.281,gvl_SL,bCompressor_SL,False,poll
2026-03-20 10:02:02.281,gvl_SL,bValve_SL_white,False,poll
2026-03-20 10:02:02.281,gvl_SL,bValve_SL_red,False,poll
2026-03-20 10:02:02.281,gvl_SL,bValve_SL_blue,False,poll
2026-03-20 10:02:02.281,LocalVariables,iC_CoordH,35,poll
2026-03-20 10:02:02.281,LocalVariables,iC_CoordV,0,poll
2026-03-20 10:02:02.281,LocalVariables,iC_CoordR,35,poll
2026-03-20 10:02:02.281,LocalVariables,eC_PickingStation,0,poll
2026-03-20 10:02:02.281,LocalVariables,eC_PlacingStation,0,poll
2026-03-20 10:02:02.281,LocalVariables,iC_Coord_Picking,"[[1340, 170, 150, 445], [380, 800, 367, 435], [800, 301, 580, 800]]",poll
2026-03-20 10:02:02.281,LocalVariables,iC_Coord_Placing,"[[890, 870], [500, 1343], [180, 150]]",poll
2026-03-20 10:02:03.084,gvl_C,bReferenceSwitch_C_vertical,True,poll
2026-03-20 10:02:03.084,gvl_C,bReferenceSwitch_C_horizontal,False,poll
2026-03-20 10:02:03.084,gvl_C,bReferenceSwitch_C_rotate,False,poll
2026-03-20 10:02:03.084,gvl_C,bEncoderImpulse_C_vertical1,False,poll
2026-03-20 10:02:03.084,gvl_C,bEncoderImpulse_C_vertical2,True,poll
2026-03-20 10:02:03.084,gvl_C,bEncoderImpulse_C_horizontal1,False,poll
2026-03-20 10:02:03.084,gvl_C,bEncoderImpulse_C_horizontal2,True,poll
2026-03-20 10:02:03.084,gvl_C,bEncoderImpulse_C_rotate1,True,poll
2026-03-20 10:02:03.084,gvl_C,bEncoderImpulse_C_rotate2,False,poll
2026-03-20 10:02:03.084,gvl_C,bMotor_C_upward,False,poll
2026-03-20 10:02:03.084,gvl_C,bMotor_C_downward,False,poll
2026-03-20 10:02:03.084,gvl_C,bMotor_C_backward,False,poll
2026-03-20 10:02:03.084,gvl_C,bMotor_C_forward,False,poll
2026-03-20 10:02:03.084,gvl_C,bMotor_C_clockwise,False,poll
2026-03-20 10:02:03.084,gvl_C,bMotor_C_counterclockwise,False,poll
2026-03-20 10:02:03.084,gvl_C,bCompressor_C,False,poll
2026-03-20 10:02:03.084,gvl_C,bValve_C,False,poll
2026-03-20 10:02:03.084,gvl_HBW,bReferenceSwitch_HBW_horizontal,True,poll
2026-03-20 10:02:03.084,gvl_HBW,bLightBarrier_HBW_inside,True,poll
2026-03-20 10:02:03.084,gvl_HBW,bLightBarrier_HBW_outside,True,poll
2026-03-20 10:02:03.084,gvl_HBW,bReferenceSwitch_HBW_vertical,False,poll
2026-03-20 10:02:03.084,gvl_HBW,bReferenceSwitch_HBW_Cantilever_front,False,poll
2026-03-20 10:02:03.084,gvl_HBW,bReferenceSwitch_HBW_Cantilever_back,False,poll
2026-03-20 10:02:03.084,gvl_HBW,bTrailSensor_HBW_bottom,True,poll
2026-03-20 10:02:03.084,gvl_HBW,bTrailSensor_HBW_top,True,poll
2026-03-20 10:02:03.084,gvl_HBW,bEncoderImpulse_HBW_horizontal1,False,poll
2026-03-20 10:02:03.084,gvl_HBW,bEncoderImpulse_HBW_horizontal2,True,poll
2026-03-20 10:02:03.084,gvl_HBW,bEncoderImpulse_HBW_vertical1,False,poll
2026-03-20 10:02:03.084,gvl_HBW,bEncoderImpulse_HBW_vertical2,False,poll
2026-03-20 10:02:03.084,gvl_HBW,bMotor_HBW_ConveyorBelt_forward,False,poll
2026-03-20 10:02:03.084,gvl_HBW,bMotor_HBW_ConveyorBelt_backward,False,poll
2026-03-20 10:02:03.084,gvl_HBW,bMotor_HBW_StackerCrane_torack,False,poll
2026-03-20 10:02:03.084,gvl_HBW,bMotor_HBW_StackerCrane_toconveyorbelt,False,poll
2026-03-20 10:02:03.084,gvl_HBW,bMotor_HBW_StackerCrane_downward,False,poll
2026-03-20 10:02:03.084,gvl_HBW,bMotor_HBW_StackerCrane_upward,False,poll
2026-03-20 10:02:03.084,gvl_HBW,bMotor_HBW_Cantilever_forward,False,poll
2026-03-20 10:02:03.084,gvl_HBW,bMotor_HBW_Cantilever_backward,False,poll
2026-03-20 10:02:03.084,gvl_MS,bReferenceSwitch_MS_Turntable_attransferunit,False,poll
2026-03-20 10:02:03.084,gvl_MS,bReferenceSwitch_MS_Turntable_atconveyorbelt,False,poll
2026-03-20 10:02:03.084,gvl_MS,bLightBarrier_MS_conveyorbelt,False,poll
2026-03-20 10:02:03.084,gvl_MS,bReferenceSwitch_MS_Turntable_atsaw,False,poll
2026-03-20 10:02:03.084,gvl_MS,bReferenceSwitch_MS_TransferUnit_atturntable,True,poll
2026-03-20 10:02:03.084,gvl_MS,bReferenceSwitch_MS_OvenSlider_inside,False,poll
2026-03-20 10:02:03.084,gvl_MS,bReferenceSwitch_MS_OvenSlider_outside,True,poll
2026-03-20 10:02:03.084,gvl_MS,bReferenceSwitch_MS_TransferUnit_atoven,False,poll
2026-03-20 10:02:03.084,gvl_MS,bLightBarrier_MS_oven,True,poll
2026-03-20 10:02:03.084,gvl_MS,bMotor_MS_Turntable_clockwise,False,poll
2026-03-20 10:02:03.084,gvl_MS,bMotor_MS_Turntable_counterclockwise,False,poll
2026-03-20 10:02:03.084,gvl_MS,bMotor_MS_ConveyorBelt_forward,False,poll
2026-03-20 10:02:03.084,gvl_MS,bMotor_MS_Saw,False,poll
2026-03-20 10:02:03.084,gvl_MS,bMotor_MS_OvenSlider_movein,False,poll
2026-03-20 10:02:03.084,gvl_MS,bMotor_MS_OvenSlider_moveout,False,poll
2026-03-20 10:02:03.084,gvl_MS,bMotor_MS_TransferUnit_tooven,False,poll
2026-03-20 10:02:03.084,gvl_MS,bMotor_MS_TransferUnit_toturntable,False,poll
2026-03-20 10:02:03.084,gvl_MS,bLamp_MS,False,poll
2026-03-20 10:02:03.084,gvl_MS,bCompressor_MS,False,poll
2026-03-20 10:02:03.084,gvl_MS,bValve_MS_Vacuum,False,poll
2026-03-20 10:02:03.084,gvl_MS,bValve_MS_TransferUnit,False,poll
2026-03-20 10:02:03.084,gvl_MS,bValve_MS_OvenDoor,False,poll
2026-03-20 10:02:03.084,gvl_MS,bValve_MS_Ejector,False,poll
2026-03-20 10:02:03.084,gvl_PM,bLightBarrier_PM_entry,True,poll
2026-03-20 10:02:03.084,gvl_PM,bLightBarrier_PM_tool,True,poll
2026-03-20 10:02:03.084,gvl_PM,bReferenceSwitch_PM_top,False,poll
2026-03-20 10:02:03.084,gvl_PM,bReferenceSwitch_PM_bottom,True,poll
2026-03-20 10:02:03.084,gvl_PM,bMotor_PM_ConveyorBelt_forward,False,poll
2026-03-20 10:02:03.084,gvl_PM,bMotor_PM_ConveyorBelt_backward,False,poll
2026-03-20 10:02:03.084,gvl_PM,bMotor_PM_Tool_upward,False,poll
2026-03-20 10:02:03.084,gvl_PM,bMotor_PM_Tool_downward,False,poll
2026-03-20 10:02:03.084,gvl_SL,bPulseCounter_SL,False,poll
2026-03-20 10:02:03.084,gvl_SL,bLightBarrier_SL_beforecolor,True,poll
2026-03-20 10:02:03.084,gvl_SL,bLightBarrier_SL_aftercolor,True,poll
2026-03-20 10:02:03.084,gvl_SL,bLightBarrier_SL_white,True,poll
2026-03-20 10:02:03.084,gvl_SL,bLightBarrier_SL_red,True,poll
2026-03-20 10:02:03.084,gvl_SL,bLightBarrier_SL_blue,True,poll
2026-03-20 10:02:03.084,gvl_SL,iColorSensor_SL,0,poll
2026-03-20 10:02:03.084,gvl_SL,bMotor_SL_ConveyorBelt,False,poll
2026-03-20 10:02:03.084,gvl_SL,bCompressor_SL,False,poll
2026-03-20 10:02:03.084,gvl_SL,bValve_SL_white,False,poll
2026-03-20 10:02:03.084,gvl_SL,bValve_SL_red,False,poll
2026-03-20 10:02:03.084,gvl_SL,bValve_SL_blue,False,poll
2026-03-20 10:02:03.084,LocalVariables,iC_CoordH,35,poll
2026-03-20 10:02:03.084,LocalVariables,iC_CoordV,0,poll
2026-03-20 10:02:03.084,LocalVariables,iC_CoordR,35,poll
2026-03-20 10:02:03.084,LocalVariables,eC_PickingStation,0,poll
2026-03-20 10:02:03.084,LocalVariables,eC_PlacingStation,0,poll
2026-03-20 10:02:03.084,LocalVariables,iC_Coord_Picking,"[[1340, 170, 150, 445], [380, 800, 367, 435], [800, 301, 580, 800]]",poll
2026-03-20 10:02:03.084,LocalVariables,iC_Coord_Placing,"[[890, 870], [500, 1343], [180, 150]]",poll
2026-03-20 10:02:03.518,gvl_SL,iColorSensor_SL,1,event
2026-03-20 10:02:03.818,gvl_SL,iColorSensor_SL,0,event
2026-03-20 10:02:03.905,gvl_C,bReferenceSwitch_C_vertical,True,poll
2026-03-20 10:02:03.905,gvl_C,bReferenceSwitch_C_horizontal,False,poll
2026-03-20 10:02:03.905,gvl_C,bReferenceSwitch_C_rotate,False,poll
2026-03-20 10:02:03.905,gvl_C,bEncoderImpulse_C_vertical1,False,poll
2026-03-20 10:02:03.905,gvl_C,bEncoderImpulse_C_vertical2,True,poll
2026-03-20 10:02:03.905,gvl_C,bEncoderImpulse_C_horizontal1,False,poll
2026-03-20 10:02:03.905,gvl_C,bEncoderImpulse_C_horizontal2,True,poll
2026-03-20 10:02:03.905,gvl_C,bEncoderImpulse_C_rotate1,True,poll
2026-03-20 10:02:03.905,gvl_C,bEncoderImpulse_C_rotate2,False,poll
2026-03-20 10:02:03.905,gvl_C,bMotor_C_upward,False,poll
2026-03-20 10:02:03.905,gvl_C,bMotor_C_downward,False,poll
2026-03-20 10:02:03.905,gvl_C,bMotor_C_backward,False,poll
2026-03-20 10:02:03.905,gvl_C,bMotor_C_forward,False,poll
2026-03-20 10:02:03.905,gvl_C,bMotor_C_clockwise,False,poll
2026-03-20 10:02:03.905,gvl_C,bMotor_C_counterclockwise,False,poll
2026-03-20 10:02:03.905,gvl_C,bCompressor_C,False,poll
2026-03-20 10:02:03.905,gvl_C,bValve_C,False,poll
2026-03-20 10:02:03.905,gvl_HBW,bReferenceSwitch_HBW_horizontal,True,poll
2026-03-20 10:02:03.905,gvl_HBW,bLightBarrier_HBW_inside,True,poll
2026-03-20 10:02:03.905,gvl_HBW,bLightBarrier_HBW_outside,True,poll
2026-03-20 10:02:03.905,gvl_HBW,bReferenceSwitch_HBW_vertical,False,poll
2026-03-20 10:02:03.905,gvl_HBW,bReferenceSwitch_HBW_Cantilever_front,False,poll
2026-03-20 10:02:03.905,gvl_HBW,bReferenceSwitch_HBW_Cantilever_back,False,poll
2026-03-20 10:02:03.905,gvl_HBW,bTrailSensor_HBW_bottom,True,poll
2026-03-20 10:02:03.905,gvl_HBW,bTrailSensor_HBW_top,True,poll
2026-03-20 10:02:03.905,gvl_HBW,bEncoderImpulse_HBW_horizontal1,False,poll
2026-03-20 10:02:03.905,gvl_HBW,bEncoderImpulse_HBW_horizontal2,True,poll
2026-03-20 10:02:03.905,gvl_HBW,bEncoderImpulse_HBW_vertical1,False,poll
2026-03-20 10:02:03.905,gvl_HBW,bEncoderImpulse_HBW_vertical2,False,poll
2026-03-20 10:02:03.905,gvl_HBW,bMotor_HBW_ConveyorBelt_forward,False,poll
2026-03-20 10:02:03.905,gvl_HBW,bMotor_HBW_ConveyorBelt_backward,False,poll
2026-03-20 10:02:03.905,gvl_HBW,bMotor_HBW_StackerCrane_torack,False,poll
2026-03-20 10:02:03.905,gvl_HBW,bMotor_HBW_StackerCrane_toconveyorbelt,False,poll
2026-03-20 10:02:03.905,gvl_HBW,bMotor_HBW_StackerCrane_downward,False,poll
2026-03-20 10:02:03.905,gvl_HBW,bMotor_HBW_StackerCrane_upward,False,poll
2026-03-20 10:02:03.905,gvl_HBW,bMotor_HBW_Cantilever_forward,False,poll
2026-03-20 10:02:03.905,gvl_HBW,bMotor_HBW_Cantilever_backward,False,poll
2026-03-20 10:02:03.905,gvl_MS,bReferenceSwitch_MS_Turntable_attransferunit,False,poll
2026-03-20 10:02:03.905,gvl_MS,bReferenceSwitch_MS_Turntable_atconveyorbelt,False,poll
2026-03-20 10:02:03.905,gvl_MS,bLightBarrier_MS_conveyorbelt,False,poll
2026-03-20 10:02:03.905,gvl_MS,bReferenceSwitch_MS_Turntable_atsaw,False,poll
2026-03-20 10:02:03.905,gvl_MS,bReferenceSwitch_MS_TransferUnit_atturntable,True,poll
2026-03-20 10:02:03.905,gvl_MS,bReferenceSwitch_MS_OvenSlider_inside,False,poll
2026-03-20 10:02:03.905,gvl_MS,bReferenceSwitch_MS_OvenSlider_outside,True,poll
2026-03-20 10:02:03.905,gvl_MS,bReferenceSwitch_MS_TransferUnit_atoven,False,poll
2026-03-20 10:02:03.905,gvl_MS,bLightBarrier_MS_oven,True,poll
2026-03-20 10:02:03.905,gvl_MS,bMotor_MS_Turntable_clockwise,False,poll
2026-03-20 10:02:03.905,gvl_MS,bMotor_MS_Turntable_counterclockwise,False,poll
2026-03-20 10:02:03.905,gvl_MS,bMotor_MS_ConveyorBelt_forward,False,poll
2026-03-20 10:02:03.905,gvl_MS,bMotor_MS_Saw,False,poll
2026-03-20 10:02:03.905,gvl_MS,bMotor_MS_OvenSlider_movein,False,poll
2026-03-20 10:02:03.905,gvl_MS,bMotor_MS_OvenSlider_moveout,False,poll
2026-03-20 10:02:03.905,gvl_MS,bMotor_MS_TransferUnit_tooven,False,poll
2026-03-20 10:02:03.905,gvl_MS,bMotor_MS_TransferUnit_toturntable,False,poll
2026-03-20 10:02:03.905,gvl_MS,bLamp_MS,False,poll
2026-03-20 10:02:03.905,gvl_MS,bCompressor_MS,False,poll
2026-03-20 10:02:03.905,gvl_MS,bValve_MS_Vacuum,False,poll
2026-03-20 10:02:03.905,gvl_MS,bValve_MS_TransferUnit,False,poll
2026-03-20 10:02:03.905,gvl_MS,bValve_MS_OvenDoor,False,poll
2026-03-20 10:02:03.905,gvl_MS,bValve_MS_Ejector,False,poll
2026-03-20 10:02:03.905,gvl_PM,bLightBarrier_PM_entry,True,poll
2026-03-20 10:02:03.905,gvl_PM,bLightBarrier_PM_tool,True,poll
2026-03-20 10:02:03.905,gvl_PM,bReferenceSwitch_PM_top,False,poll
2026-03-20 10:02:03.905,gvl_PM,bReferenceSwitch_PM_bottom,True,poll
2026-03-20 10:02:03.905,gvl_PM,bMotor_PM_ConveyorBelt_forward,False,poll
2026-03-20 10:02:03.905,gvl_PM,bMotor_PM_ConveyorBelt_backward,False,poll
2026-03-20 10:02:03.905,gvl_PM,bMotor_PM_Tool_upward,False,poll
2026-03-20 10:02:03.905,gvl_PM,bMotor_PM_Tool_downward,False,poll
2026-03-20 10:02:03.905,gvl_SL,bPulseCounter_SL,False,poll
2026-03-20 10:02:03.905,gvl_SL,bLightBarrier_SL_beforecolor,True,poll
2026-03-20 10:02:03.905,gvl_SL,bLightBarrier_SL_aftercolor,True,poll
2026-03-20 10:02:03.905,gvl_SL,bLightBarrier_SL_white,True,poll
2026-03-20 10:02:03.905,gvl_SL,bLightBarrier_SL_red,True,poll
2026-03-20 10:02:03.905,gvl_SL,bLightBarrier_SL_blue,True,poll
2026-03-20 10:02:03.905,gvl_SL,iColorSensor_SL,0,poll
2026-03-20 10:02:03.905,gvl_SL,bMotor_SL_ConveyorBelt,False,poll
2026-03-20 10:02:03.905,gvl_SL,bCompressor_SL,False,poll
2026-03-20 10:02:03.905,gvl_SL,bValve_SL_white,False,poll
2026-03-20 10:02:03.905,gvl_SL,bValve_SL_red,False,poll
2026-03-20 10:02:03.905,gvl_SL,bValve_SL_blue,False,poll
2026-03-20 10:02:03.905,LocalVariables,iC_CoordH,35,poll
2026-03-20 10:02:03.905,LocalVariables,iC_CoordV,0,poll
2026-03-20 10:02:03.905,LocalVariables,iC_CoordR,35,poll
2026-03-20 10:02:03.905,LocalVariables,eC_PickingStation,0,poll
2026-03-20 10:02:03.905,LocalVariables,eC_PlacingStation,0,poll
2026-03-20 10:02:03.905,LocalVariables,iC_Coord_Picking,"[[1340, 170, 150, 445], [380, 800, 367, 435], [800, 301, 580, 800]]",poll
2026-03-20 10:02:03.905,LocalVariables,iC_Coord_Placing,"[[890, 870], [500, 1343], [180, 150]]",poll
2026-03-20 10:02:04.518,gvl_SL,iColorSensor_SL,1,event
2026-03-20 10:02:04.618,gvl_SL,iColorSensor_SL,0,event
2026-03-20 10:02:04.756,gvl_C,bReferenceSwitch_C_vertical,True,poll
2026-03-20 10:02:04.756,gvl_C,bReferenceSwitch_C_horizontal,False,poll
2026-03-20 10:02:04.756,gvl_C,bReferenceSwitch_C_rotate,False,poll
2026-03-20 10:02:04.756,gvl_C,bEncoderImpulse_C_vertical1,False,poll
2026-03-20 10:02:04.756,gvl_C,bEncoderImpulse_C_vertical2,True,poll
2026-03-20 10:02:04.756,gvl_C,bEncoderImpulse_C_horizontal1,False,poll
2026-03-20 10:02:04.756,gvl_C,bEncoderImpulse_C_horizontal2,True,poll
2026-03-20 10:02:04.756,gvl_C,bEncoderImpulse_C_rotate1,True,poll
2026-03-20 10:02:04.756,gvl_C,bEncoderImpulse_C_rotate2,False,poll
2026-03-20 10:02:04.756,gvl_C,bMotor_C_upward,False,poll
2026-03-20 10:02:04.756,gvl_C,bMotor_C_downward,False,poll
2026-03-20 10:02:04.756,gvl_C,bMotor_C_backward,False,poll
2026-03-20 10:02:04.756,gvl_C,bMotor_C_forward,False,poll
2026-03-20 10:02:04.756,gvl_C,bMotor_C_clockwise,False,poll
2026-03-20 10:02:04.756,gvl_C,bMotor_C_counterclockwise,False,poll
2026-03-20 10:02:04.756,gvl_C,bCompressor_C,False,poll
2026-03-20 10:02:04.756,gvl_C,bValve_C,False,poll
2026-03-20 10:02:04.756,gvl_HBW,bReferenceSwitch_HBW_horizontal,True,poll
2026-03-20 10:02:04.756,gvl_HBW,bLightBarrier_HBW_inside,True,poll
2026-03-20 10:02:04.756,gvl_HBW,bLightBarrier_HBW_outside,True,poll
2026-03-20 10:02:04.756,gvl_HBW,bReferenceSwitch_HBW_vertical,False,poll
2026-03-20 10:02:04.756,gvl_HBW,bReferenceSwitch_HBW_Cantilever_front,False,poll
2026-03-20 10:02:04.756,gvl_HBW,bReferenceSwitch_HBW_Cantilever_back,False,poll
2026-03-20 10:02:04.756,gvl_HBW,bTrailSensor_HBW_bottom,True,poll
2026-03-20 10:02:04.756,gvl_HBW,bTrailSensor_HBW_top,True,poll
2026-03-20 10:02:04.756,gvl_HBW,bEncoderImpulse_HBW_horizontal1,False,poll
2026-03-20 10:02:04.756,gvl_HBW,bEncoderImpulse_HBW_horizontal2,True,poll
2026-03-20 10:02:04.756,gvl_HBW,bEncoderImpulse_HBW_vertical1,False,poll
2026-03-20 10:02:04.756,gvl_HBW,bEncoderImpulse_HBW_vertical2,False,poll
2026-03-20 10:02:04.756,gvl_HBW,bMotor_HBW_ConveyorBelt_forward,False,poll
2026-03-20 10:02:04.756,gvl_HBW,bMotor_HBW_ConveyorBelt_backward,False,poll
2026-03-20 10:02:04.756,gvl_HBW,bMotor_HBW_StackerCrane_torack,False,poll
2026-03-20 10:02:04.756,gvl_HBW,bMotor_HBW_StackerCrane_toconveyorbelt,False,poll
2026-03-20 10:02:04.756,gvl_HBW,bMotor_HBW_StackerCrane_downward,False,poll
2026-03-20 10:02:04.756,gvl_HBW,bMotor_HBW_StackerCrane_upward,False,poll
2026-03-20 10:02:04.756,gvl_HBW,bMotor_HBW_Cantilever_forward,False,poll
2026-03-20 10:02:04.756,gvl_HBW,bMotor_HBW_Cantilever_backward,False,poll
2026-03-20 10:02:04.756,gvl_MS,bReferenceSwitch_MS_Turntable_attransferunit,False,poll
2026-03-20 10:02:04.756,gvl_MS,bReferenceSwitch_MS_Turntable_atconveyorbelt,False,poll
2026-03-20 10:02:04.756,gvl_MS,bLightBarrier_MS_conveyorbelt,False,poll
2026-03-20 10:02:04.756,gvl_MS,bReferenceSwitch_MS_Turntable_atsaw,False,poll
2026-03-20 10:02:04.756,gvl_MS,bReferenceSwitch_MS_TransferUnit_atturntable,True,poll
2026-03-20 10:02:04.756,gvl_MS,bReferenceSwitch_MS_OvenSlider_inside,False,poll
2026-03-20 10:02:04.756,gvl_MS,bReferenceSwitch_MS_OvenSlider_outside,True,poll
2026-03-20 10:02:04.756,gvl_MS,bReferenceSwitch_MS_TransferUnit_atoven,False,poll
2026-03-20 10:02:04.756,gvl_MS,bLightBarrier_MS_oven,True,poll
2026-03-20 10:02:04.756,gvl_MS,bMotor_MS_Turntable_clockwise,False,poll
2026-03-20 10:02:04.756,gvl_MS,bMotor_MS_Turntable_counterclockwise,False,poll
2026-03-20 10:02:04.756,gvl_MS,bMotor_MS_ConveyorBelt_forward,False,poll
2026-03-20 10:02:04.756,gvl_MS,bMotor_MS_Saw,False,poll
2026-03-20 10:02:04.756,gvl_MS,bMotor_MS_OvenSlider_movein,False,poll
2026-03-20 10:02:04.756,gvl_MS,bMotor_MS_OvenSlider_moveout,False,poll
2026-03-20 10:02:04.756,gvl_MS,bMotor_MS_TransferUnit_tooven,False,poll
2026-03-20 10:02:04.756,gvl_MS,bMotor_MS_TransferUnit_toturntable,False,poll
2026-03-20 10:02:04.756,gvl_MS,bLamp_MS,False,poll
2026-03-20 10:02:04.756,gvl_MS,bCompressor_MS,False,poll
2026-03-20 10:02:04.756,gvl_MS,bValve_MS_Vacuum,False,poll
2026-03-20 10:02:04.756,gvl_MS,bValve_MS_TransferUnit,False,poll
2026-03-20 10:02:04.756,gvl_MS,bValve_MS_OvenDoor,False,poll
2026-03-20 10:02:04.756,gvl_MS,bValve_MS_Ejector,False,poll
2026-03-20 10:02:05.018,gvl_SL,iColorSensor_SL,1,event
2026-03-20 10:02:04.756,gvl_PM,bLightBarrier_PM_entry,True,poll
2026-03-20 10:02:04.756,gvl_PM,bLightBarrier_PM_tool,True,poll
2026-03-20 10:02:04.756,gvl_PM,bReferenceSwitch_PM_top,False,poll
2026-03-20 10:02:04.756,gvl_PM,bReferenceSwitch_PM_bottom,True,poll
2026-03-20 10:02:04.756,gvl_PM,bMotor_PM_ConveyorBelt_forward,False,poll
2026-03-20 10:02:04.756,gvl_PM,bMotor_PM_ConveyorBelt_backward,False,poll
2026-03-20 10:02:04.756,gvl_PM,bMotor_PM_Tool_upward,False,poll
2026-03-20 10:02:04.756,gvl_PM,bMotor_PM_Tool_downward,False,poll
2026-03-20 10:02:04.756,gvl_SL,bPulseCounter_SL,False,poll
2026-03-20 10:02:04.756,gvl_SL,bLightBarrier_SL_beforecolor,True,poll
2026-03-20 10:02:04.756,gvl_SL,bLightBarrier_SL_aftercolor,True,poll
2026-03-20 10:02:04.756,gvl_SL,bLightBarrier_SL_white,True,poll
2026-03-20 10:02:04.756,gvl_SL,bLightBarrier_SL_red,True,poll
2026-03-20 10:02:04.756,gvl_SL,bLightBarrier_SL_blue,True,poll
2026-03-20 10:02:04.756,gvl_SL,iColorSensor_SL,0,poll
2026-03-20 10:02:04.756,gvl_SL,bMotor_SL_ConveyorBelt,False,poll
2026-03-20 10:02:04.756,gvl_SL,bCompressor_SL,False,poll
2026-03-20 10:02:04.756,gvl_SL,bValve_SL_white,False,poll
2026-03-20 10:02:04.756,gvl_SL,bValve_SL_red,False,poll
2026-03-20 10:02:04.756,gvl_SL,bValve_SL_blue,False,poll
2026-03-20 10:02:04.756,LocalVariables,iC_CoordH,35,poll
2026-03-20 10:02:04.756,LocalVariables,iC_CoordV,0,poll
2026-03-20 10:02:04.756,LocalVariables,iC_CoordR,35,poll
2026-03-20 10:02:04.756,LocalVariables,eC_PickingStation,0,poll
2026-03-20 10:02:04.756,LocalVariables,eC_PlacingStation,0,poll
2026-03-20 10:02:04.756,LocalVariables,iC_Coord_Picking,"[[1340, 170, 150, 445], [380, 800, 367, 435], [800, 301, 580, 800]]",poll
2026-03-20 10:02:04.756,LocalVariables,iC_Coord_Placing,"[[890, 870], [500, 1343], [180, 150]]",poll
2026-03-20 10:02:05.119,gvl_SL,iColorSensor_SL,0,event
2026-03-20 10:02:05.218,gvl_SL,iColorSensor_SL,1,event
2026-03-20 10:02:05.318,gvl_SL,iColorSensor_SL,0,event
2026-03-20 10:02:05.518,gvl_SL,iColorSensor_SL,1,event
2026-03-20 10:02:05.615,gvl_C,bReferenceSwitch_C_vertical,True,poll
2026-03-20 10:02:05.620,gvl_SL,iColorSensor_SL,0,event
2026-03-20 10:02:05.615,gvl_C,bReferenceSwitch_C_horizontal,False,poll
2026-03-20 10:02:05.615,gvl_C,bReferenceSwitch_C_rotate,False,poll
2026-03-20 10:02:05.615,gvl_C,bEncoderImpulse_C_vertical1,False,poll
2026-03-20 10:02:05.615,gvl_C,bEncoderImpulse_C_vertical2,True,poll
2026-03-20 10:02:05.615,gvl_C,bEncoderImpulse_C_horizontal1,False,poll
2026-03-20 10:02:05.615,gvl_C,bEncoderImpulse_C_horizontal2,True,poll
2026-03-20 10:02:05.615,gvl_C,bEncoderImpulse_C_rotate1,True,poll
2026-03-20 10:02:05.615,gvl_C,bEncoderImpulse_C_rotate2,False,poll
2026-03-20 10:02:05.615,gvl_C,bMotor_C_upward,False,poll
2026-03-20 10:02:05.615,gvl_C,bMotor_C_downward,False,poll
2026-03-20 10:02:05.615,gvl_C,bMotor_C_backward,False,poll
2026-03-20 10:02:05.615,gvl_C,bMotor_C_forward,False,poll
2026-03-20 10:02:05.615,gvl_C,bMotor_C_clockwise,False,poll
2026-03-20 10:02:05.615,gvl_C,bMotor_C_counterclockwise,False,poll
2026-03-20 10:02:05.615,gvl_C,bCompressor_C,False,poll
2026-03-20 10:02:05.615,gvl_C,bValve_C,False,poll
2026-03-20 10:02:05.615,gvl_HBW,bReferenceSwitch_HBW_horizontal,True,poll
2026-03-20 10:02:05.615,gvl_HBW,bLightBarrier_HBW_inside,True,poll
2026-03-20 10:02:05.615,gvl_HBW,bLightBarrier_HBW_outside,True,poll
2026-03-20 10:02:05.615,gvl_HBW,bReferenceSwitch_HBW_vertical,False,poll
2026-03-20 10:02:05.615,gvl_HBW,bReferenceSwitch_HBW_Cantilever_front,False,poll
2026-03-20 10:02:05.615,gvl_HBW,bReferenceSwitch_HBW_Cantilever_back,False,poll
2026-03-20 10:02:05.615,gvl_HBW,bTrailSensor_HBW_bottom,True,poll
2026-03-20 10:02:05.615,gvl_HBW,bTrailSensor_HBW_top,True,poll
2026-03-20 10:02:05.615,gvl_HBW,bEncoderImpulse_HBW_horizontal1,False,poll
2026-03-20 10:02:05.615,gvl_HBW,bEncoderImpulse_HBW_horizontal2,True,poll
2026-03-20 10:02:05.615,gvl_HBW,bEncoderImpulse_HBW_vertical1,False,poll
2026-03-20 10:02:05.615,gvl_HBW,bEncoderImpulse_HBW_vertical2,False,poll
2026-03-20 10:02:05.615,gvl_HBW,bMotor_HBW_ConveyorBelt_forward,False,poll
2026-03-20 10:02:05.615,gvl_HBW,bMotor_HBW_ConveyorBelt_backward,False,poll
2026-03-20 10:02:05.615,gvl_HBW,bMotor_HBW_StackerCrane_torack,False,poll
2026-03-20 10:02:05.615,gvl_HBW,bMotor_HBW_StackerCrane_toconveyorbelt,False,poll
2026-03-20 10:02:05.615,gvl_HBW,bMotor_HBW_StackerCrane_downward,False,poll
2026-03-20 10:02:05.615,gvl_HBW,bMotor_HBW_StackerCrane_upward,False,poll
2026-03-20 10:02:05.718,gvl_SL,iColorSensor_SL,1,event
2026-03-20 10:02:05.615,gvl_HBW,bMotor_HBW_Cantilever_forward,False,poll
2026-03-20 10:02:05.615,gvl_HBW,bMotor_HBW_Cantilever_backward,False,poll
2026-03-20 10:02:05.615,gvl_MS,bReferenceSwitch_MS_Turntable_attransferunit,False,poll
2026-03-20 10:02:05.615,gvl_MS,bReferenceSwitch_MS_Turntable_atconveyorbelt,False,poll
2026-03-20 10:02:05.615,gvl_MS,bLightBarrier_MS_conveyorbelt,False,poll
2026-03-20 10:02:05.615,gvl_MS,bReferenceSwitch_MS_Turntable_atsaw,False,poll
2026-03-20 10:02:05.615,gvl_MS,bReferenceSwitch_MS_TransferUnit_atturntable,True,poll
2026-03-20 10:02:05.615,gvl_MS,bReferenceSwitch_MS_OvenSlider_inside,False,poll
2026-03-20 10:02:05.615,gvl_MS,bReferenceSwitch_MS_OvenSlider_outside,True,poll
2026-03-20 10:02:05.615,gvl_MS,bReferenceSwitch_MS_TransferUnit_atoven,False,poll
2026-03-20 10:02:05.615,gvl_MS,bLightBarrier_MS_oven,True,poll
2026-03-20 10:02:05.615,gvl_MS,bMotor_MS_Turntable_clockwise,False,poll
2026-03-20 10:02:05.615,gvl_MS,bMotor_MS_Turntable_counterclockwise,False,poll
2026-03-20 10:02:05.615,gvl_MS,bMotor_MS_ConveyorBelt_forward,False,poll
2026-03-20 10:02:05.615,gvl_MS,bMotor_MS_Saw,False,poll
2026-03-20 10:02:05.615,gvl_MS,bMotor_MS_OvenSlider_movein,False,poll
2026-03-20 10:02:05.615,gvl_MS,bMotor_MS_OvenSlider_moveout,False,poll
2026-03-20 10:02:05.615,gvl_MS,bMotor_MS_TransferUnit_tooven,False,poll
2026-03-20 10:02:05.615,gvl_MS,bMotor_MS_TransferUnit_toturntable,False,poll
2026-03-20 10:02:05.615,gvl_MS,bLamp_MS,False,poll
2026-03-20 10:02:05.615,gvl_MS,bCompressor_MS,False,poll
2026-03-20 10:02:05.615,gvl_MS,bValve_MS_Vacuum,False,poll
2026-03-20 10:02:05.615,gvl_MS,bValve_MS_TransferUnit,False,poll
2026-03-20 10:02:05.615,gvl_MS,bValve_MS_OvenDoor,False,poll
2026-03-20 10:02:05.615,gvl_MS,bValve_MS_Ejector,False,poll
2026-03-20 10:02:05.615,gvl_PM,bLightBarrier_PM_entry,True,poll
2026-03-20 10:02:05.615,gvl_PM,bLightBarrier_PM_tool,True,poll
2026-03-20 10:02:05.615,gvl_PM,bReferenceSwitch_PM_top,False,poll
2026-03-20 10:02:05.615,gvl_PM,bReferenceSwitch_PM_bottom,True,poll
2026-03-20 10:02:05.615,gvl_PM,bMotor_PM_ConveyorBelt_forward,False,poll
2026-03-20 10:02:05.615,gvl_PM,bMotor_PM_ConveyorBelt_backward,False,poll
2026-03-20 10:02:05.615,gvl_PM,bMotor_PM_Tool_upward,False,poll
2026-03-20 10:02:05.615,gvl_PM,bMotor_PM_Tool_downward,False,poll
2026-03-20 10:02:05.615,gvl_SL,bPulseCounter_SL,False,poll
2026-03-20 10:02:05.615,gvl_SL,bLightBarrier_SL_beforecolor,True,poll
2026-03-20 10:02:05.615,gvl_SL,bLightBarrier_SL_aftercolor,True,poll
2026-03-20 10:02:05.615,gvl_SL,bLightBarrier_SL_white,True,poll
2026-03-20 10:02:05.615,gvl_SL,bLightBarrier_SL_red,True,poll
2026-03-20 10:02:05.615,gvl_SL,bLightBarrier_SL_blue,True,poll
2026-03-20 10:02:05.615,gvl_SL,iColorSensor_SL,0,poll
2026-03-20 10:02:05.615,gvl_SL,bMotor_SL_ConveyorBelt,False,poll
2026-03-20 10:02:05.615,gvl_SL,bCompressor_SL,False,poll
2026-03-20 10:02:05.615,gvl_SL,bValve_SL_white,False,poll
2026-03-20 10:02:05.818,gvl_SL,iColorSensor_SL,0,event
2026-03-20 10:02:05.615,gvl_SL,bValve_SL_red,False,poll
2026-03-20 10:02:05.615,gvl_SL,bValve_SL_blue,False,poll
2026-03-20 10:02:05.615,LocalVariables,iC_CoordH,35,poll
2026-03-20 10:02:05.615,LocalVariables,iC_CoordV,0,poll
2026-03-20 10:02:05.615,LocalVariables,iC_CoordR,35,poll
2026-03-20 10:02:05.615,LocalVariables,eC_PickingStation,0,poll
2026-03-20 10:02:05.615,LocalVariables,eC_PlacingStation,0,poll
2026-03-20 10:02:05.615,LocalVariables,iC_Coord_Picking,"[[1340, 170, 150, 445], [380, 800, 367, 435], [800, 301, 580, 800]]",poll
2026-03-20 10:02:05.615,LocalVariables,iC_Coord_Placing,"[[890, 870], [500, 1343], [180, 150]]",poll
2026-03-20 10:02:06.018,gvl_SL,iColorSensor_SL,1,event
2026-03-20 10:02:06.218,gvl_SL,iColorSensor_SL,0,event
2026-03-20 10:02:06.355,gvl_C,bReferenceSwitch_C_vertical,True,poll
2026-03-20 10:02:06.355,gvl_C,bReferenceSwitch_C_horizontal,False,poll
2026-03-20 10:02:06.355,gvl_C,bReferenceSwitch_C_rotate,False,poll
2026-03-20 10:02:06.355,gvl_C,bEncoderImpulse_C_vertical1,False,poll
2026-03-20 10:02:06.355,gvl_C,bEncoderImpulse_C_vertical2,True,poll
2026-03-20 10:02:06.355,gvl_C,bEncoderImpulse_C_horizontal1,False,poll
2026-03-20 10:02:06.355,gvl_C,bEncoderImpulse_C_horizontal2,True,poll
2026-03-20 10:02:06.355,gvl_C,bEncoderImpulse_C_rotate1,True,poll
2026-03-20 10:02:06.355,gvl_C,bEncoderImpulse_C_rotate2,False,poll
2026-03-20 10:02:06.355,gvl_C,bMotor_C_upward,False,poll
2026-03-20 10:02:06.355,gvl_C,bMotor_C_downward,False,poll
2026-03-20 10:02:06.355,gvl_C,bMotor_C_backward,False,poll
2026-03-20 10:02:06.355,gvl_C,bMotor_C_forward,False,poll
2026-03-20 10:02:06.355,gvl_C,bMotor_C_clockwise,False,poll
2026-03-20 10:02:06.355,gvl_C,bMotor_C_counterclockwise,False,poll
2026-03-20 10:02:06.355,gvl_C,bCompressor_C,False,poll
2026-03-20 10:02:06.355,gvl_C,bValve_C,False,poll
2026-03-20 10:02:06.355,gvl_HBW,bReferenceSwitch_HBW_horizontal,True,poll
2026-03-20 10:02:06.355,gvl_HBW,bLightBarrier_HBW_inside,True,poll
2026-03-20 10:02:06.355,gvl_HBW,bLightBarrier_HBW_outside,True,poll
2026-03-20 10:02:06.355,gvl_HBW,bReferenceSwitch_HBW_vertical,False,poll
2026-03-20 10:02:06.355,gvl_HBW,bReferenceSwitch_HBW_Cantilever_front,False,poll
2026-03-20 10:02:06.355,gvl_HBW,bReferenceSwitch_HBW_Cantilever_back,False,poll
2026-03-20 10:02:06.355,gvl_HBW,bTrailSensor_HBW_bottom,True,poll
2026-03-20 10:02:06.355,gvl_HBW,bTrailSensor_HBW_top,True,poll
2026-03-20 10:02:06.355,gvl_HBW,bEncoderImpulse_HBW_horizontal1,False,poll
2026-03-20 10:02:06.355,gvl_HBW,bEncoderImpulse_HBW_horizontal2,True,poll
2026-03-20 10:02:06.355,gvl_HBW,bEncoderImpulse_HBW_vertical1,False,poll
2026-03-20 10:02:06.355,gvl_HBW,bEncoderImpulse_HBW_vertical2,False,poll
2026-03-20 10:02:06.355,gvl_HBW,bMotor_HBW_ConveyorBelt_forward,False,poll
2026-03-20 10:02:06.355,gvl_HBW,bMotor_HBW_ConveyorBelt_backward,False,poll
2026-03-20 10:02:06.355,gvl_HBW,bMotor_HBW_StackerCrane_torack,False,poll
2026-03-20 10:02:06.355,gvl_HBW,bMotor_HBW_StackerCrane_toconveyorbelt,False,poll
2026-03-20 10:02:06.355,gvl_HBW,bMotor_HBW_StackerCrane_downward,False,poll
2026-03-20 10:02:06.355,gvl_HBW,bMotor_HBW_StackerCrane_upward,False,poll
2026-03-20 10:02:06.355,gvl_HBW,bMotor_HBW_Cantilever_forward,False,poll
2026-03-20 10:02:06.355,gvl_HBW,bMotor_HBW_Cantilever_backward,False,poll
2026-03-20 10:02:06.355,gvl_MS,bReferenceSwitch_MS_Turntable_attransferunit,False,poll
2026-03-20 10:02:06.355,gvl_MS,bReferenceSwitch_MS_Turntable_atconveyorbelt,False,poll
2026-03-20 10:02:06.355,gvl_MS,bLightBarrier_MS_conveyorbelt,False,poll
2026-03-20 10:02:06.355,gvl_MS,bReferenceSwitch_MS_Turntable_atsaw,False,poll
2026-03-20 10:02:06.355,gvl_MS,bReferenceSwitch_MS_TransferUnit_atturntable,True,poll
2026-03-20 10:02:06.355,gvl_MS,bReferenceSwitch_MS_OvenSlider_inside,False,poll
2026-03-20 10:02:06.355,gvl_MS,bReferenceSwitch_MS_OvenSlider_outside,True,poll
2026-03-20 10:02:06.355,gvl_MS,bReferenceSwitch_MS_TransferUnit_atoven,False,poll
2026-03-20 10:02:06.355,gvl_MS,bLightBarrier_MS_oven,True,poll
2026-03-20 10:02:06.355,gvl_MS,bMotor_MS_Turntable_clockwise,False,poll
2026-03-20 10:02:06.355,gvl_MS,bMotor_MS_Turntable_counterclockwise,False,poll
2026-03-20 10:02:06.355,gvl_MS,bMotor_MS_ConveyorBelt_forward,False,poll
2026-03-20 10:02:06.518,gvl_SL,iColorSensor_SL,1,event
2026-03-20 10:02:06.355,gvl_MS,bMotor_MS_Saw,False,poll
2026-03-20 10:02:06.355,gvl_MS,bMotor_MS_OvenSlider_movein,False,poll
2026-03-20 10:02:06.355,gvl_MS,bMotor_MS_OvenSlider_moveout,False,poll
2026-03-20 10:02:06.355,gvl_MS,bMotor_MS_TransferUnit_tooven,False,poll
2026-03-20 10:02:06.355,gvl_MS,bMotor_MS_TransferUnit_toturntable,False,poll
2026-03-20 10:02:06.355,gvl_MS,bLamp_MS,False,poll
2026-03-20 10:02:06.355,gvl_MS,bCompressor_MS,False,poll
2026-03-20 10:02:06.355,gvl_MS,bValve_MS_Vacuum,False,poll
2026-03-20 10:02:06.355,gvl_MS,bValve_MS_TransferUnit,False,poll
2026-03-20 10:02:06.355,gvl_MS,bValve_MS_OvenDoor,False,poll
2026-03-20 10:02:06.355,gvl_MS,bValve_MS_Ejector,False,poll
2026-03-20 10:02:06.355,gvl_PM,bLightBarrier_PM_entry,True,poll
2026-03-20 10:02:06.355,gvl_PM,bLightBarrier_PM_tool,True,poll
2026-03-20 10:02:06.355,gvl_PM,bReferenceSwitch_PM_top,False,poll
2026-03-20 10:02:06.355,gvl_PM,bReferenceSwitch_PM_bottom,True,poll
2026-03-20 10:02:06.355,gvl_PM,bMotor_PM_ConveyorBelt_forward,False,poll
2026-03-20 10:02:06.355,gvl_PM,bMotor_PM_ConveyorBelt_backward,False,poll
2026-03-20 10:02:06.355,gvl_PM,bMotor_PM_Tool_upward,False,poll
2026-03-20 10:02:06.355,gvl_PM,bMotor_PM_Tool_downward,False,poll
2026-03-20 10:02:06.355,gvl_SL,bPulseCounter_SL,False,poll
2026-03-20 10:02:06.355,gvl_SL,bLightBarrier_SL_beforecolor,True,poll
2026-03-20 10:02:06.355,gvl_SL,bLightBarrier_SL_aftercolor,True,poll
2026-03-20 10:02:06.355,gvl_SL,bLightBarrier_SL_white,True,poll
2026-03-20 10:02:06.355,gvl_SL,bLightBarrier_SL_red,True,poll
2026-03-20 10:02:06.355,gvl_SL,bLightBarrier_SL_blue,True,poll
2026-03-20 10:02:06.355,gvl_SL,iColorSensor_SL,0,poll
2026-03-20 10:02:06.355,gvl_SL,bMotor_SL_ConveyorBelt,False,poll
2026-03-20 10:02:06.355,gvl_SL,bCompressor_SL,False,poll
2026-03-20 10:02:06.355,gvl_SL,bValve_SL_white,False,poll
2026-03-20 10:02:06.355,gvl_SL,bValve_SL_red,False,poll
2026-03-20 10:02:06.355,gvl_SL,bValve_SL_blue,False,poll
2026-03-20 10:02:06.355,LocalVariables,iC_CoordH,35,poll
2026-03-20 10:02:06.355,LocalVariables,iC_CoordV,0,poll
2026-03-20 10:02:06.355,LocalVariables,iC_CoordR,35,poll
2026-03-20 10:02:06.355,LocalVariables,eC_PickingStation,0,poll
2026-03-20 10:02:06.355,LocalVariables,eC_PlacingStation,0,poll
2026-03-20 10:02:06.355,LocalVariables,iC_Coord_Picking,"[[1340, 170, 150, 445], [380, 800, 367, 435], [800, 301, 580, 800]]",poll
2026-03-20 10:02:06.355,LocalVariables,iC_Coord_Placing,"[[890, 870], [500, 1343], [180, 150]]",poll
2026-03-20 10:02:06.618,gvl_SL,iColorSensor_SL,0,event
2026-03-20 10:02:06.718,gvl_SL,iColorSensor_SL,1,event
2026-03-20 10:02:06.818,gvl_SL,iColorSensor_SL,0,event
2026-03-20 10:02:07.102,gvl_C,bReferenceSwitch_C_vertical,True,poll
2026-03-20 10:02:07.102,gvl_C,bReferenceSwitch_C_horizontal,False,poll
2026-03-20 10:02:07.102,gvl_C,bReferenceSwitch_C_rotate,False,poll
2026-03-20 10:02:07.102,gvl_C,bEncoderImpulse_C_vertical1,False,poll
2026-03-20 10:02:07.102,gvl_C,bEncoderImpulse_C_vertical2,True,poll
2026-03-20 10:02:07.102,gvl_C,bEncoderImpulse_C_horizontal1,False,poll
2026-03-20 10:02:07.102,gvl_C,bEncoderImpulse_C_horizontal2,True,poll
2026-03-20 10:02:07.102,gvl_C,bEncoderImpulse_C_rotate1,True,poll
2026-03-20 10:02:07.102,gvl_C,bEncoderImpulse_C_rotate2,False,poll
2026-03-20 10:02:07.102,gvl_C,bMotor_C_upward,False,poll
2026-03-20 10:02:07.102,gvl_C,bMotor_C_downward,False,poll
2026-03-20 10:02:07.102,gvl_C,bMotor_C_backward,False,poll
2026-03-20 10:02:07.102,gvl_C,bMotor_C_forward,False,poll
2026-03-20 10:02:07.102,gvl_C,bMotor_C_clockwise,False,poll
2026-03-20 10:02:07.102,gvl_C,bMotor_C_counterclockwise,False,poll
2026-03-20 10:02:07.102,gvl_C,bCompressor_C,False,poll
2026-03-20 10:02:07.102,gvl_C,bValve_C,False,poll
2026-03-20 10:02:07.102,gvl_HBW,bReferenceSwitch_HBW_horizontal,True,poll
2026-03-20 10:02:07.102,gvl_HBW,bLightBarrier_HBW_inside,True,poll
2026-03-20 10:02:07.102,gvl_HBW,bLightBarrier_HBW_outside,True,poll
2026-03-20 10:02:07.102,gvl_HBW,bReferenceSwitch_HBW_vertical,False,poll
2026-03-20 10:02:07.102,gvl_HBW,bReferenceSwitch_HBW_Cantilever_front,False,poll
2026-03-20 10:02:07.102,gvl_HBW,bReferenceSwitch_HBW_Cantilever_back,False,poll
2026-03-20 10:02:07.102,gvl_HBW,bTrailSensor_HBW_bottom,True,poll
2026-03-20 10:02:07.102,gvl_HBW,bTrailSensor_HBW_top,True,poll
2026-03-20 10:02:07.102,gvl_HBW,bEncoderImpulse_HBW_horizontal1,False,poll
2026-03-20 10:02:07.102,gvl_HBW,bEncoderImpulse_HBW_horizontal2,True,poll
2026-03-20 10:02:07.102,gvl_HBW,bEncoderImpulse_HBW_vertical1,False,poll
2026-03-20 10:02:07.102,gvl_HBW,bEncoderImpulse_HBW_vertical2,False,poll
2026-03-20 10:02:07.102,gvl_HBW,bMotor_HBW_ConveyorBelt_forward,False,poll
2026-03-20 10:02:07.102,gvl_HBW,bMotor_HBW_ConveyorBelt_backward,False,poll
2026-03-20 10:02:07.102,gvl_HBW,bMotor_HBW_StackerCrane_torack,False,poll
2026-03-20 10:02:07.102,gvl_HBW,bMotor_HBW_StackerCrane_toconveyorbelt,False,poll
2026-03-20 10:02:07.102,gvl_HBW,bMotor_HBW_StackerCrane_downward,False,poll
2026-03-20 10:02:07.102,gvl_HBW,bMotor_HBW_StackerCrane_upward,False,poll
2026-03-20 10:02:07.102,gvl_HBW,bMotor_HBW_Cantilever_forward,False,poll
2026-03-20 10:02:07.102,gvl_HBW,bMotor_HBW_Cantilever_backward,False,poll
2026-03-20 10:02:07.102,gvl_MS,bReferenceSwitch_MS_Turntable_attransferunit,False,poll
2026-03-20 10:02:07.102,gvl_MS,bReferenceSwitch_MS_Turntable_atconveyorbelt,False,poll
2026-03-20 10:02:07.102,gvl_MS,bLightBarrier_MS_conveyorbelt,False,poll
2026-03-20 10:02:07.102,gvl_MS,bReferenceSwitch_MS_Turntable_atsaw,False,poll
2026-03-20 10:02:07.102,gvl_MS,bReferenceSwitch_MS_TransferUnit_atturntable,True,poll
2026-03-20 10:02:07.102,gvl_MS,bReferenceSwitch_MS_OvenSlider_inside,False,poll
2026-03-20 10:02:07.102,gvl_MS,bReferenceSwitch_MS_OvenSlider_outside,True,poll
2026-03-20 10:02:07.102,gvl_MS,bReferenceSwitch_MS_TransferUnit_atoven,False,poll
2026-03-20 10:02:07.102,gvl_MS,bLightBarrier_MS_oven,True,poll
2026-03-20 10:02:07.102,gvl_MS,bMotor_MS_Turntable_clockwise,False,poll
2026-03-20 10:02:07.102,gvl_MS,bMotor_MS_Turntable_counterclockwise,False,poll
2026-03-20 10:02:07.102,gvl_MS,bMotor_MS_ConveyorBelt_forward,False,poll
2026-03-20 10:02:07.102,gvl_MS,bMotor_MS_Saw,False,poll
2026-03-20 10:02:07.102,gvl_MS,bMotor_MS_OvenSlider_movein,False,poll
2026-03-20 10:02:07.102,gvl_MS,bMotor_MS_OvenSlider_moveout,False,poll
2026-03-20 10:02:07.102,gvl_MS,bMotor_MS_TransferUnit_tooven,False,poll
2026-03-20 10:02:07.102,gvl_MS,bMotor_MS_TransferUnit_toturntable,False,poll
2026-03-20 10:02:07.102,gvl_MS,bLamp_MS,False,poll
2026-03-20 10:02:07.102,gvl_MS,bCompressor_MS,False,poll
2026-03-20 10:02:07.102,gvl_MS,bValve_MS_Vacuum,False,poll
2026-03-20 10:02:07.102,gvl_MS,bValve_MS_TransferUnit,False,poll
2026-03-20 10:02:07.102,gvl_MS,bValve_MS_OvenDoor,False,poll
2026-03-20 10:02:07.102,gvl_MS,bValve_MS_Ejector,False,poll
2026-03-20 10:02:07.102,gvl_PM,bLightBarrier_PM_entry,True,poll
2026-03-20 10:02:07.102,gvl_PM,bLightBarrier_PM_tool,True,poll
2026-03-20 10:02:07.102,gvl_PM,bReferenceSwitch_PM_top,False,poll
2026-03-20 10:02:07.102,gvl_PM,bReferenceSwitch_PM_bottom,True,poll
2026-03-20 10:02:07.102,gvl_PM,bMotor_PM_ConveyorBelt_forward,False,poll
2026-03-20 10:02:07.102,gvl_PM,bMotor_PM_ConveyorBelt_backward,False,poll
2026-03-20 10:02:07.102,gvl_PM,bMotor_PM_Tool_upward,False,poll
2026-03-20 10:02:07.102,gvl_PM,bMotor_PM_Tool_downward,False,poll
2026-03-20 10:02:07.102,gvl_SL,bPulseCounter_SL,False,poll
2026-03-20 10:02:07.102,gvl_SL,bLightBarrier_SL_beforecolor,True,poll
2026-03-20 10:02:07.102,gvl_SL,bLightBarrier_SL_aftercolor,True,poll
2026-03-20 10:02:07.102,gvl_SL,bLightBarrier_SL_white,True,poll
2026-03-20 10:02:07.102,gvl_SL,bLightBarrier_SL_red,True,poll
2026-03-20 10:02:07.102,gvl_SL,bLightBarrier_SL_blue,True,poll
2026-03-20 10:02:07.102,gvl_SL,iColorSensor_SL,1,poll
2026-03-20 10:02:07.102,gvl_SL,bMotor_SL_ConveyorBelt,False,poll
2026-03-20 10:02:07.102,gvl_SL,bCompressor_SL,False,poll
2026-03-20 10:02:07.102,gvl_SL,bValve_SL_white,False,poll
2026-03-20 10:02:07.102,gvl_SL,bValve_SL_red,False,poll
2026-03-20 10:02:07.102,gvl_SL,bValve_SL_blue,False,poll
2026-03-20 10:02:07.102,LocalVariables,iC_CoordH,35,poll
2026-03-20 10:02:07.102,LocalVariables,iC_CoordV,0,poll
2026-03-20 10:02:07.102,LocalVariables,iC_CoordR,35,poll
2026-03-20 10:02:07.102,LocalVariables,eC_PickingStation,0,poll
2026-03-20 10:02:07.102,LocalVariables,eC_PlacingStation,0,poll
2026-03-20 10:02:07.102,LocalVariables,iC_Coord_Picking,"[[1340, 170, 150, 445], [380, 800, 367, 435], [800, 301, 580, 800]]",poll
2026-03-20 10:02:07.102,LocalVariables,iC_Coord_Placing,"[[890, 870], [500, 1343], [180, 150]]",poll
2026-03-20 10:02:07.419,gvl_SL,iColorSensor_SL,1,event
2026-03-20 10:02:07.619,gvl_SL,iColorSensor_SL,0,event
2026-03-20 10:02:07.847,gvl_C,bReferenceSwitch_C_vertical,True,poll
2026-03-20 10:02:07.847,gvl_C,bReferenceSwitch_C_horizontal,False,poll
2026-03-20 10:02:07.847,gvl_C,bReferenceSwitch_C_rotate,False,poll
2026-03-20 10:02:07.847,gvl_C,bEncoderImpulse_C_vertical1,False,poll
2026-03-20 10:02:07.847,gvl_C,bEncoderImpulse_C_vertical2,True,poll
2026-03-20 10:02:07.847,gvl_C,bEncoderImpulse_C_horizontal1,False,poll
2026-03-20 10:02:07.847,gvl_C,bEncoderImpulse_C_horizontal2,True,poll
2026-03-20 10:02:07.847,gvl_C,bEncoderImpulse_C_rotate1,True,poll
2026-03-20 10:02:07.847,gvl_C,bEncoderImpulse_C_rotate2,False,poll
2026-03-20 10:02:07.847,gvl_C,bMotor_C_upward,False,poll
2026-03-20 10:02:07.847,gvl_C,bMotor_C_downward,False,poll
2026-03-20 10:02:07.847,gvl_C,bMotor_C_backward,False,poll
2026-03-20 10:02:07.847,gvl_C,bMotor_C_forward,False,poll
2026-03-20 10:02:07.847,gvl_C,bMotor_C_clockwise,False,poll
2026-03-20 10:02:07.847,gvl_C,bMotor_C_counterclockwise,False,poll
2026-03-20 10:02:07.847,gvl_C,bCompressor_C,False,poll
2026-03-20 10:02:07.847,gvl_C,bValve_C,False,poll
2026-03-20 10:02:07.847,gvl_HBW,bReferenceSwitch_HBW_horizontal,True,poll
2026-03-20 10:02:07.847,gvl_HBW,bLightBarrier_HBW_inside,True,poll
2026-03-20 10:02:07.847,gvl_HBW,bLightBarrier_HBW_outside,True,poll
2026-03-20 10:02:07.847,gvl_HBW,bReferenceSwitch_HBW_vertical,False,poll
2026-03-20 10:02:07.847,gvl_HBW,bReferenceSwitch_HBW_Cantilever_front,False,poll
2026-03-20 10:02:07.847,gvl_HBW,bReferenceSwitch_HBW_Cantilever_back,False,poll
2026-03-20 10:02:07.847,gvl_HBW,bTrailSensor_HBW_bottom,True,poll
2026-03-20 10:02:07.847,gvl_HBW,bTrailSensor_HBW_top,True,poll
2026-03-20 10:02:07.847,gvl_HBW,bEncoderImpulse_HBW_horizontal1,False,poll
2026-03-20 10:02:07.847,gvl_HBW,bEncoderImpulse_HBW_horizontal2,True,poll
2026-03-20 10:02:07.847,gvl_HBW,bEncoderImpulse_HBW_vertical1,False,poll
2026-03-20 10:02:07.847,gvl_HBW,bEncoderImpulse_HBW_vertical2,False,poll
2026-03-20 10:02:07.847,gvl_HBW,bMotor_HBW_ConveyorBelt_forward,False,poll
2026-03-20 10:02:07.847,gvl_HBW,bMotor_HBW_ConveyorBelt_backward,False,poll
2026-03-20 10:02:07.847,gvl_HBW,bMotor_HBW_StackerCrane_torack,False,poll
2026-03-20 10:02:07.847,gvl_HBW,bMotor_HBW_StackerCrane_toconveyorbelt,False,poll
2026-03-20 10:02:07.847,gvl_HBW,bMotor_HBW_StackerCrane_downward,False,poll
2026-03-20 10:02:07.847,gvl_HBW,bMotor_HBW_StackerCrane_upward,False,poll
2026-03-20 10:02:07.847,gvl_HBW,bMotor_HBW_Cantilever_forward,False,poll
2026-03-20 10:02:07.847,gvl_HBW,bMotor_HBW_Cantilever_backward,False,poll
2026-03-20 10:02:07.847,gvl_MS,bReferenceSwitch_MS_Turntable_attransferunit,False,poll
2026-03-20 10:02:07.847,gvl_MS,bReferenceSwitch_MS_Turntable_atconveyorbelt,False,poll
2026-03-20 10:02:07.847,gvl_MS,bLightBarrier_MS_conveyorbelt,False,poll
2026-03-20 10:02:07.847,gvl_MS,bReferenceSwitch_MS_Turntable_atsaw,False,poll
2026-03-20 10:02:07.847,gvl_MS,bReferenceSwitch_MS_TransferUnit_atturntable,True,poll
2026-03-20 10:02:07.847,gvl_MS,bReferenceSwitch_MS_OvenSlider_inside,False,poll
2026-03-20 10:02:07.847,gvl_MS,bReferenceSwitch_MS_OvenSlider_outside,True,poll
2026-03-20 10:02:07.847,gvl_MS,bReferenceSwitch_MS_TransferUnit_atoven,False,poll
2026-03-20 10:02:07.847,gvl_MS,bLightBarrier_MS_oven,True,poll
2026-03-20 10:02:08.019,gvl_SL,iColorSensor_SL,1,event
2026-03-20 10:02:07.847,gvl_MS,bMotor_MS_Turntable_clockwise,False,poll
2026-03-20 10:02:07.847,gvl_MS,bMotor_MS_Turntable_counterclockwise,False,poll
2026-03-20 10:02:07.847,gvl_MS,bMotor_MS_ConveyorBelt_forward,False,poll
2026-03-20 10:02:07.847,gvl_MS,bMotor_MS_Saw,False,poll
2026-03-20 10:02:07.847,gvl_MS,bMotor_MS_OvenSlider_movein,False,poll
2026-03-20 10:02:07.847,gvl_MS,bMotor_MS_OvenSlider_moveout,False,poll
2026-03-20 10:02:07.847,gvl_MS,bMotor_MS_TransferUnit_tooven,False,poll
2026-03-20 10:02:07.847,gvl_MS,bMotor_MS_TransferUnit_toturntable,False,poll
2026-03-20 10:02:07.847,gvl_MS,bLamp_MS,False,poll
2026-03-20 10:02:07.847,gvl_MS,bCompressor_MS,False,poll
2026-03-20 10:02:07.847,gvl_MS,bValve_MS_Vacuum,False,poll
2026-03-20 10:02:07.847,gvl_MS,bValve_MS_TransferUnit,False,poll
2026-03-20 10:02:07.847,gvl_MS,bValve_MS_OvenDoor,False,poll
2026-03-20 10:02:07.847,gvl_MS,bValve_MS_Ejector,False,poll
2026-03-20 10:02:07.847,gvl_PM,bLightBarrier_PM_entry,True,poll
2026-03-20 10:02:07.847,gvl_PM,bLightBarrier_PM_tool,True,poll
2026-03-20 10:02:07.847,gvl_PM,bReferenceSwitch_PM_top,False,poll
2026-03-20 10:02:07.847,gvl_PM,bReferenceSwitch_PM_bottom,True,poll
2026-03-20 10:02:07.847,gvl_PM,bMotor_PM_ConveyorBelt_forward,False,poll
2026-03-20 10:02:07.847,gvl_PM,bMotor_PM_ConveyorBelt_backward,False,poll
2026-03-20 10:02:07.847,gvl_PM,bMotor_PM_Tool_upward,False,poll
2026-03-20 10:02:07.847,gvl_PM,bMotor_PM_Tool_downward,False,poll
2026-03-20 10:02:07.847,gvl_SL,bPulseCounter_SL,False,poll
2026-03-20 10:02:07.847,gvl_SL,bLightBarrier_SL_beforecolor,True,poll
2026-03-20 10:02:07.847,gvl_SL,bLightBarrier_SL_aftercolor,True,poll
2026-03-20 10:02:07.847,gvl_SL,bLightBarrier_SL_white,True,poll
2026-03-20 10:02:07.847,gvl_SL,bLightBarrier_SL_red,True,poll
2026-03-20 10:02:07.847,gvl_SL,bLightBarrier_SL_blue,True,poll
2026-03-20 10:02:07.847,gvl_SL,iColorSensor_SL,0,poll
2026-03-20 10:02:07.847,gvl_SL,bMotor_SL_ConveyorBelt,False,poll
2026-03-20 10:02:07.847,gvl_SL,bCompressor_SL,False,poll
2026-03-20 10:02:07.847,gvl_SL,bValve_SL_white,False,poll
2026-03-20 10:02:07.847,gvl_SL,bValve_SL_red,False,poll
2026-03-20 10:02:07.847,gvl_SL,bValve_SL_blue,False,poll
2026-03-20 10:02:07.847,LocalVariables,iC_CoordH,35,poll
2026-03-20 10:02:07.847,LocalVariables,iC_CoordV,0,poll
2026-03-20 10:02:08.118,gvl_SL,iColorSensor_SL,0,event
2026-03-20 10:02:07.847,LocalVariables,iC_CoordR,35,poll
2026-03-20 10:02:07.847,LocalVariables,eC_PickingStation,0,poll
2026-03-20 10:02:07.847,LocalVariables,eC_PlacingStation,0,poll
2026-03-20 10:02:07.847,LocalVariables,iC_Coord_Picking,"[[1340, 170, 150, 445], [380, 800, 367, 435], [800, 301, 580, 800]]",poll
2026-03-20 10:02:07.847,LocalVariables,iC_Coord_Placing,"[[890, 870], [500, 1343], [180, 150]]",poll
2026-03-20 10:02:08.639,gvl_C,bReferenceSwitch_C_vertical,True,poll
2026-03-20 10:02:08.639,gvl_C,bReferenceSwitch_C_horizontal,False,poll
2026-03-20 10:02:08.639,gvl_C,bReferenceSwitch_C_rotate,False,poll
2026-03-20 10:02:08.639,gvl_C,bEncoderImpulse_C_vertical1,False,poll
2026-03-20 10:02:08.639,gvl_C,bEncoderImpulse_C_vertical2,True,poll
2026-03-20 10:02:08.639,gvl_C,bEncoderImpulse_C_horizontal1,False,poll
2026-03-20 10:02:08.639,gvl_C,bEncoderImpulse_C_horizontal2,True,poll
2026-03-20 10:02:08.639,gvl_C,bEncoderImpulse_C_rotate1,True,poll
2026-03-20 10:02:08.639,gvl_C,bEncoderImpulse_C_rotate2,False,poll
2026-03-20 10:02:08.639,gvl_C,bMotor_C_upward,False,poll
2026-03-20 10:02:08.639,gvl_C,bMotor_C_downward,False,poll
2026-03-20 10:02:08.639,gvl_C,bMotor_C_backward,False,poll
2026-03-20 10:02:08.639,gvl_C,bMotor_C_forward,False,poll
2026-03-20 10:02:08.639,gvl_C,bMotor_C_clockwise,False,poll
2026-03-20 10:02:08.639,gvl_C,bMotor_C_counterclockwise,False,poll
2026-03-20 10:02:08.639,gvl_C,bCompressor_C,False,poll
2026-03-20 10:02:08.639,gvl_C,bValve_C,False,poll
2026-03-20 10:02:08.639,gvl_HBW,bReferenceSwitch_HBW_horizontal,True,poll
2026-03-20 10:02:08.639,gvl_HBW,bLightBarrier_HBW_inside,True,poll
2026-03-20 10:02:08.639,gvl_HBW,bLightBarrier_HBW_outside,True,poll
2026-03-20 10:02:08.639,gvl_HBW,bReferenceSwitch_HBW_vertical,False,poll
2026-03-20 10:02:08.639,gvl_HBW,bReferenceSwitch_HBW_Cantilever_front,False,poll
2026-03-20 10:02:08.639,gvl_HBW,bReferenceSwitch_HBW_Cantilever_back,False,poll
2026-03-20 10:02:08.639,gvl_HBW,bTrailSensor_HBW_bottom,True,poll
2026-03-20 10:02:08.639,gvl_HBW,bTrailSensor_HBW_top,True,poll
2026-03-20 10:02:08.639,gvl_HBW,bEncoderImpulse_HBW_horizontal1,False,poll
2026-03-20 10:02:08.639,gvl_HBW,bEncoderImpulse_HBW_horizontal2,True,poll
2026-03-20 10:02:08.639,gvl_HBW,bEncoderImpulse_HBW_vertical1,False,poll
2026-03-20 10:02:08.639,gvl_HBW,bEncoderImpulse_HBW_vertical2,False,poll
2026-03-20 10:02:08.639,gvl_HBW,bMotor_HBW_ConveyorBelt_forward,False,poll
2026-03-20 10:02:08.639,gvl_HBW,bMotor_HBW_ConveyorBelt_backward,False,poll
2026-03-20 10:02:08.639,gvl_HBW,bMotor_HBW_StackerCrane_torack,False,poll
2026-03-20 10:02:08.639,gvl_HBW,bMotor_HBW_StackerCrane_toconveyorbelt,False,poll
2026-03-20 10:02:08.639,gvl_HBW,bMotor_HBW_StackerCrane_downward,False,poll
2026-03-20 10:02:08.639,gvl_HBW,bMotor_HBW_StackerCrane_upward,False,poll
2026-03-20 10:02:08.639,gvl_HBW,bMotor_HBW_Cantilever_forward,False,poll
2026-03-20 10:02:08.639,gvl_HBW,bMotor_HBW_Cantilever_backward,False,poll
2026-03-20 10:02:08.639,gvl_MS,bReferenceSwitch_MS_Turntable_attransferunit,False,poll
2026-03-20 10:02:08.639,gvl_MS,bReferenceSwitch_MS_Turntable_atconveyorbelt,False,poll
2026-03-20 10:02:08.639,gvl_MS,bLightBarrier_MS_conveyorbelt,False,poll
2026-03-20 10:02:08.639,gvl_MS,bReferenceSwitch_MS_Turntable_atsaw,False,poll
2026-03-20 10:02:08.639,gvl_MS,bReferenceSwitch_MS_TransferUnit_atturntable,True,poll
2026-03-20 10:02:08.639,gvl_MS,bReferenceSwitch_MS_OvenSlider_inside,False,poll
2026-03-20 10:02:08.639,gvl_MS,bReferenceSwitch_MS_OvenSlider_outside,True,poll
2026-03-20 10:02:08.639,gvl_MS,bReferenceSwitch_MS_TransferUnit_atoven,False,poll
2026-03-20 10:02:08.639,gvl_MS,bLightBarrier_MS_oven,True,poll
2026-03-20 10:02:08.639,gvl_MS,bMotor_MS_Turntable_clockwise,False,poll
2026-03-20 10:02:08.639,gvl_MS,bMotor_MS_Turntable_counterclockwise,False,poll
2026-03-20 10:02:08.639,gvl_MS,bMotor_MS_ConveyorBelt_forward,False,poll
2026-03-20 10:02:08.639,gvl_MS,bMotor_MS_Saw,False,poll
2026-03-20 10:02:08.639,gvl_MS,bMotor_MS_OvenSlider_movein,False,poll
2026-03-20 10:02:08.639,gvl_MS,bMotor_MS_OvenSlider_moveout,False,poll
2026-03-20 10:02:08.639,gvl_MS,bMotor_MS_TransferUnit_tooven,False,poll
2026-03-20 10:02:08.639,gvl_MS,bMotor_MS_TransferUnit_toturntable,False,poll
2026-03-20 10:02:08.639,gvl_MS,bLamp_MS,False,poll
2026-03-20 10:02:08.639,gvl_MS,bCompressor_MS,False,poll
2026-03-20 10:02:08.639,gvl_MS,bValve_MS_Vacuum,False,poll
2026-03-20 10:02:08.639,gvl_MS,bValve_MS_TransferUnit,False,poll
2026-03-20 10:02:08.639,gvl_MS,bValve_MS_OvenDoor,False,poll
2026-03-20 10:02:08.639,gvl_MS,bValve_MS_Ejector,False,poll
2026-03-20 10:02:08.639,gvl_PM,bLightBarrier_PM_entry,True,poll
2026-03-20 10:02:08.639,gvl_PM,bLightBarrier_PM_tool,True,poll
2026-03-20 10:02:08.639,gvl_PM,bReferenceSwitch_PM_top,False,poll
2026-03-20 10:02:08.639,gvl_PM,bReferenceSwitch_PM_bottom,True,poll
2026-03-20 10:02:08.639,gvl_PM,bMotor_PM_ConveyorBelt_forward,False,poll
2026-03-20 10:02:08.639,gvl_PM,bMotor_PM_ConveyorBelt_backward,False,poll
2026-03-20 10:02:08.639,gvl_PM,bMotor_PM_Tool_upward,False,poll
2026-03-20 10:02:08.639,gvl_PM,bMotor_PM_Tool_downward,False,poll
2026-03-20 10:02:08.639,gvl_SL,bPulseCounter_SL,False,poll
2026-03-20 10:02:08.639,gvl_SL,bLightBarrier_SL_beforecolor,True,poll
2026-03-20 10:02:08.639,gvl_SL,bLightBarrier_SL_aftercolor,True,poll
2026-03-20 10:02:08.639,gvl_SL,bLightBarrier_SL_white,True,poll
2026-03-20 10:02:08.639,gvl_SL,bLightBarrier_SL_red,True,poll
2026-03-20 10:02:08.639,gvl_SL,bLightBarrier_SL_blue,True,poll
2026-03-20 10:02:08.639,gvl_SL,iColorSensor_SL,0,poll
2026-03-20 10:02:08.639,gvl_SL,bMotor_SL_ConveyorBelt,False,poll
2026-03-20 10:02:08.639,gvl_SL,bCompressor_SL,False,poll
2026-03-20 10:02:08.639,gvl_SL,bValve_SL_white,False,poll
2026-03-20 10:02:08.639,gvl_SL,bValve_SL_red,False,poll
2026-03-20 10:02:08.639,gvl_SL,bValve_SL_blue,False,poll
2026-03-20 10:02:08.639,LocalVariables,iC_CoordH,35,poll
2026-03-20 10:02:08.639,LocalVariables,iC_CoordV,0,poll
2026-03-20 10:02:08.639,LocalVariables,iC_CoordR,35,poll
2026-03-20 10:02:08.639,LocalVariables,eC_PickingStation,0,poll
2026-03-20 10:02:08.639,LocalVariables,eC_PlacingStation,0,poll
2026-03-20 10:02:08.639,LocalVariables,iC_Coord_Picking,"[[1340, 170, 150, 445], [380, 800, 367, 435], [800, 301, 580, 800]]",poll
2026-03-20 10:02:08.639,LocalVariables,iC_Coord_Placing,"[[890, 870], [500, 1343], [180, 150]]",poll
2026-03-20 10:02:09.412,gvl_C,bReferenceSwitch_C_vertical,True,poll
2026-03-20 10:02:09.412,gvl_C,bReferenceSwitch_C_horizontal,False,poll
2026-03-20 10:02:09.412,gvl_C,bReferenceSwitch_C_rotate,False,poll
2026-03-20 10:02:09.412,gvl_C,bEncoderImpulse_C_vertical1,False,poll
2026-03-20 10:02:09.412,gvl_C,bEncoderImpulse_C_vertical2,True,poll
2026-03-20 10:02:09.412,gvl_C,bEncoderImpulse_C_horizontal1,False,poll
2026-03-20 10:02:09.412,gvl_C,bEncoderImpulse_C_horizontal2,True,poll
2026-03-20 10:02:09.412,gvl_C,bEncoderImpulse_C_rotate1,True,poll
2026-03-20 10:02:09.412,gvl_C,bEncoderImpulse_C_rotate2,False,poll
2026-03-20 10:02:09.412,gvl_C,bMotor_C_upward,False,poll
2026-03-20 10:02:09.412,gvl_C,bMotor_C_downward,False,poll
2026-03-20 10:02:09.412,gvl_C,bMotor_C_backward,False,poll
2026-03-20 10:02:09.412,gvl_C,bMotor_C_forward,False,poll
2026-03-20 10:02:09.412,gvl_C,bMotor_C_clockwise,False,poll
2026-03-20 10:02:09.412,gvl_C,bMotor_C_counterclockwise,False,poll
2026-03-20 10:02:09.412,gvl_C,bCompressor_C,False,poll
2026-03-20 10:02:09.412,gvl_C,bValve_C,False,poll
2026-03-20 10:02:09.412,gvl_HBW,bReferenceSwitch_HBW_horizontal,True,poll
2026-03-20 10:02:09.412,gvl_HBW,bLightBarrier_HBW_inside,True,poll
2026-03-20 10:02:09.412,gvl_HBW,bLightBarrier_HBW_outside,True,poll
2026-03-20 10:02:09.412,gvl_HBW,bReferenceSwitch_HBW_vertical,False,poll
2026-03-20 10:02:09.412,gvl_HBW,bReferenceSwitch_HBW_Cantilever_front,False,poll
2026-03-20 10:02:09.412,gvl_HBW,bReferenceSwitch_HBW_Cantilever_back,False,poll
2026-03-20 10:02:09.412,gvl_HBW,bTrailSensor_HBW_bottom,True,poll
2026-03-20 10:02:09.412,gvl_HBW,bTrailSensor_HBW_top,True,poll
2026-03-20 10:02:09.412,gvl_HBW,bEncoderImpulse_HBW_horizontal1,False,poll
2026-03-20 10:02:09.412,gvl_HBW,bEncoderImpulse_HBW_horizontal2,True,poll
2026-03-20 10:02:09.412,gvl_HBW,bEncoderImpulse_HBW_vertical1,False,poll
2026-03-20 10:02:09.412,gvl_HBW,bEncoderImpulse_HBW_vertical2,False,poll
2026-03-20 10:02:09.518,gvl_SL,iColorSensor_SL,1,event
2026-03-20 10:02:09.412,gvl_HBW,bMotor_HBW_ConveyorBelt_forward,False,poll
2026-03-20 10:02:09.412,gvl_HBW,bMotor_HBW_ConveyorBelt_backward,False,poll
2026-03-20 10:02:09.412,gvl_HBW,bMotor_HBW_StackerCrane_torack,False,poll
2026-03-20 10:02:09.412,gvl_HBW,bMotor_HBW_StackerCrane_toconveyorbelt,False,poll
2026-03-20 10:02:09.412,gvl_HBW,bMotor_HBW_StackerCrane_downward,False,poll
2026-03-20 10:02:09.412,gvl_HBW,bMotor_HBW_StackerCrane_upward,False,poll
2026-03-20 10:02:09.412,gvl_HBW,bMotor_HBW_Cantilever_forward,False,poll
2026-03-20 10:02:09.412,gvl_HBW,bMotor_HBW_Cantilever_backward,False,poll
2026-03-20 10:02:09.412,gvl_MS,bReferenceSwitch_MS_Turntable_attransferunit,False,poll
2026-03-20 10:02:09.412,gvl_MS,bReferenceSwitch_MS_Turntable_atconveyorbelt,False,poll
2026-03-20 10:02:09.412,gvl_MS,bLightBarrier_MS_conveyorbelt,False,poll
2026-03-20 10:02:09.412,gvl_MS,bReferenceSwitch_MS_Turntable_atsaw,False,poll
2026-03-20 10:02:09.412,gvl_MS,bReferenceSwitch_MS_TransferUnit_atturntable,True,poll
2026-03-20 10:02:09.412,gvl_MS,bReferenceSwitch_MS_OvenSlider_inside,False,poll
2026-03-20 10:02:09.412,gvl_MS,bReferenceSwitch_MS_OvenSlider_outside,True,poll
2026-03-20 10:02:09.412,gvl_MS,bReferenceSwitch_MS_TransferUnit_atoven,False,poll
2026-03-20 10:02:09.412,gvl_MS,bLightBarrier_MS_oven,True,poll
2026-03-20 10:02:09.412,gvl_MS,bMotor_MS_Turntable_clockwise,False,poll
2026-03-20 10:02:09.412,gvl_MS,bMotor_MS_Turntable_counterclockwise,False,poll
2026-03-20 10:02:09.412,gvl_MS,bMotor_MS_ConveyorBelt_forward,False,poll
2026-03-20 10:02:09.412,gvl_MS,bMotor_MS_Saw,False,poll
2026-03-20 10:02:09.412,gvl_MS,bMotor_MS_OvenSlider_movein,False,poll
2026-03-20 10:02:09.412,gvl_MS,bMotor_MS_OvenSlider_moveout,False,poll
2026-03-20 10:02:09.412,gvl_MS,bMotor_MS_TransferUnit_tooven,False,poll
2026-03-20 10:02:09.412,gvl_MS,bMotor_MS_TransferUnit_toturntable,False,poll
2026-03-20 10:02:09.412,gvl_MS,bLamp_MS,False,poll
2026-03-20 10:02:09.412,gvl_MS,bCompressor_MS,False,poll
2026-03-20 10:02:09.412,gvl_MS,bValve_MS_Vacuum,False,poll
2026-03-20 10:02:09.412,gvl_MS,bValve_MS_TransferUnit,False,poll
2026-03-20 10:02:09.412,gvl_MS,bValve_MS_OvenDoor,False,poll
2026-03-20 10:02:09.412,gvl_MS,bValve_MS_Ejector,False,poll
2026-03-20 10:02:09.412,gvl_PM,bLightBarrier_PM_entry,True,poll
2026-03-20 10:02:09.412,gvl_PM,bLightBarrier_PM_tool,True,poll
2026-03-20 10:02:09.412,gvl_PM,bReferenceSwitch_PM_top,False,poll
2026-03-20 10:02:09.412,gvl_PM,bReferenceSwitch_PM_bottom,True,poll
2026-03-20 10:02:09.412,gvl_PM,bMotor_PM_ConveyorBelt_forward,False,poll
2026-03-20 10:02:09.618,gvl_SL,iColorSensor_SL,0,event
2026-03-20 10:02:09.412,gvl_PM,bMotor_PM_ConveyorBelt_backward,False,poll
2026-03-20 10:02:09.412,gvl_PM,bMotor_PM_Tool_upward,False,poll
2026-03-20 10:02:09.412,gvl_PM,bMotor_PM_Tool_downward,False,poll
2026-03-20 10:02:09.412,gvl_SL,bPulseCounter_SL,False,poll
2026-03-20 10:02:09.412,gvl_SL,bLightBarrier_SL_beforecolor,True,poll
2026-03-20 10:02:09.412,gvl_SL,bLightBarrier_SL_aftercolor,True,poll
2026-03-20 10:02:09.412,gvl_SL,bLightBarrier_SL_white,True,poll
2026-03-20 10:02:09.412,gvl_SL,bLightBarrier_SL_red,True,poll
2026-03-20 10:02:09.412,gvl_SL,bLightBarrier_SL_blue,True,poll
2026-03-20 10:02:09.412,gvl_SL,iColorSensor_SL,0,poll
2026-03-20 10:02:09.412,gvl_SL,bMotor_SL_ConveyorBelt,False,poll
2026-03-20 10:02:09.412,gvl_SL,bCompressor_SL,False,poll
2026-03-20 10:02:09.412,gvl_SL,bValve_SL_white,False,poll
2026-03-20 10:02:09.412,gvl_SL,bValve_SL_red,False,poll
2026-03-20 10:02:09.412,gvl_SL,bValve_SL_blue,False,poll
2026-03-20 10:02:09.412,LocalVariables,iC_CoordH,35,poll
2026-03-20 10:02:09.412,LocalVariables,iC_CoordV,0,poll
2026-03-20 10:02:09.412,LocalVariables,iC_CoordR,35,poll
2026-03-20 10:02:09.412,LocalVariables,eC_PickingStation,0,poll
2026-03-20 10:02:09.412,LocalVariables,eC_PlacingStation,0,poll
2026-03-20 10:02:09.412,LocalVariables,iC_Coord_Picking,"[[1340, 170, 150, 445], [380, 800, 367, 435], [800, 301, 580, 800]]",poll
2026-03-20 10:02:09.412,LocalVariables,iC_Coord_Placing,"[[890, 870], [500, 1343], [180, 150]]",poll
2026-03-20 10:02:09.823,gvl_SL,iColorSensor_SL,1,event
2026-03-20 10:02:10.019,gvl_SL,iColorSensor_SL,0,event
2026-03-20 10:02:10.181,gvl_C,bReferenceSwitch_C_vertical,True,poll
2026-03-20 10:02:10.181,gvl_C,bReferenceSwitch_C_horizontal,False,poll
2026-03-20 10:02:10.181,gvl_C,bReferenceSwitch_C_rotate,False,poll
2026-03-20 10:02:10.181,gvl_C,bEncoderImpulse_C_vertical1,False,poll
2026-03-20 10:02:10.181,gvl_C,bEncoderImpulse_C_vertical2,True,poll
2026-03-20 10:02:10.181,gvl_C,bEncoderImpulse_C_horizontal1,False,poll
2026-03-20 10:02:10.181,gvl_C,bEncoderImpulse_C_horizontal2,True,poll
2026-03-20 10:02:10.181,gvl_C,bEncoderImpulse_C_rotate1,True,poll
2026-03-20 10:02:10.181,gvl_C,bEncoderImpulse_C_rotate2,False,poll
2026-03-20 10:02:10.181,gvl_C,bMotor_C_upward,False,poll
2026-03-20 10:02:10.181,gvl_C,bMotor_C_downward,False,poll
2026-03-20 10:02:10.181,gvl_C,bMotor_C_backward,False,poll
2026-03-20 10:02:10.181,gvl_C,bMotor_C_forward,False,poll
2026-03-20 10:02:10.181,gvl_C,bMotor_C_clockwise,False,poll
2026-03-20 10:02:10.181,gvl_C,bMotor_C_counterclockwise,False,poll
2026-03-20 10:02:10.181,gvl_C,bCompressor_C,False,poll
2026-03-20 10:02:10.218,gvl_SL,iColorSensor_SL,1,event
2026-03-20 10:02:10.181,gvl_C,bValve_C,False,poll
2026-03-20 10:02:10.181,gvl_HBW,bReferenceSwitch_HBW_horizontal,True,poll
2026-03-20 10:02:10.181,gvl_HBW,bLightBarrier_HBW_inside,True,poll
2026-03-20 10:02:10.181,gvl_HBW,bLightBarrier_HBW_outside,True,poll
2026-03-20 10:02:10.181,gvl_HBW,bReferenceSwitch_HBW_vertical,False,poll
2026-03-20 10:02:10.181,gvl_HBW,bReferenceSwitch_HBW_Cantilever_front,False,poll
2026-03-20 10:02:10.181,gvl_HBW,bReferenceSwitch_HBW_Cantilever_back,False,poll
2026-03-20 10:02:10.181,gvl_HBW,bTrailSensor_HBW_bottom,True,poll
2026-03-20 10:02:10.181,gvl_HBW,bTrailSensor_HBW_top,True,poll
2026-03-20 10:02:10.181,gvl_HBW,bEncoderImpulse_HBW_horizontal1,False,poll
2026-03-20 10:02:10.181,gvl_HBW,bEncoderImpulse_HBW_horizontal2,True,poll
2026-03-20 10:02:10.181,gvl_HBW,bEncoderImpulse_HBW_vertical1,False,poll
2026-03-20 10:02:10.181,gvl_HBW,bEncoderImpulse_HBW_vertical2,False,poll
2026-03-20 10:02:10.181,gvl_HBW,bMotor_HBW_ConveyorBelt_forward,False,poll
2026-03-20 10:02:10.181,gvl_HBW,bMotor_HBW_ConveyorBelt_backward,False,poll
2026-03-20 10:02:10.181,gvl_HBW,bMotor_HBW_StackerCrane_torack,False,poll
2026-03-20 10:02:10.181,gvl_HBW,bMotor_HBW_StackerCrane_toconveyorbelt,False,poll
2026-03-20 10:02:10.181,gvl_HBW,bMotor_HBW_StackerCrane_downward,False,poll
2026-03-20 10:02:10.181,gvl_HBW,bMotor_HBW_StackerCrane_upward,False,poll
2026-03-20 10:02:10.181,gvl_HBW,bMotor_HBW_Cantilever_forward,False,poll
2026-03-20 10:02:10.181,gvl_HBW,bMotor_HBW_Cantilever_backward,False,poll
2026-03-20 10:02:10.181,gvl_MS,bReferenceSwitch_MS_Turntable_attransferunit,False,poll
2026-03-20 10:02:10.181,gvl_MS,bReferenceSwitch_MS_Turntable_atconveyorbelt,False,poll
2026-03-20 10:02:10.181,gvl_MS,bLightBarrier_MS_conveyorbelt,False,poll
2026-03-20 10:02:10.181,gvl_MS,bReferenceSwitch_MS_Turntable_atsaw,False,poll
2026-03-20 10:02:10.181,gvl_MS,bReferenceSwitch_MS_TransferUnit_atturntable,True,poll
2026-03-20 10:02:10.181,gvl_MS,bReferenceSwitch_MS_OvenSlider_inside,False,poll
2026-03-20 10:02:10.181,gvl_MS,bReferenceSwitch_MS_OvenSlider_outside,True,poll
2026-03-20 10:02:10.181,gvl_MS,bReferenceSwitch_MS_TransferUnit_atoven,False,poll
2026-03-20 10:02:10.181,gvl_MS,bLightBarrier_MS_oven,True,poll
2026-03-20 10:02:10.181,gvl_MS,bMotor_MS_Turntable_clockwise,False,poll
2026-03-20 10:02:10.181,gvl_MS,bMotor_MS_Turntable_counterclockwise,False,poll
2026-03-20 10:02:10.181,gvl_MS,bMotor_MS_ConveyorBelt_forward,False,poll
2026-03-20 10:02:10.181,gvl_MS,bMotor_MS_Saw,False,poll
2026-03-20 10:02:10.181,gvl_MS,bMotor_MS_OvenSlider_movein,False,poll
2026-03-20 10:02:10.181,gvl_MS,bMotor_MS_OvenSlider_moveout,False,poll
2026-03-20 10:02:10.181,gvl_MS,bMotor_MS_TransferUnit_tooven,False,poll
2026-03-20 10:02:10.181,gvl_MS,bMotor_MS_TransferUnit_toturntable,False,poll
2026-03-20 10:02:10.181,gvl_MS,bLamp_MS,False,poll
2026-03-20 10:02:10.181,gvl_MS,bCompressor_MS,False,poll
2026-03-20 10:02:10.181,gvl_MS,bValve_MS_Vacuum,False,poll
2026-03-20 10:02:10.181,gvl_MS,bValve_MS_TransferUnit,False,poll
2026-03-20 10:02:10.181,gvl_MS,bValve_MS_OvenDoor,False,poll
2026-03-20 10:02:10.181,gvl_MS,bValve_MS_Ejector,False,poll
2026-03-20 10:02:10.181,gvl_PM,bLightBarrier_PM_entry,True,poll
2026-03-20 10:02:10.181,gvl_PM,bLightBarrier_PM_tool,True,poll
2026-03-20 10:02:10.318,gvl_SL,iColorSensor_SL,0,event
2026-03-20 10:02:10.181,gvl_PM,bReferenceSwitch_PM_top,False,poll
2026-03-20 10:02:10.181,gvl_PM,bReferenceSwitch_PM_bottom,True,poll
2026-03-20 10:02:10.181,gvl_PM,bMotor_PM_ConveyorBelt_forward,False,poll
2026-03-20 10:02:10.181,gvl_PM,bMotor_PM_ConveyorBelt_backward,False,poll
2026-03-20 10:02:10.181,gvl_PM,bMotor_PM_Tool_upward,False,poll
2026-03-20 10:02:10.181,gvl_PM,bMotor_PM_Tool_downward,False,poll
2026-03-20 10:02:10.181,gvl_SL,bPulseCounter_SL,False,poll
2026-03-20 10:02:10.181,gvl_SL,bLightBarrier_SL_beforecolor,True,poll
2026-03-20 10:02:10.181,gvl_SL,bLightBarrier_SL_aftercolor,True,poll
2026-03-20 10:02:10.181,gvl_SL,bLightBarrier_SL_white,True,poll
2026-03-20 10:02:10.181,gvl_SL,bLightBarrier_SL_red,True,poll
2026-03-20 10:02:10.181,gvl_SL,bLightBarrier_SL_blue,True,poll
2026-03-20 10:02:10.181,gvl_SL,iColorSensor_SL,1,poll
2026-03-20 10:02:10.181,gvl_SL,bMotor_SL_ConveyorBelt,False,poll
2026-03-20 10:02:10.181,gvl_SL,bCompressor_SL,False,poll
2026-03-20 10:02:10.181,gvl_SL,bValve_SL_white,False,poll
2026-03-20 10:02:10.181,gvl_SL,bValve_SL_red,False,poll
2026-03-20 10:02:10.181,gvl_SL,bValve_SL_blue,False,poll
2026-03-20 10:02:10.181,LocalVariables,iC_CoordH,35,poll
2026-03-20 10:02:10.181,LocalVariables,iC_CoordV,0,poll
2026-03-20 10:02:10.181,LocalVariables,iC_CoordR,35,poll
2026-03-20 10:02:10.181,LocalVariables,eC_PickingStation,0,poll
2026-03-20 10:02:10.181,LocalVariables,eC_PlacingStation,0,poll
2026-03-20 10:02:10.181,LocalVariables,iC_Coord_Picking,"[[1340, 170, 150, 445], [380, 800, 367, 435], [800, 301, 580, 800]]",poll
2026-03-20 10:02:10.181,LocalVariables,iC_Coord_Placing,"[[890, 870], [500, 1343], [180, 150]]",poll
2026-03-20 10:02:10.878,gvl_C,bReferenceSwitch_C_vertical,True,poll
2026-03-20 10:02:10.878,gvl_C,bReferenceSwitch_C_horizontal,False,poll
2026-03-20 10:02:10.878,gvl_C,bReferenceSwitch_C_rotate,False,poll
2026-03-20 10:02:10.878,gvl_C,bEncoderImpulse_C_vertical1,False,poll
2026-03-20 10:02:10.878,gvl_C,bEncoderImpulse_C_vertical2,True,poll
2026-03-20 10:02:10.878,gvl_C,bEncoderImpulse_C_horizontal1,False,poll
2026-03-20 10:02:10.878,gvl_C,bEncoderImpulse_C_horizontal2,True,poll
2026-03-20 10:02:10.878,gvl_C,bEncoderImpulse_C_rotate1,True,poll
2026-03-20 10:02:10.878,gvl_C,bEncoderImpulse_C_rotate2,False,poll
2026-03-20 10:02:10.878,gvl_C,bMotor_C_upward,False,poll
2026-03-20 10:02:10.878,gvl_C,bMotor_C_downward,False,poll
2026-03-20 10:02:10.878,gvl_C,bMotor_C_backward,False,poll
2026-03-20 10:02:10.919,gvl_SL,iColorSensor_SL,1,event
2026-03-20 10:02:10.878,gvl_C,bMotor_C_forward,False,poll
2026-03-20 10:02:10.878,gvl_C,bMotor_C_clockwise,False,poll
2026-03-20 10:02:10.878,gvl_C,bMotor_C_counterclockwise,False,poll
2026-03-20 10:02:10.878,gvl_C,bCompressor_C,False,poll
2026-03-20 10:02:10.878,gvl_C,bValve_C,False,poll
2026-03-20 10:02:10.878,gvl_HBW,bReferenceSwitch_HBW_horizontal,True,poll
2026-03-20 10:02:10.878,gvl_HBW,bLightBarrier_HBW_inside,True,poll
2026-03-20 10:02:10.878,gvl_HBW,bLightBarrier_HBW_outside,True,poll
2026-03-20 10:02:10.878,gvl_HBW,bReferenceSwitch_HBW_vertical,False,poll
2026-03-20 10:02:10.878,gvl_HBW,bReferenceSwitch_HBW_Cantilever_front,False,poll
2026-03-20 10:02:10.878,gvl_HBW,bReferenceSwitch_HBW_Cantilever_back,False,poll
2026-03-20 10:02:10.878,gvl_HBW,bTrailSensor_HBW_bottom,True,poll
2026-03-20 10:02:10.878,gvl_HBW,bTrailSensor_HBW_top,True,poll
2026-03-20 10:02:10.878,gvl_HBW,bEncoderImpulse_HBW_horizontal1,False,poll
2026-03-20 10:02:10.878,gvl_HBW,bEncoderImpulse_HBW_horizontal2,True,poll
2026-03-20 10:02:10.878,gvl_HBW,bEncoderImpulse_HBW_vertical1,False,poll
2026-03-20 10:02:10.878,gvl_HBW,bEncoderImpulse_HBW_vertical2,False,poll
2026-03-20 10:02:10.878,gvl_HBW,bMotor_HBW_ConveyorBelt_forward,False,poll
2026-03-20 10:02:10.878,gvl_HBW,bMotor_HBW_ConveyorBelt_backward,False,poll
2026-03-20 10:02:10.878,gvl_HBW,bMotor_HBW_StackerCrane_torack,False,poll
2026-03-20 10:02:10.878,gvl_HBW,bMotor_HBW_StackerCrane_toconveyorbelt,False,poll
2026-03-20 10:02:10.878,gvl_HBW,bMotor_HBW_StackerCrane_downward,False,poll
2026-03-20 10:02:10.878,gvl_HBW,bMotor_HBW_StackerCrane_upward,False,poll
2026-03-20 10:02:10.878,gvl_HBW,bMotor_HBW_Cantilever_forward,False,poll
2026-03-20 10:02:10.878,gvl_HBW,bMotor_HBW_Cantilever_backward,False,poll
2026-03-20 10:02:10.878,gvl_MS,bReferenceSwitch_MS_Turntable_attransferunit,False,poll
2026-03-20 10:02:10.878,gvl_MS,bReferenceSwitch_MS_Turntable_atconveyorbelt,False,poll
2026-03-20 10:02:10.878,gvl_MS,bLightBarrier_MS_conveyorbelt,False,poll
2026-03-20 10:02:10.878,gvl_MS,bReferenceSwitch_MS_Turntable_atsaw,False,poll
2026-03-20 10:02:10.878,gvl_MS,bReferenceSwitch_MS_TransferUnit_atturntable,True,poll
2026-03-20 10:02:10.878,gvl_MS,bReferenceSwitch_MS_OvenSlider_inside,False,poll
2026-03-20 10:02:10.878,gvl_MS,bReferenceSwitch_MS_OvenSlider_outside,True,poll
2026-03-20 10:02:10.878,gvl_MS,bReferenceSwitch_MS_TransferUnit_atoven,False,poll
2026-03-20 10:02:11.018,gvl_SL,iColorSensor_SL,0,event
2026-03-20 10:02:10.878,gvl_MS,bLightBarrier_MS_oven,True,poll
2026-03-20 10:02:10.878,gvl_MS,bMotor_MS_Turntable_clockwise,False,poll
2026-03-20 10:02:10.878,gvl_MS,bMotor_MS_Turntable_counterclockwise,False,poll
2026-03-20 10:02:10.878,gvl_MS,bMotor_MS_ConveyorBelt_forward,False,poll
2026-03-20 10:02:10.878,gvl_MS,bMotor_MS_Saw,False,poll
2026-03-20 10:02:10.878,gvl_MS,bMotor_MS_OvenSlider_movein,False,poll
2026-03-20 10:02:10.878,gvl_MS,bMotor_MS_OvenSlider_moveout,False,poll
2026-03-20 10:02:10.878,gvl_MS,bMotor_MS_TransferUnit_tooven,False,poll
2026-03-20 10:02:10.878,gvl_MS,bMotor_MS_TransferUnit_toturntable,False,poll
2026-03-20 10:02:10.878,gvl_MS,bLamp_MS,False,poll
2026-03-20 10:02:10.878,gvl_MS,bCompressor_MS,False,poll
2026-03-20 10:02:10.878,gvl_MS,bValve_MS_Vacuum,False,poll
2026-03-20 10:02:10.878,gvl_MS,bValve_MS_TransferUnit,False,poll
2026-03-20 10:02:10.878,gvl_MS,bValve_MS_OvenDoor,False,poll
2026-03-20 10:02:10.878,gvl_MS,bValve_MS_Ejector,False,poll
2026-03-20 10:02:10.878,gvl_PM,bLightBarrier_PM_entry,True,poll
2026-03-20 10:02:10.878,gvl_PM,bLightBarrier_PM_tool,True,poll
2026-03-20 10:02:10.878,gvl_PM,bReferenceSwitch_PM_top,False,poll
2026-03-20 10:02:10.878,gvl_PM,bReferenceSwitch_PM_bottom,True,poll
2026-03-20 10:02:10.878,gvl_PM,bMotor_PM_ConveyorBelt_forward,False,poll
2026-03-20 10:02:10.878,gvl_PM,bMotor_PM_ConveyorBelt_backward,False,poll
2026-03-20 10:02:10.878,gvl_PM,bMotor_PM_Tool_upward,False,poll
2026-03-20 10:02:10.878,gvl_PM,bMotor_PM_Tool_downward,False,poll
2026-03-20 10:02:10.878,gvl_SL,bPulseCounter_SL,False,poll
2026-03-20 10:02:10.878,gvl_SL,bLightBarrier_SL_beforecolor,True,poll
2026-03-20 10:02:10.878,gvl_SL,bLightBarrier_SL_aftercolor,True,poll
2026-03-20 10:02:10.878,gvl_SL,bLightBarrier_SL_white,True,poll
2026-03-20 10:02:10.878,gvl_SL,bLightBarrier_SL_red,True,poll
2026-03-20 10:02:10.878,gvl_SL,bLightBarrier_SL_blue,True,poll
2026-03-20 10:02:10.878,gvl_SL,iColorSensor_SL,1,poll
2026-03-20 10:02:10.878,gvl_SL,bMotor_SL_ConveyorBelt,False,poll
2026-03-20 10:02:10.878,gvl_SL,bCompressor_SL,False,poll
2026-03-20 10:02:10.878,gvl_SL,bValve_SL_white,False,poll
2026-03-20 10:02:10.878,gvl_SL,bValve_SL_red,False,poll
2026-03-20 10:02:10.878,gvl_SL,bValve_SL_blue,False,poll
2026-03-20 10:02:10.878,LocalVariables,iC_CoordH,35,poll
2026-03-20 10:02:10.878,LocalVariables,iC_CoordV,0,poll
2026-03-20 10:02:10.878,LocalVariables,iC_CoordR,35,poll
2026-03-20 10:02:10.878,LocalVariables,eC_PickingStation,0,poll
2026-03-20 10:02:10.878,LocalVariables,eC_PlacingStation,0,poll
2026-03-20 10:02:10.878,LocalVariables,iC_Coord_Picking,"[[1340, 170, 150, 445], [380, 800, 367, 435], [800, 301, 580, 800]]",poll
2026-03-20 10:02:10.878,LocalVariables,iC_Coord_Placing,"[[890, 870], [500, 1343], [180, 150]]",poll
2026-03-20 10:02:11.219,gvl_SL,iColorSensor_SL,1,event
2026-03-20 10:02:11.319,gvl_SL,iColorSensor_SL,0,event
2026-03-20 10:02:11.520,gvl_SL,iColorSensor_SL,1,event
2026-03-20 10:02:11.618,gvl_SL,iColorSensor_SL,0,event
2026-03-20 10:02:11.655,gvl_C,bReferenceSwitch_C_vertical,True,poll
2026-03-20 10:02:11.655,gvl_C,bReferenceSwitch_C_horizontal,False,poll
2026-03-20 10:02:11.655,gvl_C,bReferenceSwitch_C_rotate,False,poll
2026-03-20 10:02:11.655,gvl_C,bEncoderImpulse_C_vertical1,False,poll
2026-03-20 10:02:11.655,gvl_C,bEncoderImpulse_C_vertical2,True,poll
2026-03-20 10:02:11.655,gvl_C,bEncoderImpulse_C_horizontal1,False,poll
2026-03-20 10:02:11.655,gvl_C,bEncoderImpulse_C_horizontal2,True,poll
2026-03-20 10:02:11.655,gvl_C,bEncoderImpulse_C_rotate1,True,poll
2026-03-20 10:02:11.655,gvl_C,bEncoderImpulse_C_rotate2,False,poll
2026-03-20 10:02:11.655,gvl_C,bMotor_C_upward,False,poll
2026-03-20 10:02:11.655,gvl_C,bMotor_C_downward,False,poll
2026-03-20 10:02:11.655,gvl_C,bMotor_C_backward,False,poll
2026-03-20 10:02:11.655,gvl_C,bMotor_C_forward,False,poll
2026-03-20 10:02:11.655,gvl_C,bMotor_C_clockwise,False,poll
2026-03-20 10:02:11.655,gvl_C,bMotor_C_counterclockwise,False,poll
2026-03-20 10:02:11.655,gvl_C,bCompressor_C,False,poll
2026-03-20 10:02:11.655,gvl_C,bValve_C,False,poll
2026-03-20 10:02:11.655,gvl_HBW,bReferenceSwitch_HBW_horizontal,True,poll
2026-03-20 10:02:11.655,gvl_HBW,bLightBarrier_HBW_inside,True,poll
2026-03-20 10:02:11.655,gvl_HBW,bLightBarrier_HBW_outside,True,poll
2026-03-20 10:02:11.655,gvl_HBW,bReferenceSwitch_HBW_vertical,False,poll
2026-03-20 10:02:11.655,gvl_HBW,bReferenceSwitch_HBW_Cantilever_front,False,poll
2026-03-20 10:02:11.655,gvl_HBW,bReferenceSwitch_HBW_Cantilever_back,False,poll
2026-03-20 10:02:11.655,gvl_HBW,bTrailSensor_HBW_bottom,True,poll
2026-03-20 10:02:11.655,gvl_HBW,bTrailSensor_HBW_top,True,poll
2026-03-20 10:02:11.655,gvl_HBW,bEncoderImpulse_HBW_horizontal1,False,poll
2026-03-20 10:02:11.655,gvl_HBW,bEncoderImpulse_HBW_horizontal2,True,poll
2026-03-20 10:02:11.655,gvl_HBW,bEncoderImpulse_HBW_vertical1,False,poll
2026-03-20 10:02:11.655,gvl_HBW,bEncoderImpulse_HBW_vertical2,False,poll
2026-03-20 10:02:11.655,gvl_HBW,bMotor_HBW_ConveyorBelt_forward,False,poll
2026-03-20 10:02:11.655,gvl_HBW,bMotor_HBW_ConveyorBelt_backward,False,poll
2026-03-20 10:02:11.655,gvl_HBW,bMotor_HBW_StackerCrane_torack,False,poll
2026-03-20 10:02:11.655,gvl_HBW,bMotor_HBW_StackerCrane_toconveyorbelt,False,poll
2026-03-20 10:02:11.655,gvl_HBW,bMotor_HBW_StackerCrane_downward,False,poll
2026-03-20 10:02:11.655,gvl_HBW,bMotor_HBW_StackerCrane_upward,False,poll
2026-03-20 10:02:11.655,gvl_HBW,bMotor_HBW_Cantilever_forward,False,poll
2026-03-20 10:02:11.655,gvl_HBW,bMotor_HBW_Cantilever_backward,False,poll
2026-03-20 10:02:11.655,gvl_MS,bReferenceSwitch_MS_Turntable_attransferunit,False,poll
2026-03-20 10:02:11.655,gvl_MS,bReferenceSwitch_MS_Turntable_atconveyorbelt,False,poll
2026-03-20 10:02:11.655,gvl_MS,bLightBarrier_MS_conveyorbelt,False,poll
2026-03-20 10:02:11.655,gvl_MS,bReferenceSwitch_MS_Turntable_atsaw,False,poll
2026-03-20 10:02:11.655,gvl_MS,bReferenceSwitch_MS_TransferUnit_atturntable,True,poll
2026-03-20 10:02:11.655,gvl_MS,bReferenceSwitch_MS_OvenSlider_inside,False,poll
2026-03-20 10:02:11.655,gvl_MS,bReferenceSwitch_MS_OvenSlider_outside,True,poll
2026-03-20 10:02:11.655,gvl_MS,bReferenceSwitch_MS_TransferUnit_atoven,False,poll
2026-03-20 10:02:11.655,gvl_MS,bLightBarrier_MS_oven,True,poll
2026-03-20 10:02:11.655,gvl_MS,bMotor_MS_Turntable_clockwise,False,poll
2026-03-20 10:02:11.655,gvl_MS,bMotor_MS_Turntable_counterclockwise,False,poll
2026-03-20 10:02:11.655,gvl_MS,bMotor_MS_ConveyorBelt_forward,False,poll
2026-03-20 10:02:11.655,gvl_MS,bMotor_MS_Saw,False,poll
2026-03-20 10:02:11.655,gvl_MS,bMotor_MS_OvenSlider_movein,False,poll
2026-03-20 10:02:11.655,gvl_MS,bMotor_MS_OvenSlider_moveout,False,poll
2026-03-20 10:02:11.655,gvl_MS,bMotor_MS_TransferUnit_tooven,False,poll
2026-03-20 10:02:11.655,gvl_MS,bMotor_MS_TransferUnit_toturntable,False,poll
2026-03-20 10:02:11.655,gvl_MS,bLamp_MS,False,poll
2026-03-20 10:02:11.655,gvl_MS,bCompressor_MS,False,poll
2026-03-20 10:02:11.655,gvl_MS,bValve_MS_Vacuum,False,poll
2026-03-20 10:02:11.655,gvl_MS,bValve_MS_TransferUnit,False,poll
2026-03-20 10:02:11.655,gvl_MS,bValve_MS_OvenDoor,False,poll
2026-03-20 10:02:11.655,gvl_MS,bValve_MS_Ejector,False,poll
2026-03-20 10:02:11.655,gvl_PM,bLightBarrier_PM_entry,True,poll
2026-03-20 10:02:11.655,gvl_PM,bLightBarrier_PM_tool,True,poll
2026-03-20 10:02:11.655,gvl_PM,bReferenceSwitch_PM_top,False,poll
2026-03-20 10:02:11.655,gvl_PM,bReferenceSwitch_PM_bottom,True,poll
2026-03-20 10:02:11.655,gvl_PM,bMotor_PM_ConveyorBelt_forward,False,poll
2026-03-20 10:02:11.655,gvl_PM,bMotor_PM_ConveyorBelt_backward,False,poll
2026-03-20 10:02:11.655,gvl_PM,bMotor_PM_Tool_upward,False,poll
2026-03-20 10:02:11.655,gvl_PM,bMotor_PM_Tool_downward,False,poll
2026-03-20 10:02:11.655,gvl_SL,bPulseCounter_SL,False,poll
2026-03-20 10:02:11.655,gvl_SL,bLightBarrier_SL_beforecolor,True,poll
2026-03-20 10:02:11.655,gvl_SL,bLightBarrier_SL_aftercolor,True,poll
2026-03-20 10:02:11.655,gvl_SL,bLightBarrier_SL_white,True,poll
2026-03-20 10:02:11.655,gvl_SL,bLightBarrier_SL_red,True,poll
2026-03-20 10:02:11.655,gvl_SL,bLightBarrier_SL_blue,True,poll
2026-03-20 10:02:11.655,gvl_SL,iColorSensor_SL,0,poll
2026-03-20 10:02:11.655,gvl_SL,bMotor_SL_ConveyorBelt,False,poll
2026-03-20 10:02:11.655,gvl_SL,bCompressor_SL,False,poll
2026-03-20 10:02:11.655,gvl_SL,bValve_SL_white,False,poll
2026-03-20 10:02:11.655,gvl_SL,bValve_SL_red,False,poll
2026-03-20 10:02:11.655,gvl_SL,bValve_SL_blue,False,poll
2026-03-20 10:02:11.655,LocalVariables,iC_CoordH,35,poll
2026-03-20 10:02:11.655,LocalVariables,iC_CoordV,0,poll
2026-03-20 10:02:11.655,LocalVariables,iC_CoordR,35,poll
2026-03-20 10:02:11.655,LocalVariables,eC_PickingStation,0,poll
2026-03-20 10:02:11.655,LocalVariables,eC_PlacingStation,0,poll
2026-03-20 10:02:11.655,LocalVariables,iC_Coord_Picking,"[[1340, 170, 150, 445], [380, 800, 367, 435], [800, 301, 580, 800]]",poll
2026-03-20 10:02:11.655,LocalVariables,iC_Coord_Placing,"[[890, 870], [500, 1343], [180, 150]]",poll
2026-03-20 10:02:12.389,gvl_C,bReferenceSwitch_C_vertical,True,poll
2026-03-20 10:02:12.389,gvl_C,bReferenceSwitch_C_horizontal,False,poll
2026-03-20 10:02:12.389,gvl_C,bReferenceSwitch_C_rotate,False,poll
2026-03-20 10:02:12.389,gvl_C,bEncoderImpulse_C_vertical1,False,poll
2026-03-20 10:02:12.389,gvl_C,bEncoderImpulse_C_vertical2,True,poll
2026-03-20 10:02:12.389,gvl_C,bEncoderImpulse_C_horizontal1,False,poll
2026-03-20 10:02:12.389,gvl_C,bEncoderImpulse_C_horizontal2,True,poll
2026-03-20 10:02:12.389,gvl_C,bEncoderImpulse_C_rotate1,True,poll
2026-03-20 10:02:12.389,gvl_C,bEncoderImpulse_C_rotate2,False,poll
2026-03-20 10:02:12.389,gvl_C,bMotor_C_upward,False,poll
2026-03-20 10:02:12.389,gvl_C,bMotor_C_downward,False,poll
2026-03-20 10:02:12.389,gvl_C,bMotor_C_backward,False,poll
2026-03-20 10:02:12.389,gvl_C,bMotor_C_forward,False,poll
2026-03-20 10:02:12.389,gvl_C,bMotor_C_clockwise,False,poll
2026-03-20 10:02:12.389,gvl_C,bMotor_C_counterclockwise,False,poll
2026-03-20 10:02:12.389,gvl_C,bCompressor_C,False,poll
2026-03-20 10:02:12.389,gvl_C,bValve_C,False,poll
2026-03-20 10:02:12.389,gvl_HBW,bReferenceSwitch_HBW_horizontal,True,poll
2026-03-20 10:02:12.389,gvl_HBW,bLightBarrier_HBW_inside,True,poll
2026-03-20 10:02:12.389,gvl_HBW,bLightBarrier_HBW_outside,True,poll
2026-03-20 10:02:12.389,gvl_HBW,bReferenceSwitch_HBW_vertical,False,poll
2026-03-20 10:02:12.389,gvl_HBW,bReferenceSwitch_HBW_Cantilever_front,False,poll
2026-03-20 10:02:12.389,gvl_HBW,bReferenceSwitch_HBW_Cantilever_back,False,poll
2026-03-20 10:02:12.389,gvl_HBW,bTrailSensor_HBW_bottom,True,poll
2026-03-20 10:02:12.389,gvl_HBW,bTrailSensor_HBW_top,True,poll
2026-03-20 10:02:12.389,gvl_HBW,bEncoderImpulse_HBW_horizontal1,False,poll
2026-03-20 10:02:12.389,gvl_HBW,bEncoderImpulse_HBW_horizontal2,True,poll
2026-03-20 10:02:12.389,gvl_HBW,bEncoderImpulse_HBW_vertical1,False,poll
2026-03-20 10:02:12.389,gvl_HBW,bEncoderImpulse_HBW_vertical2,False,poll
2026-03-20 10:02:12.389,gvl_HBW,bMotor_HBW_ConveyorBelt_forward,False,poll
2026-03-20 10:02:12.389,gvl_HBW,bMotor_HBW_ConveyorBelt_backward,False,poll
2026-03-20 10:02:12.389,gvl_HBW,bMotor_HBW_StackerCrane_torack,False,poll
2026-03-20 10:02:12.389,gvl_HBW,bMotor_HBW_StackerCrane_toconveyorbelt,False,poll
2026-03-20 10:02:12.389,gvl_HBW,bMotor_HBW_StackerCrane_downward,False,poll
2026-03-20 10:02:12.389,gvl_HBW,bMotor_HBW_StackerCrane_upward,False,poll
2026-03-20 10:02:12.389,gvl_HBW,bMotor_HBW_Cantilever_forward,False,poll
2026-03-20 10:02:12.389,gvl_HBW,bMotor_HBW_Cantilever_backward,False,poll
2026-03-20 10:02:12.389,gvl_MS,bReferenceSwitch_MS_Turntable_attransferunit,False,poll
2026-03-20 10:02:12.389,gvl_MS,bReferenceSwitch_MS_Turntable_atconveyorbelt,False,poll
2026-03-20 10:02:12.389,gvl_MS,bLightBarrier_MS_conveyorbelt,False,poll
2026-03-20 10:02:12.389,gvl_MS,bReferenceSwitch_MS_Turntable_atsaw,False,poll
2026-03-20 10:02:12.389,gvl_MS,bReferenceSwitch_MS_TransferUnit_atturntable,True,poll
2026-03-20 10:02:12.389,gvl_MS,bReferenceSwitch_MS_OvenSlider_inside,False,poll
2026-03-20 10:02:12.389,gvl_MS,bReferenceSwitch_MS_OvenSlider_outside,True,poll
2026-03-20 10:02:12.389,gvl_MS,bReferenceSwitch_MS_TransferUnit_atoven,False,poll
2026-03-20 10:02:12.389,gvl_MS,bLightBarrier_MS_oven,True,poll
2026-03-20 10:02:12.389,gvl_MS,bMotor_MS_Turntable_clockwise,False,poll
2026-03-20 10:02:12.389,gvl_MS,bMotor_MS_Turntable_counterclockwise,False,poll
2026-03-20 10:02:12.389,gvl_MS,bMotor_MS_ConveyorBelt_forward,False,poll
2026-03-20 10:02:12.389,gvl_MS,bMotor_MS_Saw,False,poll
2026-03-20 10:02:12.389,gvl_MS,bMotor_MS_OvenSlider_movein,False,poll
2026-03-20 10:02:12.389,gvl_MS,bMotor_MS_OvenSlider_moveout,False,poll
2026-03-20 10:02:12.389,gvl_MS,bMotor_MS_TransferUnit_tooven,False,poll
2026-03-20 10:02:12.389,gvl_MS,bMotor_MS_TransferUnit_toturntable,False,poll
2026-03-20 10:02:12.389,gvl_MS,bLamp_MS,False,poll
2026-03-20 10:02:12.389,gvl_MS,bCompressor_MS,False,poll
2026-03-20 10:02:12.389,gvl_MS,bValve_MS_Vacuum,False,poll
2026-03-20 10:02:12.389,gvl_MS,bValve_MS_TransferUnit,False,poll
2026-03-20 10:02:12.389,gvl_MS,bValve_MS_OvenDoor,False,poll
2026-03-20 10:02:12.389,gvl_MS,bValve_MS_Ejector,False,poll
2026-03-20 10:02:12.389,gvl_PM,bLightBarrier_PM_entry,True,poll
2026-03-20 10:02:12.389,gvl_PM,bLightBarrier_PM_tool,True,poll
2026-03-20 10:02:12.389,gvl_PM,bReferenceSwitch_PM_top,False,poll
2026-03-20 10:02:12.389,gvl_PM,bReferenceSwitch_PM_bottom,True,poll
2026-03-20 10:02:12.389,gvl_PM,bMotor_PM_ConveyorBelt_forward,False,poll
2026-03-20 10:02:12.389,gvl_PM,bMotor_PM_ConveyorBelt_backward,False,poll
2026-03-20 10:02:12.389,gvl_PM,bMotor_PM_Tool_upward,False,poll
2026-03-20 10:02:12.389,gvl_PM,bMotor_PM_Tool_downward,False,poll
2026-03-20 10:02:12.389,gvl_SL,bPulseCounter_SL,False,poll
2026-03-20 10:02:12.389,gvl_SL,bLightBarrier_SL_beforecolor,True,poll
2026-03-20 10:02:12.389,gvl_SL,bLightBarrier_SL_aftercolor,True,poll
2026-03-20 10:02:12.389,gvl_SL,bLightBarrier_SL_white,True,poll
2026-03-20 10:02:12.389,gvl_SL,bLightBarrier_SL_red,True,poll
2026-03-20 10:02:12.389,gvl_SL,bLightBarrier_SL_blue,True,poll
2026-03-20 10:02:12.389,gvl_SL,iColorSensor_SL,0,poll
2026-03-20 10:02:12.389,gvl_SL,bMotor_SL_ConveyorBelt,False,poll
2026-03-20 10:02:12.389,gvl_SL,bCompressor_SL,False,poll
2026-03-20 10:02:12.389,gvl_SL,bValve_SL_white,False,poll
2026-03-20 10:02:12.389,gvl_SL,bValve_SL_red,False,poll
2026-03-20 10:02:12.389,gvl_SL,bValve_SL_blue,False,poll
2026-03-20 10:02:12.389,LocalVariables,iC_CoordH,35,poll
2026-03-20 10:02:12.389,LocalVariables,iC_CoordV,0,poll
2026-03-20 10:02:12.389,LocalVariables,iC_CoordR,35,poll
2026-03-20 10:02:12.389,LocalVariables,eC_PickingStation,0,poll
2026-03-20 10:02:12.389,LocalVariables,eC_PlacingStation,0,poll
2026-03-20 10:02:12.389,LocalVariables,iC_Coord_Picking,"[[1340, 170, 150, 445], [380, 800, 367, 435], [800, 301, 580, 800]]",poll
2026-03-20 10:02:12.389,LocalVariables,iC_Coord_Placing,"[[890, 870], [500, 1343], [180, 150]]",poll
2026-03-20 10:02:12.721,gvl_SL,iColorSensor_SL,1,event
2026-03-20 10:02:12.820,gvl_SL,iColorSensor_SL,0,event
2026-03-20 10:02:13.019,gvl_SL,iColorSensor_SL,1,event
2026-03-20 10:02:13.088,gvl_C,bReferenceSwitch_C_vertical,True,poll
2026-03-20 10:02:13.088,gvl_C,bReferenceSwitch_C_horizontal,False,poll
2026-03-20 10:02:13.088,gvl_C,bReferenceSwitch_C_rotate,False,poll
2026-03-20 10:02:13.088,gvl_C,bEncoderImpulse_C_vertical1,False,poll
2026-03-20 10:02:13.088,gvl_C,bEncoderImpulse_C_vertical2,True,poll
2026-03-20 10:02:13.088,gvl_C,bEncoderImpulse_C_horizontal1,False,poll
2026-03-20 10:02:13.088,gvl_C,bEncoderImpulse_C_horizontal2,True,poll
2026-03-20 10:02:13.119,gvl_SL,iColorSensor_SL,0,event
2026-03-20 10:02:13.088,gvl_C,bEncoderImpulse_C_rotate1,True,poll
2026-03-20 10:02:13.088,gvl_C,bEncoderImpulse_C_rotate2,False,poll
2026-03-20 10:02:13.088,gvl_C,bMotor_C_upward,False,poll
2026-03-20 10:02:13.088,gvl_C,bMotor_C_downward,False,poll
2026-03-20 10:02:13.088,gvl_C,bMotor_C_backward,False,poll
2026-03-20 10:02:13.088,gvl_C,bMotor_C_forward,False,poll
2026-03-20 10:02:13.088,gvl_C,bMotor_C_clockwise,False,poll
2026-03-20 10:02:13.088,gvl_C,bMotor_C_counterclockwise,False,poll
2026-03-20 10:02:13.088,gvl_C,bCompressor_C,False,poll
2026-03-20 10:02:13.088,gvl_C,bValve_C,False,poll
2026-03-20 10:02:13.088,gvl_HBW,bReferenceSwitch_HBW_horizontal,True,poll
2026-03-20 10:02:13.088,gvl_HBW,bLightBarrier_HBW_inside,True,poll
2026-03-20 10:02:13.088,gvl_HBW,bLightBarrier_HBW_outside,True,poll
2026-03-20 10:02:13.088,gvl_HBW,bReferenceSwitch_HBW_vertical,False,poll
2026-03-20 10:02:13.088,gvl_HBW,bReferenceSwitch_HBW_Cantilever_front,False,poll
2026-03-20 10:02:13.088,gvl_HBW,bReferenceSwitch_HBW_Cantilever_back,False,poll
2026-03-20 10:02:13.088,gvl_HBW,bTrailSensor_HBW_bottom,True,poll
2026-03-20 10:02:13.088,gvl_HBW,bTrailSensor_HBW_top,True,poll
2026-03-20 10:02:13.088,gvl_HBW,bEncoderImpulse_HBW_horizontal1,False,poll
2026-03-20 10:02:13.088,gvl_HBW,bEncoderImpulse_HBW_horizontal2,True,poll
2026-03-20 10:02:13.088,gvl_HBW,bEncoderImpulse_HBW_vertical1,False,poll
2026-03-20 10:02:13.088,gvl_HBW,bEncoderImpulse_HBW_vertical2,False,poll
2026-03-20 10:02:13.088,gvl_HBW,bMotor_HBW_ConveyorBelt_forward,False,poll
2026-03-20 10:02:13.088,gvl_HBW,bMotor_HBW_ConveyorBelt_backward,False,poll
2026-03-20 10:02:13.088,gvl_HBW,bMotor_HBW_StackerCrane_torack,False,poll
2026-03-20 10:02:13.088,gvl_HBW,bMotor_HBW_StackerCrane_toconveyorbelt,False,poll
2026-03-20 10:02:13.088,gvl_HBW,bMotor_HBW_StackerCrane_downward,False,poll
2026-03-20 10:02:13.088,gvl_HBW,bMotor_HBW_StackerCrane_upward,False,poll
2026-03-20 10:02:13.088,gvl_HBW,bMotor_HBW_Cantilever_forward,False,poll
2026-03-20 10:02:13.088,gvl_HBW,bMotor_HBW_Cantilever_backward,False,poll
2026-03-20 10:02:13.088,gvl_MS,bReferenceSwitch_MS_Turntable_attransferunit,False,poll
2026-03-20 10:02:13.088,gvl_MS,bReferenceSwitch_MS_Turntable_atconveyorbelt,False,poll
2026-03-20 10:02:13.088,gvl_MS,bLightBarrier_MS_conveyorbelt,False,poll
2026-03-20 10:02:13.088,gvl_MS,bReferenceSwitch_MS_Turntable_atsaw,False,poll
2026-03-20 10:02:13.088,gvl_MS,bReferenceSwitch_MS_TransferUnit_atturntable,True,poll
2026-03-20 10:02:13.088,gvl_MS,bReferenceSwitch_MS_OvenSlider_inside,False,poll
2026-03-20 10:02:13.088,gvl_MS,bReferenceSwitch_MS_OvenSlider_outside,True,poll
2026-03-20 10:02:13.088,gvl_MS,bReferenceSwitch_MS_TransferUnit_atoven,False,poll
2026-03-20 10:02:13.088,gvl_MS,bLightBarrier_MS_oven,True,poll
2026-03-20 10:02:13.088,gvl_MS,bMotor_MS_Turntable_clockwise,False,poll
2026-03-20 10:02:13.088,gvl_MS,bMotor_MS_Turntable_counterclockwise,False,poll
2026-03-20 10:02:13.088,gvl_MS,bMotor_MS_ConveyorBelt_forward,False,poll
2026-03-20 10:02:13.088,gvl_MS,bMotor_MS_Saw,False,poll
2026-03-20 10:02:13.088,gvl_MS,bMotor_MS_OvenSlider_movein,False,poll
2026-03-20 10:02:13.088,gvl_MS,bMotor_MS_OvenSlider_moveout,False,poll
2026-03-20 10:02:13.088,gvl_MS,bMotor_MS_TransferUnit_tooven,False,poll
2026-03-20 10:02:13.088,gvl_MS,bMotor_MS_TransferUnit_toturntable,False,poll
2026-03-20 10:02:13.088,gvl_MS,bLamp_MS,False,poll
2026-03-20 10:02:13.088,gvl_MS,bCompressor_MS,False,poll
2026-03-20 10:02:13.088,gvl_MS,bValve_MS_Vacuum,False,poll
2026-03-20 10:02:13.088,gvl_MS,bValve_MS_TransferUnit,False,poll
2026-03-20 10:02:13.088,gvl_MS,bValve_MS_OvenDoor,False,poll
2026-03-20 10:02:13.088,gvl_MS,bValve_MS_Ejector,False,poll
2026-03-20 10:02:13.088,gvl_PM,bLightBarrier_PM_entry,True,poll
2026-03-20 10:02:13.088,gvl_PM,bLightBarrier_PM_tool,True,poll
2026-03-20 10:02:13.088,gvl_PM,bReferenceSwitch_PM_top,False,poll
2026-03-20 10:02:13.088,gvl_PM,bReferenceSwitch_PM_bottom,True,poll
2026-03-20 10:02:13.088,gvl_PM,bMotor_PM_ConveyorBelt_forward,False,poll
2026-03-20 10:02:13.088,gvl_PM,bMotor_PM_ConveyorBelt_backward,False,poll
2026-03-20 10:02:13.318,gvl_SL,iColorSensor_SL,1,event
2026-03-20 10:02:13.088,gvl_PM,bMotor_PM_Tool_upward,False,poll
2026-03-20 10:02:13.088,gvl_PM,bMotor_PM_Tool_downward,False,poll
2026-03-20 10:02:13.088,gvl_SL,bPulseCounter_SL,False,poll
2026-03-20 10:02:13.088,gvl_SL,bLightBarrier_SL_beforecolor,True,poll
2026-03-20 10:02:13.088,gvl_SL,bLightBarrier_SL_aftercolor,True,poll
2026-03-20 10:02:13.088,gvl_SL,bLightBarrier_SL_white,True,poll
2026-03-20 10:02:13.088,gvl_SL,bLightBarrier_SL_red,True,poll
2026-03-20 10:02:13.088,gvl_SL,bLightBarrier_SL_blue,True,poll
2026-03-20 10:02:13.088,gvl_SL,iColorSensor_SL,0,poll
2026-03-20 10:02:13.088,gvl_SL,bMotor_SL_ConveyorBelt,False,poll
2026-03-20 10:02:13.088,gvl_SL,bCompressor_SL,False,poll
2026-03-20 10:02:13.088,gvl_SL,bValve_SL_white,False,poll
2026-03-20 10:02:13.088,gvl_SL,bValve_SL_red,False,poll
2026-03-20 10:02:13.088,gvl_SL,bValve_SL_blue,False,poll
2026-03-20 10:02:13.088,LocalVariables,iC_CoordH,35,poll
2026-03-20 10:02:13.088,LocalVariables,iC_CoordV,0,poll
2026-03-20 10:02:13.088,LocalVariables,iC_CoordR,35,poll
2026-03-20 10:02:13.088,LocalVariables,eC_PickingStation,0,poll
2026-03-20 10:02:13.088,LocalVariables,eC_PlacingStation,0,poll
2026-03-20 10:02:13.088,LocalVariables,iC_Coord_Picking,"[[1340, 170, 150, 445], [380, 800, 367, 435], [800, 301, 580, 800]]",poll
2026-03-20 10:02:13.088,LocalVariables,iC_Coord_Placing,"[[890, 870], [500, 1343], [180, 150]]",poll
2026-03-20 10:02:13.419,gvl_SL,iColorSensor_SL,0,event
2026-03-20 10:02:13.619,gvl_SL,iColorSensor_SL,1,event
2026-03-20 10:02:13.719,gvl_SL,iColorSensor_SL,0,event
2026-03-20 10:02:13.819,gvl_SL,iColorSensor_SL,1,event
2026-03-20 10:02:13.892,gvl_C,bReferenceSwitch_C_vertical,True,poll
2026-03-20 10:02:13.892,gvl_C,bReferenceSwitch_C_horizontal,False,poll
2026-03-20 10:02:13.892,gvl_C,bReferenceSwitch_C_rotate,False,poll
2026-03-20 10:02:13.892,gvl_C,bEncoderImpulse_C_vertical1,False,poll
2026-03-20 10:02:13.892,gvl_C,bEncoderImpulse_C_vertical2,True,poll
2026-03-20 10:02:13.920,gvl_SL,iColorSensor_SL,0,event
2026-03-20 10:02:13.892,gvl_C,bEncoderImpulse_C_horizontal1,False,poll
2026-03-20 10:02:13.892,gvl_C,bEncoderImpulse_C_horizontal2,True,poll
2026-03-20 10:02:13.892,gvl_C,bEncoderImpulse_C_rotate1,True,poll
2026-03-20 10:02:13.892,gvl_C,bEncoderImpulse_C_rotate2,False,poll
2026-03-20 10:02:13.892,gvl_C,bMotor_C_upward,False,poll
2026-03-20 10:02:13.892,gvl_C,bMotor_C_downward,False,poll
2026-03-20 10:02:13.892,gvl_C,bMotor_C_backward,False,poll
2026-03-20 10:02:13.892,gvl_C,bMotor_C_forward,False,poll
2026-03-20 10:02:13.892,gvl_C,bMotor_C_clockwise,False,poll
2026-03-20 10:02:13.892,gvl_C,bMotor_C_counterclockwise,False,poll
2026-03-20 10:02:13.892,gvl_C,bCompressor_C,False,poll
2026-03-20 10:02:13.892,gvl_C,bValve_C,False,poll
2026-03-20 10:02:13.892,gvl_HBW,bReferenceSwitch_HBW_horizontal,True,poll
2026-03-20 10:02:13.892,gvl_HBW,bLightBarrier_HBW_inside,True,poll
2026-03-20 10:02:13.892,gvl_HBW,bLightBarrier_HBW_outside,True,poll
2026-03-20 10:02:13.892,gvl_HBW,bReferenceSwitch_HBW_vertical,False,poll
2026-03-20 10:02:13.892,gvl_HBW,bReferenceSwitch_HBW_Cantilever_front,False,poll
2026-03-20 10:02:13.892,gvl_HBW,bReferenceSwitch_HBW_Cantilever_back,False,poll
2026-03-20 10:02:13.892,gvl_HBW,bTrailSensor_HBW_bottom,True,poll
2026-03-20 10:02:13.892,gvl_HBW,bTrailSensor_HBW_top,True,poll
2026-03-20 10:02:13.892,gvl_HBW,bEncoderImpulse_HBW_horizontal1,False,poll
2026-03-20 10:02:13.892,gvl_HBW,bEncoderImpulse_HBW_horizontal2,True,poll
2026-03-20 10:02:13.892,gvl_HBW,bEncoderImpulse_HBW_vertical1,False,poll
2026-03-20 10:02:13.892,gvl_HBW,bEncoderImpulse_HBW_vertical2,False,poll
2026-03-20 10:02:13.892,gvl_HBW,bMotor_HBW_ConveyorBelt_forward,False,poll
2026-03-20 10:02:13.892,gvl_HBW,bMotor_HBW_ConveyorBelt_backward,False,poll
2026-03-20 10:02:13.892,gvl_HBW,bMotor_HBW_StackerCrane_torack,False,poll
2026-03-20 10:02:13.892,gvl_HBW,bMotor_HBW_StackerCrane_toconveyorbelt,False,poll
2026-03-20 10:02:13.892,gvl_HBW,bMotor_HBW_StackerCrane_downward,False,poll
2026-03-20 10:02:13.892,gvl_HBW,bMotor_HBW_StackerCrane_upward,False,poll
2026-03-20 10:02:13.892,gvl_HBW,bMotor_HBW_Cantilever_forward,False,poll
2026-03-20 10:02:13.892,gvl_HBW,bMotor_HBW_Cantilever_backward,False,poll
2026-03-20 10:02:13.892,gvl_MS,bReferenceSwitch_MS_Turntable_attransferunit,False,poll
2026-03-20 10:02:13.892,gvl_MS,bReferenceSwitch_MS_Turntable_atconveyorbelt,False,poll
2026-03-20 10:02:13.892,gvl_MS,bLightBarrier_MS_conveyorbelt,False,poll
2026-03-20 10:02:13.892,gvl_MS,bReferenceSwitch_MS_Turntable_atsaw,False,poll
2026-03-20 10:02:13.892,gvl_MS,bReferenceSwitch_MS_TransferUnit_atturntable,True,poll
2026-03-20 10:02:13.892,gvl_MS,bReferenceSwitch_MS_OvenSlider_inside,False,poll
2026-03-20 10:02:13.892,gvl_MS,bReferenceSwitch_MS_OvenSlider_outside,True,poll
2026-03-20 10:02:13.892,gvl_MS,bReferenceSwitch_MS_TransferUnit_atoven,False,poll
2026-03-20 10:02:13.892,gvl_MS,bLightBarrier_MS_oven,True,poll
2026-03-20 10:02:13.892,gvl_MS,bMotor_MS_Turntable_clockwise,False,poll
2026-03-20 10:02:13.892,gvl_MS,bMotor_MS_Turntable_counterclockwise,False,poll
2026-03-20 10:02:13.892,gvl_MS,bMotor_MS_ConveyorBelt_forward,False,poll
2026-03-20 10:02:13.892,gvl_MS,bMotor_MS_Saw,False,poll
2026-03-20 10:02:13.892,gvl_MS,bMotor_MS_OvenSlider_movein,False,poll
2026-03-20 10:02:13.892,gvl_MS,bMotor_MS_OvenSlider_moveout,False,poll
2026-03-20 10:02:13.892,gvl_MS,bMotor_MS_TransferUnit_tooven,False,poll
2026-03-20 10:02:13.892,gvl_MS,bMotor_MS_TransferUnit_toturntable,False,poll
2026-03-20 10:02:13.892,gvl_MS,bLamp_MS,False,poll
2026-03-20 10:02:13.892,gvl_MS,bCompressor_MS,False,poll
2026-03-20 10:02:13.892,gvl_MS,bValve_MS_Vacuum,False,poll
2026-03-20 10:02:13.892,gvl_MS,bValve_MS_TransferUnit,False,poll
2026-03-20 10:02:13.892,gvl_MS,bValve_MS_OvenDoor,False,poll
2026-03-20 10:02:13.892,gvl_MS,bValve_MS_Ejector,False,poll
2026-03-20 10:02:13.892,gvl_PM,bLightBarrier_PM_entry,True,poll
2026-03-20 10:02:13.892,gvl_PM,bLightBarrier_PM_tool,True,poll
2026-03-20 10:02:13.892,gvl_PM,bReferenceSwitch_PM_top,False,poll
2026-03-20 10:02:13.892,gvl_PM,bReferenceSwitch_PM_bottom,True,poll
2026-03-20 10:02:13.892,gvl_PM,bMotor_PM_ConveyorBelt_forward,False,poll
2026-03-20 10:02:13.892,gvl_PM,bMotor_PM_ConveyorBelt_backward,False,poll
2026-03-20 10:02:13.892,gvl_PM,bMotor_PM_Tool_upward,False,poll
2026-03-20 10:02:13.892,gvl_PM,bMotor_PM_Tool_downward,False,poll
2026-03-20 10:02:13.892,gvl_SL,bPulseCounter_SL,False,poll
2026-03-20 10:02:13.892,gvl_SL,bLightBarrier_SL_beforecolor,True,poll
2026-03-20 10:02:13.892,gvl_SL,bLightBarrier_SL_aftercolor,True,poll
2026-03-20 10:02:13.892,gvl_SL,bLightBarrier_SL_white,True,poll
2026-03-20 10:02:13.892,gvl_SL,bLightBarrier_SL_red,True,poll
2026-03-20 10:02:13.892,gvl_SL,bLightBarrier_SL_blue,True,poll
2026-03-20 10:02:13.892,gvl_SL,iColorSensor_SL,0,poll
2026-03-20 10:02:13.892,gvl_SL,bMotor_SL_ConveyorBelt,False,poll
2026-03-20 10:02:13.892,gvl_SL,bCompressor_SL,False,poll
2026-03-20 10:02:13.892,gvl_SL,bValve_SL_white,False,poll
2026-03-20 10:02:13.892,gvl_SL,bValve_SL_red,False,poll
2026-03-20 10:02:13.892,gvl_SL,bValve_SL_blue,False,poll
2026-03-20 10:02:13.892,LocalVariables,iC_CoordH,35,poll
2026-03-20 10:02:13.892,LocalVariables,iC_CoordV,0,poll
2026-03-20 10:02:13.892,LocalVariables,iC_CoordR,35,poll
2026-03-20 10:02:13.892,LocalVariables,eC_PickingStation,0,poll
2026-03-20 10:02:13.892,LocalVariables,eC_PlacingStation,0,poll
2026-03-20 10:02:13.892,LocalVariables,iC_Coord_Picking,"[[1340, 170, 150, 445], [380, 800, 367, 435], [800, 301, 580, 800]]",poll
2026-03-20 10:02:13.892,LocalVariables,iC_Coord_Placing,"[[890, 870], [500, 1343], [180, 150]]",poll
2026-03-20 10:02:14.521,gvl_SL,iColorSensor_SL,1,event
2026-03-20 10:02:14.621,gvl_SL,iColorSensor_SL,0,event
2026-03-20 10:02:14.738,gvl_C,bReferenceSwitch_C_vertical,True,poll
2026-03-20 10:02:14.738,gvl_C,bReferenceSwitch_C_horizontal,False,poll
2026-03-20 10:02:14.738,gvl_C,bReferenceSwitch_C_rotate,False,poll
2026-03-20 10:02:14.738,gvl_C,bEncoderImpulse_C_vertical1,False,poll
2026-03-20 10:02:14.738,gvl_C,bEncoderImpulse_C_vertical2,True,poll
2026-03-20 10:02:14.738,gvl_C,bEncoderImpulse_C_horizontal1,False,poll
2026-03-20 10:02:14.738,gvl_C,bEncoderImpulse_C_horizontal2,True,poll
2026-03-20 10:02:14.738,gvl_C,bEncoderImpulse_C_rotate1,True,poll
2026-03-20 10:02:14.738,gvl_C,bEncoderImpulse_C_rotate2,False,poll
2026-03-20 10:02:14.738,gvl_C,bMotor_C_upward,False,poll
2026-03-20 10:02:14.738,gvl_C,bMotor_C_downward,False,poll
2026-03-20 10:02:14.738,gvl_C,bMotor_C_backward,False,poll
2026-03-20 10:02:14.738,gvl_C,bMotor_C_forward,False,poll
2026-03-20 10:02:14.738,gvl_C,bMotor_C_clockwise,False,poll
2026-03-20 10:02:14.738,gvl_C,bMotor_C_counterclockwise,False,poll
2026-03-20 10:02:14.738,gvl_C,bCompressor_C,False,poll
2026-03-20 10:02:14.738,gvl_C,bValve_C,False,poll
2026-03-20 10:02:14.738,gvl_HBW,bReferenceSwitch_HBW_horizontal,True,poll
2026-03-20 10:02:14.738,gvl_HBW,bLightBarrier_HBW_inside,True,poll
2026-03-20 10:02:14.738,gvl_HBW,bLightBarrier_HBW_outside,True,poll
2026-03-20 10:02:14.738,gvl_HBW,bReferenceSwitch_HBW_vertical,False,poll
2026-03-20 10:02:14.738,gvl_HBW,bReferenceSwitch_HBW_Cantilever_front,False,poll
2026-03-20 10:02:14.738,gvl_HBW,bReferenceSwitch_HBW_Cantilever_back,False,poll
2026-03-20 10:02:14.738,gvl_HBW,bTrailSensor_HBW_bottom,True,poll
2026-03-20 10:02:14.738,gvl_HBW,bTrailSensor_HBW_top,True,poll
2026-03-20 10:02:14.738,gvl_HBW,bEncoderImpulse_HBW_horizontal1,False,poll
2026-03-20 10:02:14.738,gvl_HBW,bEncoderImpulse_HBW_horizontal2,True,poll
2026-03-20 10:02:14.738,gvl_HBW,bEncoderImpulse_HBW_vertical1,False,poll
2026-03-20 10:02:14.738,gvl_HBW,bEncoderImpulse_HBW_vertical2,False,poll
2026-03-20 10:02:14.738,gvl_HBW,bMotor_HBW_ConveyorBelt_forward,False,poll
2026-03-20 10:02:14.738,gvl_HBW,bMotor_HBW_ConveyorBelt_backward,False,poll
2026-03-20 10:02:14.738,gvl_HBW,bMotor_HBW_StackerCrane_torack,False,poll
2026-03-20 10:02:14.738,gvl_HBW,bMotor_HBW_StackerCrane_toconveyorbelt,False,poll
2026-03-20 10:02:14.738,gvl_HBW,bMotor_HBW_StackerCrane_downward,False,poll
2026-03-20 10:02:14.738,gvl_HBW,bMotor_HBW_StackerCrane_upward,False,poll
2026-03-20 10:02:14.738,gvl_HBW,bMotor_HBW_Cantilever_forward,False,poll
2026-03-20 10:02:14.738,gvl_HBW,bMotor_HBW_Cantilever_backward,False,poll
2026-03-20 10:02:14.738,gvl_MS,bReferenceSwitch_MS_Turntable_attransferunit,False,poll
2026-03-20 10:02:14.738,gvl_MS,bReferenceSwitch_MS_Turntable_atconveyorbelt,False,poll
2026-03-20 10:02:14.738,gvl_MS,bLightBarrier_MS_conveyorbelt,False,poll
2026-03-20 10:02:14.738,gvl_MS,bReferenceSwitch_MS_Turntable_atsaw,False,poll
2026-03-20 10:02:14.738,gvl_MS,bReferenceSwitch_MS_TransferUnit_atturntable,True,poll
2026-03-20 10:02:14.738,gvl_MS,bReferenceSwitch_MS_OvenSlider_inside,False,poll
2026-03-20 10:02:14.738,gvl_MS,bReferenceSwitch_MS_OvenSlider_outside,True,poll
2026-03-20 10:02:14.738,gvl_MS,bReferenceSwitch_MS_TransferUnit_atoven,False,poll
2026-03-20 10:02:14.738,gvl_MS,bLightBarrier_MS_oven,True,poll
2026-03-20 10:02:14.738,gvl_MS,bMotor_MS_Turntable_clockwise,False,poll
2026-03-20 10:02:14.920,gvl_SL,iColorSensor_SL,1,event
2026-03-20 10:02:14.738,gvl_MS,bMotor_MS_Turntable_counterclockwise,False,poll
2026-03-20 10:02:14.738,gvl_MS,bMotor_MS_ConveyorBelt_forward,False,poll
2026-03-20 10:02:14.738,gvl_MS,bMotor_MS_Saw,False,poll
2026-03-20 10:02:14.738,gvl_MS,bMotor_MS_OvenSlider_movein,False,poll
2026-03-20 10:02:14.738,gvl_MS,bMotor_MS_OvenSlider_moveout,False,poll
2026-03-20 10:02:14.738,gvl_MS,bMotor_MS_TransferUnit_tooven,False,poll
2026-03-20 10:02:14.738,gvl_MS,bMotor_MS_TransferUnit_toturntable,False,poll
2026-03-20 10:02:14.738,gvl_MS,bLamp_MS,False,poll
2026-03-20 10:02:14.738,gvl_MS,bCompressor_MS,False,poll
2026-03-20 10:02:14.738,gvl_MS,bValve_MS_Vacuum,False,poll
2026-03-20 10:02:14.738,gvl_MS,bValve_MS_TransferUnit,False,poll
2026-03-20 10:02:14.738,gvl_MS,bValve_MS_OvenDoor,False,poll
2026-03-20 10:02:14.738,gvl_MS,bValve_MS_Ejector,False,poll
2026-03-20 10:02:14.738,gvl_PM,bLightBarrier_PM_entry,True,poll
2026-03-20 10:02:14.738,gvl_PM,bLightBarrier_PM_tool,True,poll
2026-03-20 10:02:14.738,gvl_PM,bReferenceSwitch_PM_top,False,poll
2026-03-20 10:02:14.738,gvl_PM,bReferenceSwitch_PM_bottom,True,poll
2026-03-20 10:02:14.738,gvl_PM,bMotor_PM_ConveyorBelt_forward,False,poll
2026-03-20 10:02:14.738,gvl_PM,bMotor_PM_ConveyorBelt_backward,False,poll
2026-03-20 10:02:14.738,gvl_PM,bMotor_PM_Tool_upward,False,poll
2026-03-20 10:02:14.738,gvl_PM,bMotor_PM_Tool_downward,False,poll
2026-03-20 10:02:14.738,gvl_SL,bPulseCounter_SL,False,poll
2026-03-20 10:02:14.738,gvl_SL,bLightBarrier_SL_beforecolor,True,poll
2026-03-20 10:02:14.738,gvl_SL,bLightBarrier_SL_aftercolor,True,poll
2026-03-20 10:02:14.738,gvl_SL,bLightBarrier_SL_white,True,poll
2026-03-20 10:02:15.023,gvl_SL,iColorSensor_SL,0,event
2026-03-20 10:02:14.738,gvl_SL,bLightBarrier_SL_red,True,poll
2026-03-20 10:02:14.738,gvl_SL,bLightBarrier_SL_blue,True,poll
2026-03-20 10:02:14.738,gvl_SL,iColorSensor_SL,0,poll
2026-03-20 10:02:14.738,gvl_SL,bMotor_SL_ConveyorBelt,False,poll
2026-03-20 10:02:14.738,gvl_SL,bCompressor_SL,False,poll
2026-03-20 10:02:14.738,gvl_SL,bValve_SL_white,False,poll
2026-03-20 10:02:14.738,gvl_SL,bValve_SL_red,False,poll
2026-03-20 10:02:14.738,gvl_SL,bValve_SL_blue,False,poll
2026-03-20 10:02:14.738,LocalVariables,iC_CoordH,35,poll
2026-03-20 10:02:14.738,LocalVariables,iC_CoordV,0,poll
2026-03-20 10:02:14.738,LocalVariables,iC_CoordR,35,poll
2026-03-20 10:02:14.738,LocalVariables,eC_PickingStation,0,poll
2026-03-20 10:02:14.738,LocalVariables,eC_PlacingStation,0,poll
2026-03-20 10:02:14.738,LocalVariables,iC_Coord_Picking,"[[1340, 170, 150, 445], [380, 800, 367, 435], [800, 301, 580, 800]]",poll
2026-03-20 10:02:14.738,LocalVariables,iC_Coord_Placing,"[[890, 870], [500, 1343], [180, 150]]",poll
2026-03-20 10:02:15.571,gvl_C,bReferenceSwitch_C_vertical,True,poll
2026-03-20 10:02:15.571,gvl_C,bReferenceSwitch_C_horizontal,False,poll
2026-03-20 10:02:15.571,gvl_C,bReferenceSwitch_C_rotate,False,poll
2026-03-20 10:02:15.571,gvl_C,bEncoderImpulse_C_vertical1,False,poll
2026-03-20 10:02:15.571,gvl_C,bEncoderImpulse_C_vertical2,True,poll
2026-03-20 10:02:15.571,gvl_C,bEncoderImpulse_C_horizontal1,False,poll
2026-03-20 10:02:15.571,gvl_C,bEncoderImpulse_C_horizontal2,True,poll
2026-03-20 10:02:15.571,gvl_C,bEncoderImpulse_C_rotate1,True,poll
2026-03-20 10:02:15.571,gvl_C,bEncoderImpulse_C_rotate2,False,poll
2026-03-20 10:02:15.571,gvl_C,bMotor_C_upward,False,poll
2026-03-20 10:02:15.571,gvl_C,bMotor_C_downward,False,poll
2026-03-20 10:02:15.571,gvl_C,bMotor_C_backward,False,poll
2026-03-20 10:02:15.571,gvl_C,bMotor_C_forward,False,poll
2026-03-20 10:02:15.571,gvl_C,bMotor_C_clockwise,False,poll
2026-03-20 10:02:15.571,gvl_C,bMotor_C_counterclockwise,False,poll
2026-03-20 10:02:15.571,gvl_C,bCompressor_C,False,poll
2026-03-20 10:02:15.571,gvl_C,bValve_C,False,poll
2026-03-20 10:02:15.571,gvl_HBW,bReferenceSwitch_HBW_horizontal,True,poll
2026-03-20 10:02:15.571,gvl_HBW,bLightBarrier_HBW_inside,True,poll
2026-03-20 10:02:15.571,gvl_HBW,bLightBarrier_HBW_outside,True,poll
2026-03-20 10:02:15.571,gvl_HBW,bReferenceSwitch_HBW_vertical,False,poll
2026-03-20 10:02:15.571,gvl_HBW,bReferenceSwitch_HBW_Cantilever_front,False,poll
2026-03-20 10:02:15.571,gvl_HBW,bReferenceSwitch_HBW_Cantilever_back,False,poll
2026-03-20 10:02:15.571,gvl_HBW,bTrailSensor_HBW_bottom,True,poll
2026-03-20 10:02:15.571,gvl_HBW,bTrailSensor_HBW_top,True,poll
2026-03-20 10:02:15.571,gvl_HBW,bEncoderImpulse_HBW_horizontal1,False,poll
2026-03-20 10:02:15.571,gvl_HBW,bEncoderImpulse_HBW_horizontal2,True,poll
2026-03-20 10:02:15.571,gvl_HBW,bEncoderImpulse_HBW_vertical1,False,poll
2026-03-20 10:02:15.571,gvl_HBW,bEncoderImpulse_HBW_vertical2,False,poll
2026-03-20 10:02:15.571,gvl_HBW,bMotor_HBW_ConveyorBelt_forward,False,poll
2026-03-20 10:02:15.571,gvl_HBW,bMotor_HBW_ConveyorBelt_backward,False,poll
2026-03-20 10:02:15.571,gvl_HBW,bMotor_HBW_StackerCrane_torack,False,poll
2026-03-20 10:02:15.571,gvl_HBW,bMotor_HBW_StackerCrane_toconveyorbelt,False,poll
2026-03-20 10:02:15.571,gvl_HBW,bMotor_HBW_StackerCrane_downward,False,poll
2026-03-20 10:02:15.571,gvl_HBW,bMotor_HBW_StackerCrane_upward,False,poll
2026-03-20 10:02:15.571,gvl_HBW,bMotor_HBW_Cantilever_forward,False,poll
2026-03-20 10:02:15.571,gvl_HBW,bMotor_HBW_Cantilever_backward,False,poll
2026-03-20 10:02:15.571,gvl_MS,bReferenceSwitch_MS_Turntable_attransferunit,False,poll
2026-03-20 10:02:15.571,gvl_MS,bReferenceSwitch_MS_Turntable_atconveyorbelt,False,poll
2026-03-20 10:02:15.571,gvl_MS,bLightBarrier_MS_conveyorbelt,False,poll
2026-03-20 10:02:15.571,gvl_MS,bReferenceSwitch_MS_Turntable_atsaw,False,poll
2026-03-20 10:02:15.571,gvl_MS,bReferenceSwitch_MS_TransferUnit_atturntable,True,poll
2026-03-20 10:02:15.571,gvl_MS,bReferenceSwitch_MS_OvenSlider_inside,False,poll
2026-03-20 10:02:15.571,gvl_MS,bReferenceSwitch_MS_OvenSlider_outside,True,poll
2026-03-20 10:02:15.571,gvl_MS,bReferenceSwitch_MS_TransferUnit_atoven,False,poll
2026-03-20 10:02:15.571,gvl_MS,bLightBarrier_MS_oven,True,poll
2026-03-20 10:02:15.571,gvl_MS,bMotor_MS_Turntable_clockwise,False,poll
2026-03-20 10:02:15.571,gvl_MS,bMotor_MS_Turntable_counterclockwise,False,poll
2026-03-20 10:02:15.571,gvl_MS,bMotor_MS_ConveyorBelt_forward,False,poll
2026-03-20 10:02:15.571,gvl_MS,bMotor_MS_Saw,False,poll
2026-03-20 10:02:15.571,gvl_MS,bMotor_MS_OvenSlider_movein,False,poll
2026-03-20 10:02:15.571,gvl_MS,bMotor_MS_OvenSlider_moveout,False,poll
2026-03-20 10:02:15.571,gvl_MS,bMotor_MS_TransferUnit_tooven,False,poll
2026-03-20 10:02:15.571,gvl_MS,bMotor_MS_TransferUnit_toturntable,False,poll
2026-03-20 10:02:15.571,gvl_MS,bLamp_MS,False,poll
2026-03-20 10:02:15.571,gvl_MS,bCompressor_MS,False,poll
2026-03-20 10:02:15.571,gvl_MS,bValve_MS_Vacuum,False,poll
2026-03-20 10:02:15.571,gvl_MS,bValve_MS_TransferUnit,False,poll
2026-03-20 10:02:15.571,gvl_MS,bValve_MS_OvenDoor,False,poll
2026-03-20 10:02:15.571,gvl_MS,bValve_MS_Ejector,False,poll
2026-03-20 10:02:15.571,gvl_PM,bLightBarrier_PM_entry,True,poll
2026-03-20 10:02:15.571,gvl_PM,bLightBarrier_PM_tool,True,poll
2026-03-20 10:02:15.571,gvl_PM,bReferenceSwitch_PM_top,False,poll
2026-03-20 10:02:15.571,gvl_PM,bReferenceSwitch_PM_bottom,True,poll
2026-03-20 10:02:15.571,gvl_PM,bMotor_PM_ConveyorBelt_forward,False,poll
2026-03-20 10:02:15.571,gvl_PM,bMotor_PM_ConveyorBelt_backward,False,poll
2026-03-20 10:02:15.571,gvl_PM,bMotor_PM_Tool_upward,False,poll
2026-03-20 10:02:15.571,gvl_PM,bMotor_PM_Tool_downward,False,poll
2026-03-20 10:02:15.571,gvl_SL,bPulseCounter_SL,False,poll
2026-03-20 10:02:15.571,gvl_SL,bLightBarrier_SL_beforecolor,True,poll
2026-03-20 10:02:15.571,gvl_SL,bLightBarrier_SL_aftercolor,True,poll
2026-03-20 10:02:15.571,gvl_SL,bLightBarrier_SL_white,True,poll
2026-03-20 10:02:15.571,gvl_SL,bLightBarrier_SL_red,True,poll
2026-03-20 10:02:15.571,gvl_SL,bLightBarrier_SL_blue,True,poll
2026-03-20 10:02:15.571,gvl_SL,iColorSensor_SL,0,poll
2026-03-20 10:02:15.571,gvl_SL,bMotor_SL_ConveyorBelt,False,poll
2026-03-20 10:02:15.571,gvl_SL,bCompressor_SL,False,poll
2026-03-20 10:02:15.571,gvl_SL,bValve_SL_white,False,poll
2026-03-20 10:02:15.571,gvl_SL,bValve_SL_red,False,poll
2026-03-20 10:02:15.571,gvl_SL,bValve_SL_blue,False,poll
2026-03-20 10:02:15.571,LocalVariables,iC_CoordH,35,poll
2026-03-20 10:02:15.571,LocalVariables,iC_CoordV,0,poll
2026-03-20 10:02:15.571,LocalVariables,iC_CoordR,35,poll
2026-03-20 10:02:15.571,LocalVariables,eC_PickingStation,0,poll
2026-03-20 10:02:15.571,LocalVariables,eC_PlacingStation,0,poll
2026-03-20 10:02:15.571,LocalVariables,iC_Coord_Picking,"[[1340, 170, 150, 445], [380, 800, 367, 435], [800, 301, 580, 800]]",poll
2026-03-20 10:02:15.571,LocalVariables,iC_Coord_Placing,"[[890, 870], [500, 1343], [180, 150]]",poll
2026-03-20 10:02:15.822,gvl_SL,iColorSensor_SL,1,event
2026-03-20 10:02:15.920,gvl_SL,iColorSensor_SL,0,event
2026-03-20 10:02:16.311,gvl_C,bReferenceSwitch_C_vertical,True,poll
2026-03-20 10:02:16.311,gvl_C,bReferenceSwitch_C_horizontal,False,poll
2026-03-20 10:02:16.311,gvl_C,bReferenceSwitch_C_rotate,False,poll
2026-03-20 10:02:16.311,gvl_C,bEncoderImpulse_C_vertical1,False,poll
2026-03-20 10:02:16.311,gvl_C,bEncoderImpulse_C_vertical2,True,poll
2026-03-20 10:02:16.311,gvl_C,bEncoderImpulse_C_horizontal1,False,poll
2026-03-20 10:02:16.311,gvl_C,bEncoderImpulse_C_horizontal2,True,poll
2026-03-20 10:02:16.311,gvl_C,bEncoderImpulse_C_rotate1,True,poll
2026-03-20 10:02:16.311,gvl_C,bEncoderImpulse_C_rotate2,False,poll
2026-03-20 10:02:16.311,gvl_C,bMotor_C_upward,False,poll
2026-03-20 10:02:16.311,gvl_C,bMotor_C_downward,False,poll
2026-03-20 10:02:16.311,gvl_C,bMotor_C_backward,False,poll
2026-03-20 10:02:16.311,gvl_C,bMotor_C_forward,False,poll
2026-03-20 10:02:16.311,gvl_C,bMotor_C_clockwise,False,poll
2026-03-20 10:02:16.311,gvl_C,bMotor_C_counterclockwise,False,poll
2026-03-20 10:02:16.311,gvl_C,bCompressor_C,False,poll
2026-03-20 10:02:16.311,gvl_C,bValve_C,False,poll
2026-03-20 10:02:16.311,gvl_HBW,bReferenceSwitch_HBW_horizontal,True,poll
2026-03-20 10:02:16.311,gvl_HBW,bLightBarrier_HBW_inside,True,poll
2026-03-20 10:02:16.311,gvl_HBW,bLightBarrier_HBW_outside,True,poll
2026-03-20 10:02:16.311,gvl_HBW,bReferenceSwitch_HBW_vertical,False,poll
2026-03-20 10:02:16.311,gvl_HBW,bReferenceSwitch_HBW_Cantilever_front,False,poll
2026-03-20 10:02:16.311,gvl_HBW,bReferenceSwitch_HBW_Cantilever_back,False,poll
2026-03-20 10:02:16.311,gvl_HBW,bTrailSensor_HBW_bottom,True,poll
2026-03-20 10:02:16.311,gvl_HBW,bTrailSensor_HBW_top,True,poll
2026-03-20 10:02:16.311,gvl_HBW,bEncoderImpulse_HBW_horizontal1,False,poll
2026-03-20 10:02:16.311,gvl_HBW,bEncoderImpulse_HBW_horizontal2,True,poll
2026-03-20 10:02:16.311,gvl_HBW,bEncoderImpulse_HBW_vertical1,False,poll
2026-03-20 10:02:16.311,gvl_HBW,bEncoderImpulse_HBW_vertical2,False,poll
2026-03-20 10:02:16.311,gvl_HBW,bMotor_HBW_ConveyorBelt_forward,False,poll
2026-03-20 10:02:16.311,gvl_HBW,bMotor_HBW_ConveyorBelt_backward,False,poll
2026-03-20 10:02:16.311,gvl_HBW,bMotor_HBW_StackerCrane_torack,False,poll
2026-03-20 10:02:16.311,gvl_HBW,bMotor_HBW_StackerCrane_toconveyorbelt,False,poll
2026-03-20 10:02:16.311,gvl_HBW,bMotor_HBW_StackerCrane_downward,False,poll
2026-03-20 10:02:16.311,gvl_HBW,bMotor_HBW_StackerCrane_upward,False,poll
2026-03-20 10:02:16.311,gvl_HBW,bMotor_HBW_Cantilever_forward,False,poll
2026-03-20 10:02:16.311,gvl_HBW,bMotor_HBW_Cantilever_backward,False,poll
2026-03-20 10:02:16.311,gvl_MS,bReferenceSwitch_MS_Turntable_attransferunit,False,poll
2026-03-20 10:02:16.311,gvl_MS,bReferenceSwitch_MS_Turntable_atconveyorbelt,False,poll
2026-03-20 10:02:16.311,gvl_MS,bLightBarrier_MS_conveyorbelt,False,poll
2026-03-20 10:02:16.311,gvl_MS,bReferenceSwitch_MS_Turntable_atsaw,False,poll
2026-03-20 10:02:16.311,gvl_MS,bReferenceSwitch_MS_TransferUnit_atturntable,True,poll
2026-03-20 10:02:16.311,gvl_MS,bReferenceSwitch_MS_OvenSlider_inside,False,poll
2026-03-20 10:02:16.311,gvl_MS,bReferenceSwitch_MS_OvenSlider_outside,True,poll
2026-03-20 10:02:16.311,gvl_MS,bReferenceSwitch_MS_TransferUnit_atoven,False,poll
2026-03-20 10:02:16.311,gvl_MS,bLightBarrier_MS_oven,True,poll
2026-03-20 10:02:16.311,gvl_MS,bMotor_MS_Turntable_clockwise,False,poll
2026-03-20 10:02:16.311,gvl_MS,bMotor_MS_Turntable_counterclockwise,False,poll
2026-03-20 10:02:16.311,gvl_MS,bMotor_MS_ConveyorBelt_forward,False,poll
2026-03-20 10:02:16.311,gvl_MS,bMotor_MS_Saw,False,poll
2026-03-20 10:02:16.311,gvl_MS,bMotor_MS_OvenSlider_movein,False,poll
2026-03-20 10:02:16.311,gvl_MS,bMotor_MS_OvenSlider_moveout,False,poll
2026-03-20 10:02:16.311,gvl_MS,bMotor_MS_TransferUnit_tooven,False,poll
2026-03-20 10:02:16.311,gvl_MS,bMotor_MS_TransferUnit_toturntable,False,poll
2026-03-20 10:02:16.311,gvl_MS,bLamp_MS,False,poll
2026-03-20 10:02:16.311,gvl_MS,bCompressor_MS,False,poll
2026-03-20 10:02:16.311,gvl_MS,bValve_MS_Vacuum,False,poll
2026-03-20 10:02:16.311,gvl_MS,bValve_MS_TransferUnit,False,poll
2026-03-20 10:02:16.311,gvl_MS,bValve_MS_OvenDoor,False,poll
2026-03-20 10:02:16.311,gvl_MS,bValve_MS_Ejector,False,poll
2026-03-20 10:02:16.311,gvl_PM,bLightBarrier_PM_entry,True,poll
2026-03-20 10:02:16.311,gvl_PM,bLightBarrier_PM_tool,True,poll
2026-03-20 10:02:16.311,gvl_PM,bReferenceSwitch_PM_top,False,poll
2026-03-20 10:02:16.311,gvl_PM,bReferenceSwitch_PM_bottom,True,poll
2026-03-20 10:02:16.311,gvl_PM,bMotor_PM_ConveyorBelt_forward,False,poll
2026-03-20 10:02:16.311,gvl_PM,bMotor_PM_ConveyorBelt_backward,False,poll
2026-03-20 10:02:16.311,gvl_PM,bMotor_PM_Tool_upward,False,poll
2026-03-20 10:02:16.311,gvl_PM,bMotor_PM_Tool_downward,False,poll
2026-03-20 10:02:16.311,gvl_SL,bPulseCounter_SL,False,poll
2026-03-20 10:02:16.311,gvl_SL,bLightBarrier_SL_beforecolor,True,poll
2026-03-20 10:02:16.311,gvl_SL,bLightBarrier_SL_aftercolor,True,poll
2026-03-20 10:02:16.311,gvl_SL,bLightBarrier_SL_white,True,poll
2026-03-20 10:02:16.311,gvl_SL,bLightBarrier_SL_red,True,poll
2026-03-20 10:02:16.311,gvl_SL,bLightBarrier_SL_blue,True,poll
2026-03-20 10:02:16.311,gvl_SL,iColorSensor_SL,0,poll
2026-03-20 10:02:16.311,gvl_SL,bMotor_SL_ConveyorBelt,False,poll
2026-03-20 10:02:16.311,gvl_SL,bCompressor_SL,False,poll
2026-03-20 10:02:16.311,gvl_SL,bValve_SL_white,False,poll
2026-03-20 10:02:16.311,gvl_SL,bValve_SL_red,False,poll
2026-03-20 10:02:16.311,gvl_SL,bValve_SL_blue,False,poll
2026-03-20 10:02:16.311,LocalVariables,iC_CoordH,35,poll
2026-03-20 10:02:16.311,LocalVariables,iC_CoordV,0,poll
2026-03-20 10:02:16.311,LocalVariables,iC_CoordR,35,poll
2026-03-20 10:02:16.311,LocalVariables,eC_PickingStation,0,poll
2026-03-20 10:02:16.311,LocalVariables,eC_PlacingStation,0,poll
2026-03-20 10:02:16.311,LocalVariables,iC_Coord_Picking,"[[1340, 170, 150, 445], [380, 800, 367, 435], [800, 301, 580, 800]]",poll
2026-03-20 10:02:16.311,LocalVariables,iC_Coord_Placing,"[[890, 870], [500, 1343], [180, 150]]",poll
2026-03-20 10:02:16.822,gvl_SL,iColorSensor_SL,1,event
2026-03-20 10:02:16.919,gvl_SL,iColorSensor_SL,0,event
2026-03-20 10:02:17.056,gvl_C,bReferenceSwitch_C_vertical,True,poll
2026-03-20 10:02:17.056,gvl_C,bReferenceSwitch_C_horizontal,False,poll
2026-03-20 10:02:17.056,gvl_C,bReferenceSwitch_C_rotate,False,poll
2026-03-20 10:02:17.056,gvl_C,bEncoderImpulse_C_vertical1,False,poll
2026-03-20 10:02:17.056,gvl_C,bEncoderImpulse_C_vertical2,True,poll
2026-03-20 10:02:17.056,gvl_C,bEncoderImpulse_C_horizontal1,False,poll
2026-03-20 10:02:17.056,gvl_C,bEncoderImpulse_C_horizontal2,True,poll
2026-03-20 10:02:17.056,gvl_C,bEncoderImpulse_C_rotate1,True,poll
2026-03-20 10:02:17.056,gvl_C,bEncoderImpulse_C_rotate2,False,poll
2026-03-20 10:02:17.056,gvl_C,bMotor_C_upward,False,poll
2026-03-20 10:02:17.056,gvl_C,bMotor_C_downward,False,poll
2026-03-20 10:02:17.056,gvl_C,bMotor_C_backward,False,poll
2026-03-20 10:02:17.056,gvl_C,bMotor_C_forward,False,poll
2026-03-20 10:02:17.056,gvl_C,bMotor_C_clockwise,False,poll
2026-03-20 10:02:17.056,gvl_C,bMotor_C_counterclockwise,False,poll
2026-03-20 10:02:17.056,gvl_C,bCompressor_C,False,poll
2026-03-20 10:02:17.056,gvl_C,bValve_C,False,poll
2026-03-20 10:02:17.056,gvl_HBW,bReferenceSwitch_HBW_horizontal,True,poll
2026-03-20 10:02:17.056,gvl_HBW,bLightBarrier_HBW_inside,True,poll
2026-03-20 10:02:17.056,gvl_HBW,bLightBarrier_HBW_outside,True,poll
2026-03-20 10:02:17.056,gvl_HBW,bReferenceSwitch_HBW_vertical,False,poll
2026-03-20 10:02:17.056,gvl_HBW,bReferenceSwitch_HBW_Cantilever_front,False,poll
2026-03-20 10:02:17.120,gvl_SL,iColorSensor_SL,1,event
2026-03-20 10:02:17.056,gvl_HBW,bReferenceSwitch_HBW_Cantilever_back,False,poll
2026-03-20 10:02:17.056,gvl_HBW,bTrailSensor_HBW_bottom,True,poll
2026-03-20 10:02:17.056,gvl_HBW,bTrailSensor_HBW_top,True,poll
2026-03-20 10:02:17.056,gvl_HBW,bEncoderImpulse_HBW_horizontal1,False,poll
2026-03-20 10:02:17.056,gvl_HBW,bEncoderImpulse_HBW_horizontal2,True,poll
2026-03-20 10:02:17.056,gvl_HBW,bEncoderImpulse_HBW_vertical1,False,poll
2026-03-20 10:02:17.056,gvl_HBW,bEncoderImpulse_HBW_vertical2,False,poll
2026-03-20 10:02:17.056,gvl_HBW,bMotor_HBW_ConveyorBelt_forward,False,poll
2026-03-20 10:02:17.056,gvl_HBW,bMotor_HBW_ConveyorBelt_backward,False,poll
2026-03-20 10:02:17.056,gvl_HBW,bMotor_HBW_StackerCrane_torack,False,poll
2026-03-20 10:02:17.056,gvl_HBW,bMotor_HBW_StackerCrane_toconveyorbelt,False,poll
2026-03-20 10:02:17.056,gvl_HBW,bMotor_HBW_StackerCrane_downward,False,poll
2026-03-20 10:02:17.056,gvl_HBW,bMotor_HBW_StackerCrane_upward,False,poll
2026-03-20 10:02:17.056,gvl_HBW,bMotor_HBW_Cantilever_forward,False,poll
2026-03-20 10:02:17.056,gvl_HBW,bMotor_HBW_Cantilever_backward,False,poll
2026-03-20 10:02:17.056,gvl_MS,bReferenceSwitch_MS_Turntable_attransferunit,False,poll
2026-03-20 10:02:17.056,gvl_MS,bReferenceSwitch_MS_Turntable_atconveyorbelt,False,poll
2026-03-20 10:02:17.056,gvl_MS,bLightBarrier_MS_conveyorbelt,False,poll
2026-03-20 10:02:17.056,gvl_MS,bReferenceSwitch_MS_Turntable_atsaw,False,poll
2026-03-20 10:02:17.056,gvl_MS,bReferenceSwitch_MS_TransferUnit_atturntable,True,poll
2026-03-20 10:02:17.056,gvl_MS,bReferenceSwitch_MS_OvenSlider_inside,False,poll
2026-03-20 10:02:17.056,gvl_MS,bReferenceSwitch_MS_OvenSlider_outside,True,poll
2026-03-20 10:02:17.056,gvl_MS,bReferenceSwitch_MS_TransferUnit_atoven,False,poll
2026-03-20 10:02:17.056,gvl_MS,bLightBarrier_MS_oven,True,poll
2026-03-20 10:02:17.056,gvl_MS,bMotor_MS_Turntable_clockwise,False,poll
2026-03-20 10:02:17.056,gvl_MS,bMotor_MS_Turntable_counterclockwise,False,poll
2026-03-20 10:02:17.056,gvl_MS,bMotor_MS_ConveyorBelt_forward,False,poll
2026-03-20 10:02:17.056,gvl_MS,bMotor_MS_Saw,False,poll
2026-03-20 10:02:17.056,gvl_MS,bMotor_MS_OvenSlider_movein,False,poll
2026-03-20 10:02:17.056,gvl_MS,bMotor_MS_OvenSlider_moveout,False,poll
2026-03-20 10:02:17.056,gvl_MS,bMotor_MS_TransferUnit_tooven,False,poll
2026-03-20 10:02:17.056,gvl_MS,bMotor_MS_TransferUnit_toturntable,False,poll
2026-03-20 10:02:17.056,gvl_MS,bLamp_MS,False,poll
2026-03-20 10:02:17.056,gvl_MS,bCompressor_MS,False,poll
2026-03-20 10:02:17.056,gvl_MS,bValve_MS_Vacuum,False,poll
2026-03-20 10:02:17.220,gvl_SL,iColorSensor_SL,0,event
2026-03-20 10:02:17.056,gvl_MS,bValve_MS_TransferUnit,False,poll
2026-03-20 10:02:17.056,gvl_MS,bValve_MS_OvenDoor,False,poll
2026-03-20 10:02:17.056,gvl_MS,bValve_MS_Ejector,False,poll
2026-03-20 10:02:17.056,gvl_PM,bLightBarrier_PM_entry,True,poll
2026-03-20 10:02:17.056,gvl_PM,bLightBarrier_PM_tool,True,poll
2026-03-20 10:02:17.056,gvl_PM,bReferenceSwitch_PM_top,False,poll
2026-03-20 10:02:17.056,gvl_PM,bReferenceSwitch_PM_bottom,True,poll
2026-03-20 10:02:17.056,gvl_PM,bMotor_PM_ConveyorBelt_forward,False,poll
2026-03-20 10:02:17.056,gvl_PM,bMotor_PM_ConveyorBelt_backward,False,poll
2026-03-20 10:02:17.056,gvl_PM,bMotor_PM_Tool_upward,False,poll
2026-03-20 10:02:17.056,gvl_PM,bMotor_PM_Tool_downward,False,poll
2026-03-20 10:02:17.056,gvl_SL,bPulseCounter_SL,False,poll
2026-03-20 10:02:17.056,gvl_SL,bLightBarrier_SL_beforecolor,True,poll
2026-03-20 10:02:17.056,gvl_SL,bLightBarrier_SL_aftercolor,True,poll
2026-03-20 10:02:17.056,gvl_SL,bLightBarrier_SL_white,True,poll
2026-03-20 10:02:17.056,gvl_SL,bLightBarrier_SL_red,True,poll
2026-03-20 10:02:17.056,gvl_SL,bLightBarrier_SL_blue,True,poll
2026-03-20 10:02:17.056,gvl_SL,iColorSensor_SL,0,poll
2026-03-20 10:02:17.056,gvl_SL,bMotor_SL_ConveyorBelt,False,poll
2026-03-20 10:02:17.056,gvl_SL,bCompressor_SL,False,poll
2026-03-20 10:02:17.056,gvl_SL,bValve_SL_white,False,poll
2026-03-20 10:02:17.056,gvl_SL,bValve_SL_red,False,poll
2026-03-20 10:02:17.056,gvl_SL,bValve_SL_blue,False,poll
2026-03-20 10:02:17.056,LocalVariables,iC_CoordH,35,poll
2026-03-20 10:02:17.056,LocalVariables,iC_CoordV,0,poll
2026-03-20 10:02:17.056,LocalVariables,iC_CoordR,35,poll
2026-03-20 10:02:17.056,LocalVariables,eC_PickingStation,0,poll
2026-03-20 10:02:17.056,LocalVariables,eC_PlacingStation,0,poll
2026-03-20 10:02:17.056,LocalVariables,iC_Coord_Picking,"[[1340, 170, 150, 445], [380, 800, 367, 435], [800, 301, 580, 800]]",poll
2026-03-20 10:02:17.056,LocalVariables,iC_Coord_Placing,"[[890, 870], [500, 1343], [180, 150]]",poll
2026-03-20 10:02:17.322,gvl_SL,iColorSensor_SL,1,event
2026-03-20 10:02:17.419,gvl_SL,iColorSensor_SL,0,event
2026-03-20 10:02:17.802,gvl_C,bReferenceSwitch_C_vertical,True,poll
2026-03-20 10:02:17.802,gvl_C,bReferenceSwitch_C_horizontal,False,poll
2026-03-20 10:02:17.802,gvl_C,bReferenceSwitch_C_rotate,False,poll
2026-03-20 10:02:17.802,gvl_C,bEncoderImpulse_C_vertical1,False,poll
2026-03-20 10:02:17.802,gvl_C,bEncoderImpulse_C_vertical2,True,poll
2026-03-20 10:02:17.821,gvl_SL,iColorSensor_SL,1,event
2026-03-20 10:02:17.802,gvl_C,bEncoderImpulse_C_horizontal1,False,poll
2026-03-20 10:02:17.802,gvl_C,bEncoderImpulse_C_horizontal2,True,poll
2026-03-20 10:02:17.802,gvl_C,bEncoderImpulse_C_rotate1,True,poll
2026-03-20 10:02:17.802,gvl_C,bEncoderImpulse_C_rotate2,False,poll
2026-03-20 10:02:17.802,gvl_C,bMotor_C_upward,False,poll
2026-03-20 10:02:17.802,gvl_C,bMotor_C_downward,False,poll
2026-03-20 10:02:17.802,gvl_C,bMotor_C_backward,False,poll
2026-03-20 10:02:17.802,gvl_C,bMotor_C_forward,False,poll
2026-03-20 10:02:17.802,gvl_C,bMotor_C_clockwise,False,poll
2026-03-20 10:02:17.802,gvl_C,bMotor_C_counterclockwise,False,poll
2026-03-20 10:02:17.802,gvl_C,bCompressor_C,False,poll
2026-03-20 10:02:17.802,gvl_C,bValve_C,False,poll
2026-03-20 10:02:17.802,gvl_HBW,bReferenceSwitch_HBW_horizontal,True,poll
2026-03-20 10:02:17.802,gvl_HBW,bLightBarrier_HBW_inside,True,poll
2026-03-20 10:02:17.802,gvl_HBW,bLightBarrier_HBW_outside,True,poll
2026-03-20 10:02:17.802,gvl_HBW,bReferenceSwitch_HBW_vertical,False,poll
2026-03-20 10:02:17.802,gvl_HBW,bReferenceSwitch_HBW_Cantilever_front,False,poll
2026-03-20 10:02:17.802,gvl_HBW,bReferenceSwitch_HBW_Cantilever_back,False,poll
2026-03-20 10:02:17.802,gvl_HBW,bTrailSensor_HBW_bottom,True,poll
2026-03-20 10:02:17.802,gvl_HBW,bTrailSensor_HBW_top,True,poll
2026-03-20 10:02:17.802,gvl_HBW,bEncoderImpulse_HBW_horizontal1,False,poll
2026-03-20 10:02:17.802,gvl_HBW,bEncoderImpulse_HBW_horizontal2,True,poll
2026-03-20 10:02:17.802,gvl_HBW,bEncoderImpulse_HBW_vertical1,False,poll
2026-03-20 10:02:17.802,gvl_HBW,bEncoderImpulse_HBW_vertical2,False,poll
2026-03-20 10:02:17.802,gvl_HBW,bMotor_HBW_ConveyorBelt_forward,False,poll
2026-03-20 10:02:17.802,gvl_HBW,bMotor_HBW_ConveyorBelt_backward,False,poll
2026-03-20 10:02:17.802,gvl_HBW,bMotor_HBW_StackerCrane_torack,False,poll
2026-03-20 10:02:17.802,gvl_HBW,bMotor_HBW_StackerCrane_toconveyorbelt,False,poll
2026-03-20 10:02:17.802,gvl_HBW,bMotor_HBW_StackerCrane_downward,False,poll
2026-03-20 10:02:17.802,gvl_HBW,bMotor_HBW_StackerCrane_upward,False,poll
2026-03-20 10:02:17.802,gvl_HBW,bMotor_HBW_Cantilever_forward,False,poll
2026-03-20 10:02:17.802,gvl_HBW,bMotor_HBW_Cantilever_backward,False,poll
2026-03-20 10:02:17.802,gvl_MS,bReferenceSwitch_MS_Turntable_attransferunit,False,poll
2026-03-20 10:02:17.802,gvl_MS,bReferenceSwitch_MS_Turntable_atconveyorbelt,False,poll
2026-03-20 10:02:17.802,gvl_MS,bLightBarrier_MS_conveyorbelt,False,poll
2026-03-20 10:02:17.802,gvl_MS,bReferenceSwitch_MS_Turntable_atsaw,False,poll
2026-03-20 10:02:17.802,gvl_MS,bReferenceSwitch_MS_TransferUnit_atturntable,True,poll
2026-03-20 10:02:17.802,gvl_MS,bReferenceSwitch_MS_OvenSlider_inside,False,poll
2026-03-20 10:02:17.802,gvl_MS,bReferenceSwitch_MS_OvenSlider_outside,True,poll
2026-03-20 10:02:17.802,gvl_MS,bReferenceSwitch_MS_TransferUnit_atoven,False,poll
2026-03-20 10:02:17.802,gvl_MS,bLightBarrier_MS_oven,True,poll
2026-03-20 10:02:17.802,gvl_MS,bMotor_MS_Turntable_clockwise,False,poll
2026-03-20 10:02:17.802,gvl_MS,bMotor_MS_Turntable_counterclockwise,False,poll
2026-03-20 10:02:17.802,gvl_MS,bMotor_MS_ConveyorBelt_forward,False,poll
2026-03-20 10:02:17.802,gvl_MS,bMotor_MS_Saw,False,poll
2026-03-20 10:02:17.919,gvl_SL,iColorSensor_SL,0,event
2026-03-20 10:02:17.802,gvl_MS,bMotor_MS_OvenSlider_movein,False,poll
2026-03-20 10:02:17.802,gvl_MS,bMotor_MS_OvenSlider_moveout,False,poll
2026-03-20 10:02:17.802,gvl_MS,bMotor_MS_TransferUnit_tooven,False,poll
2026-03-20 10:02:17.802,gvl_MS,bMotor_MS_TransferUnit_toturntable,False,poll
2026-03-20 10:02:17.802,gvl_MS,bLamp_MS,False,poll
2026-03-20 10:02:17.802,gvl_MS,bCompressor_MS,False,poll
2026-03-20 10:02:17.802,gvl_MS,bValve_MS_Vacuum,False,poll
2026-03-20 10:02:17.802,gvl_MS,bValve_MS_TransferUnit,False,poll
2026-03-20 10:02:17.802,gvl_MS,bValve_MS_OvenDoor,False,poll
2026-03-20 10:02:17.802,gvl_MS,bValve_MS_Ejector,False,poll
2026-03-20 10:02:17.802,gvl_PM,bLightBarrier_PM_entry,True,poll
2026-03-20 10:02:17.802,gvl_PM,bLightBarrier_PM_tool,True,poll
2026-03-20 10:02:17.802,gvl_PM,bReferenceSwitch_PM_top,False,poll
2026-03-20 10:02:17.802,gvl_PM,bReferenceSwitch_PM_bottom,True,poll
2026-03-20 10:02:17.802,gvl_PM,bMotor_PM_ConveyorBelt_forward,False,poll
2026-03-20 10:02:17.802,gvl_PM,bMotor_PM_ConveyorBelt_backward,False,poll
2026-03-20 10:02:17.802,gvl_PM,bMotor_PM_Tool_upward,False,poll
2026-03-20 10:02:17.802,gvl_PM,bMotor_PM_Tool_downward,False,poll
2026-03-20 10:02:17.802,gvl_SL,bPulseCounter_SL,False,poll
2026-03-20 10:02:17.802,gvl_SL,bLightBarrier_SL_beforecolor,True,poll
2026-03-20 10:02:17.802,gvl_SL,bLightBarrier_SL_aftercolor,True,poll
2026-03-20 10:02:17.802,gvl_SL,bLightBarrier_SL_white,True,poll
2026-03-20 10:02:17.802,gvl_SL,bLightBarrier_SL_red,True,poll
2026-03-20 10:02:17.802,gvl_SL,bLightBarrier_SL_blue,True,poll
2026-03-20 10:02:17.802,gvl_SL,iColorSensor_SL,0,poll
2026-03-20 10:02:17.802,gvl_SL,bMotor_SL_ConveyorBelt,False,poll
2026-03-20 10:02:17.802,gvl_SL,bCompressor_SL,False,poll
2026-03-20 10:02:17.802,gvl_SL,bValve_SL_white,False,poll
2026-03-20 10:02:17.802,gvl_SL,bValve_SL_red,False,poll
2026-03-20 10:02:17.802,gvl_SL,bValve_SL_blue,False,poll
2026-03-20 10:02:17.802,LocalVariables,iC_CoordH,35,poll
2026-03-20 10:02:17.802,LocalVariables,iC_CoordV,0,poll
2026-03-20 10:02:17.802,LocalVariables,iC_CoordR,35,poll
2026-03-20 10:02:17.802,LocalVariables,eC_PickingStation,0,poll
2026-03-20 10:02:17.802,LocalVariables,eC_PlacingStation,0,poll
2026-03-20 10:02:17.802,LocalVariables,iC_Coord_Picking,"[[1340, 170, 150, 445], [380, 800, 367, 435], [800, 301, 580, 800]]",poll
2026-03-20 10:02:17.802,LocalVariables,iC_Coord_Placing,"[[890, 870], [500, 1343], [180, 150]]",poll
2026-03-20 10:02:18.220,gvl_SL,iColorSensor_SL,1,event
2026-03-20 10:02:18.323,gvl_SL,iColorSensor_SL,0,event
2026-03-20 10:02:18.419,gvl_SL,iColorSensor_SL,1,event
2026-03-20 10:02:18.504,gvl_C,bReferenceSwitch_C_vertical,True,poll
2026-03-20 10:02:18.504,gvl_C,bReferenceSwitch_C_horizontal,False,poll
2026-03-20 10:02:18.504,gvl_C,bReferenceSwitch_C_rotate,False,poll
2026-03-20 10:02:18.504,gvl_C,bEncoderImpulse_C_vertical1,False,poll
2026-03-20 10:02:18.504,gvl_C,bEncoderImpulse_C_vertical2,True,poll
2026-03-20 10:02:18.504,gvl_C,bEncoderImpulse_C_horizontal1,False,poll
2026-03-20 10:02:18.522,gvl_SL,iColorSensor_SL,0,event
2026-03-20 10:02:18.504,gvl_C,bEncoderImpulse_C_horizontal2,True,poll
2026-03-20 10:02:18.504,gvl_C,bEncoderImpulse_C_rotate1,True,poll
2026-03-20 10:02:18.504,gvl_C,bEncoderImpulse_C_rotate2,False,poll
2026-03-20 10:02:18.504,gvl_C,bMotor_C_upward,False,poll
2026-03-20 10:02:18.504,gvl_C,bMotor_C_downward,False,poll
2026-03-20 10:02:18.504,gvl_C,bMotor_C_backward,False,poll
2026-03-20 10:02:18.504,gvl_C,bMotor_C_forward,False,poll
2026-03-20 10:02:18.504,gvl_C,bMotor_C_clockwise,False,poll
2026-03-20 10:02:18.504,gvl_C,bMotor_C_counterclockwise,False,poll
2026-03-20 10:02:18.504,gvl_C,bCompressor_C,False,poll
2026-03-20 10:02:18.504,gvl_C,bValve_C,False,poll
2026-03-20 10:02:18.504,gvl_HBW,bReferenceSwitch_HBW_horizontal,True,poll
2026-03-20 10:02:18.504,gvl_HBW,bLightBarrier_HBW_inside,True,poll
2026-03-20 10:02:18.504,gvl_HBW,bLightBarrier_HBW_outside,True,poll
2026-03-20 10:02:18.504,gvl_HBW,bReferenceSwitch_HBW_vertical,False,poll
2026-03-20 10:02:18.504,gvl_HBW,bReferenceSwitch_HBW_Cantilever_front,False,poll
2026-03-20 10:02:18.504,gvl_HBW,bReferenceSwitch_HBW_Cantilever_back,False,poll
2026-03-20 10:02:18.504,gvl_HBW,bTrailSensor_HBW_bottom,True,poll
2026-03-20 10:02:18.504,gvl_HBW,bTrailSensor_HBW_top,True,poll
2026-03-20 10:02:18.504,gvl_HBW,bEncoderImpulse_HBW_horizontal1,False,poll
2026-03-20 10:02:18.504,gvl_HBW,bEncoderImpulse_HBW_horizontal2,True,poll
2026-03-20 10:02:18.504,gvl_HBW,bEncoderImpulse_HBW_vertical1,False,poll
2026-03-20 10:02:18.504,gvl_HBW,bEncoderImpulse_HBW_vertical2,False,poll
2026-03-20 10:02:18.504,gvl_HBW,bMotor_HBW_ConveyorBelt_forward,False,poll
2026-03-20 10:02:18.504,gvl_HBW,bMotor_HBW_ConveyorBelt_backward,False,poll
2026-03-20 10:02:18.504,gvl_HBW,bMotor_HBW_StackerCrane_torack,False,poll
2026-03-20 10:02:18.504,gvl_HBW,bMotor_HBW_StackerCrane_toconveyorbelt,False,poll
2026-03-20 10:02:18.504,gvl_HBW,bMotor_HBW_StackerCrane_downward,False,poll
2026-03-20 10:02:18.504,gvl_HBW,bMotor_HBW_StackerCrane_upward,False,poll
2026-03-20 10:02:18.504,gvl_HBW,bMotor_HBW_Cantilever_forward,False,poll
2026-03-20 10:02:18.504,gvl_HBW,bMotor_HBW_Cantilever_backward,False,poll
2026-03-20 10:02:18.504,gvl_MS,bReferenceSwitch_MS_Turntable_attransferunit,False,poll
2026-03-20 10:02:18.504,gvl_MS,bReferenceSwitch_MS_Turntable_atconveyorbelt,False,poll
2026-03-20 10:02:18.504,gvl_MS,bLightBarrier_MS_conveyorbelt,False,poll
2026-03-20 10:02:18.504,gvl_MS,bReferenceSwitch_MS_Turntable_atsaw,False,poll
2026-03-20 10:02:18.504,gvl_MS,bReferenceSwitch_MS_TransferUnit_atturntable,True,poll
2026-03-20 10:02:18.504,gvl_MS,bReferenceSwitch_MS_OvenSlider_inside,False,poll
2026-03-20 10:02:18.504,gvl_MS,bReferenceSwitch_MS_OvenSlider_outside,True,poll
2026-03-20 10:02:18.504,gvl_MS,bReferenceSwitch_MS_TransferUnit_atoven,False,poll
2026-03-20 10:02:18.504,gvl_MS,bLightBarrier_MS_oven,True,poll
2026-03-20 10:02:18.504,gvl_MS,bMotor_MS_Turntable_clockwise,False,poll
2026-03-20 10:02:18.504,gvl_MS,bMotor_MS_Turntable_counterclockwise,False,poll
2026-03-20 10:02:18.504,gvl_MS,bMotor_MS_ConveyorBelt_forward,False,poll
2026-03-20 10:02:18.504,gvl_MS,bMotor_MS_Saw,False,poll
2026-03-20 10:02:18.504,gvl_MS,bMotor_MS_OvenSlider_movein,False,poll
2026-03-20 10:02:18.504,gvl_MS,bMotor_MS_OvenSlider_moveout,False,poll
2026-03-20 10:02:18.504,gvl_MS,bMotor_MS_TransferUnit_tooven,False,poll
2026-03-20 10:02:18.504,gvl_MS,bMotor_MS_TransferUnit_toturntable,False,poll
2026-03-20 10:02:18.504,gvl_MS,bLamp_MS,False,poll
2026-03-20 10:02:18.504,gvl_MS,bCompressor_MS,False,poll
2026-03-20 10:02:18.504,gvl_MS,bValve_MS_Vacuum,False,poll
2026-03-20 10:02:18.504,gvl_MS,bValve_MS_TransferUnit,False,poll
2026-03-20 10:02:18.504,gvl_MS,bValve_MS_OvenDoor,False,poll
2026-03-20 10:02:18.504,gvl_MS,bValve_MS_Ejector,False,poll
2026-03-20 10:02:18.504,gvl_PM,bLightBarrier_PM_entry,True,poll
2026-03-20 10:02:18.504,gvl_PM,bLightBarrier_PM_tool,True,poll
2026-03-20 10:02:18.504,gvl_PM,bReferenceSwitch_PM_top,False,poll
2026-03-20 10:02:18.504,gvl_PM,bReferenceSwitch_PM_bottom,True,poll
2026-03-20 10:02:18.504,gvl_PM,bMotor_PM_ConveyorBelt_forward,False,poll
2026-03-20 10:02:18.504,gvl_PM,bMotor_PM_ConveyorBelt_backward,False,poll
2026-03-20 10:02:18.504,gvl_PM,bMotor_PM_Tool_upward,False,poll
2026-03-20 10:02:18.504,gvl_PM,bMotor_PM_Tool_downward,False,poll
2026-03-20 10:02:18.504,gvl_SL,bPulseCounter_SL,False,poll
2026-03-20 10:02:18.504,gvl_SL,bLightBarrier_SL_beforecolor,True,poll
2026-03-20 10:02:18.504,gvl_SL,bLightBarrier_SL_aftercolor,True,poll
2026-03-20 10:02:18.504,gvl_SL,bLightBarrier_SL_white,True,poll
2026-03-20 10:02:18.504,gvl_SL,bLightBarrier_SL_red,True,poll
2026-03-20 10:02:18.720,gvl_SL,iColorSensor_SL,1,event
2026-03-20 10:02:18.504,gvl_SL,bLightBarrier_SL_blue,True,poll
2026-03-20 10:02:18.504,gvl_SL,iColorSensor_SL,0,poll
2026-03-20 10:02:18.504,gvl_SL,bMotor_SL_ConveyorBelt,False,poll
2026-03-20 10:02:18.504,gvl_SL,bCompressor_SL,False,poll
2026-03-20 10:02:18.504,gvl_SL,bValve_SL_white,False,poll
2026-03-20 10:02:18.504,gvl_SL,bValve_SL_red,False,poll
2026-03-20 10:02:18.504,gvl_SL,bValve_SL_blue,False,poll
2026-03-20 10:02:18.504,LocalVariables,iC_CoordH,35,poll
2026-03-20 10:02:18.504,LocalVariables,iC_CoordV,0,poll
2026-03-20 10:02:18.504,LocalVariables,iC_CoordR,35,poll
2026-03-20 10:02:18.504,LocalVariables,eC_PickingStation,0,poll
2026-03-20 10:02:18.504,LocalVariables,eC_PlacingStation,0,poll
2026-03-20 10:02:18.504,LocalVariables,iC_Coord_Picking,"[[1340, 170, 150, 445], [380, 800, 367, 435], [800, 301, 580, 800]]",poll
2026-03-20 10:02:18.504,LocalVariables,iC_Coord_Placing,"[[890, 870], [500, 1343], [180, 150]]",poll
2026-03-20 10:02:18.822,gvl_SL,iColorSensor_SL,0,event
2026-03-20 10:02:19.261,gvl_C,bReferenceSwitch_C_vertical,True,poll
2026-03-20 10:02:19.261,gvl_C,bReferenceSwitch_C_horizontal,False,poll
2026-03-20 10:02:19.261,gvl_C,bReferenceSwitch_C_rotate,False,poll
2026-03-20 10:02:19.261,gvl_C,bEncoderImpulse_C_vertical1,False,poll
2026-03-20 10:02:19.261,gvl_C,bEncoderImpulse_C_vertical2,True,poll
2026-03-20 10:02:19.261,gvl_C,bEncoderImpulse_C_horizontal1,False,poll
2026-03-20 10:02:19.261,gvl_C,bEncoderImpulse_C_horizontal2,True,poll
2026-03-20 10:02:19.261,gvl_C,bEncoderImpulse_C_rotate1,True,poll
2026-03-20 10:02:19.261,gvl_C,bEncoderImpulse_C_rotate2,False,poll
2026-03-20 10:02:19.261,gvl_C,bMotor_C_upward,False,poll
2026-03-20 10:02:19.261,gvl_C,bMotor_C_downward,False,poll
2026-03-20 10:02:19.261,gvl_C,bMotor_C_backward,False,poll
2026-03-20 10:02:19.261,gvl_C,bMotor_C_forward,False,poll
2026-03-20 10:02:19.261,gvl_C,bMotor_C_clockwise,False,poll
2026-03-20 10:02:19.261,gvl_C,bMotor_C_counterclockwise,False,poll
2026-03-20 10:02:19.261,gvl_C,bCompressor_C,False,poll
2026-03-20 10:02:19.261,gvl_C,bValve_C,False,poll
2026-03-20 10:02:19.261,gvl_HBW,bReferenceSwitch_HBW_horizontal,True,poll
2026-03-20 10:02:19.261,gvl_HBW,bLightBarrier_HBW_inside,True,poll
2026-03-20 10:02:19.261,gvl_HBW,bLightBarrier_HBW_outside,True,poll
2026-03-20 10:02:19.261,gvl_HBW,bReferenceSwitch_HBW_vertical,False,poll
2026-03-20 10:02:19.261,gvl_HBW,bReferenceSwitch_HBW_Cantilever_front,False,poll
2026-03-20 10:02:19.261,gvl_HBW,bReferenceSwitch_HBW_Cantilever_back,False,poll
2026-03-20 10:02:19.261,gvl_HBW,bTrailSensor_HBW_bottom,True,poll
2026-03-20 10:02:19.261,gvl_HBW,bTrailSensor_HBW_top,True,poll
2026-03-20 10:02:19.261,gvl_HBW,bEncoderImpulse_HBW_horizontal1,False,poll
2026-03-20 10:02:19.261,gvl_HBW,bEncoderImpulse_HBW_horizontal2,True,poll
2026-03-20 10:02:19.261,gvl_HBW,bEncoderImpulse_HBW_vertical1,False,poll
2026-03-20 10:02:19.261,gvl_HBW,bEncoderImpulse_HBW_vertical2,False,poll
2026-03-20 10:02:19.261,gvl_HBW,bMotor_HBW_ConveyorBelt_forward,False,poll
2026-03-20 10:02:19.261,gvl_HBW,bMotor_HBW_ConveyorBelt_backward,False,poll
2026-03-20 10:02:19.261,gvl_HBW,bMotor_HBW_StackerCrane_torack,False,poll
2026-03-20 10:02:19.261,gvl_HBW,bMotor_HBW_StackerCrane_toconveyorbelt,False,poll
2026-03-20 10:02:19.261,gvl_HBW,bMotor_HBW_StackerCrane_downward,False,poll
2026-03-20 10:02:19.261,gvl_HBW,bMotor_HBW_StackerCrane_upward,False,poll
2026-03-20 10:02:19.261,gvl_HBW,bMotor_HBW_Cantilever_forward,False,poll
2026-03-20 10:02:19.261,gvl_HBW,bMotor_HBW_Cantilever_backward,False,poll
2026-03-20 10:02:19.261,gvl_MS,bReferenceSwitch_MS_Turntable_attransferunit,False,poll
2026-03-20 10:02:19.261,gvl_MS,bReferenceSwitch_MS_Turntable_atconveyorbelt,False,poll
2026-03-20 10:02:19.261,gvl_MS,bLightBarrier_MS_conveyorbelt,False,poll
2026-03-20 10:02:19.261,gvl_MS,bReferenceSwitch_MS_Turntable_atsaw,False,poll
2026-03-20 10:02:19.261,gvl_MS,bReferenceSwitch_MS_TransferUnit_atturntable,True,poll
2026-03-20 10:02:19.261,gvl_MS,bReferenceSwitch_MS_OvenSlider_inside,False,poll
2026-03-20 10:02:19.261,gvl_MS,bReferenceSwitch_MS_OvenSlider_outside,True,poll
2026-03-20 10:02:19.261,gvl_MS,bReferenceSwitch_MS_TransferUnit_atoven,False,poll
2026-03-20 10:02:19.261,gvl_MS,bLightBarrier_MS_oven,True,poll
2026-03-20 10:02:19.261,gvl_MS,bMotor_MS_Turntable_clockwise,False,poll
2026-03-20 10:02:19.261,gvl_MS,bMotor_MS_Turntable_counterclockwise,False,poll
2026-03-20 10:02:19.261,gvl_MS,bMotor_MS_ConveyorBelt_forward,False,poll
2026-03-20 10:02:19.261,gvl_MS,bMotor_MS_Saw,False,poll
2026-03-20 10:02:19.261,gvl_MS,bMotor_MS_OvenSlider_movein,False,poll
2026-03-20 10:02:19.261,gvl_MS,bMotor_MS_OvenSlider_moveout,False,poll
2026-03-20 10:02:19.261,gvl_MS,bMotor_MS_TransferUnit_tooven,False,poll
2026-03-20 10:02:19.261,gvl_MS,bMotor_MS_TransferUnit_toturntable,False,poll
2026-03-20 10:02:19.261,gvl_MS,bLamp_MS,False,poll
2026-03-20 10:02:19.261,gvl_MS,bCompressor_MS,False,poll
2026-03-20 10:02:19.261,gvl_MS,bValve_MS_Vacuum,False,poll
2026-03-20 10:02:19.261,gvl_MS,bValve_MS_TransferUnit,False,poll
2026-03-20 10:02:19.261,gvl_MS,bValve_MS_OvenDoor,False,poll
2026-03-20 10:02:19.261,gvl_MS,bValve_MS_Ejector,False,poll
2026-03-20 10:02:19.261,gvl_PM,bLightBarrier_PM_entry,True,poll
2026-03-20 10:02:19.261,gvl_PM,bLightBarrier_PM_tool,True,poll
2026-03-20 10:02:19.261,gvl_PM,bReferenceSwitch_PM_top,False,poll
2026-03-20 10:02:19.261,gvl_PM,bReferenceSwitch_PM_bottom,True,poll
2026-03-20 10:02:19.261,gvl_PM,bMotor_PM_ConveyorBelt_forward,False,poll
2026-03-20 10:02:19.261,gvl_PM,bMotor_PM_ConveyorBelt_backward,False,poll
2026-03-20 10:02:19.261,gvl_PM,bMotor_PM_Tool_upward,False,poll
2026-03-20 10:02:19.261,gvl_PM,bMotor_PM_Tool_downward,False,poll
2026-03-20 10:02:19.261,gvl_SL,bPulseCounter_SL,False,poll
2026-03-20 10:02:19.261,gvl_SL,bLightBarrier_SL_beforecolor,True,poll
2026-03-20 10:02:19.261,gvl_SL,bLightBarrier_SL_aftercolor,True,poll
2026-03-20 10:02:19.261,gvl_SL,bLightBarrier_SL_white,True,poll
2026-03-20 10:02:19.261,gvl_SL,bLightBarrier_SL_red,True,poll
2026-03-20 10:02:19.261,gvl_SL,bLightBarrier_SL_blue,True,poll
2026-03-20 10:02:19.261,gvl_SL,iColorSensor_SL,0,poll
2026-03-20 10:02:19.261,gvl_SL,bMotor_SL_ConveyorBelt,False,poll
2026-03-20 10:02:19.261,gvl_SL,bCompressor_SL,False,poll
2026-03-20 10:02:19.261,gvl_SL,bValve_SL_white,False,poll
2026-03-20 10:02:19.261,gvl_SL,bValve_SL_red,False,poll
2026-03-20 10:02:19.261,gvl_SL,bValve_SL_blue,False,poll
2026-03-20 10:02:19.261,LocalVariables,iC_CoordH,35,poll
2026-03-20 10:02:19.261,LocalVariables,iC_CoordV,0,poll
2026-03-20 10:02:19.261,LocalVariables,iC_CoordR,35,poll
2026-03-20 10:02:19.261,LocalVariables,eC_PickingStation,0,poll
2026-03-20 10:02:19.261,LocalVariables,eC_PlacingStation,0,poll
2026-03-20 10:02:19.261,LocalVariables,iC_Coord_Picking,"[[1340, 170, 150, 445], [380, 800, 367, 435], [800, 301, 580, 800]]",poll
2026-03-20 10:02:19.261,LocalVariables,iC_Coord_Placing,"[[890, 870], [500, 1343], [180, 150]]",poll
2026-03-20 10:02:19.820,gvl_SL,iColorSensor_SL,1,event
2026-03-20 10:02:19.919,gvl_SL,iColorSensor_SL,0,event
2026-03-20 10:02:20.013,gvl_C,bReferenceSwitch_C_vertical,True,poll
2026-03-20 10:02:20.013,gvl_C,bReferenceSwitch_C_horizontal,False,poll
2026-03-20 10:02:20.013,gvl_C,bReferenceSwitch_C_rotate,False,poll
2026-03-20 10:02:20.013,gvl_C,bEncoderImpulse_C_vertical1,False,poll
2026-03-20 10:02:20.013,gvl_C,bEncoderImpulse_C_vertical2,True,poll
2026-03-20 10:02:20.013,gvl_C,bEncoderImpulse_C_horizontal1,False,poll
2026-03-20 10:02:20.013,gvl_C,bEncoderImpulse_C_horizontal2,True,poll
2026-03-20 10:02:20.013,gvl_C,bEncoderImpulse_C_rotate1,True,poll
2026-03-20 10:02:20.013,gvl_C,bEncoderImpulse_C_rotate2,False,poll
2026-03-20 10:02:20.013,gvl_C,bMotor_C_upward,False,poll
2026-03-20 10:02:20.013,gvl_C,bMotor_C_downward,False,poll
2026-03-20 10:02:20.013,gvl_C,bMotor_C_backward,False,poll
2026-03-20 10:02:20.013,gvl_C,bMotor_C_forward,False,poll
2026-03-20 10:02:20.013,gvl_C,bMotor_C_clockwise,False,poll
2026-03-20 10:02:20.013,gvl_C,bMotor_C_counterclockwise,False,poll
2026-03-20 10:02:20.013,gvl_C,bCompressor_C,False,poll
2026-03-20 10:02:20.013,gvl_C,bValve_C,False,poll
2026-03-20 10:02:20.013,gvl_HBW,bReferenceSwitch_HBW_horizontal,True,poll
2026-03-20 10:02:20.013,gvl_HBW,bLightBarrier_HBW_inside,True,poll
2026-03-20 10:02:20.013,gvl_HBW,bLightBarrier_HBW_outside,True,poll
2026-03-20 10:02:20.013,gvl_HBW,bReferenceSwitch_HBW_vertical,False,poll
2026-03-20 10:02:20.013,gvl_HBW,bReferenceSwitch_HBW_Cantilever_front,False,poll
2026-03-20 10:02:20.013,gvl_HBW,bReferenceSwitch_HBW_Cantilever_back,False,poll
2026-03-20 10:02:20.013,gvl_HBW,bTrailSensor_HBW_bottom,True,poll
2026-03-20 10:02:20.013,gvl_HBW,bTrailSensor_HBW_top,True,poll
2026-03-20 10:02:20.013,gvl_HBW,bEncoderImpulse_HBW_horizontal1,False,poll
2026-03-20 10:02:20.013,gvl_HBW,bEncoderImpulse_HBW_horizontal2,True,poll
2026-03-20 10:02:20.013,gvl_HBW,bEncoderImpulse_HBW_vertical1,False,poll
2026-03-20 10:02:20.013,gvl_HBW,bEncoderImpulse_HBW_vertical2,False,poll
2026-03-20 10:02:20.013,gvl_HBW,bMotor_HBW_ConveyorBelt_forward,False,poll
2026-03-20 10:02:20.013,gvl_HBW,bMotor_HBW_ConveyorBelt_backward,False,poll
2026-03-20 10:02:20.013,gvl_HBW,bMotor_HBW_StackerCrane_torack,False,poll
2026-03-20 10:02:20.013,gvl_HBW,bMotor_HBW_StackerCrane_toconveyorbelt,False,poll
2026-03-20 10:02:20.013,gvl_HBW,bMotor_HBW_StackerCrane_downward,False,poll
2026-03-20 10:02:20.013,gvl_HBW,bMotor_HBW_StackerCrane_upward,False,poll
2026-03-20 10:02:20.013,gvl_HBW,bMotor_HBW_Cantilever_forward,False,poll
2026-03-20 10:02:20.013,gvl_HBW,bMotor_HBW_Cantilever_backward,False,poll
2026-03-20 10:02:20.013,gvl_MS,bReferenceSwitch_MS_Turntable_attransferunit,False,poll
2026-03-20 10:02:20.013,gvl_MS,bReferenceSwitch_MS_Turntable_atconveyorbelt,False,poll
2026-03-20 10:02:20.013,gvl_MS,bLightBarrier_MS_conveyorbelt,False,poll
2026-03-20 10:02:20.013,gvl_MS,bReferenceSwitch_MS_Turntable_atsaw,False,poll
2026-03-20 10:02:20.013,gvl_MS,bReferenceSwitch_MS_TransferUnit_atturntable,True,poll
2026-03-20 10:02:20.013,gvl_MS,bReferenceSwitch_MS_OvenSlider_inside,False,poll
2026-03-20 10:02:20.013,gvl_MS,bReferenceSwitch_MS_OvenSlider_outside,True,poll
2026-03-20 10:02:20.013,gvl_MS,bReferenceSwitch_MS_TransferUnit_atoven,False,poll
2026-03-20 10:02:20.013,gvl_MS,bLightBarrier_MS_oven,True,poll
2026-03-20 10:02:20.013,gvl_MS,bMotor_MS_Turntable_clockwise,False,poll
2026-03-20 10:02:20.013,gvl_MS,bMotor_MS_Turntable_counterclockwise,False,poll
2026-03-20 10:02:20.013,gvl_MS,bMotor_MS_ConveyorBelt_forward,False,poll
2026-03-20 10:02:20.013,gvl_MS,bMotor_MS_Saw,False,poll
2026-03-20 10:02:20.013,gvl_MS,bMotor_MS_OvenSlider_movein,False,poll
2026-03-20 10:02:20.013,gvl_MS,bMotor_MS_OvenSlider_moveout,False,poll
2026-03-20 10:02:20.013,gvl_MS,bMotor_MS_TransferUnit_tooven,False,poll
2026-03-20 10:02:20.013,gvl_MS,bMotor_MS_TransferUnit_toturntable,False,poll
2026-03-20 10:02:20.013,gvl_MS,bLamp_MS,False,poll
2026-03-20 10:02:20.013,gvl_MS,bCompressor_MS,False,poll
2026-03-20 10:02:20.013,gvl_MS,bValve_MS_Vacuum,False,poll
2026-03-20 10:02:20.013,gvl_MS,bValve_MS_TransferUnit,False,poll
2026-03-20 10:02:20.013,gvl_MS,bValve_MS_OvenDoor,False,poll
2026-03-20 10:02:20.013,gvl_MS,bValve_MS_Ejector,False,poll
2026-03-20 10:02:20.013,gvl_PM,bLightBarrier_PM_entry,True,poll
2026-03-20 10:02:20.013,gvl_PM,bLightBarrier_PM_tool,True,poll
2026-03-20 10:02:20.013,gvl_PM,bReferenceSwitch_PM_top,False,poll
2026-03-20 10:02:20.013,gvl_PM,bReferenceSwitch_PM_bottom,True,poll
2026-03-20 10:02:20.013,gvl_PM,bMotor_PM_ConveyorBelt_forward,False,poll
2026-03-20 10:02:20.013,gvl_PM,bMotor_PM_ConveyorBelt_backward,False,poll
2026-03-20 10:02:20.013,gvl_PM,bMotor_PM_Tool_upward,False,poll
2026-03-20 10:02:20.013,gvl_PM,bMotor_PM_Tool_downward,False,poll
2026-03-20 10:02:20.013,gvl_SL,bPulseCounter_SL,False,poll
2026-03-20 10:02:20.013,gvl_SL,bLightBarrier_SL_beforecolor,True,poll
2026-03-20 10:02:20.013,gvl_SL,bLightBarrier_SL_aftercolor,True,poll
2026-03-20 10:02:20.013,gvl_SL,bLightBarrier_SL_white,True,poll
2026-03-20 10:02:20.013,gvl_SL,bLightBarrier_SL_red,True,poll
2026-03-20 10:02:20.013,gvl_SL,bLightBarrier_SL_blue,True,poll
2026-03-20 10:02:20.013,gvl_SL,iColorSensor_SL,0,poll
2026-03-20 10:02:20.013,gvl_SL,bMotor_SL_ConveyorBelt,False,poll
2026-03-20 10:02:20.013,gvl_SL,bCompressor_SL,False,poll
2026-03-20 10:02:20.013,gvl_SL,bValve_SL_white,False,poll
2026-03-20 10:02:20.013,gvl_SL,bValve_SL_red,False,poll
2026-03-20 10:02:20.013,gvl_SL,bValve_SL_blue,False,poll
2026-03-20 10:02:20.013,LocalVariables,iC_CoordH,35,poll
2026-03-20 10:02:20.013,LocalVariables,iC_CoordV,0,poll
2026-03-20 10:02:20.013,LocalVariables,iC_CoordR,35,poll
2026-03-20 10:02:20.013,LocalVariables,eC_PickingStation,0,poll
2026-03-20 10:02:20.013,LocalVariables,eC_PlacingStation,0,poll
2026-03-20 10:02:20.013,LocalVariables,iC_Coord_Picking,"[[1340, 170, 150, 445], [380, 800, 367, 435], [800, 301, 580, 800]]",poll
2026-03-20 10:02:20.013,LocalVariables,iC_Coord_Placing,"[[890, 870], [500, 1343], [180, 150]]",poll
2026-03-20 10:02:20.721,gvl_SL,iColorSensor_SL,1,event
2026-03-20 10:02:20.803,gvl_C,bReferenceSwitch_C_vertical,True,poll
2026-03-20 10:02:20.803,gvl_C,bReferenceSwitch_C_horizontal,False,poll
2026-03-20 10:02:20.803,gvl_C,bReferenceSwitch_C_rotate,False,poll
2026-03-20 10:02:20.803,gvl_C,bEncoderImpulse_C_vertical1,False,poll
2026-03-20 10:02:20.820,gvl_SL,iColorSensor_SL,0,event
2026-03-20 10:02:20.803,gvl_C,bEncoderImpulse_C_vertical2,True,poll
2026-03-20 10:02:20.803,gvl_C,bEncoderImpulse_C_horizontal1,False,poll
2026-03-20 10:02:20.803,gvl_C,bEncoderImpulse_C_horizontal2,True,poll
2026-03-20 10:02:20.803,gvl_C,bEncoderImpulse_C_rotate1,True,poll
2026-03-20 10:02:20.803,gvl_C,bEncoderImpulse_C_rotate2,False,poll
2026-03-20 10:02:20.803,gvl_C,bMotor_C_upward,False,poll
2026-03-20 10:02:20.803,gvl_C,bMotor_C_downward,False,poll
2026-03-20 10:02:20.803,gvl_C,bMotor_C_backward,False,poll
2026-03-20 10:02:20.803,gvl_C,bMotor_C_forward,False,poll
2026-03-20 10:02:20.803,gvl_C,bMotor_C_clockwise,False,poll
2026-03-20 10:02:20.803,gvl_C,bMotor_C_counterclockwise,False,poll
2026-03-20 10:02:20.803,gvl_C,bCompressor_C,False,poll
2026-03-20 10:02:20.803,gvl_C,bValve_C,False,poll
2026-03-20 10:02:20.803,gvl_HBW,bReferenceSwitch_HBW_horizontal,True,poll
2026-03-20 10:02:20.803,gvl_HBW,bLightBarrier_HBW_inside,True,poll
2026-03-20 10:02:20.803,gvl_HBW,bLightBarrier_HBW_outside,True,poll
2026-03-20 10:02:20.803,gvl_HBW,bReferenceSwitch_HBW_vertical,False,poll
2026-03-20 10:02:20.803,gvl_HBW,bReferenceSwitch_HBW_Cantilever_front,False,poll
2026-03-20 10:02:20.803,gvl_HBW,bReferenceSwitch_HBW_Cantilever_back,False,poll
2026-03-20 10:02:20.803,gvl_HBW,bTrailSensor_HBW_bottom,True,poll
2026-03-20 10:02:20.803,gvl_HBW,bTrailSensor_HBW_top,True,poll
2026-03-20 10:02:20.803,gvl_HBW,bEncoderImpulse_HBW_horizontal1,False,poll
2026-03-20 10:02:20.803,gvl_HBW,bEncoderImpulse_HBW_horizontal2,True,poll
2026-03-20 10:02:20.803,gvl_HBW,bEncoderImpulse_HBW_vertical1,False,poll
2026-03-20 10:02:20.803,gvl_HBW,bEncoderImpulse_HBW_vertical2,False,poll
2026-03-20 10:02:20.803,gvl_HBW,bMotor_HBW_ConveyorBelt_forward,False,poll
2026-03-20 10:02:20.803,gvl_HBW,bMotor_HBW_ConveyorBelt_backward,False,poll
2026-03-20 10:02:20.803,gvl_HBW,bMotor_HBW_StackerCrane_torack,False,poll
2026-03-20 10:02:20.803,gvl_HBW,bMotor_HBW_StackerCrane_toconveyorbelt,False,poll
2026-03-20 10:02:20.803,gvl_HBW,bMotor_HBW_StackerCrane_downward,False,poll
2026-03-20 10:02:20.803,gvl_HBW,bMotor_HBW_StackerCrane_upward,False,poll
2026-03-20 10:02:20.803,gvl_HBW,bMotor_HBW_Cantilever_forward,False,poll
2026-03-20 10:02:20.803,gvl_HBW,bMotor_HBW_Cantilever_backward,False,poll
2026-03-20 10:02:20.803,gvl_MS,bReferenceSwitch_MS_Turntable_attransferunit,False,poll
2026-03-20 10:02:20.803,gvl_MS,bReferenceSwitch_MS_Turntable_atconveyorbelt,False,poll
2026-03-20 10:02:20.803,gvl_MS,bLightBarrier_MS_conveyorbelt,False,poll
2026-03-20 10:02:20.803,gvl_MS,bReferenceSwitch_MS_Turntable_atsaw,False,poll
2026-03-20 10:02:20.803,gvl_MS,bReferenceSwitch_MS_TransferUnit_atturntable,True,poll
2026-03-20 10:02:20.803,gvl_MS,bReferenceSwitch_MS_OvenSlider_inside,False,poll
2026-03-20 10:02:20.803,gvl_MS,bReferenceSwitch_MS_OvenSlider_outside,True,poll
2026-03-20 10:02:20.803,gvl_MS,bReferenceSwitch_MS_TransferUnit_atoven,False,poll
2026-03-20 10:02:20.803,gvl_MS,bLightBarrier_MS_oven,True,poll
2026-03-20 10:02:20.803,gvl_MS,bMotor_MS_Turntable_clockwise,False,poll
2026-03-20 10:02:20.803,gvl_MS,bMotor_MS_Turntable_counterclockwise,False,poll
2026-03-20 10:02:20.803,gvl_MS,bMotor_MS_ConveyorBelt_forward,False,poll
2026-03-20 10:02:20.803,gvl_MS,bMotor_MS_Saw,False,poll
2026-03-20 10:02:20.803,gvl_MS,bMotor_MS_OvenSlider_movein,False,poll
2026-03-20 10:02:20.803,gvl_MS,bMotor_MS_OvenSlider_moveout,False,poll
2026-03-20 10:02:20.803,gvl_MS,bMotor_MS_TransferUnit_tooven,False,poll
2026-03-20 10:02:20.803,gvl_MS,bMotor_MS_TransferUnit_toturntable,False,poll
2026-03-20 10:02:20.803,gvl_MS,bLamp_MS,False,poll
2026-03-20 10:02:20.803,gvl_MS,bCompressor_MS,False,poll
2026-03-20 10:02:20.803,gvl_MS,bValve_MS_Vacuum,False,poll
2026-03-20 10:02:20.803,gvl_MS,bValve_MS_TransferUnit,False,poll
2026-03-20 10:02:20.803,gvl_MS,bValve_MS_OvenDoor,False,poll
2026-03-20 10:02:20.803,gvl_MS,bValve_MS_Ejector,False,poll
2026-03-20 10:02:20.803,gvl_PM,bLightBarrier_PM_entry,True,poll
2026-03-20 10:02:20.803,gvl_PM,bLightBarrier_PM_tool,True,poll
2026-03-20 10:02:20.803,gvl_PM,bReferenceSwitch_PM_top,False,poll
2026-03-20 10:02:20.803,gvl_PM,bReferenceSwitch_PM_bottom,True,poll
2026-03-20 10:02:20.803,gvl_PM,bMotor_PM_ConveyorBelt_forward,False,poll
2026-03-20 10:02:20.803,gvl_PM,bMotor_PM_ConveyorBelt_backward,False,poll
2026-03-20 10:02:20.803,gvl_PM,bMotor_PM_Tool_upward,False,poll
2026-03-20 10:02:20.803,gvl_PM,bMotor_PM_Tool_downward,False,poll
2026-03-20 10:02:20.803,gvl_SL,bPulseCounter_SL,False,poll
2026-03-20 10:02:20.803,gvl_SL,bLightBarrier_SL_beforecolor,True,poll
2026-03-20 10:02:20.803,gvl_SL,bLightBarrier_SL_aftercolor,True,poll
2026-03-20 10:02:20.803,gvl_SL,bLightBarrier_SL_white,True,poll
2026-03-20 10:02:20.803,gvl_SL,bLightBarrier_SL_red,True,poll
2026-03-20 10:02:20.803,gvl_SL,bLightBarrier_SL_blue,True,poll
2026-03-20 10:02:20.803,gvl_SL,iColorSensor_SL,0,poll
2026-03-20 10:02:20.803,gvl_SL,bMotor_SL_ConveyorBelt,False,poll
2026-03-20 10:02:20.803,gvl_SL,bCompressor_SL,False,poll
2026-03-20 10:02:20.803,gvl_SL,bValve_SL_white,False,poll
2026-03-20 10:02:20.803,gvl_SL,bValve_SL_red,False,poll
2026-03-20 10:02:20.803,gvl_SL,bValve_SL_blue,False,poll
2026-03-20 10:02:20.803,LocalVariables,iC_CoordH,35,poll
2026-03-20 10:02:20.803,LocalVariables,iC_CoordV,0,poll
2026-03-20 10:02:20.803,LocalVariables,iC_CoordR,35,poll
2026-03-20 10:02:20.803,LocalVariables,eC_PickingStation,0,poll
2026-03-20 10:02:20.803,LocalVariables,eC_PlacingStation,0,poll
2026-03-20 10:02:20.803,LocalVariables,iC_Coord_Picking,"[[1340, 170, 150, 445], [380, 800, 367, 435], [800, 301, 580, 800]]",poll
2026-03-20 10:02:20.803,LocalVariables,iC_Coord_Placing,"[[890, 870], [500, 1343], [180, 150]]",poll
2026-03-20 10:02:21.121,gvl_SL,iColorSensor_SL,1,event
2026-03-20 10:02:21.219,gvl_SL,iColorSensor_SL,0,event
2026-03-20 10:02:21.520,gvl_SL,iColorSensor_SL,1,event
2026-03-20 10:02:21.577,gvl_C,bReferenceSwitch_C_vertical,True,poll
2026-03-20 10:02:21.577,gvl_C,bReferenceSwitch_C_horizontal,False,poll
2026-03-20 10:02:21.577,gvl_C,bReferenceSwitch_C_rotate,False,poll
2026-03-20 10:02:21.577,gvl_C,bEncoderImpulse_C_vertical1,False,poll
2026-03-20 10:02:21.577,gvl_C,bEncoderImpulse_C_vertical2,True,poll
2026-03-20 10:02:21.577,gvl_C,bEncoderImpulse_C_horizontal1,False,poll
2026-03-20 10:02:21.577,gvl_C,bEncoderImpulse_C_horizontal2,True,poll
2026-03-20 10:02:21.577,gvl_C,bEncoderImpulse_C_rotate1,True,poll
2026-03-20 10:02:21.577,gvl_C,bEncoderImpulse_C_rotate2,False,poll
2026-03-20 10:02:21.577,gvl_C,bMotor_C_upward,False,poll
2026-03-20 10:02:21.577,gvl_C,bMotor_C_downward,False,poll
2026-03-20 10:02:21.577,gvl_C,bMotor_C_backward,False,poll
2026-03-20 10:02:21.577,gvl_C,bMotor_C_forward,False,poll
2026-03-20 10:02:21.577,gvl_C,bMotor_C_clockwise,False,poll
2026-03-20 10:02:21.577,gvl_C,bMotor_C_counterclockwise,False,poll
2026-03-20 10:02:21.577,gvl_C,bCompressor_C,False,poll
2026-03-20 10:02:21.577,gvl_C,bValve_C,False,poll
2026-03-20 10:02:21.577,gvl_HBW,bReferenceSwitch_HBW_horizontal,True,poll
2026-03-20 10:02:21.577,gvl_HBW,bLightBarrier_HBW_inside,True,poll
2026-03-20 10:02:21.577,gvl_HBW,bLightBarrier_HBW_outside,True,poll
2026-03-20 10:02:21.619,gvl_SL,iColorSensor_SL,0,event
2026-03-20 10:02:21.577,gvl_HBW,bReferenceSwitch_HBW_vertical,False,poll
2026-03-20 10:02:21.577,gvl_HBW,bReferenceSwitch_HBW_Cantilever_front,False,poll
2026-03-20 10:02:21.577,gvl_HBW,bReferenceSwitch_HBW_Cantilever_back,False,poll
2026-03-20 10:02:21.577,gvl_HBW,bTrailSensor_HBW_bottom,True,poll
2026-03-20 10:02:21.577,gvl_HBW,bTrailSensor_HBW_top,True,poll
2026-03-20 10:02:21.577,gvl_HBW,bEncoderImpulse_HBW_horizontal1,False,poll
2026-03-20 10:02:21.577,gvl_HBW,bEncoderImpulse_HBW_horizontal2,True,poll
2026-03-20 10:02:21.577,gvl_HBW,bEncoderImpulse_HBW_vertical1,False,poll
2026-03-20 10:02:21.577,gvl_HBW,bEncoderImpulse_HBW_vertical2,False,poll
2026-03-20 10:02:21.577,gvl_HBW,bMotor_HBW_ConveyorBelt_forward,False,poll
2026-03-20 10:02:21.577,gvl_HBW,bMotor_HBW_ConveyorBelt_backward,False,poll
2026-03-20 10:02:21.577,gvl_HBW,bMotor_HBW_StackerCrane_torack,False,poll
2026-03-20 10:02:21.577,gvl_HBW,bMotor_HBW_StackerCrane_toconveyorbelt,False,poll
2026-03-20 10:02:21.577,gvl_HBW,bMotor_HBW_StackerCrane_downward,False,poll
2026-03-20 10:02:21.577,gvl_HBW,bMotor_HBW_StackerCrane_upward,False,poll
2026-03-20 10:02:21.577,gvl_HBW,bMotor_HBW_Cantilever_forward,False,poll
2026-03-20 10:02:21.577,gvl_HBW,bMotor_HBW_Cantilever_backward,False,poll
2026-03-20 10:02:21.577,gvl_MS,bReferenceSwitch_MS_Turntable_attransferunit,False,poll
2026-03-20 10:02:21.577,gvl_MS,bReferenceSwitch_MS_Turntable_atconveyorbelt,False,poll
2026-03-20 10:02:21.577,gvl_MS,bLightBarrier_MS_conveyorbelt,False,poll
2026-03-20 10:02:21.577,gvl_MS,bReferenceSwitch_MS_Turntable_atsaw,False,poll
2026-03-20 10:02:21.577,gvl_MS,bReferenceSwitch_MS_TransferUnit_atturntable,True,poll
2026-03-20 10:02:21.577,gvl_MS,bReferenceSwitch_MS_OvenSlider_inside,False,poll
2026-03-20 10:02:21.577,gvl_MS,bReferenceSwitch_MS_OvenSlider_outside,True,poll
2026-03-20 10:02:21.577,gvl_MS,bReferenceSwitch_MS_TransferUnit_atoven,False,poll
2026-03-20 10:02:21.577,gvl_MS,bLightBarrier_MS_oven,True,poll
2026-03-20 10:02:21.577,gvl_MS,bMotor_MS_Turntable_clockwise,False,poll
2026-03-20 10:02:21.577,gvl_MS,bMotor_MS_Turntable_counterclockwise,False,poll
2026-03-20 10:02:21.577,gvl_MS,bMotor_MS_ConveyorBelt_forward,False,poll
2026-03-20 10:02:21.577,gvl_MS,bMotor_MS_Saw,False,poll
2026-03-20 10:02:21.577,gvl_MS,bMotor_MS_OvenSlider_movein,False,poll
2026-03-20 10:02:21.577,gvl_MS,bMotor_MS_OvenSlider_moveout,False,poll
2026-03-20 10:02:21.577,gvl_MS,bMotor_MS_TransferUnit_tooven,False,poll
2026-03-20 10:02:21.577,gvl_MS,bMotor_MS_TransferUnit_toturntable,False,poll
2026-03-20 10:02:21.577,gvl_MS,bLamp_MS,False,poll
2026-03-20 10:02:21.577,gvl_MS,bCompressor_MS,False,poll
2026-03-20 10:02:21.577,gvl_MS,bValve_MS_Vacuum,False,poll
2026-03-20 10:02:21.577,gvl_MS,bValve_MS_TransferUnit,False,poll
2026-03-20 10:02:21.577,gvl_MS,bValve_MS_OvenDoor,False,poll
2026-03-20 10:02:21.577,gvl_MS,bValve_MS_Ejector,False,poll
2026-03-20 10:02:21.577,gvl_PM,bLightBarrier_PM_entry,True,poll
2026-03-20 10:02:21.577,gvl_PM,bLightBarrier_PM_tool,True,poll
2026-03-20 10:02:21.577,gvl_PM,bReferenceSwitch_PM_top,False,poll
2026-03-20 10:02:21.577,gvl_PM,bReferenceSwitch_PM_bottom,True,poll
2026-03-20 10:02:21.577,gvl_PM,bMotor_PM_ConveyorBelt_forward,False,poll
2026-03-20 10:02:21.577,gvl_PM,bMotor_PM_ConveyorBelt_backward,False,poll
2026-03-20 10:02:21.577,gvl_PM,bMotor_PM_Tool_upward,False,poll
2026-03-20 10:02:21.577,gvl_PM,bMotor_PM_Tool_downward,False,poll
2026-03-20 10:02:21.719,gvl_SL,iColorSensor_SL,1,event
2026-03-20 10:02:21.577,gvl_SL,bPulseCounter_SL,False,poll
2026-03-20 10:02:21.577,gvl_SL,bLightBarrier_SL_beforecolor,True,poll
2026-03-20 10:02:21.577,gvl_SL,bLightBarrier_SL_aftercolor,True,poll
2026-03-20 10:02:21.577,gvl_SL,bLightBarrier_SL_white,True,poll
2026-03-20 10:02:21.577,gvl_SL,bLightBarrier_SL_red,True,poll
2026-03-20 10:02:21.577,gvl_SL,bLightBarrier_SL_blue,True,poll
2026-03-20 10:02:21.577,gvl_SL,iColorSensor_SL,0,poll
2026-03-20 10:02:21.577,gvl_SL,bMotor_SL_ConveyorBelt,False,poll
2026-03-20 10:02:21.577,gvl_SL,bCompressor_SL,False,poll
2026-03-20 10:02:21.577,gvl_SL,bValve_SL_white,False,poll
2026-03-20 10:02:21.577,gvl_SL,bValve_SL_red,False,poll
2026-03-20 10:02:21.577,gvl_SL,bValve_SL_blue,False,poll
2026-03-20 10:02:21.577,LocalVariables,iC_CoordH,35,poll
2026-03-20 10:02:21.577,LocalVariables,iC_CoordV,0,poll
2026-03-20 10:02:21.577,LocalVariables,iC_CoordR,35,poll
2026-03-20 10:02:21.577,LocalVariables,eC_PickingStation,0,poll
2026-03-20 10:02:21.577,LocalVariables,eC_PlacingStation,0,poll
2026-03-20 10:02:21.577,LocalVariables,iC_Coord_Picking,"[[1340, 170, 150, 445], [380, 800, 367, 435], [800, 301, 580, 800]]",poll
2026-03-20 10:02:21.577,LocalVariables,iC_Coord_Placing,"[[890, 870], [500, 1343], [180, 150]]",poll
2026-03-20 10:02:21.922,gvl_SL,iColorSensor_SL,0,event
2026-03-20 10:02:22.021,gvl_SL,iColorSensor_SL,1,event
2026-03-20 10:02:22.220,gvl_SL,iColorSensor_SL,0,event
2026-03-20 10:02:22.261,gvl_C,bReferenceSwitch_C_vertical,True,poll
2026-03-20 10:02:22.261,gvl_C,bReferenceSwitch_C_horizontal,False,poll
2026-03-20 10:02:22.261,gvl_C,bReferenceSwitch_C_rotate,False,poll
2026-03-20 10:02:22.261,gvl_C,bEncoderImpulse_C_vertical1,False,poll
2026-03-20 10:02:22.261,gvl_C,bEncoderImpulse_C_vertical2,True,poll
2026-03-20 10:02:22.261,gvl_C,bEncoderImpulse_C_horizontal1,False,poll
2026-03-20 10:02:22.261,gvl_C,bEncoderImpulse_C_horizontal2,True,poll
2026-03-20 10:02:22.261,gvl_C,bEncoderImpulse_C_rotate1,True,poll
2026-03-20 10:02:22.261,gvl_C,bEncoderImpulse_C_rotate2,False,poll
2026-03-20 10:02:22.261,gvl_C,bMotor_C_upward,False,poll
2026-03-20 10:02:22.261,gvl_C,bMotor_C_downward,False,poll
2026-03-20 10:02:22.261,gvl_C,bMotor_C_backward,False,poll
2026-03-20 10:02:22.261,gvl_C,bMotor_C_forward,False,poll
2026-03-20 10:02:22.261,gvl_C,bMotor_C_clockwise,False,poll
2026-03-20 10:02:22.261,gvl_C,bMotor_C_counterclockwise,False,poll
2026-03-20 10:02:22.261,gvl_C,bCompressor_C,False,poll
2026-03-20 10:02:22.261,gvl_C,bValve_C,False,poll
2026-03-20 10:02:22.261,gvl_HBW,bReferenceSwitch_HBW_horizontal,True,poll
2026-03-20 10:02:22.261,gvl_HBW,bLightBarrier_HBW_inside,True,poll
2026-03-20 10:02:22.261,gvl_HBW,bLightBarrier_HBW_outside,True,poll
2026-03-20 10:02:22.261,gvl_HBW,bReferenceSwitch_HBW_vertical,False,poll
2026-03-20 10:02:22.261,gvl_HBW,bReferenceSwitch_HBW_Cantilever_front,False,poll
2026-03-20 10:02:22.261,gvl_HBW,bReferenceSwitch_HBW_Cantilever_back,False,poll
2026-03-20 10:02:22.261,gvl_HBW,bTrailSensor_HBW_bottom,True,poll
2026-03-20 10:02:22.261,gvl_HBW,bTrailSensor_HBW_top,True,poll
2026-03-20 10:02:22.261,gvl_HBW,bEncoderImpulse_HBW_horizontal1,False,poll
2026-03-20 10:02:22.261,gvl_HBW,bEncoderImpulse_HBW_horizontal2,True,poll
2026-03-20 10:02:22.261,gvl_HBW,bEncoderImpulse_HBW_vertical1,False,poll
2026-03-20 10:02:22.261,gvl_HBW,bEncoderImpulse_HBW_vertical2,False,poll
2026-03-20 10:02:22.261,gvl_HBW,bMotor_HBW_ConveyorBelt_forward,False,poll
2026-03-20 10:02:22.261,gvl_HBW,bMotor_HBW_ConveyorBelt_backward,False,poll
2026-03-20 10:02:22.261,gvl_HBW,bMotor_HBW_StackerCrane_torack,False,poll
2026-03-20 10:02:22.261,gvl_HBW,bMotor_HBW_StackerCrane_toconveyorbelt,False,poll
2026-03-20 10:02:22.261,gvl_HBW,bMotor_HBW_StackerCrane_downward,False,poll
2026-03-20 10:02:22.261,gvl_HBW,bMotor_HBW_StackerCrane_upward,False,poll
2026-03-20 10:02:22.261,gvl_HBW,bMotor_HBW_Cantilever_forward,False,poll
2026-03-20 10:02:22.261,gvl_HBW,bMotor_HBW_Cantilever_backward,False,poll
2026-03-20 10:02:22.261,gvl_MS,bReferenceSwitch_MS_Turntable_attransferunit,False,poll
2026-03-20 10:02:22.261,gvl_MS,bReferenceSwitch_MS_Turntable_atconveyorbelt,False,poll
2026-03-20 10:02:22.261,gvl_MS,bLightBarrier_MS_conveyorbelt,False,poll
2026-03-20 10:02:22.261,gvl_MS,bReferenceSwitch_MS_Turntable_atsaw,False,poll
2026-03-20 10:02:22.261,gvl_MS,bReferenceSwitch_MS_TransferUnit_atturntable,True,poll
2026-03-20 10:02:22.261,gvl_MS,bReferenceSwitch_MS_OvenSlider_inside,False,poll
2026-03-20 10:02:22.261,gvl_MS,bReferenceSwitch_MS_OvenSlider_outside,True,poll
2026-03-20 10:02:22.261,gvl_MS,bReferenceSwitch_MS_TransferUnit_atoven,False,poll
2026-03-20 10:02:22.261,gvl_MS,bLightBarrier_MS_oven,True,poll
2026-03-20 10:02:22.261,gvl_MS,bMotor_MS_Turntable_clockwise,False,poll
2026-03-20 10:02:22.261,gvl_MS,bMotor_MS_Turntable_counterclockwise,False,poll
2026-03-20 10:02:22.261,gvl_MS,bMotor_MS_ConveyorBelt_forward,False,poll
2026-03-20 10:02:22.261,gvl_MS,bMotor_MS_Saw,False,poll
2026-03-20 10:02:22.261,gvl_MS,bMotor_MS_OvenSlider_movein,False,poll
2026-03-20 10:02:22.261,gvl_MS,bMotor_MS_OvenSlider_moveout,False,poll
2026-03-20 10:02:22.261,gvl_MS,bMotor_MS_TransferUnit_tooven,False,poll
2026-03-20 10:02:22.261,gvl_MS,bMotor_MS_TransferUnit_toturntable,False,poll
2026-03-20 10:02:22.261,gvl_MS,bLamp_MS,False,poll
2026-03-20 10:02:22.261,gvl_MS,bCompressor_MS,False,poll
2026-03-20 10:02:22.261,gvl_MS,bValve_MS_Vacuum,False,poll
2026-03-20 10:02:22.261,gvl_MS,bValve_MS_TransferUnit,False,poll
2026-03-20 10:02:22.261,gvl_MS,bValve_MS_OvenDoor,False,poll
2026-03-20 10:02:22.261,gvl_MS,bValve_MS_Ejector,False,poll
2026-03-20 10:02:22.261,gvl_PM,bLightBarrier_PM_entry,True,poll
2026-03-20 10:02:22.261,gvl_PM,bLightBarrier_PM_tool,True,poll
2026-03-20 10:02:22.261,gvl_PM,bReferenceSwitch_PM_top,False,poll
2026-03-20 10:02:22.261,gvl_PM,bReferenceSwitch_PM_bottom,True,poll
2026-03-20 10:02:22.261,gvl_PM,bMotor_PM_ConveyorBelt_forward,False,poll
2026-03-20 10:02:22.261,gvl_PM,bMotor_PM_ConveyorBelt_backward,False,poll
2026-03-20 10:02:22.261,gvl_PM,bMotor_PM_Tool_upward,False,poll
2026-03-20 10:02:22.261,gvl_PM,bMotor_PM_Tool_downward,False,poll
2026-03-20 10:02:22.261,gvl_SL,bPulseCounter_SL,False,poll
2026-03-20 10:02:22.261,gvl_SL,bLightBarrier_SL_beforecolor,True,poll
2026-03-20 10:02:22.261,gvl_SL,bLightBarrier_SL_aftercolor,True,poll
2026-03-20 10:02:22.261,gvl_SL,bLightBarrier_SL_white,True,poll
2026-03-20 10:02:22.261,gvl_SL,bLightBarrier_SL_red,True,poll
2026-03-20 10:02:22.261,gvl_SL,bLightBarrier_SL_blue,True,poll
2026-03-20 10:02:22.261,gvl_SL,iColorSensor_SL,0,poll
2026-03-20 10:02:22.261,gvl_SL,bMotor_SL_ConveyorBelt,False,poll
2026-03-20 10:02:22.261,gvl_SL,bCompressor_SL,False,poll
2026-03-20 10:02:22.261,gvl_SL,bValve_SL_white,False,poll
2026-03-20 10:02:22.261,gvl_SL,bValve_SL_red,False,poll
2026-03-20 10:02:22.261,gvl_SL,bValve_SL_blue,False,poll
2026-03-20 10:02:22.261,LocalVariables,iC_CoordH,35,poll
2026-03-20 10:02:22.261,LocalVariables,iC_CoordV,0,poll
2026-03-20 10:02:22.261,LocalVariables,iC_CoordR,35,poll
2026-03-20 10:02:22.261,LocalVariables,eC_PickingStation,0,poll
2026-03-20 10:02:22.261,LocalVariables,eC_PlacingStation,0,poll
2026-03-20 10:02:22.261,LocalVariables,iC_Coord_Picking,"[[1340, 170, 150, 445], [380, 800, 367, 435], [800, 301, 580, 800]]",poll
2026-03-20 10:02:22.261,LocalVariables,iC_Coord_Placing,"[[890, 870], [500, 1343], [180, 150]]",poll
2026-03-20 10:02:23.021,gvl_SL,iColorSensor_SL,1,event
2026-03-20 10:02:23.073,gvl_C,bReferenceSwitch_C_vertical,True,poll
2026-03-20 10:02:23.073,gvl_C,bReferenceSwitch_C_horizontal,False,poll
2026-03-20 10:02:23.073,gvl_C,bReferenceSwitch_C_rotate,False,poll
2026-03-20 10:02:23.073,gvl_C,bEncoderImpulse_C_vertical1,False,poll
2026-03-20 10:02:23.073,gvl_C,bEncoderImpulse_C_vertical2,True,poll
2026-03-20 10:02:23.073,gvl_C,bEncoderImpulse_C_horizontal1,False,poll
2026-03-20 10:02:23.073,gvl_C,bEncoderImpulse_C_horizontal2,True,poll
2026-03-20 10:02:23.073,gvl_C,bEncoderImpulse_C_rotate1,True,poll
2026-03-20 10:02:23.073,gvl_C,bEncoderImpulse_C_rotate2,False,poll
2026-03-20 10:02:23.073,gvl_C,bMotor_C_upward,False,poll
2026-03-20 10:02:23.073,gvl_C,bMotor_C_downward,False,poll
2026-03-20 10:02:23.073,gvl_C,bMotor_C_backward,False,poll
2026-03-20 10:02:23.073,gvl_C,bMotor_C_forward,False,poll
2026-03-20 10:02:23.120,gvl_SL,iColorSensor_SL,0,event
2026-03-20 10:02:23.073,gvl_C,bMotor_C_clockwise,False,poll
2026-03-20 10:02:23.073,gvl_C,bMotor_C_counterclockwise,False,poll
2026-03-20 10:02:23.073,gvl_C,bCompressor_C,False,poll
2026-03-20 10:02:23.073,gvl_C,bValve_C,False,poll
2026-03-20 10:02:23.073,gvl_HBW,bReferenceSwitch_HBW_horizontal,True,poll
2026-03-20 10:02:23.073,gvl_HBW,bLightBarrier_HBW_inside,True,poll
2026-03-20 10:02:23.073,gvl_HBW,bLightBarrier_HBW_outside,True,poll
2026-03-20 10:02:23.073,gvl_HBW,bReferenceSwitch_HBW_vertical,False,poll
2026-03-20 10:02:23.073,gvl_HBW,bReferenceSwitch_HBW_Cantilever_front,False,poll
2026-03-20 10:02:23.073,gvl_HBW,bReferenceSwitch_HBW_Cantilever_back,False,poll
2026-03-20 10:02:23.073,gvl_HBW,bTrailSensor_HBW_bottom,True,poll
2026-03-20 10:02:23.073,gvl_HBW,bTrailSensor_HBW_top,True,poll
2026-03-20 10:02:23.073,gvl_HBW,bEncoderImpulse_HBW_horizontal1,False,poll
2026-03-20 10:02:23.073,gvl_HBW,bEncoderImpulse_HBW_horizontal2,True,poll
2026-03-20 10:02:23.073,gvl_HBW,bEncoderImpulse_HBW_vertical1,False,poll
2026-03-20 10:02:23.073,gvl_HBW,bEncoderImpulse_HBW_vertical2,False,poll
2026-03-20 10:02:23.073,gvl_HBW,bMotor_HBW_ConveyorBelt_forward,False,poll
2026-03-20 10:02:23.073,gvl_HBW,bMotor_HBW_ConveyorBelt_backward,False,poll
2026-03-20 10:02:23.073,gvl_HBW,bMotor_HBW_StackerCrane_torack,False,poll
2026-03-20 10:02:23.073,gvl_HBW,bMotor_HBW_StackerCrane_toconveyorbelt,False,poll
2026-03-20 10:02:23.073,gvl_HBW,bMotor_HBW_StackerCrane_downward,False,poll
2026-03-20 10:02:23.073,gvl_HBW,bMotor_HBW_StackerCrane_upward,False,poll
2026-03-20 10:02:23.073,gvl_HBW,bMotor_HBW_Cantilever_forward,False,poll
2026-03-20 10:02:23.073,gvl_HBW,bMotor_HBW_Cantilever_backward,False,poll
2026-03-20 10:02:23.073,gvl_MS,bReferenceSwitch_MS_Turntable_attransferunit,False,poll
2026-03-20 10:02:23.073,gvl_MS,bReferenceSwitch_MS_Turntable_atconveyorbelt,False,poll
2026-03-20 10:02:23.073,gvl_MS,bLightBarrier_MS_conveyorbelt,False,poll
2026-03-20 10:02:23.073,gvl_MS,bReferenceSwitch_MS_Turntable_atsaw,False,poll
2026-03-20 10:02:23.073,gvl_MS,bReferenceSwitch_MS_TransferUnit_atturntable,True,poll
2026-03-20 10:02:23.073,gvl_MS,bReferenceSwitch_MS_OvenSlider_inside,False,poll
2026-03-20 10:02:23.221,gvl_SL,iColorSensor_SL,1,event
2026-03-20 10:02:23.073,gvl_MS,bReferenceSwitch_MS_OvenSlider_outside,True,poll
2026-03-20 10:02:23.073,gvl_MS,bReferenceSwitch_MS_TransferUnit_atoven,False,poll
2026-03-20 10:02:23.073,gvl_MS,bLightBarrier_MS_oven,True,poll
2026-03-20 10:02:23.073,gvl_MS,bMotor_MS_Turntable_clockwise,False,poll
2026-03-20 10:02:23.073,gvl_MS,bMotor_MS_Turntable_counterclockwise,False,poll
2026-03-20 10:02:23.073,gvl_MS,bMotor_MS_ConveyorBelt_forward,False,poll
2026-03-20 10:02:23.073,gvl_MS,bMotor_MS_Saw,False,poll
2026-03-20 10:02:23.073,gvl_MS,bMotor_MS_OvenSlider_movein,False,poll
2026-03-20 10:02:23.073,gvl_MS,bMotor_MS_OvenSlider_moveout,False,poll
2026-03-20 10:02:23.073,gvl_MS,bMotor_MS_TransferUnit_tooven,False,poll
2026-03-20 10:02:23.073,gvl_MS,bMotor_MS_TransferUnit_toturntable,False,poll
2026-03-20 10:02:23.073,gvl_MS,bLamp_MS,False,poll
2026-03-20 10:02:23.073,gvl_MS,bCompressor_MS,False,poll
2026-03-20 10:02:23.073,gvl_MS,bValve_MS_Vacuum,False,poll
2026-03-20 10:02:23.073,gvl_MS,bValve_MS_TransferUnit,False,poll
2026-03-20 10:02:23.073,gvl_MS,bValve_MS_OvenDoor,False,poll
2026-03-20 10:02:23.073,gvl_MS,bValve_MS_Ejector,False,poll
2026-03-20 10:02:23.073,gvl_PM,bLightBarrier_PM_entry,True,poll
2026-03-20 10:02:23.073,gvl_PM,bLightBarrier_PM_tool,True,poll
2026-03-20 10:02:23.073,gvl_PM,bReferenceSwitch_PM_top,False,poll
2026-03-20 10:02:23.073,gvl_PM,bReferenceSwitch_PM_bottom,True,poll
2026-03-20 10:02:23.073,gvl_PM,bMotor_PM_ConveyorBelt_forward,False,poll
2026-03-20 10:02:23.073,gvl_PM,bMotor_PM_ConveyorBelt_backward,False,poll
2026-03-20 10:02:23.073,gvl_PM,bMotor_PM_Tool_upward,False,poll
2026-03-20 10:02:23.073,gvl_PM,bMotor_PM_Tool_downward,False,poll
2026-03-20 10:02:23.073,gvl_SL,bPulseCounter_SL,False,poll
2026-03-20 10:02:23.321,gvl_SL,iColorSensor_SL,0,event
2026-03-20 10:02:23.073,gvl_SL,bLightBarrier_SL_beforecolor,True,poll
2026-03-20 10:02:23.073,gvl_SL,bLightBarrier_SL_aftercolor,True,poll
2026-03-20 10:02:23.073,gvl_SL,bLightBarrier_SL_white,True,poll
2026-03-20 10:02:23.073,gvl_SL,bLightBarrier_SL_red,True,poll
2026-03-20 10:02:23.073,gvl_SL,bLightBarrier_SL_blue,True,poll
2026-03-20 10:02:23.073,gvl_SL,iColorSensor_SL,0,poll
2026-03-20 10:02:23.073,gvl_SL,bMotor_SL_ConveyorBelt,False,poll
2026-03-20 10:02:23.073,gvl_SL,bCompressor_SL,False,poll
2026-03-20 10:02:23.073,gvl_SL,bValve_SL_white,False,poll
2026-03-20 10:02:23.073,gvl_SL,bValve_SL_red,False,poll
2026-03-20 10:02:23.073,gvl_SL,bValve_SL_blue,False,poll
2026-03-20 10:02:23.073,LocalVariables,iC_CoordH,35,poll
2026-03-20 10:02:23.073,LocalVariables,iC_CoordV,0,poll
2026-03-20 10:02:23.073,LocalVariables,iC_CoordR,35,poll
2026-03-20 10:02:23.073,LocalVariables,eC_PickingStation,0,poll
2026-03-20 10:02:23.073,LocalVariables,eC_PlacingStation,0,poll
2026-03-20 10:02:23.073,LocalVariables,iC_Coord_Picking,"[[1340, 170, 150, 445], [380, 800, 367, 435], [800, 301, 580, 800]]",poll
2026-03-20 10:02:23.073,LocalVariables,iC_Coord_Placing,"[[890, 870], [500, 1343], [180, 150]]",poll
2026-03-20 10:02:23.621,gvl_SL,iColorSensor_SL,1,event
2026-03-20 10:02:23.820,gvl_SL,iColorSensor_SL,0,event
2026-03-20 10:02:23.877,gvl_C,bReferenceSwitch_C_vertical,True,poll
2026-03-20 10:02:23.877,gvl_C,bReferenceSwitch_C_horizontal,False,poll
2026-03-20 10:02:23.877,gvl_C,bReferenceSwitch_C_rotate,False,poll
2026-03-20 10:02:23.877,gvl_C,bEncoderImpulse_C_vertical1,False,poll
2026-03-20 10:02:23.877,gvl_C,bEncoderImpulse_C_vertical2,True,poll
2026-03-20 10:02:23.877,gvl_C,bEncoderImpulse_C_horizontal1,False,poll
2026-03-20 10:02:23.877,gvl_C,bEncoderImpulse_C_horizontal2,True,poll
2026-03-20 10:02:23.877,gvl_C,bEncoderImpulse_C_rotate1,True,poll
2026-03-20 10:02:23.877,gvl_C,bEncoderImpulse_C_rotate2,False,poll
2026-03-20 10:02:23.877,gvl_C,bMotor_C_upward,False,poll
2026-03-20 10:02:23.877,gvl_C,bMotor_C_downward,False,poll
2026-03-20 10:02:23.877,gvl_C,bMotor_C_backward,False,poll
2026-03-20 10:02:23.877,gvl_C,bMotor_C_forward,False,poll
2026-03-20 10:02:23.877,gvl_C,bMotor_C_clockwise,False,poll
2026-03-20 10:02:23.877,gvl_C,bMotor_C_counterclockwise,False,poll
2026-03-20 10:02:23.877,gvl_C,bCompressor_C,False,poll
2026-03-20 10:02:23.877,gvl_C,bValve_C,False,poll
2026-03-20 10:02:23.877,gvl_HBW,bReferenceSwitch_HBW_horizontal,True,poll
2026-03-20 10:02:23.877,gvl_HBW,bLightBarrier_HBW_inside,True,poll
2026-03-20 10:02:23.877,gvl_HBW,bLightBarrier_HBW_outside,True,poll
2026-03-20 10:02:23.877,gvl_HBW,bReferenceSwitch_HBW_vertical,False,poll
2026-03-20 10:02:23.877,gvl_HBW,bReferenceSwitch_HBW_Cantilever_front,False,poll
2026-03-20 10:02:23.877,gvl_HBW,bReferenceSwitch_HBW_Cantilever_back,False,poll
2026-03-20 10:02:23.877,gvl_HBW,bTrailSensor_HBW_bottom,True,poll
2026-03-20 10:02:23.877,gvl_HBW,bTrailSensor_HBW_top,True,poll
2026-03-20 10:02:23.877,gvl_HBW,bEncoderImpulse_HBW_horizontal1,False,poll
2026-03-20 10:02:23.877,gvl_HBW,bEncoderImpulse_HBW_horizontal2,True,poll
2026-03-20 10:02:23.877,gvl_HBW,bEncoderImpulse_HBW_vertical1,False,poll
2026-03-20 10:02:23.877,gvl_HBW,bEncoderImpulse_HBW_vertical2,False,poll
2026-03-20 10:02:23.877,gvl_HBW,bMotor_HBW_ConveyorBelt_forward,False,poll
2026-03-20 10:02:23.877,gvl_HBW,bMotor_HBW_ConveyorBelt_backward,False,poll
2026-03-20 10:02:23.877,gvl_HBW,bMotor_HBW_StackerCrane_torack,False,poll
2026-03-20 10:02:23.877,gvl_HBW,bMotor_HBW_StackerCrane_toconveyorbelt,False,poll
2026-03-20 10:02:23.877,gvl_HBW,bMotor_HBW_StackerCrane_downward,False,poll
2026-03-20 10:02:23.877,gvl_HBW,bMotor_HBW_StackerCrane_upward,False,poll
2026-03-20 10:02:23.877,gvl_HBW,bMotor_HBW_Cantilever_forward,False,poll
2026-03-20 10:02:23.877,gvl_HBW,bMotor_HBW_Cantilever_backward,False,poll
2026-03-20 10:02:23.877,gvl_MS,bReferenceSwitch_MS_Turntable_attransferunit,False,poll
2026-03-20 10:02:23.877,gvl_MS,bReferenceSwitch_MS_Turntable_atconveyorbelt,False,poll
2026-03-20 10:02:23.877,gvl_MS,bLightBarrier_MS_conveyorbelt,False,poll
2026-03-20 10:02:23.877,gvl_MS,bReferenceSwitch_MS_Turntable_atsaw,False,poll
2026-03-20 10:02:23.877,gvl_MS,bReferenceSwitch_MS_TransferUnit_atturntable,True,poll
2026-03-20 10:02:23.877,gvl_MS,bReferenceSwitch_MS_OvenSlider_inside,False,poll
2026-03-20 10:02:23.877,gvl_MS,bReferenceSwitch_MS_OvenSlider_outside,True,poll
2026-03-20 10:02:23.877,gvl_MS,bReferenceSwitch_MS_TransferUnit_atoven,False,poll
2026-03-20 10:02:23.877,gvl_MS,bLightBarrier_MS_oven,True,poll
2026-03-20 10:02:23.877,gvl_MS,bMotor_MS_Turntable_clockwise,False,poll
2026-03-20 10:02:23.877,gvl_MS,bMotor_MS_Turntable_counterclockwise,False,poll
2026-03-20 10:02:23.877,gvl_MS,bMotor_MS_ConveyorBelt_forward,False,poll
2026-03-20 10:02:23.877,gvl_MS,bMotor_MS_Saw,False,poll
2026-03-20 10:02:23.877,gvl_MS,bMotor_MS_OvenSlider_movein,False,poll
2026-03-20 10:02:23.877,gvl_MS,bMotor_MS_OvenSlider_moveout,False,poll
2026-03-20 10:02:23.877,gvl_MS,bMotor_MS_TransferUnit_tooven,False,poll
2026-03-20 10:02:23.877,gvl_MS,bMotor_MS_TransferUnit_toturntable,False,poll
2026-03-20 10:02:23.877,gvl_MS,bLamp_MS,False,poll
2026-03-20 10:02:23.877,gvl_MS,bCompressor_MS,False,poll
2026-03-20 10:02:23.877,gvl_MS,bValve_MS_Vacuum,False,poll
2026-03-20 10:02:23.877,gvl_MS,bValve_MS_TransferUnit,False,poll
2026-03-20 10:02:23.877,gvl_MS,bValve_MS_OvenDoor,False,poll
2026-03-20 10:02:23.877,gvl_MS,bValve_MS_Ejector,False,poll
2026-03-20 10:02:23.877,gvl_PM,bLightBarrier_PM_entry,True,poll
2026-03-20 10:02:23.877,gvl_PM,bLightBarrier_PM_tool,True,poll
2026-03-20 10:02:23.877,gvl_PM,bReferenceSwitch_PM_top,False,poll
2026-03-20 10:02:23.877,gvl_PM,bReferenceSwitch_PM_bottom,True,poll
2026-03-20 10:02:23.877,gvl_PM,bMotor_PM_ConveyorBelt_forward,False,poll
2026-03-20 10:02:23.877,gvl_PM,bMotor_PM_ConveyorBelt_backward,False,poll
2026-03-20 10:02:23.877,gvl_PM,bMotor_PM_Tool_upward,False,poll
2026-03-20 10:02:23.877,gvl_PM,bMotor_PM_Tool_downward,False,poll
2026-03-20 10:02:23.877,gvl_SL,bPulseCounter_SL,False,poll
2026-03-20 10:02:23.877,gvl_SL,bLightBarrier_SL_beforecolor,True,poll
2026-03-20 10:02:23.877,gvl_SL,bLightBarrier_SL_aftercolor,True,poll
2026-03-20 10:02:23.877,gvl_SL,bLightBarrier_SL_white,True,poll
2026-03-20 10:02:23.877,gvl_SL,bLightBarrier_SL_red,True,poll
2026-03-20 10:02:23.877,gvl_SL,bLightBarrier_SL_blue,True,poll
2026-03-20 10:02:23.877,gvl_SL,iColorSensor_SL,0,poll
2026-03-20 10:02:23.877,gvl_SL,bMotor_SL_ConveyorBelt,False,poll
2026-03-20 10:02:23.877,gvl_SL,bCompressor_SL,False,poll
2026-03-20 10:02:23.877,gvl_SL,bValve_SL_white,False,poll
2026-03-20 10:02:23.877,gvl_SL,bValve_SL_red,False,poll
2026-03-20 10:02:23.877,gvl_SL,bValve_SL_blue,False,poll
2026-03-20 10:02:23.877,LocalVariables,iC_CoordH,35,poll
2026-03-20 10:02:23.877,LocalVariables,iC_CoordV,0,poll
2026-03-20 10:02:23.877,LocalVariables,iC_CoordR,35,poll
2026-03-20 10:02:23.877,LocalVariables,eC_PickingStation,0,poll
2026-03-20 10:02:23.877,LocalVariables,eC_PlacingStation,0,poll
2026-03-20 10:02:23.877,LocalVariables,iC_Coord_Picking,"[[1340, 170, 150, 445], [380, 800, 367, 435], [800, 301, 580, 800]]",poll
2026-03-20 10:02:23.877,LocalVariables,iC_Coord_Placing,"[[890, 870], [500, 1343], [180, 150]]",poll
2026-03-20 10:02:24.219,gvl_SL,iColorSensor_SL,1,event
2026-03-20 10:02:24.319,gvl_SL,iColorSensor_SL,0,event
2026-03-20 10:02:24.636,gvl_C,bReferenceSwitch_C_vertical,True,poll
2026-03-20 10:02:24.636,gvl_C,bReferenceSwitch_C_horizontal,False,poll
2026-03-20 10:02:24.636,gvl_C,bReferenceSwitch_C_rotate,False,poll
2026-03-20 10:02:24.636,gvl_C,bEncoderImpulse_C_vertical1,False,poll
2026-03-20 10:02:24.636,gvl_C,bEncoderImpulse_C_vertical2,True,poll
2026-03-20 10:02:24.636,gvl_C,bEncoderImpulse_C_horizontal1,False,poll
2026-03-20 10:02:24.636,gvl_C,bEncoderImpulse_C_horizontal2,True,poll
2026-03-20 10:02:24.636,gvl_C,bEncoderImpulse_C_rotate1,True,poll
2026-03-20 10:02:24.636,gvl_C,bEncoderImpulse_C_rotate2,False,poll
2026-03-20 10:02:24.636,gvl_C,bMotor_C_upward,False,poll
2026-03-20 10:02:24.636,gvl_C,bMotor_C_downward,False,poll
2026-03-20 10:02:24.636,gvl_C,bMotor_C_backward,False,poll
2026-03-20 10:02:24.636,gvl_C,bMotor_C_forward,False,poll
2026-03-20 10:02:24.636,gvl_C,bMotor_C_clockwise,False,poll
2026-03-20 10:02:24.636,gvl_C,bMotor_C_counterclockwise,False,poll
2026-03-20 10:02:24.636,gvl_C,bCompressor_C,False,poll
2026-03-20 10:02:24.636,gvl_C,bValve_C,False,poll
2026-03-20 10:02:24.636,gvl_HBW,bReferenceSwitch_HBW_horizontal,True,poll
2026-03-20 10:02:24.636,gvl_HBW,bLightBarrier_HBW_inside,True,poll
2026-03-20 10:02:24.636,gvl_HBW,bLightBarrier_HBW_outside,True,poll
2026-03-20 10:02:24.636,gvl_HBW,bReferenceSwitch_HBW_vertical,False,poll
2026-03-20 10:02:24.636,gvl_HBW,bReferenceSwitch_HBW_Cantilever_front,False,poll
2026-03-20 10:02:24.636,gvl_HBW,bReferenceSwitch_HBW_Cantilever_back,False,poll
2026-03-20 10:02:24.636,gvl_HBW,bTrailSensor_HBW_bottom,True,poll
2026-03-20 10:02:24.636,gvl_HBW,bTrailSensor_HBW_top,True,poll
2026-03-20 10:02:24.636,gvl_HBW,bEncoderImpulse_HBW_horizontal1,False,poll
2026-03-20 10:02:24.636,gvl_HBW,bEncoderImpulse_HBW_horizontal2,True,poll
2026-03-20 10:02:24.636,gvl_HBW,bEncoderImpulse_HBW_vertical1,False,poll
2026-03-20 10:02:24.636,gvl_HBW,bEncoderImpulse_HBW_vertical2,False,poll
2026-03-20 10:02:24.636,gvl_HBW,bMotor_HBW_ConveyorBelt_forward,False,poll
2026-03-20 10:02:24.636,gvl_HBW,bMotor_HBW_ConveyorBelt_backward,False,poll
2026-03-20 10:02:24.636,gvl_HBW,bMotor_HBW_StackerCrane_torack,False,poll
2026-03-20 10:02:24.636,gvl_HBW,bMotor_HBW_StackerCrane_toconveyorbelt,False,poll
2026-03-20 10:02:24.636,gvl_HBW,bMotor_HBW_StackerCrane_downward,False,poll
2026-03-20 10:02:24.636,gvl_HBW,bMotor_HBW_StackerCrane_upward,False,poll
2026-03-20 10:02:24.636,gvl_HBW,bMotor_HBW_Cantilever_forward,False,poll
2026-03-20 10:02:24.636,gvl_HBW,bMotor_HBW_Cantilever_backward,False,poll
2026-03-20 10:02:24.636,gvl_MS,bReferenceSwitch_MS_Turntable_attransferunit,False,poll
2026-03-20 10:02:24.636,gvl_MS,bReferenceSwitch_MS_Turntable_atconveyorbelt,False,poll
2026-03-20 10:02:24.636,gvl_MS,bLightBarrier_MS_conveyorbelt,False,poll
2026-03-20 10:02:24.636,gvl_MS,bReferenceSwitch_MS_Turntable_atsaw,False,poll
2026-03-20 10:02:24.636,gvl_MS,bReferenceSwitch_MS_TransferUnit_atturntable,True,poll
2026-03-20 10:02:24.636,gvl_MS,bReferenceSwitch_MS_OvenSlider_inside,False,poll
2026-03-20 10:02:24.636,gvl_MS,bReferenceSwitch_MS_OvenSlider_outside,True,poll
2026-03-20 10:02:24.636,gvl_MS,bReferenceSwitch_MS_TransferUnit_atoven,False,poll
2026-03-20 10:02:24.636,gvl_MS,bLightBarrier_MS_oven,True,poll
2026-03-20 10:02:24.636,gvl_MS,bMotor_MS_Turntable_clockwise,False,poll
2026-03-20 10:02:24.636,gvl_MS,bMotor_MS_Turntable_counterclockwise,False,poll
2026-03-20 10:02:24.636,gvl_MS,bMotor_MS_ConveyorBelt_forward,False,poll
2026-03-20 10:02:24.636,gvl_MS,bMotor_MS_Saw,False,poll
2026-03-20 10:02:24.636,gvl_MS,bMotor_MS_OvenSlider_movein,False,poll
2026-03-20 10:02:24.819,gvl_SL,iColorSensor_SL,1,event
2026-03-20 10:02:24.636,gvl_MS,bMotor_MS_OvenSlider_moveout,False,poll
2026-03-20 10:02:24.636,gvl_MS,bMotor_MS_TransferUnit_tooven,False,poll
2026-03-20 10:02:24.636,gvl_MS,bMotor_MS_TransferUnit_toturntable,False,poll
2026-03-20 10:02:24.636,gvl_MS,bLamp_MS,False,poll
2026-03-20 10:02:24.636,gvl_MS,bCompressor_MS,False,poll
2026-03-20 10:02:24.636,gvl_MS,bValve_MS_Vacuum,False,poll
2026-03-20 10:02:24.636,gvl_MS,bValve_MS_TransferUnit,False,poll
2026-03-20 10:02:24.636,gvl_MS,bValve_MS_OvenDoor,False,poll
2026-03-20 10:02:24.636,gvl_MS,bValve_MS_Ejector,False,poll
2026-03-20 10:02:24.636,gvl_PM,bLightBarrier_PM_entry,True,poll
2026-03-20 10:02:24.636,gvl_PM,bLightBarrier_PM_tool,True,poll
2026-03-20 10:02:24.636,gvl_PM,bReferenceSwitch_PM_top,False,poll
2026-03-20 10:02:24.636,gvl_PM,bReferenceSwitch_PM_bottom,True,poll
2026-03-20 10:02:24.636,gvl_PM,bMotor_PM_ConveyorBelt_forward,False,poll
2026-03-20 10:02:24.636,gvl_PM,bMotor_PM_ConveyorBelt_backward,False,poll
2026-03-20 10:02:24.636,gvl_PM,bMotor_PM_Tool_upward,False,poll
2026-03-20 10:02:24.636,gvl_PM,bMotor_PM_Tool_downward,False,poll
2026-03-20 10:02:24.636,gvl_SL,bPulseCounter_SL,False,poll
2026-03-20 10:02:24.636,gvl_SL,bLightBarrier_SL_beforecolor,True,poll
2026-03-20 10:02:24.636,gvl_SL,bLightBarrier_SL_aftercolor,True,poll
2026-03-20 10:02:24.636,gvl_SL,bLightBarrier_SL_white,True,poll
2026-03-20 10:02:24.636,gvl_SL,bLightBarrier_SL_red,True,poll
2026-03-20 10:02:24.636,gvl_SL,bLightBarrier_SL_blue,True,poll
2026-03-20 10:02:24.636,gvl_SL,iColorSensor_SL,1,poll
2026-03-20 10:02:24.636,gvl_SL,bMotor_SL_ConveyorBelt,False,poll
2026-03-20 10:02:24.923,gvl_SL,iColorSensor_SL,0,event
2026-03-20 10:02:24.636,gvl_SL,bCompressor_SL,False,poll
2026-03-20 10:02:24.636,gvl_SL,bValve_SL_white,False,poll
2026-03-20 10:02:24.636,gvl_SL,bValve_SL_red,False,poll
2026-03-20 10:02:24.636,gvl_SL,bValve_SL_blue,False,poll
2026-03-20 10:02:24.636,LocalVariables,iC_CoordH,35,poll
2026-03-20 10:02:24.636,LocalVariables,iC_CoordV,0,poll
2026-03-20 10:02:24.636,LocalVariables,iC_CoordR,35,poll
2026-03-20 10:02:24.636,LocalVariables,eC_PickingStation,0,poll
2026-03-20 10:02:24.636,LocalVariables,eC_PlacingStation,0,poll
2026-03-20 10:02:24.636,LocalVariables,iC_Coord_Picking,"[[1340, 170, 150, 445], [380, 800, 367, 435], [800, 301, 580, 800]]",poll
2026-03-20 10:02:24.636,LocalVariables,iC_Coord_Placing,"[[890, 870], [500, 1343], [180, 150]]",poll
2026-03-20 10:02:25.022,gvl_SL,iColorSensor_SL,1,event
2026-03-20 10:02:25.119,gvl_SL,iColorSensor_SL,0,event
2026-03-20 10:02:25.473,gvl_C,bReferenceSwitch_C_vertical,True,poll
2026-03-20 10:02:25.473,gvl_C,bReferenceSwitch_C_horizontal,False,poll
2026-03-20 10:02:25.473,gvl_C,bReferenceSwitch_C_rotate,False,poll
2026-03-20 10:02:25.473,gvl_C,bEncoderImpulse_C_vertical1,False,poll
2026-03-20 10:02:25.473,gvl_C,bEncoderImpulse_C_vertical2,True,poll
2026-03-20 10:02:25.473,gvl_C,bEncoderImpulse_C_horizontal1,False,poll
2026-03-20 10:02:25.473,gvl_C,bEncoderImpulse_C_horizontal2,True,poll
2026-03-20 10:02:25.473,gvl_C,bEncoderImpulse_C_rotate1,True,poll
2026-03-20 10:02:25.473,gvl_C,bEncoderImpulse_C_rotate2,False,poll
2026-03-20 10:02:25.473,gvl_C,bMotor_C_upward,False,poll
2026-03-20 10:02:25.473,gvl_C,bMotor_C_downward,False,poll
2026-03-20 10:02:25.473,gvl_C,bMotor_C_backward,False,poll
2026-03-20 10:02:25.473,gvl_C,bMotor_C_forward,False,poll
2026-03-20 10:02:25.473,gvl_C,bMotor_C_clockwise,False,poll
2026-03-20 10:02:25.473,gvl_C,bMotor_C_counterclockwise,False,poll
2026-03-20 10:02:25.473,gvl_C,bCompressor_C,False,poll
2026-03-20 10:02:25.473,gvl_C,bValve_C,False,poll
2026-03-20 10:02:25.473,gvl_HBW,bReferenceSwitch_HBW_horizontal,True,poll
2026-03-20 10:02:25.473,gvl_HBW,bLightBarrier_HBW_inside,True,poll
2026-03-20 10:02:25.473,gvl_HBW,bLightBarrier_HBW_outside,True,poll
2026-03-20 10:02:25.473,gvl_HBW,bReferenceSwitch_HBW_vertical,False,poll
2026-03-20 10:02:25.473,gvl_HBW,bReferenceSwitch_HBW_Cantilever_front,False,poll
2026-03-20 10:02:25.473,gvl_HBW,bReferenceSwitch_HBW_Cantilever_back,False,poll
2026-03-20 10:02:25.473,gvl_HBW,bTrailSensor_HBW_bottom,True,poll
2026-03-20 10:02:25.473,gvl_HBW,bTrailSensor_HBW_top,True,poll
2026-03-20 10:02:25.473,gvl_HBW,bEncoderImpulse_HBW_horizontal1,False,poll
2026-03-20 10:02:25.473,gvl_HBW,bEncoderImpulse_HBW_horizontal2,True,poll
2026-03-20 10:02:25.473,gvl_HBW,bEncoderImpulse_HBW_vertical1,False,poll
2026-03-20 10:02:25.473,gvl_HBW,bEncoderImpulse_HBW_vertical2,False,poll
2026-03-20 10:02:25.473,gvl_HBW,bMotor_HBW_ConveyorBelt_forward,False,poll
2026-03-20 10:02:25.473,gvl_HBW,bMotor_HBW_ConveyorBelt_backward,False,poll
2026-03-20 10:02:25.473,gvl_HBW,bMotor_HBW_StackerCrane_torack,False,poll
2026-03-20 10:02:25.473,gvl_HBW,bMotor_HBW_StackerCrane_toconveyorbelt,False,poll
2026-03-20 10:02:25.473,gvl_HBW,bMotor_HBW_StackerCrane_downward,False,poll
2026-03-20 10:02:25.473,gvl_HBW,bMotor_HBW_StackerCrane_upward,False,poll
2026-03-20 10:02:25.473,gvl_HBW,bMotor_HBW_Cantilever_forward,False,poll
2026-03-20 10:02:25.621,gvl_SL,iColorSensor_SL,1,event
2026-03-20 10:02:25.473,gvl_HBW,bMotor_HBW_Cantilever_backward,False,poll
2026-03-20 10:02:25.473,gvl_MS,bReferenceSwitch_MS_Turntable_attransferunit,False,poll
2026-03-20 10:02:25.473,gvl_MS,bReferenceSwitch_MS_Turntable_atconveyorbelt,False,poll
2026-03-20 10:02:25.473,gvl_MS,bLightBarrier_MS_conveyorbelt,False,poll
2026-03-20 10:02:25.473,gvl_MS,bReferenceSwitch_MS_Turntable_atsaw,False,poll
2026-03-20 10:02:25.473,gvl_MS,bReferenceSwitch_MS_TransferUnit_atturntable,True,poll
2026-03-20 10:02:25.473,gvl_MS,bReferenceSwitch_MS_OvenSlider_inside,False,poll
2026-03-20 10:02:25.473,gvl_MS,bReferenceSwitch_MS_OvenSlider_outside,True,poll
2026-03-20 10:02:25.473,gvl_MS,bReferenceSwitch_MS_TransferUnit_atoven,False,poll
2026-03-20 10:02:25.473,gvl_MS,bLightBarrier_MS_oven,True,poll
2026-03-20 10:02:25.473,gvl_MS,bMotor_MS_Turntable_clockwise,False,poll
2026-03-20 10:02:25.473,gvl_MS,bMotor_MS_Turntable_counterclockwise,False,poll
2026-03-20 10:02:25.473,gvl_MS,bMotor_MS_ConveyorBelt_forward,False,poll
2026-03-20 10:02:25.473,gvl_MS,bMotor_MS_Saw,False,poll
2026-03-20 10:02:25.473,gvl_MS,bMotor_MS_OvenSlider_movein,False,poll
2026-03-20 10:02:25.473,gvl_MS,bMotor_MS_OvenSlider_moveout,False,poll
2026-03-20 10:02:25.473,gvl_MS,bMotor_MS_TransferUnit_tooven,False,poll
2026-03-20 10:02:25.473,gvl_MS,bMotor_MS_TransferUnit_toturntable,False,poll
2026-03-20 10:02:25.473,gvl_MS,bLamp_MS,False,poll
2026-03-20 10:02:25.473,gvl_MS,bCompressor_MS,False,poll
2026-03-20 10:02:25.473,gvl_MS,bValve_MS_Vacuum,False,poll
2026-03-20 10:02:25.473,gvl_MS,bValve_MS_TransferUnit,False,poll
2026-03-20 10:02:25.473,gvl_MS,bValve_MS_OvenDoor,False,poll
2026-03-20 10:02:25.473,gvl_MS,bValve_MS_Ejector,False,poll
2026-03-20 10:02:25.721,gvl_SL,iColorSensor_SL,0,event
2026-03-20 10:02:25.473,gvl_PM,bLightBarrier_PM_entry,True,poll
2026-03-20 10:02:25.473,gvl_PM,bLightBarrier_PM_tool,True,poll
2026-03-20 10:02:25.473,gvl_PM,bReferenceSwitch_PM_top,False,poll
2026-03-20 10:02:25.473,gvl_PM,bReferenceSwitch_PM_bottom,True,poll
2026-03-20 10:02:25.473,gvl_PM,bMotor_PM_ConveyorBelt_forward,False,poll
2026-03-20 10:02:25.473,gvl_PM,bMotor_PM_ConveyorBelt_backward,False,poll
2026-03-20 10:02:25.473,gvl_PM,bMotor_PM_Tool_upward,False,poll
2026-03-20 10:02:25.473,gvl_PM,bMotor_PM_Tool_downward,False,poll
2026-03-20 10:02:25.473,gvl_SL,bPulseCounter_SL,False,poll
2026-03-20 10:02:25.473,gvl_SL,bLightBarrier_SL_beforecolor,True,poll
2026-03-20 10:02:25.473,gvl_SL,bLightBarrier_SL_aftercolor,True,poll
2026-03-20 10:02:25.473,gvl_SL,bLightBarrier_SL_white,True,poll
2026-03-20 10:02:25.473,gvl_SL,bLightBarrier_SL_red,True,poll
2026-03-20 10:02:25.473,gvl_SL,bLightBarrier_SL_blue,True,poll
2026-03-20 10:02:25.473,gvl_SL,iColorSensor_SL,0,poll
2026-03-20 10:02:25.473,gvl_SL,bMotor_SL_ConveyorBelt,False,poll
2026-03-20 10:02:25.473,gvl_SL,bCompressor_SL,False,poll
2026-03-20 10:02:25.473,gvl_SL,bValve_SL_white,False,poll
2026-03-20 10:02:25.473,gvl_SL,bValve_SL_red,False,poll
2026-03-20 10:02:25.473,gvl_SL,bValve_SL_blue,False,poll
2026-03-20 10:02:25.473,LocalVariables,iC_CoordH,35,poll
2026-03-20 10:02:25.473,LocalVariables,iC_CoordV,0,poll
2026-03-20 10:02:25.473,LocalVariables,iC_CoordR,35,poll
2026-03-20 10:02:25.473,LocalVariables,eC_PickingStation,0,poll
2026-03-20 10:02:25.473,LocalVariables,eC_PlacingStation,0,poll
2026-03-20 10:02:25.473,LocalVariables,iC_Coord_Picking,"[[1340, 170, 150, 445], [380, 800, 367, 435], [800, 301, 580, 800]]",poll
2026-03-20 10:02:25.473,LocalVariables,iC_Coord_Placing,"[[890, 870], [500, 1343], [180, 150]]",poll
2026-03-20 10:02:26.329,gvl_C,bReferenceSwitch_C_vertical,True,poll
2026-03-20 10:02:26.329,gvl_C,bReferenceSwitch_C_horizontal,False,poll
2026-03-20 10:02:26.329,gvl_C,bReferenceSwitch_C_rotate,False,poll
2026-03-20 10:02:26.329,gvl_C,bEncoderImpulse_C_vertical1,False,poll
2026-03-20 10:02:26.329,gvl_C,bEncoderImpulse_C_vertical2,True,poll
2026-03-20 10:02:26.329,gvl_C,bEncoderImpulse_C_horizontal1,False,poll
2026-03-20 10:02:26.329,gvl_C,bEncoderImpulse_C_horizontal2,True,poll
2026-03-20 10:02:26.329,gvl_C,bEncoderImpulse_C_rotate1,True,poll
2026-03-20 10:02:26.329,gvl_C,bEncoderImpulse_C_rotate2,False,poll
2026-03-20 10:02:26.329,gvl_C,bMotor_C_upward,False,poll
2026-03-20 10:02:26.329,gvl_C,bMotor_C_downward,False,poll
2026-03-20 10:02:26.329,gvl_C,bMotor_C_backward,False,poll
2026-03-20 10:02:26.329,gvl_C,bMotor_C_forward,False,poll
2026-03-20 10:02:26.329,gvl_C,bMotor_C_clockwise,False,poll
2026-03-20 10:02:26.329,gvl_C,bMotor_C_counterclockwise,False,poll
2026-03-20 10:02:26.329,gvl_C,bCompressor_C,False,poll
2026-03-20 10:02:26.329,gvl_C,bValve_C,False,poll
2026-03-20 10:02:26.329,gvl_HBW,bReferenceSwitch_HBW_horizontal,True,poll
2026-03-20 10:02:26.329,gvl_HBW,bLightBarrier_HBW_inside,True,poll
2026-03-20 10:02:26.329,gvl_HBW,bLightBarrier_HBW_outside,True,poll
2026-03-20 10:02:26.329,gvl_HBW,bReferenceSwitch_HBW_vertical,False,poll
2026-03-20 10:02:26.329,gvl_HBW,bReferenceSwitch_HBW_Cantilever_front,False,poll
2026-03-20 10:02:26.329,gvl_HBW,bReferenceSwitch_HBW_Cantilever_back,False,poll
2026-03-20 10:02:26.329,gvl_HBW,bTrailSensor_HBW_bottom,True,poll
2026-03-20 10:02:26.329,gvl_HBW,bTrailSensor_HBW_top,True,poll
2026-03-20 10:02:26.329,gvl_HBW,bEncoderImpulse_HBW_horizontal1,False,poll
2026-03-20 10:02:26.329,gvl_HBW,bEncoderImpulse_HBW_horizontal2,True,poll
2026-03-20 10:02:26.329,gvl_HBW,bEncoderImpulse_HBW_vertical1,False,poll
2026-03-20 10:02:26.329,gvl_HBW,bEncoderImpulse_HBW_vertical2,False,poll
2026-03-20 10:02:26.329,gvl_HBW,bMotor_HBW_ConveyorBelt_forward,False,poll
2026-03-20 10:02:26.329,gvl_HBW,bMotor_HBW_ConveyorBelt_backward,False,poll
2026-03-20 10:02:26.329,gvl_HBW,bMotor_HBW_StackerCrane_torack,False,poll
2026-03-20 10:02:26.329,gvl_HBW,bMotor_HBW_StackerCrane_toconveyorbelt,False,poll
2026-03-20 10:02:26.329,gvl_HBW,bMotor_HBW_StackerCrane_downward,False,poll
2026-03-20 10:02:26.329,gvl_HBW,bMotor_HBW_StackerCrane_upward,False,poll
2026-03-20 10:02:26.329,gvl_HBW,bMotor_HBW_Cantilever_forward,False,poll
2026-03-20 10:02:26.329,gvl_HBW,bMotor_HBW_Cantilever_backward,False,poll
2026-03-20 10:02:26.329,gvl_MS,bReferenceSwitch_MS_Turntable_attransferunit,False,poll
2026-03-20 10:02:26.329,gvl_MS,bReferenceSwitch_MS_Turntable_atconveyorbelt,False,poll
2026-03-20 10:02:26.329,gvl_MS,bLightBarrier_MS_conveyorbelt,False,poll
2026-03-20 10:02:26.329,gvl_MS,bReferenceSwitch_MS_Turntable_atsaw,False,poll
2026-03-20 10:02:26.329,gvl_MS,bReferenceSwitch_MS_TransferUnit_atturntable,True,poll
2026-03-20 10:02:26.329,gvl_MS,bReferenceSwitch_MS_OvenSlider_inside,False,poll
2026-03-20 10:02:26.329,gvl_MS,bReferenceSwitch_MS_OvenSlider_outside,True,poll
2026-03-20 10:02:26.329,gvl_MS,bReferenceSwitch_MS_TransferUnit_atoven,False,poll
2026-03-20 10:02:26.329,gvl_MS,bLightBarrier_MS_oven,True,poll
2026-03-20 10:02:26.329,gvl_MS,bMotor_MS_Turntable_clockwise,False,poll
2026-03-20 10:02:26.329,gvl_MS,bMotor_MS_Turntable_counterclockwise,False,poll
2026-03-20 10:02:26.329,gvl_MS,bMotor_MS_ConveyorBelt_forward,False,poll
2026-03-20 10:02:26.329,gvl_MS,bMotor_MS_Saw,False,poll
2026-03-20 10:02:26.329,gvl_MS,bMotor_MS_OvenSlider_movein,False,poll
2026-03-20 10:02:26.329,gvl_MS,bMotor_MS_OvenSlider_moveout,False,poll
2026-03-20 10:02:26.329,gvl_MS,bMotor_MS_TransferUnit_tooven,False,poll
2026-03-20 10:02:26.329,gvl_MS,bMotor_MS_TransferUnit_toturntable,False,poll
2026-03-20 10:02:26.329,gvl_MS,bLamp_MS,False,poll
2026-03-20 10:02:26.329,gvl_MS,bCompressor_MS,False,poll
2026-03-20 10:02:26.329,gvl_MS,bValve_MS_Vacuum,False,poll
2026-03-20 10:02:26.329,gvl_MS,bValve_MS_TransferUnit,False,poll
2026-03-20 10:02:26.329,gvl_MS,bValve_MS_OvenDoor,False,poll
2026-03-20 10:02:26.329,gvl_MS,bValve_MS_Ejector,False,poll
2026-03-20 10:02:26.329,gvl_PM,bLightBarrier_PM_entry,True,poll
2026-03-20 10:02:26.329,gvl_PM,bLightBarrier_PM_tool,True,poll
2026-03-20 10:02:26.329,gvl_PM,bReferenceSwitch_PM_top,False,poll
2026-03-20 10:02:26.329,gvl_PM,bReferenceSwitch_PM_bottom,True,poll
2026-03-20 10:02:26.329,gvl_PM,bMotor_PM_ConveyorBelt_forward,False,poll
2026-03-20 10:02:26.329,gvl_PM,bMotor_PM_ConveyorBelt_backward,False,poll
2026-03-20 10:02:26.329,gvl_PM,bMotor_PM_Tool_upward,False,poll
2026-03-20 10:02:26.329,gvl_PM,bMotor_PM_Tool_downward,False,poll
2026-03-20 10:02:26.329,gvl_SL,bPulseCounter_SL,False,poll
2026-03-20 10:02:26.329,gvl_SL,bLightBarrier_SL_beforecolor,True,poll
2026-03-20 10:02:26.329,gvl_SL,bLightBarrier_SL_aftercolor,True,poll
2026-03-20 10:02:26.329,gvl_SL,bLightBarrier_SL_white,True,poll
2026-03-20 10:02:26.329,gvl_SL,bLightBarrier_SL_red,True,poll
2026-03-20 10:02:26.329,gvl_SL,bLightBarrier_SL_blue,True,poll
2026-03-20 10:02:26.329,gvl_SL,iColorSensor_SL,0,poll
2026-03-20 10:02:26.329,gvl_SL,bMotor_SL_ConveyorBelt,False,poll
2026-03-20 10:02:26.329,gvl_SL,bCompressor_SL,False,poll
2026-03-20 10:02:26.329,gvl_SL,bValve_SL_white,False,poll
2026-03-20 10:02:26.329,gvl_SL,bValve_SL_red,False,poll
2026-03-20 10:02:26.329,gvl_SL,bValve_SL_blue,False,poll
2026-03-20 10:02:26.329,LocalVariables,iC_CoordH,35,poll
2026-03-20 10:02:26.329,LocalVariables,iC_CoordV,0,poll
2026-03-20 10:02:26.329,LocalVariables,iC_CoordR,35,poll
2026-03-20 10:02:26.329,LocalVariables,eC_PickingStation,0,poll
2026-03-20 10:02:26.329,LocalVariables,eC_PlacingStation,0,poll
2026-03-20 10:02:26.329,LocalVariables,iC_Coord_Picking,"[[1340, 170, 150, 445], [380, 800, 367, 435], [800, 301, 580, 800]]",poll
2026-03-20 10:02:26.329,LocalVariables,iC_Coord_Placing,"[[890, 870], [500, 1343], [180, 150]]",poll
2026-03-20 10:02:26.620,gvl_SL,iColorSensor_SL,1,event
