timestamp,gvl,variable,value,source
2026-03-20 10:03:58.387,gvl_C,bReferenceSwitch_C_vertical,True,poll
2026-03-20 10:03:58.387,gvl_C,bReferenceSwitch_C_horizontal,False,poll
2026-03-20 10:03:58.387,gvl_C,bReferenceSwitch_C_rotate,False,poll
2026-03-20 10:03:58.387,gvl_C,bEncoderImpulse_C_vertical1,False,poll
2026-03-20 10:03:58.387,gvl_C,bEncoderImpulse_C_vertical2,True,poll
2026-03-20 10:03:58.387,gvl_C,bEncoderImpulse_C_horizontal1,False,poll
2026-03-20 10:03:58.387,gvl_C,bEncoderImpulse_C_horizontal2,True,poll
2026-03-20 10:03:58.387,gvl_C,bEncoderImpulse_C_rotate1,True,poll
2026-03-20 10:03:58.387,gvl_C,bEncoderImpulse_C_rotate2,False,poll
2026-03-20 10:03:58.387,gvl_C,bMotor_C_upward,False,poll
2026-03-20 10:03:58.387,gvl_C,bMotor_C_downward,False,poll
2026-03-20 10:03:58.387,gvl_C,bMotor_C_backward,False,poll
2026-03-20 10:03:58.387,gvl_C,bMotor_C_forward,False,poll
2026-03-20 10:03:58.387,gvl_C,bMotor_C_clockwise,False,poll
2026-03-20 10:03:58.387,gvl_C,bMotor_C_counterclockwise,False,poll
2026-03-20 10:03:58.411,gvl_C,bReferenceSwitch_C_vertical,True,event
2026-03-20 10:03:58.411,gvl_C,bReferenceSwitch_C_horizontal,False,event
2026-03-20 10:03:58.411,gvl_C,bReferenceSwitch_C_rotate,False,event
2026-03-20 10:03:58.411,gvl_C,bEncoderImpulse_C_vertical1,False,event
2026-03-20 10:03:58.411,gvl_C,bEncoderImpulse_C_vertical2,True,event
2026-03-20 10:03:58.411,gvl_C,bEncoderImpulse_C_horizontal1,False,event
2026-03-20 10:03:58.411,gvl_C,bEncoderImpulse_C_horizontal2,True,event
2026-03-20 10:03:58.411,gvl_C,bEncoderImpulse_C_rotate1,True,event
2026-03-20 10:03:58.411,gvl_C,bEncoderImpulse_C_rotate2,False,event
2026-03-20 10:03:58.411,gvl_C,bMotor_C_upward,False,event
2026-03-20 10:03:58.411,gvl_C,bMotor_C_downward,False,event
2026-03-20 10:03:58.411,gvl_C,bMotor_C_backward,False,event
2026-03-20 10:03:58.411,gvl_C,bMotor_C_forward,False,event
2026-03-20 10:03:58.411,gvl_C,bMotor_C_clockwise,False,event
2026-03-20 10:03:58.411,gvl_C,bMotor_C_counterclockwise,False,event
2026-03-20 10:03:58.411,gvl_C,bCompressor_C,False,event
2026-03-20 10:03:58.411,gvl_C,bValve_C,False,event
2026-03-20 10:03:58.411,gvl_HBW,bReferenceSwitch_HBW_horizontal,True,event
2026-03-20 10:03:58.411,gvl_HBW,bReferenceSwitch_HBW_vertical,False,event
2026-03-20 10:03:58.411,gvl_HBW,bReferenceSwitch_HBW_Cantilever_front,False,event
2026-03-20 10:03:58.411,gvl_HBW,bReferenceSwitch_HBW_Cantilever_back,False,event
2026-03-20 10:03:58.411,gvl_HBW,bTrailSensor_HBW_bottom,True,event
2026-03-20 10:03:58.411,gvl_HBW,bTrailSensor_HBW_top,True,event
2026-03-20 10:03:58.411,gvl_HBW,bEncoderImpulse_HBW_horizontal1,False,event
2026-03-20 10:03:58.411,gvl_HBW,bEncoderImpulse_HBW_horizontal2,True,event
2026-03-20 10:03:58.411,gvl_HBW,bEncoderImpulse_HBW_vertical1,False,event
2026-03-20 10:03:58.411,gvl_HBW,bEncoderImpulse_HBW_vertical2,False,event
2026-03-20 10:03:58.411,gvl_HBW,bMotor_HBW_ConveyorBelt_forward,False,event
2026-03-20 10:03:58.411,gvl_HBW,bMotor_HBW_ConveyorBelt_backward,False,event
2026-03-20 10:03:58.411,gvl_HBW,bMotor_HBW_StackerCrane_torack,False,event
2026-03-20 10:03:58.411,gvl_HBW,bMotor_HBW_StackerCrane_toconveyorbelt,False,event
2026-03-20 10:03:58.411,gvl_HBW,bMotor_HBW_StackerCrane_downward,False,event
2026-03-20 10:03:58.411,gvl_HBW,bMotor_HBW_StackerCrane_upward,False,event
2026-03-20 10:03:58.411,gvl_HBW,bMotor_HBW_Cantilever_forward,False,event
2026-03-20 10:03:58.411,gvl_HBW,bMotor_HBW_Cantilever_backward,False,event
2026-03-20 10:03:58.411,gvl_MS,bReferenceSwitch_MS_Turntable_attransferunit,False,event
2026-03-20 10:03:58.411,gvl_MS,bReferenceSwitch_MS_Turntable_atconveyorbelt,False,event
2026-03-20 10:03:58.411,gvl_MS,bLightBarrier_MS_conveyorbelt,False,event
2026-03-20 10:03:58.411,gvl_MS,bReferenceSwitch_MS_Turntable_atsaw,False,event
2026-03-20 10:03:58.412,gvl_MS,bReferenceSwitch_MS_TransferUnit_atturntable,True,event
2026-03-20 10:03:58.412,gvl_MS,bReferenceSwitch_MS_OvenSlider_inside,False,event
2026-03-20 10:03:58.412,gvl_MS,bReferenceSwitch_MS_OvenSlider_outside,True,event
2026-03-20 10:03:58.412,gvl_MS,bReferenceSwitch_MS_TransferUnit_atoven,False,event
2026-03-20 10:03:58.412,gvl_MS,bLightBarrier_MS_oven,True,event
2026-03-20 10:03:58.412,gvl_MS,bMotor_MS_Turntable_clockwise,False,event
2026-03-20 10:03:58.412,gvl_MS,bMotor_MS_Turntable_counterclockwise,False,event
2026-03-20 10:03:58.412,gvl_MS,bMotor_MS_ConveyorBelt_forward,False,event
2026-03-20 10:03:58.412,gvl_MS,bMotor_MS_Saw,False,event
2026-03-20 10:03:58.412,gvl_MS,bMotor_MS_OvenSlider_movein,False,event
2026-03-20 10:03:58.412,gvl_MS,bMotor_MS_OvenSlider_moveout,False,event
2026-03-20 10:03:58.412,gvl_MS,bMotor_MS_TransferUnit_tooven,False,event
2026-03-20 10:03:58.412,gvl_MS,bMotor_MS_TransferUnit_toturntable,False,event
2026-03-20 10:03:58.412,gvl_MS,bLamp_MS,False,event
2026-03-20 10:03:58.412,gvl_MS,bCompressor_MS,False,event
2026-03-20 10:03:58.387,gvl_C,bCompressor_C,False,poll
2026-03-20 10:03:58.387,gvl_C,bValve_C,False,poll
2026-03-20 10:03:58.387,gvl_HBW,bReferenceSwitch_HBW_horizontal,True,poll
2026-03-20 10:03:58.387,gvl_HBW,bLightBarrier_HBW_inside,True,poll
2026-03-20 10:03:58.387,gvl_HBW,bLightBarrier_HBW_outside,True,poll
2026-03-20 10:03:58.387,gvl_HBW,bReferenceSwitch_HBW_vertical,False,poll
2026-03-20 10:03:58.387,gvl_HBW,bReferenceSwitch_HBW_Cantilever_front,False,poll
2026-03-20 10:03:58.387,gvl_HBW,bReferenceSwitch_HBW_Cantilever_back,False,poll
2026-03-20 10:03:58.387,gvl_HBW,bTrailSensor_HBW_bottom,True,poll
2026-03-20 10:03:58.387,gvl_HBW,bTrailSensor_HBW_top,True,poll
2026-03-20 10:03:58.387,gvl_HBW,bEncoderImpulse_HBW_horizontal1,False,poll
2026-03-20 10:03:58.387,gvl_HBW,bEncoderImpulse_HBW_horizontal2,True,poll
2026-03-20 10:03:58.387,gvl_HBW,bEncoderImpulse_HBW_vertical1,False,poll
2026-03-20 10:03:58.387,gvl_HBW,bEncoderImpulse_HBW_vertical2,False,poll
2026-03-20 10:03:58.387,gvl_HBW,bMotor_HBW_ConveyorBelt_forward,False,poll
2026-03-20 10:03:58.387,gvl_HBW,bMotor_HBW_ConveyorBelt_backward,False,poll
2026-03-20 10:03:58.387,gvl_HBW,bMotor_HBW_StackerCrane_torack,False,poll
2026-03-20 10:03:58.387,gvl_HBW,bMotor_HBW_StackerCrane_toconveyorbelt,False,poll
2026-03-20 10:03:58.387,gvl_HBW,bMotor_HBW_StackerCrane_downward,False,poll
2026-03-20 10:03:58.387,gvl_HBW,bMotor_HBW_StackerCrane_upward,False,poll
2026-03-20 10:03:58.387,gvl_HBW,bMotor_HBW_Cantilever_forward,False,poll
2026-03-20 10:03:58.387,gvl_HBW,bMotor_HBW_Cantilever_backward,False,poll
2026-03-20 10:03:58.387,gvl_MS,bReferenceSwitch_MS_Turntable_attransferunit,False,poll
2026-03-20 10:03:58.387,gvl_MS,bReferenceSwitch_MS_Turntable_atconveyorbelt,False,poll
2026-03-20 10:03:58.387,gvl_MS,bLightBarrier_MS_conveyorbelt,False,poll
2026-03-20 10:03:58.387,gvl_MS,bReferenceSwitch_MS_Turntable_atsaw,False,poll
2026-03-20 10:03:58.387,gvl_MS,bReferenceSwitch_MS_TransferUnit_atturntable,True,poll
2026-03-20 10:03:58.387,gvl_MS,bReferenceSwitch_MS_OvenSlider_inside,False,poll
2026-03-20 10:03:58.387,gvl_MS,bReferenceSwitch_MS_OvenSlider_outside,True,poll
2026-03-20 10:03:58.387,gvl_MS,bReferenceSwitch_MS_TransferUnit_atoven,False,poll
2026-03-20 10:03:58.387,gvl_MS,bLightBarrier_MS_oven,True,poll
2026-03-20 10:03:58.387,gvl_MS,bMotor_MS_Turntable_clockwise,False,poll
2026-03-20 10:03:58.387,gvl_MS,bMotor_MS_Turntable_counterclockwise,False,poll
2026-03-20 10:03:58.387,gvl_MS,bMotor_MS_ConveyorBelt_forward,False,poll
2026-03-20 10:03:58.387,gvl_MS,bMotor_MS_Saw,False,poll
2026-03-20 10:03:58.387,gvl_MS,bMotor_MS_OvenSlider_movein,False,poll
2026-03-20 10:03:58.387,gvl_MS,bMotor_MS_OvenSlider_moveout,False,poll
2026-03-20 10:03:58.387,gvl_MS,bMotor_MS_TransferUnit_tooven,False,poll
2026-03-20 10:03:58.387,gvl_MS,bMotor_MS_TransferUnit_toturntable,False,poll
2026-03-20 10:03:58.387,gvl_MS,bLamp_MS,False,poll
2026-03-20 10:03:58.387,gvl_MS,bCompressor_MS,False,poll
2026-03-20 10:03:58.387,gvl_MS,bValve_MS_Vacuum,False,poll
2026-03-20 10:03:58.387,gvl_MS,bValve_MS_TransferUnit,False,poll
2026-03-20 10:03:58.387,gvl_MS,bValve_MS_OvenDoor,False,poll
2026-03-20 10:03:58.387,gvl_MS,bValve_MS_Ejector,False,poll
2026-03-20 10:03:58.387,gvl_PM,bLightBarrier_PM_entry,True,poll
2026-03-20 10:03:58.387,gvl_PM,bLightBarrier_PM_tool,True,poll
2026-03-20 10:03:58.387,gvl_PM,bReferenceSwitch_PM_top,False,poll
2026-03-20 10:03:58.387,gvl_PM,bReferenceSwitch_PM_bottom,True,poll
2026-03-20 10:03:58.387,gvl_PM,bMotor_PM_ConveyorBelt_forward,False,poll
2026-03-20 10:03:58.387,gvl_PM,bMotor_PM_ConveyorBelt_backward,False,poll
2026-03-20 10:03:58.387,gvl_PM,bMotor_PM_Tool_upward,False,poll
2026-03-20 10:03:58.387,gvl_PM,bMotor_PM_Tool_downward,False,poll
2026-03-20 10:03:58.387,gvl_SL,bPulseCounter_SL,False,poll
2026-03-20 10:03:58.387,gvl_SL,bLightBarrier_SL_beforecolor,True,poll
2026-03-20 10:03:58.387,gvl_SL,bLightBarrier_SL_aftercolor,True,poll
2026-03-20 10:03:58.387,gvl_SL,bLightBarrier_SL_white,True,poll
2026-03-20 10:03:58.387,gvl_SL,bLightBarrier_SL_red,True,poll
2026-03-20 10:03:58.387,gvl_SL,bLightBarrier_SL_blue,True,poll
2026-03-20 10:03:58.387,gvl_SL,iColorSensor_SL,1,poll
2026-03-20 10:03:58.387,gvl_SL,bMotor_SL_ConveyorBelt,False,poll
2026-03-20 10:03:58.387,gvl_SL,bCompressor_SL,False,poll
2026-03-20 10:03:58.387,gvl_SL,bValve_SL_white,False,poll
2026-03-20 10:03:58.387,gvl_SL,bValve_SL_red,False,poll
2026-03-20 10:03:58.387,gvl_SL,bValve_SL_blue,False,poll
2026-03-20 10:03:58.387,LocalVariables,iC_CoordH,35,poll
2026-03-20 10:03:58.387,LocalVariables,iC_CoordV,0,poll
2026-03-20 10:03:58.387,LocalVariables,iC_CoordR,35,poll
2026-03-20 10:03:58.387,LocalVariables,eC_PickingStation,0,poll
2026-03-20 10:03:58.387,LocalVariables,eC_PlacingStation,0,poll
2026-03-20 10:03:58.387,LocalVariables,iC_Coord_Picking,"[[1340, 170, 150, 445], [380, 800, 367, 435], [800, 301, 580, 800]]",poll
2026-03-20 10:03:58.387,LocalVariables,iC_Coord_Placing,"[[890, 870], [500, 1343], [180, 150]]",poll
2026-03-20 10:03:58.511,gvl_MS,bValve_MS_Vacuum,False,event
2026-03-20 10:03:58.511,gvl_MS,bValve_MS_TransferUnit,False,event
2026-03-20 10:03:58.511,gvl_MS,bValve_MS_Ejector,False,event
2026-03-20 10:03:58.511,gvl_PM,bLightBarrier_PM_entry,True,event
2026-03-20 10:03:58.511,gvl_PM,bLightBarrier_PM_tool,True,event
2026-03-20 10:03:58.511,gvl_PM,bReferenceSwitch_PM_top,False,event
2026-03-20 10:03:58.511,gvl_PM,bReferenceSwitch_PM_bottom,True,event
2026-03-20 10:03:58.511,gvl_PM,bMotor_PM_ConveyorBelt_forward,False,event
2026-03-20 10:03:58.511,gvl_PM,bMotor_PM_ConveyorBelt_backward,False,event
2026-03-20 10:03:58.511,gvl_PM,bMotor_PM_Tool_upward,False,event
2026-03-20 10:03:58.511,gvl_PM,bMotor_PM_Tool_downward,False,event
2026-03-20 10:03:58.511,gvl_SL,bPulseCounter_SL,False,event
2026-03-20 10:03:58.511,gvl_SL,iColorSensor_SL,1,event
2026-03-20 10:03:58.511,gvl_SL,bMotor_SL_ConveyorBelt,False,event
2026-03-20 10:03:58.511,gvl_SL,bCompressor_SL,False,event
2026-03-20 10:03:58.511,gvl_SL,bValve_SL_white,False,event
2026-03-20 10:03:58.511,gvl_SL,bValve_SL_red,False,event
2026-03-20 10:03:58.511,gvl_SL,bValve_SL_blue,False,event
2026-03-20 10:03:58.511,LocalVariables,iC_CoordH,35,event
2026-03-20 10:03:58.511,LocalVariables,iC_CoordV,0,event
2026-03-20 10:03:58.511,LocalVariables,iC_CoordR,35,event
2026-03-20 10:03:58.512,LocalVariables,eC_PickingStation,0,event
2026-03-20 10:03:58.512,LocalVariables,eC_PlacingStation,0,event
2026-03-20 10:03:58.512,LocalVariables,iC_Coord_Picking,"[[1340, 170, 150, 445], [380, 800, 367, 435], [800, 301, 580, 800]]",event
2026-03-20 10:03:58.512,LocalVariables,iC_Coord_Placing,"[[890, 870], [500, 1343], [180, 150]]",event
2026-03-20 10:03:58.711,gvl_MS,bValve_MS_OvenDoor,False,event
2026-03-20 10:03:58.711,gvl_SL,bLightBarrier_SL_beforecolor,True,event
2026-03-20 10:03:58.711,gvl_SL,bLightBarrier_SL_aftercolor,True,event
2026-03-20 10:03:58.711,gvl_SL,bLightBarrier_SL_white,True,event
2026-03-20 10:03:58.711,gvl_SL,bLightBarrier_SL_red,True,event
2026-03-20 10:03:58.711,gvl_SL,bLightBarrier_SL_blue,True,event
2026-03-20 10:03:58.711,gvl_SL,iColorSensor_SL,0,event
2026-03-20 10:03:58.811,gvl_SL,iColorSensor_SL,1,event
2026-03-20 10:03:58.910,gvl_SL,iColorSensor_SL,0,event
2026-03-20 10:03:58.998,gvl_C,bReferenceSwitch_C_vertical,True,poll
2026-03-20 10:03:58.998,gvl_C,bReferenceSwitch_C_horizontal,False,poll
2026-03-20 10:03:58.998,gvl_C,bReferenceSwitch_C_rotate,False,poll
2026-03-20 10:03:58.998,gvl_C,bEncoderImpulse_C_vertical1,False,poll
2026-03-20 10:03:58.998,gvl_C,bEncoderImpulse_C_vertical2,True,poll
2026-03-20 10:03:58.998,gvl_C,bEncoderImpulse_C_horizontal1,False,poll
2026-03-20 10:03:58.998,gvl_C,bEncoderImpulse_C_horizontal2,True,poll
2026-03-20 10:03:59.010,gvl_SL,iColorSensor_SL,1,event
2026-03-20 10:03:58.998,gvl_C,bEncoderImpulse_C_rotate1,True,poll
2026-03-20 10:03:58.998,gvl_C,bEncoderImpulse_C_rotate2,False,poll
2026-03-20 10:03:58.998,gvl_C,bMotor_C_upward,False,poll
2026-03-20 10:03:58.998,gvl_C,bMotor_C_downward,False,poll
2026-03-20 10:03:58.998,gvl_C,bMotor_C_backward,False,poll
2026-03-20 10:03:58.998,gvl_C,bMotor_C_forward,False,poll
2026-03-20 10:03:58.998,gvl_C,bMotor_C_clockwise,False,poll
2026-03-20 10:03:58.998,gvl_C,bMotor_C_counterclockwise,False,poll
2026-03-20 10:03:58.998,gvl_C,bCompressor_C,False,poll
2026-03-20 10:03:58.998,gvl_C,bValve_C,False,poll
2026-03-20 10:03:58.998,gvl_HBW,bReferenceSwitch_HBW_horizontal,True,poll
2026-03-20 10:03:58.998,gvl_HBW,bLightBarrier_HBW_inside,True,poll
2026-03-20 10:03:58.998,gvl_HBW,bLightBarrier_HBW_outside,True,poll
2026-03-20 10:03:58.998,gvl_HBW,bReferenceSwitch_HBW_vertical,False,poll
2026-03-20 10:03:58.998,gvl_HBW,bReferenceSwitch_HBW_Cantilever_front,False,poll
2026-03-20 10:03:58.998,gvl_HBW,bReferenceSwitch_HBW_Cantilever_back,False,poll
2026-03-20 10:03:58.998,gvl_HBW,bTrailSensor_HBW_bottom,True,poll
2026-03-20 10:03:58.998,gvl_HBW,bTrailSensor_HBW_top,True,poll
2026-03-20 10:03:58.998,gvl_HBW,bEncoderImpulse_HBW_horizontal1,False,poll
2026-03-20 10:03:58.998,gvl_HBW,bEncoderImpulse_HBW_horizontal2,True,poll
2026-03-20 10:03:58.998,gvl_HBW,bEncoderImpulse_HBW_vertical1,False,poll
2026-03-20 10:03:58.998,gvl_HBW,bEncoderImpulse_HBW_vertical2,False,poll
2026-03-20 10:03:58.998,gvl_HBW,bMotor_HBW_ConveyorBelt_forward,False,poll
2026-03-20 10:03:58.998,gvl_HBW,bMotor_HBW_ConveyorBelt_backward,False,poll
2026-03-20 10:03:58.998,gvl_HBW,bMotor_HBW_StackerCrane_torack,False,poll
2026-03-20 10:03:58.998,gvl_HBW,bMotor_HBW_StackerCrane_toconveyorbelt,False,poll
2026-03-20 10:03:58.998,gvl_HBW,bMotor_HBW_StackerCrane_downward,False,poll
2026-03-20 10:03:58.998,gvl_HBW,bMotor_HBW_StackerCrane_upward,False,poll
2026-03-20 10:03:58.998,gvl_HBW,bMotor_HBW_Cantilever_forward,False,poll
2026-03-20 10:03:58.998,gvl_HBW,bMotor_HBW_Cantilever_backward,False,poll
2026-03-20 10:03:58.998,gvl_MS,bReferenceSwitch_MS_Turntable_attransferunit,False,poll
2026-03-20 10:03:58.998,gvl_MS,bReferenceSwitch_MS_Turntable_atconveyorbelt,False,poll
2026-03-20 10:03:58.998,gvl_MS,bLightBarrier_MS_conveyorbelt,False,poll
2026-03-20 10:03:58.998,gvl_MS,bReferenceSwitch_MS_Turntable_atsaw,False,poll
2026-03-20 10:03:58.998,gvl_MS,bReferenceSwitch_MS_TransferUnit_atturntable,True,poll
2026-03-20 10:03:58.998,gvl_MS,bReferenceSwitch_MS_OvenSlider_inside,False,poll
2026-03-20 10:03:58.998,gvl_MS,bReferenceSwitch_MS_OvenSlider_outside,True,poll
2026-03-20 10:03:58.998,gvl_MS,bReferenceSwitch_MS_TransferUnit_atoven,False,poll
2026-03-20 10:03:58.998,gvl_MS,bLightBarrier_MS_oven,True,poll
2026-03-20 10:03:58.998,gvl_MS,bMotor_MS_Turntable_clockwise,False,poll
2026-03-20 10:03:58.998,gvl_MS,bMotor_MS_Turntable_counterclockwise,False,poll
2026-03-20 10:03:58.998,gvl_MS,bMotor_MS_ConveyorBelt_forward,False,poll
2026-03-20 10:03:58.998,gvl_MS,bMotor_MS_Saw,False,poll
2026-03-20 10:03:58.998,gvl_MS,bMotor_MS_OvenSlider_movein,False,poll
2026-03-20 10:03:58.998,gvl_MS,bMotor_MS_OvenSlider_moveout,False,poll
2026-03-20 10:03:58.998,gvl_MS,bMotor_MS_TransferUnit_tooven,False,poll
2026-03-20 10:03:58.998,gvl_MS,bMotor_MS_TransferUnit_toturntable,False,poll
2026-03-20 10:03:58.998,gvl_MS,bLamp_MS,False,poll
2026-03-20 10:03:58.998,gvl_MS,bCompressor_MS,False,poll
2026-03-20 10:03:58.998,gvl_MS,bValve_MS_Vacuum,False,poll
2026-03-20 10:03:58.998,gvl_MS,bValve_MS_TransferUnit,False,poll
2026-03-20 10:03:58.998,gvl_MS,bValve_MS_OvenDoor,False,poll
2026-03-20 10:03:58.998,gvl_MS,bValve_MS_Ejector,False,poll
2026-03-20 10:03:58.998,gvl_PM,bLightBarrier_PM_entry,True,poll
2026-03-20 10:03:58.998,gvl_PM,bLightBarrier_PM_tool,True,poll
2026-03-20 10:03:58.998,gvl_PM,bReferenceSwitch_PM_top,False,poll
2026-03-20 10:03:58.998,gvl_PM,bReferenceSwitch_PM_bottom,True,poll
2026-03-20 10:03:58.998,gvl_PM,bMotor_PM_ConveyorBelt_forward,False,poll
2026-03-20 10:03:59.110,gvl_SL,iColorSensor_SL,0,event
2026-03-20 10:03:58.998,gvl_PM,bMotor_PM_ConveyorBelt_backward,False,poll
2026-03-20 10:03:58.998,gvl_PM,bMotor_PM_Tool_upward,False,poll
2026-03-20 10:03:58.998,gvl_PM,bMotor_PM_Tool_downward,False,poll
2026-03-20 10:03:58.998,gvl_SL,bPulseCounter_SL,False,poll
2026-03-20 10:03:58.998,gvl_SL,bLightBarrier_SL_beforecolor,True,poll
2026-03-20 10:03:58.998,gvl_SL,bLightBarrier_SL_aftercolor,True,poll
2026-03-20 10:03:58.998,gvl_SL,bLightBarrier_SL_white,True,poll
2026-03-20 10:03:58.998,gvl_SL,bLightBarrier_SL_red,True,poll
2026-03-20 10:03:58.998,gvl_SL,bLightBarrier_SL_blue,True,poll
2026-03-20 10:03:58.998,gvl_SL,iColorSensor_SL,0,poll
2026-03-20 10:03:58.998,gvl_SL,bMotor_SL_ConveyorBelt,False,poll
2026-03-20 10:03:58.998,gvl_SL,bCompressor_SL,False,poll
2026-03-20 10:03:58.998,gvl_SL,bValve_SL_white,False,poll
2026-03-20 10:03:58.998,gvl_SL,bValve_SL_red,False,poll
2026-03-20 10:03:58.998,gvl_SL,bValve_SL_blue,False,poll
2026-03-20 10:03:58.998,LocalVariables,iC_CoordH,35,poll
2026-03-20 10:03:58.998,LocalVariables,iC_CoordV,0,poll
2026-03-20 10:03:58.998,LocalVariables,iC_CoordR,35,poll
2026-03-20 10:03:58.998,LocalVariables,eC_PickingStation,0,poll
2026-03-20 10:03:58.998,LocalVariables,eC_PlacingStation,0,poll
2026-03-20 10:03:58.998,LocalVariables,iC_Coord_Picking,"[[1340, 170, 150, 445], [380, 800, 367, 435], [800, 301, 580, 800]]",poll
2026-03-20 10:03:58.998,LocalVariables,iC_Coord_Placing,"[[890, 870], [500, 1343], [180, 150]]",poll
2026-03-20 10:03:59.211,gvl_HBW,bLightBarrier_HBW_inside,True,event
2026-03-20 10:03:59.211,gvl_HBW,bLightBarrier_HBW_outside,True,event
2026-03-20 10:03:59.511,gvl_SL,iColorSensor_SL,1,event
2026-03-20 10:03:59.611,gvl_SL,iColorSensor_SL,0,event
2026-03-20 10:03:59.648,gvl_C,bReferenceSwitch_C_vertical,True,poll
2026-03-20 10:03:59.648,gvl_C,bReferenceSwitch_C_horizontal,False,poll
2026-03-20 10:03:59.648,gvl_C,bReferenceSwitch_C_rotate,False,poll
2026-03-20 10:03:59.648,gvl_C,bEncoderImpulse_C_vertical1,False,poll
2026-03-20 10:03:59.648,gvl_C,bEncoderImpulse_C_vertical2,True,poll
2026-03-20 10:03:59.648,gvl_C,bEncoderImpulse_C_horizontal1,False,poll
2026-03-20 10:03:59.648,gvl_C,bEncoderImpulse_C_horizontal2,True,poll
2026-03-20 10:03:59.648,gvl_C,bEncoderImpulse_C_rotate1,True,poll
2026-03-20 10:03:59.648,gvl_C,bEncoderImpulse_C_rotate2,False,poll
2026-03-20 10:03:59.648,gvl_C,bMotor_C_upward,False,poll
2026-03-20 10:03:59.648,gvl_C,bMotor_C_downward,False,poll
2026-03-20 10:03:59.648,gvl_C,bMotor_C_backward,False,poll
2026-03-20 10:03:59.648,gvl_C,bMotor_C_forward,False,poll
2026-03-20 10:03:59.648,gvl_C,bMotor_C_clockwise,False,poll
2026-03-20 10:03:59.648,gvl_C,bMotor_C_counterclockwise,False,poll
2026-03-20 10:03:59.648,gvl_C,bCompressor_C,False,poll
2026-03-20 10:03:59.648,gvl_C,bValve_C,False,poll
2026-03-20 10:03:59.648,gvl_HBW,bReferenceSwitch_HBW_horizontal,True,poll
2026-03-20 10:03:59.648,gvl_HBW,bLightBarrier_HBW_inside,True,poll
2026-03-20 10:03:59.648,gvl_HBW,bLightBarrier_HBW_outside,True,poll
2026-03-20 10:03:59.648,gvl_HBW,bReferenceSwitch_HBW_vertical,False,poll
2026-03-20 10:03:59.648,gvl_HBW,bReferenceSwitch_HBW_Cantilever_front,False,poll
2026-03-20 10:03:59.648,gvl_HBW,bReferenceSwitch_HBW_Cantilever_back,False,poll
2026-03-20 10:03:59.648,gvl_HBW,bTrailSensor_HBW_bottom,True,poll
2026-03-20 10:03:59.648,gvl_HBW,bTrailSensor_HBW_top,True,poll
2026-03-20 10:03:59.648,gvl_HBW,bEncoderImpulse_HBW_horizontal1,False,poll
2026-03-20 10:03:59.648,gvl_HBW,bEncoderImpulse_HBW_horizontal2,True,poll
2026-03-20 10:03:59.648,gvl_HBW,bEncoderImpulse_HBW_vertical1,False,poll
2026-03-20 10:03:59.648,gvl_HBW,bEncoderImpulse_HBW_vertical2,False,poll
2026-03-20 10:03:59.648,gvl_HBW,bMotor_HBW_ConveyorBelt_forward,False,poll
2026-03-20 10:03:59.648,gvl_HBW,bMotor_HBW_ConveyorBelt_backward,False,poll
2026-03-20 10:03:59.648,gvl_HBW,bMotor_HBW_StackerCrane_torack,False,poll
2026-03-20 10:03:59.648,gvl_HBW,bMotor_HBW_StackerCrane_toconveyorbelt,False,poll
2026-03-20 10:03:59.648,gvl_HBW,bMotor_HBW_StackerCrane_downward,False,poll
2026-03-20 10:03:59.648,gvl_HBW,bMotor_HBW_StackerCrane_upward,False,poll
2026-03-20 10:03:59.648,gvl_HBW,bMotor_HBW_Cantilever_forward,False,poll
2026-03-20 10:03:59.648,gvl_HBW,bMotor_HBW_Cantilever_backward,False,poll
2026-03-20 10:03:59.648,gvl_MS,bReferenceSwitch_MS_Turntable_attransferunit,False,poll
2026-03-20 10:03:59.648,gvl_MS,bReferenceSwitch_MS_Turntable_atconveyorbelt,False,poll
2026-03-20 10:03:59.648,gvl_MS,bLightBarrier_MS_conveyorbelt,False,poll
2026-03-20 10:03:59.648,gvl_MS,bReferenceSwitch_MS_Turntable_atsaw,False,poll
2026-03-20 10:03:59.648,gvl_MS,bReferenceSwitch_MS_TransferUnit_atturntable,True,poll
2026-03-20 10:03:59.648,gvl_MS,bReferenceSwitch_MS_OvenSlider_inside,False,poll
2026-03-20 10:03:59.648,gvl_MS,bReferenceSwitch_MS_OvenSlider_outside,True,poll
2026-03-20 10:03:59.648,gvl_MS,bReferenceSwitch_MS_TransferUnit_atoven,False,poll
2026-03-20 10:03:59.648,gvl_MS,bLightBarrier_MS_oven,True,poll
2026-03-20 10:03:59.648,gvl_MS,bMotor_MS_Turntable_clockwise,False,poll
2026-03-20 10:03:59.648,gvl_MS,bMotor_MS_Turntable_counterclockwise,False,poll
2026-03-20 10:03:59.648,gvl_MS,bMotor_MS_ConveyorBelt_forward,False,poll
2026-03-20 10:03:59.648,gvl_MS,bMotor_MS_Saw,False,poll
2026-03-20 10:03:59.648,gvl_MS,bMotor_MS_OvenSlider_movein,False,poll
2026-03-20 10:03:59.648,gvl_MS,bMotor_MS_OvenSlider_moveout,False,poll
2026-03-20 10:03:59.648,gvl_MS,bMotor_MS_TransferUnit_tooven,False,poll
2026-03-20 10:03:59.648,gvl_MS,bMotor_MS_TransferUnit_toturntable,False,poll
2026-03-20 10:03:59.648,gvl_MS,bLamp_MS,False,poll
2026-03-20 10:03:59.648,gvl_MS,bCompressor_MS,False,poll
2026-03-20 10:03:59.648,gvl_MS,bValve_MS_Vacuum,False,poll
2026-03-20 10:03:59.648,gvl_MS,bValve_MS_TransferUnit,False,poll
2026-03-20 10:03:59.648,gvl_MS,bValve_MS_OvenDoor,False,poll
2026-03-20 10:03:59.648,gvl_MS,bValve_MS_Ejector,False,poll
2026-03-20 10:03:59.648,gvl_PM,bLightBarrier_PM_entry,True,poll
2026-03-20 10:03:59.648,gvl_PM,bLightBarrier_PM_tool,True,poll
2026-03-20 10:03:59.648,gvl_PM,bReferenceSwitch_PM_top,False,poll
2026-03-20 10:03:59.648,gvl_PM,bReferenceSwitch_PM_bottom,True,poll
2026-03-20 10:03:59.648,gvl_PM,bMotor_PM_ConveyorBelt_forward,False,poll
2026-03-20 10:03:59.648,gvl_PM,bMotor_PM_ConveyorBelt_backward,False,poll
2026-03-20 10:03:59.648,gvl_PM,bMotor_PM_Tool_upward,False,poll
2026-03-20 10:03:59.648,gvl_PM,bMotor_PM_Tool_downward,False,poll
2026-03-20 10:03:59.648,gvl_SL,bPulseCounter_SL,False,poll
2026-03-20 10:03:59.648,gvl_SL,bLightBarrier_SL_beforecolor,True,poll
2026-03-20 10:03:59.648,gvl_SL,bLightBarrier_SL_aftercolor,True,poll
2026-03-20 10:03:59.648,gvl_SL,bLightBarrier_SL_white,True,poll
2026-03-20 10:03:59.648,gvl_SL,bLightBarrier_SL_red,True,poll
2026-03-20 10:03:59.648,gvl_SL,bLightBarrier_SL_blue,True,poll
2026-03-20 10:03:59.648,gvl_SL,iColorSensor_SL,1,poll
2026-03-20 10:03:59.648,gvl_SL,bMotor_SL_ConveyorBelt,False,poll
2026-03-20 10:03:59.648,gvl_SL,bCompressor_SL,False,poll
2026-03-20 10:03:59.648,gvl_SL,bValve_SL_white,False,poll
2026-03-20 10:03:59.648,gvl_SL,bValve_SL_red,False,poll
2026-03-20 10:03:59.648,gvl_SL,bValve_SL_blue,False,poll
2026-03-20 10:03:59.648,LocalVariables,iC_CoordH,35,poll
2026-03-20 10:03:59.648,LocalVariables,iC_CoordV,0,poll
2026-03-20 10:03:59.648,LocalVariables,iC_CoordR,35,poll
2026-03-20 10:03:59.648,LocalVariables,eC_PickingStation,0,poll
2026-03-20 10:03:59.648,LocalVariables,eC_PlacingStation,0,poll
2026-03-20 10:03:59.648,LocalVariables,iC_Coord_Picking,"[[1340, 170, 150, 445], [380, 800, 367, 435], [800, 301, 580, 800]]",poll
2026-03-20 10:03:59.648,LocalVariables,iC_Coord_Placing,"[[890, 870], [500, 1343], [180, 150]]",poll
2026-03-20 10:04:00.313,gvl_SL,iColorSensor_SL,1,event
2026-03-20 10:04:00.327,gvl_C,bReferenceSwitch_C_vertical,True,poll
2026-03-20 10:04:00.327,gvl_C,bReferenceSwitch_C_horizontal,False,poll
2026-03-20 10:04:00.327,gvl_C,bReferenceSwitch_C_rotate,False,poll
2026-03-20 10:04:00.327,gvl_C,bEncoderImpulse_C_vertical1,False,poll
2026-03-20 10:04:00.327,gvl_C,bEncoderImpulse_C_vertical2,True,poll
2026-03-20 10:04:00.327,gvl_C,bEncoderImpulse_C_horizontal1,False,poll
2026-03-20 10:04:00.327,gvl_C,bEncoderImpulse_C_horizontal2,True,poll
2026-03-20 10:04:00.327,gvl_C,bEncoderImpulse_C_rotate1,True,poll
2026-03-20 10:04:00.327,gvl_C,bEncoderImpulse_C_rotate2,False,poll
2026-03-20 10:04:00.327,gvl_C,bMotor_C_upward,False,poll
2026-03-20 10:04:00.327,gvl_C,bMotor_C_downward,False,poll
2026-03-20 10:04:00.327,gvl_C,bMotor_C_backward,False,poll
2026-03-20 10:04:00.327,gvl_C,bMotor_C_forward,False,poll
2026-03-20 10:04:00.327,gvl_C,bMotor_C_clockwise,False,poll
2026-03-20 10:04:00.327,gvl_C,bMotor_C_counterclockwise,False,poll
2026-03-20 10:04:00.327,gvl_C,bCompressor_C,False,poll
2026-03-20 10:04:00.327,gvl_C,bValve_C,False,poll
2026-03-20 10:04:00.327,gvl_HBW,bReferenceSwitch_HBW_horizontal,True,poll
2026-03-20 10:04:00.327,gvl_HBW,bLightBarrier_HBW_inside,True,poll
2026-03-20 10:04:00.327,gvl_HBW,bLightBarrier_HBW_outside,True,poll
2026-03-20 10:04:00.327,gvl_HBW,bReferenceSwitch_HBW_vertical,False,poll
2026-03-20 10:04:00.327,gvl_HBW,bReferenceSwitch_HBW_Cantilever_front,False,poll
2026-03-20 10:04:00.327,gvl_HBW,bReferenceSwitch_HBW_Cantilever_back,False,poll
2026-03-20 10:04:00.327,gvl_HBW,bTrailSensor_HBW_bottom,True,poll
2026-03-20 10:04:00.327,gvl_HBW,bTrailSensor_HBW_top,True,poll
2026-03-20 10:04:00.327,gvl_HBW,bEncoderImpulse_HBW_horizontal1,False,poll
2026-03-20 10:04:00.415,gvl_SL,iColorSensor_SL,0,event
2026-03-20 10:04:00.327,gvl_HBW,bEncoderImpulse_HBW_horizontal2,True,poll
2026-03-20 10:04:00.327,gvl_HBW,bEncoderImpulse_HBW_vertical1,False,poll
2026-03-20 10:04:00.327,gvl_HBW,bEncoderImpulse_HBW_vertical2,False,poll
2026-03-20 10:04:00.327,gvl_HBW,bMotor_HBW_ConveyorBelt_forward,False,poll
2026-03-20 10:04:00.327,gvl_HBW,bMotor_HBW_ConveyorBelt_backward,False,poll
2026-03-20 10:04:00.327,gvl_HBW,bMotor_HBW_StackerCrane_torack,False,poll
2026-03-20 10:04:00.327,gvl_HBW,bMotor_HBW_StackerCrane_toconveyorbelt,False,poll
2026-03-20 10:04:00.327,gvl_HBW,bMotor_HBW_StackerCrane_downward,False,poll
2026-03-20 10:04:00.327,gvl_HBW,bMotor_HBW_StackerCrane_upward,False,poll
2026-03-20 10:04:00.327,gvl_HBW,bMotor_HBW_Cantilever_forward,False,poll
2026-03-20 10:04:00.327,gvl_HBW,bMotor_HBW_Cantilever_backward,False,poll
2026-03-20 10:04:00.327,gvl_MS,bReferenceSwitch_MS_Turntable_attransferunit,False,poll
2026-03-20 10:04:00.327,gvl_MS,bReferenceSwitch_MS_Turntable_atconveyorbelt,False,poll
2026-03-20 10:04:00.327,gvl_MS,bLightBarrier_MS_conveyorbelt,False,poll
2026-03-20 10:04:00.327,gvl_MS,bReferenceSwitch_MS_Turntable_atsaw,False,poll
2026-03-20 10:04:00.327,gvl_MS,bReferenceSwitch_MS_TransferUnit_atturntable,True,poll
2026-03-20 10:04:00.327,gvl_MS,bReferenceSwitch_MS_OvenSlider_inside,False,poll
2026-03-20 10:04:00.327,gvl_MS,bReferenceSwitch_MS_OvenSlider_outside,True,poll
2026-03-20 10:04:00.327,gvl_MS,bReferenceSwitch_MS_TransferUnit_atoven,False,poll
2026-03-20 10:04:00.327,gvl_MS,bLightBarrier_MS_oven,True,poll
2026-03-20 10:04:00.327,gvl_MS,bMotor_MS_Turntable_clockwise,False,poll
2026-03-20 10:04:00.327,gvl_MS,bMotor_MS_Turntable_counterclockwise,False,poll
2026-03-20 10:04:00.327,gvl_MS,bMotor_MS_ConveyorBelt_forward,False,poll
2026-03-20 10:04:00.327,gvl_MS,bMotor_MS_Saw,False,poll
2026-03-20 10:04:00.327,gvl_MS,bMotor_MS_OvenSlider_movein,False,poll
2026-03-20 10:04:00.327,gvl_MS,bMotor_MS_OvenSlider_moveout,False,poll
2026-03-20 10:04:00.327,gvl_MS,bMotor_MS_TransferUnit_tooven,False,poll
2026-03-20 10:04:00.327,gvl_MS,bMotor_MS_TransferUnit_toturntable,False,poll
2026-03-20 10:04:00.327,gvl_MS,bLamp_MS,False,poll
2026-03-20 10:04:00.327,gvl_MS,bCompressor_MS,False,poll
2026-03-20 10:04:00.327,gvl_MS,bValve_MS_Vacuum,False,poll
2026-03-20 10:04:00.327,gvl_MS,bValve_MS_TransferUnit,False,poll
2026-03-20 10:04:00.327,gvl_MS,bValve_MS_OvenDoor,False,poll
2026-03-20 10:04:00.327,gvl_MS,bValve_MS_Ejector,False,poll
2026-03-20 10:04:00.327,gvl_PM,bLightBarrier_PM_entry,True,poll
2026-03-20 10:04:00.327,gvl_PM,bLightBarrier_PM_tool,True,poll
2026-03-20 10:04:00.327,gvl_PM,bReferenceSwitch_PM_top,False,poll
2026-03-20 10:04:00.327,gvl_PM,bReferenceSwitch_PM_bottom,True,poll
2026-03-20 10:04:00.327,gvl_PM,bMotor_PM_ConveyorBelt_forward,False,poll
2026-03-20 10:04:00.327,gvl_PM,bMotor_PM_ConveyorBelt_backward,False,poll
2026-03-20 10:04:00.327,gvl_PM,bMotor_PM_Tool_upward,False,poll
2026-03-20 10:04:00.327,gvl_PM,bMotor_PM_Tool_downward,False,poll
2026-03-20 10:04:00.327,gvl_SL,bPulseCounter_SL,False,poll
2026-03-20 10:04:00.327,gvl_SL,bLightBarrier_SL_beforecolor,True,poll
2026-03-20 10:04:00.327,gvl_SL,bLightBarrier_SL_aftercolor,True,poll
2026-03-20 10:04:00.327,gvl_SL,bLightBarrier_SL_white,True,poll
2026-03-20 10:04:00.327,gvl_SL,bLightBarrier_SL_red,True,poll
2026-03-20 10:04:00.327,gvl_SL,bLightBarrier_SL_blue,True,poll
2026-03-20 10:04:00.327,gvl_SL,iColorSensor_SL,0,poll
2026-03-20 10:04:00.327,gvl_SL,bMotor_SL_ConveyorBelt,False,poll
2026-03-20 10:04:00.327,gvl_SL,bCompressor_SL,False,poll
2026-03-20 10:04:00.327,gvl_SL,bValve_SL_white,False,poll
2026-03-20 10:04:00.327,gvl_SL,bValve_SL_red,False,poll
2026-03-20 10:04:00.327,gvl_SL,bValve_SL_blue,False,poll
2026-03-20 10:04:00.327,LocalVariables,iC_CoordH,35,poll
2026-03-20 10:04:00.327,LocalVariables,iC_CoordV,0,poll
2026-03-20 10:04:00.327,LocalVariables,iC_CoordR,35,poll
2026-03-20 10:04:00.327,LocalVariables,eC_PickingStation,0,poll
2026-03-20 10:04:00.327,LocalVariables,eC_PlacingStation,0,poll
2026-03-20 10:04:00.327,LocalVariables,iC_Coord_Picking,"[[1340, 170, 150, 445], [380, 800, 367, 435], [800, 301, 580, 800]]",poll
2026-03-20 10:04:00.327,LocalVariables,iC_Coord_Placing,"[[890, 870], [500, 1343], [180, 150]]",poll
2026-03-20 10:04:00.812,gvl_SL,iColorSensor_SL,1,event
2026-03-20 10:04:00.911,gvl_SL,iColorSensor_SL,0,event
2026-03-20 10:04:01.111,gvl_SL,iColorSensor_SL,1,event
2026-03-20 10:04:01.147,gvl_C,bReferenceSwitch_C_vertical,True,poll
2026-03-20 10:04:01.147,gvl_C,bReferenceSwitch_C_horizontal,False,poll
2026-03-20 10:04:01.147,gvl_C,bReferenceSwitch_C_rotate,False,poll
2026-03-20 10:04:01.147,gvl_C,bEncoderImpulse_C_vertical1,False,poll
2026-03-20 10:04:01.147,gvl_C,bEncoderImpulse_C_vertical2,True,poll
2026-03-20 10:04:01.147,gvl_C,bEncoderImpulse_C_horizontal1,False,poll
2026-03-20 10:04:01.147,gvl_C,bEncoderImpulse_C_horizontal2,True,poll
2026-03-20 10:04:01.147,gvl_C,bEncoderImpulse_C_rotate1,True,poll
2026-03-20 10:04:01.147,gvl_C,bEncoderImpulse_C_rotate2,False,poll
2026-03-20 10:04:01.147,gvl_C,bMotor_C_upward,False,poll
2026-03-20 10:04:01.147,gvl_C,bMotor_C_downward,False,poll
2026-03-20 10:04:01.147,gvl_C,bMotor_C_backward,False,poll
2026-03-20 10:04:01.147,gvl_C,bMotor_C_forward,False,poll
2026-03-20 10:04:01.147,gvl_C,bMotor_C_clockwise,False,poll
2026-03-20 10:04:01.147,gvl_C,bMotor_C_counterclockwise,False,poll
2026-03-20 10:04:01.147,gvl_C,bCompressor_C,False,poll
2026-03-20 10:04:01.147,gvl_C,bValve_C,False,poll
2026-03-20 10:04:01.147,gvl_HBW,bReferenceSwitch_HBW_horizontal,True,poll
2026-03-20 10:04:01.147,gvl_HBW,bLightBarrier_HBW_inside,True,poll
2026-03-20 10:04:01.147,gvl_HBW,bLightBarrier_HBW_outside,True,poll
2026-03-20 10:04:01.147,gvl_HBW,bReferenceSwitch_HBW_vertical,False,poll
2026-03-20 10:04:01.147,gvl_HBW,bReferenceSwitch_HBW_Cantilever_front,False,poll
2026-03-20 10:04:01.147,gvl_HBW,bReferenceSwitch_HBW_Cantilever_back,False,poll
2026-03-20 10:04:01.147,gvl_HBW,bTrailSensor_HBW_bottom,True,poll
2026-03-20 10:04:01.147,gvl_HBW,bTrailSensor_HBW_top,True,poll
2026-03-20 10:04:01.147,gvl_HBW,bEncoderImpulse_HBW_horizontal1,False,poll
2026-03-20 10:04:01.147,gvl_HBW,bEncoderImpulse_HBW_horizontal2,True,poll
2026-03-20 10:04:01.147,gvl_HBW,bEncoderImpulse_HBW_vertical1,False,poll
2026-03-20 10:04:01.147,gvl_HBW,bEncoderImpulse_HBW_vertical2,False,poll
2026-03-20 10:04:01.147,gvl_HBW,bMotor_HBW_ConveyorBelt_forward,False,poll
2026-03-20 10:04:01.147,gvl_HBW,bMotor_HBW_ConveyorBelt_backward,False,poll
2026-03-20 10:04:01.147,gvl_HBW,bMotor_HBW_StackerCrane_torack,False,poll
2026-03-20 10:04:01.147,gvl_HBW,bMotor_HBW_StackerCrane_toconveyorbelt,False,poll
2026-03-20 10:04:01.147,gvl_HBW,bMotor_HBW_StackerCrane_downward,False,poll
2026-03-20 10:04:01.147,gvl_HBW,bMotor_HBW_StackerCrane_upward,False,poll
2026-03-20 10:04:01.147,gvl_HBW,bMotor_HBW_Cantilever_forward,False,poll
2026-03-20 10:04:01.147,gvl_HBW,bMotor_HBW_Cantilever_backward,False,poll
2026-03-20 10:04:01.147,gvl_MS,bReferenceSwitch_MS_Turntable_attransferunit,False,poll
2026-03-20 10:04:01.147,gvl_MS,bReferenceSwitch_MS_Turntable_atconveyorbelt,False,poll
2026-03-20 10:04:01.147,gvl_MS,bLightBarrier_MS_conveyorbelt,False,poll
2026-03-20 10:04:01.147,gvl_MS,bReferenceSwitch_MS_Turntable_atsaw,False,poll
2026-03-20 10:04:01.147,gvl_MS,bReferenceSwitch_MS_TransferUnit_atturntable,True,poll
2026-03-20 10:04:01.147,gvl_MS,bReferenceSwitch_MS_OvenSlider_inside,False,poll
2026-03-20 10:04:01.147,gvl_MS,bReferenceSwitch_MS_OvenSlider_outside,True,poll
2026-03-20 10:04:01.147,gvl_MS,bReferenceSwitch_MS_TransferUnit_atoven,False,poll
2026-03-20 10:04:01.147,gvl_MS,bLightBarrier_MS_oven,True,poll
2026-03-20 10:04:01.147,gvl_MS,bMotor_MS_Turntable_clockwise,False,poll
2026-03-20 10:04:01.147,gvl_MS,bMotor_MS_Turntable_counterclockwise,False,poll
2026-03-20 10:04:01.147,gvl_MS,bMotor_MS_ConveyorBelt_forward,False,poll
2026-03-20 10:04:01.147,gvl_MS,bMotor_MS_Saw,False,poll
2026-03-20 10:04:01.147,gvl_MS,bMotor_MS_OvenSlider_movein,False,poll
2026-03-20 10:04:01.147,gvl_MS,bMotor_MS_OvenSlider_moveout,False,poll
2026-03-20 10:04:01.147,gvl_MS,bMotor_MS_TransferUnit_tooven,False,poll
2026-03-20 10:04:01.147,gvl_MS,bMotor_MS_TransferUnit_toturntable,False,poll
2026-03-20 10:04:01.147,gvl_MS,bLamp_MS,False,poll
2026-03-20 10:04:01.147,gvl_MS,bCompressor_MS,False,poll
2026-03-20 10:04:01.147,gvl_MS,bValve_MS_Vacuum,False,poll
2026-03-20 10:04:01.147,gvl_MS,bValve_MS_TransferUnit,False,poll
2026-03-20 10:04:01.147,gvl_MS,bValve_MS_OvenDoor,False,poll
2026-03-20 10:04:01.147,gvl_MS,bValve_MS_Ejector,False,poll
2026-03-20 10:04:01.147,gvl_PM,bLightBarrier_PM_entry,True,poll
2026-03-20 10:04:01.147,gvl_PM,bLightBarrier_PM_tool,True,poll
2026-03-20 10:04:01.147,gvl_PM,bReferenceSwitch_PM_top,False,poll
2026-03-20 10:04:01.147,gvl_PM,bReferenceSwitch_PM_bottom,True,poll
2026-03-20 10:04:01.147,gvl_PM,bMotor_PM_ConveyorBelt_forward,False,poll
2026-03-20 10:04:01.147,gvl_PM,bMotor_PM_ConveyorBelt_backward,False,poll
2026-03-20 10:04:01.147,gvl_PM,bMotor_PM_Tool_upward,False,poll
2026-03-20 10:04:01.147,gvl_PM,bMotor_PM_Tool_downward,False,poll
2026-03-20 10:04:01.147,gvl_SL,bPulseCounter_SL,False,poll
2026-03-20 10:04:01.147,gvl_SL,bLightBarrier_SL_beforecolor,True,poll
2026-03-20 10:04:01.147,gvl_SL,bLightBarrier_SL_aftercolor,True,poll
2026-03-20 10:04:01.147,gvl_SL,bLightBarrier_SL_white,True,poll
2026-03-20 10:04:01.147,gvl_SL,bLightBarrier_SL_red,True,poll
2026-03-20 10:04:01.147,gvl_SL,bLightBarrier_SL_blue,True,poll
2026-03-20 10:04:01.147,gvl_SL,iColorSensor_SL,0,poll
2026-03-20 10:04:01.147,gvl_SL,bMotor_SL_ConveyorBelt,False,poll
2026-03-20 10:04:01.147,gvl_SL,bCompressor_SL,False,poll
2026-03-20 10:04:01.147,gvl_SL,bValve_SL_white,False,poll
2026-03-20 10:04:01.147,gvl_SL,bValve_SL_red,False,poll
2026-03-20 10:04:01.147,gvl_SL,bValve_SL_blue,False,poll
2026-03-20 10:04:01.147,LocalVariables,iC_CoordH,35,poll
2026-03-20 10:04:01.147,LocalVariables,iC_CoordV,0,poll
2026-03-20 10:04:01.147,LocalVariables,iC_CoordR,35,poll
2026-03-20 10:04:01.147,LocalVariables,eC_PickingStation,0,poll
2026-03-20 10:04:01.147,LocalVariables,eC_PlacingStation,0,poll
2026-03-20 10:04:01.147,LocalVariables,iC_Coord_Picking,"[[1340, 170, 150, 445], [380, 800, 367, 435], [800, 301, 580, 800]]",poll
2026-03-20 10:04:01.147,LocalVariables,iC_Coord_Placing,"[[890, 870], [500, 1343], [180, 150]]",poll
2026-03-20 10:04:01.411,gvl_SL,iColorSensor_SL,0,event
2026-03-20 10:04:01.811,gvl_SL,iColorSensor_SL,1,event
2026-03-20 10:04:01.870,gvl_C,bReferenceSwitch_C_vertical,True,poll
2026-03-20 10:04:01.870,gvl_C,bReferenceSwitch_C_horizontal,False,poll
2026-03-20 10:04:01.870,gvl_C,bReferenceSwitch_C_rotate,False,poll
2026-03-20 10:04:01.870,gvl_C,bEncoderImpulse_C_vertical1,False,poll
2026-03-20 10:04:01.870,gvl_C,bEncoderImpulse_C_vertical2,True,poll
2026-03-20 10:04:01.870,gvl_C,bEncoderImpulse_C_horizontal1,False,poll
2026-03-20 10:04:01.870,gvl_C,bEncoderImpulse_C_horizontal2,True,poll
2026-03-20 10:04:01.870,gvl_C,bEncoderImpulse_C_rotate1,True,poll
2026-03-20 10:04:01.870,gvl_C,bEncoderImpulse_C_rotate2,False,poll
2026-03-20 10:04:01.870,gvl_C,bMotor_C_upward,False,poll
2026-03-20 10:04:01.870,gvl_C,bMotor_C_downward,False,poll
2026-03-20 10:04:01.870,gvl_C,bMotor_C_backward,False,poll
2026-03-20 10:04:01.911,gvl_SL,iColorSensor_SL,0,event
2026-03-20 10:04:01.870,gvl_C,bMotor_C_forward,False,poll
2026-03-20 10:04:01.870,gvl_C,bMotor_C_clockwise,False,poll
2026-03-20 10:04:01.870,gvl_C,bMotor_C_counterclockwise,False,poll
2026-03-20 10:04:01.870,gvl_C,bCompressor_C,False,poll
2026-03-20 10:04:01.870,gvl_C,bValve_C,False,poll
2026-03-20 10:04:01.870,gvl_HBW,bReferenceSwitch_HBW_horizontal,True,poll
2026-03-20 10:04:01.870,gvl_HBW,bLightBarrier_HBW_inside,True,poll
2026-03-20 10:04:01.870,gvl_HBW,bLightBarrier_HBW_outside,True,poll
2026-03-20 10:04:01.870,gvl_HBW,bReferenceSwitch_HBW_vertical,False,poll
2026-03-20 10:04:01.870,gvl_HBW,bReferenceSwitch_HBW_Cantilever_front,False,poll
2026-03-20 10:04:01.870,gvl_HBW,bReferenceSwitch_HBW_Cantilever_back,False,poll
2026-03-20 10:04:01.870,gvl_HBW,bTrailSensor_HBW_bottom,True,poll
2026-03-20 10:04:01.870,gvl_HBW,bTrailSensor_HBW_top,True,poll
2026-03-20 10:04:01.870,gvl_HBW,bEncoderImpulse_HBW_horizontal1,False,poll
2026-03-20 10:04:01.870,gvl_HBW,bEncoderImpulse_HBW_horizontal2,True,poll
2026-03-20 10:04:01.870,gvl_HBW,bEncoderImpulse_HBW_vertical1,False,poll
2026-03-20 10:04:01.870,gvl_HBW,bEncoderImpulse_HBW_vertical2,False,poll
2026-03-20 10:04:01.870,gvl_HBW,bMotor_HBW_ConveyorBelt_forward,False,poll
2026-03-20 10:04:01.870,gvl_HBW,bMotor_HBW_ConveyorBelt_backward,False,poll
2026-03-20 10:04:01.870,gvl_HBW,bMotor_HBW_StackerCrane_torack,False,poll
2026-03-20 10:04:01.870,gvl_HBW,bMotor_HBW_StackerCrane_toconveyorbelt,False,poll
2026-03-20 10:04:01.870,gvl_HBW,bMotor_HBW_StackerCrane_downward,False,poll
2026-03-20 10:04:01.870,gvl_HBW,bMotor_HBW_StackerCrane_upward,False,poll
2026-03-20 10:04:01.870,gvl_HBW,bMotor_HBW_Cantilever_forward,False,poll
2026-03-20 10:04:01.870,gvl_HBW,bMotor_HBW_Cantilever_backward,False,poll
2026-03-20 10:04:01.870,gvl_MS,bReferenceSwitch_MS_Turntable_attransferunit,False,poll
2026-03-20 10:04:01.870,gvl_MS,bReferenceSwitch_MS_Turntable_atconveyorbelt,False,poll
2026-03-20 10:04:01.870,gvl_MS,bLightBarrier_MS_conveyorbelt,False,poll
2026-03-20 10:04:01.870,gvl_MS,bReferenceSwitch_MS_Turntable_atsaw,False,poll
2026-03-20 10:04:01.870,gvl_MS,bReferenceSwitch_MS_TransferUnit_atturntable,True,poll
2026-03-20 10:04:01.870,gvl_MS,bReferenceSwitch_MS_OvenSlider_inside,False,poll
2026-03-20 10:04:02.011,gvl_SL,iColorSensor_SL,1,event
2026-03-20 10:04:01.870,gvl_MS,bReferenceSwitch_MS_OvenSlider_outside,True,poll
2026-03-20 10:04:01.870,gvl_MS,bReferenceSwitch_MS_TransferUnit_atoven,False,poll
2026-03-20 10:04:01.870,gvl_MS,bLightBarrier_MS_oven,True,poll
2026-03-20 10:04:01.870,gvl_MS,bMotor_MS_Turntable_clockwise,False,poll
2026-03-20 10:04:01.870,gvl_MS,bMotor_MS_Turntable_counterclockwise,False,poll
2026-03-20 10:04:01.870,gvl_MS,bMotor_MS_ConveyorBelt_forward,False,poll
2026-03-20 10:04:01.870,gvl_MS,bMotor_MS_Saw,False,poll
2026-03-20 10:04:01.870,gvl_MS,bMotor_MS_OvenSlider_movein,False,poll
2026-03-20 10:04:01.870,gvl_MS,bMotor_MS_OvenSlider_moveout,False,poll
2026-03-20 10:04:01.870,gvl_MS,bMotor_MS_TransferUnit_tooven,False,poll
2026-03-20 10:04:01.870,gvl_MS,bMotor_MS_TransferUnit_toturntable,False,poll
2026-03-20 10:04:01.870,gvl_MS,bLamp_MS,False,poll
2026-03-20 10:04:01.870,gvl_MS,bCompressor_MS,False,poll
2026-03-20 10:04:01.870,gvl_MS,bValve_MS_Vacuum,False,poll
2026-03-20 10:04:01.870,gvl_MS,bValve_MS_TransferUnit,False,poll
2026-03-20 10:04:01.870,gvl_MS,bValve_MS_OvenDoor,False,poll
2026-03-20 10:04:01.870,gvl_MS,bValve_MS_Ejector,False,poll
2026-03-20 10:04:01.870,gvl_PM,bLightBarrier_PM_entry,True,poll
2026-03-20 10:04:01.870,gvl_PM,bLightBarrier_PM_tool,True,poll
2026-03-20 10:04:01.870,gvl_PM,bReferenceSwitch_PM_top,False,poll
2026-03-20 10:04:01.870,gvl_PM,bReferenceSwitch_PM_bottom,True,poll
2026-03-20 10:04:01.870,gvl_PM,bMotor_PM_ConveyorBelt_forward,False,poll
2026-03-20 10:04:01.870,gvl_PM,bMotor_PM_ConveyorBelt_backward,False,poll
2026-03-20 10:04:01.870,gvl_PM,bMotor_PM_Tool_upward,False,poll
2026-03-20 10:04:01.870,gvl_PM,bMotor_PM_Tool_downward,False,poll
2026-03-20 10:04:01.870,gvl_SL,bPulseCounter_SL,False,poll
2026-03-20 10:04:01.870,gvl_SL,bLightBarrier_SL_beforecolor,True,poll
2026-03-20 10:04:01.870,gvl_SL,bLightBarrier_SL_aftercolor,True,poll
2026-03-20 10:04:01.870,gvl_SL,bLightBarrier_SL_white,True,poll
2026-03-20 10:04:01.870,gvl_SL,bLightBarrier_SL_red,True,poll
2026-03-20 10:04:01.870,gvl_SL,bLightBarrier_SL_blue,True,poll
2026-03-20 10:04:01.870,gvl_SL,iColorSensor_SL,0,poll
2026-03-20 10:04:01.870,gvl_SL,bMotor_SL_ConveyorBelt,False,poll
2026-03-20 10:04:02.114,gvl_SL,iColorSensor_SL,0,event
2026-03-20 10:04:01.870,gvl_SL,bCompressor_SL,False,poll
2026-03-20 10:04:01.870,gvl_SL,bValve_SL_white,False,poll
2026-03-20 10:04:01.870,gvl_SL,bValve_SL_red,False,poll
2026-03-20 10:04:01.870,gvl_SL,bValve_SL_blue,False,poll
2026-03-20 10:04:01.870,LocalVariables,iC_CoordH,35,poll
2026-03-20 10:04:01.870,LocalVariables,iC_CoordV,0,poll
2026-03-20 10:04:01.870,LocalVariables,iC_CoordR,35,poll
2026-03-20 10:04:01.870,LocalVariables,eC_PickingStation,0,poll
2026-03-20 10:04:01.870,LocalVariables,eC_PlacingStation,0,poll
2026-03-20 10:04:01.870,LocalVariables,iC_Coord_Picking,"[[1340, 170, 150, 445], [380, 800, 367, 435], [800, 301, 580, 800]]",poll
2026-03-20 10:04:01.870,LocalVariables,iC_Coord_Placing,"[[890, 870], [500, 1343], [180, 150]]",poll
2026-03-20 10:04:02.511,gvl_SL,iColorSensor_SL,1,event
2026-03-20 10:04:02.611,gvl_SL,iColorSensor_SL,0,event
2026-03-20 10:04:02.643,gvl_C,bReferenceSwitch_C_vertical,True,poll
2026-03-20 10:04:02.643,gvl_C,bReferenceSwitch_C_horizontal,False,poll
2026-03-20 10:04:02.643,gvl_C,bReferenceSwitch_C_rotate,False,poll
2026-03-20 10:04:02.643,gvl_C,bEncoderImpulse_C_vertical1,False,poll
2026-03-20 10:04:02.643,gvl_C,bEncoderImpulse_C_vertical2,True,poll
2026-03-20 10:04:02.643,gvl_C,bEncoderImpulse_C_horizontal1,False,poll
2026-03-20 10:04:02.643,gvl_C,bEncoderImpulse_C_horizontal2,True,poll
2026-03-20 10:04:02.643,gvl_C,bEncoderImpulse_C_rotate1,True,poll
2026-03-20 10:04:02.643,gvl_C,bEncoderImpulse_C_rotate2,False,poll
2026-03-20 10:04:02.643,gvl_C,bMotor_C_upward,False,poll
2026-03-20 10:04:02.643,gvl_C,bMotor_C_downward,False,poll
2026-03-20 10:04:02.643,gvl_C,bMotor_C_backward,False,poll
2026-03-20 10:04:02.643,gvl_C,bMotor_C_forward,False,poll
2026-03-20 10:04:02.643,gvl_C,bMotor_C_clockwise,False,poll
2026-03-20 10:04:02.643,gvl_C,bMotor_C_counterclockwise,False,poll
2026-03-20 10:04:02.643,gvl_C,bCompressor_C,False,poll
2026-03-20 10:04:02.643,gvl_C,bValve_C,False,poll
2026-03-20 10:04:02.643,gvl_HBW,bReferenceSwitch_HBW_horizontal,True,poll
2026-03-20 10:04:02.643,gvl_HBW,bLightBarrier_HBW_inside,True,poll
2026-03-20 10:04:02.643,gvl_HBW,bLightBarrier_HBW_outside,True,poll
2026-03-20 10:04:02.643,gvl_HBW,bReferenceSwitch_HBW_vertical,False,poll
2026-03-20 10:04:02.643,gvl_HBW,bReferenceSwitch_HBW_Cantilever_front,False,poll
2026-03-20 10:04:02.643,gvl_HBW,bReferenceSwitch_HBW_Cantilever_back,False,poll
2026-03-20 10:04:02.643,gvl_HBW,bTrailSensor_HBW_bottom,True,poll
2026-03-20 10:04:02.643,gvl_HBW,bTrailSensor_HBW_top,True,poll
2026-03-20 10:04:02.643,gvl_HBW,bEncoderImpulse_HBW_horizontal1,False,poll
2026-03-20 10:04:02.643,gvl_HBW,bEncoderImpulse_HBW_horizontal2,True,poll
2026-03-20 10:04:02.643,gvl_HBW,bEncoderImpulse_HBW_vertical1,False,poll
2026-03-20 10:04:02.643,gvl_HBW,bEncoderImpulse_HBW_vertical2,False,poll
2026-03-20 10:04:02.643,gvl_HBW,bMotor_HBW_ConveyorBelt_forward,False,poll
2026-03-20 10:04:02.643,gvl_HBW,bMotor_HBW_ConveyorBelt_backward,False,poll
2026-03-20 10:04:02.643,gvl_HBW,bMotor_HBW_StackerCrane_torack,False,poll
2026-03-20 10:04:02.643,gvl_HBW,bMotor_HBW_StackerCrane_toconveyorbelt,False,poll
2026-03-20 10:04:02.643,gvl_HBW,bMotor_HBW_StackerCrane_downward,False,poll
2026-03-20 10:04:02.643,gvl_HBW,bMotor_HBW_StackerCrane_upward,False,poll
2026-03-20 10:04:02.643,gvl_HBW,bMotor_HBW_Cantilever_forward,False,poll
2026-03-20 10:04:02.643,gvl_HBW,bMotor_HBW_Cantilever_backward,False,poll
2026-03-20 10:04:02.643,gvl_MS,bReferenceSwitch_MS_Turntable_attransferunit,False,poll
2026-03-20 10:04:02.643,gvl_MS,bReferenceSwitch_MS_Turntable_atconveyorbelt,False,poll
2026-03-20 10:04:02.643,gvl_MS,bLightBarrier_MS_conveyorbelt,False,poll
2026-03-20 10:04:02.643,gvl_MS,bReferenceSwitch_MS_Turntable_atsaw,False,poll
2026-03-20 10:04:02.643,gvl_MS,bReferenceSwitch_MS_TransferUnit_atturntable,True,poll
2026-03-20 10:04:02.643,gvl_MS,bReferenceSwitch_MS_OvenSlider_inside,False,poll
2026-03-20 10:04:02.643,gvl_MS,bReferenceSwitch_MS_OvenSlider_outside,True,poll
2026-03-20 10:04:02.643,gvl_MS,bReferenceSwitch_MS_TransferUnit_atoven,False,poll
2026-03-20 10:04:02.643,gvl_MS,bLightBarrier_MS_oven,True,poll
2026-03-20 10:04:02.643,gvl_MS,bMotor_MS_Turntable_clockwise,False,poll
2026-03-20 10:04:02.643,gvl_MS,bMotor_MS_Turntable_counterclockwise,False,poll
2026-03-20 10:04:02.643,gvl_MS,bMotor_MS_ConveyorBelt_forward,False,poll
2026-03-20 10:04:02.643,gvl_MS,bMotor_MS_Saw,False,poll
2026-03-20 10:04:02.811,gvl_SL,iColorSensor_SL,1,event
2026-03-20 10:04:02.643,gvl_MS,bMotor_MS_OvenSlider_movein,False,poll
2026-03-20 10:04:02.643,gvl_MS,bMotor_MS_OvenSlider_moveout,False,poll
2026-03-20 10:04:02.643,gvl_MS,bMotor_MS_TransferUnit_tooven,False,poll
2026-03-20 10:04:02.643,gvl_MS,bMotor_MS_TransferUnit_toturntable,False,poll
2026-03-20 10:04:02.643,gvl_MS,bLamp_MS,False,poll
2026-03-20 10:04:02.643,gvl_MS,bCompressor_MS,False,poll
2026-03-20 10:04:02.643,gvl_MS,bValve_MS_Vacuum,False,poll
2026-03-20 10:04:02.643,gvl_MS,bValve_MS_TransferUnit,False,poll
2026-03-20 10:04:02.643,gvl_MS,bValve_MS_OvenDoor,False,poll
2026-03-20 10:04:02.643,gvl_MS,bValve_MS_Ejector,False,poll
2026-03-20 10:04:02.643,gvl_PM,bLightBarrier_PM_entry,True,poll
2026-03-20 10:04:02.643,gvl_PM,bLightBarrier_PM_tool,True,poll
2026-03-20 10:04:02.643,gvl_PM,bReferenceSwitch_PM_top,False,poll
2026-03-20 10:04:02.643,gvl_PM,bReferenceSwitch_PM_bottom,True,poll
2026-03-20 10:04:02.643,gvl_PM,bMotor_PM_ConveyorBelt_forward,False,poll
2026-03-20 10:04:02.643,gvl_PM,bMotor_PM_ConveyorBelt_backward,False,poll
2026-03-20 10:04:02.643,gvl_PM,bMotor_PM_Tool_upward,False,poll
2026-03-20 10:04:02.643,gvl_PM,bMotor_PM_Tool_downward,False,poll
2026-03-20 10:04:02.643,gvl_SL,bPulseCounter_SL,False,poll
2026-03-20 10:04:02.643,gvl_SL,bLightBarrier_SL_beforecolor,True,poll
2026-03-20 10:04:02.643,gvl_SL,bLightBarrier_SL_aftercolor,True,poll
2026-03-20 10:04:02.643,gvl_SL,bLightBarrier_SL_white,True,poll
2026-03-20 10:04:02.643,gvl_SL,bLightBarrier_SL_red,True,poll
2026-03-20 10:04:02.643,gvl_SL,bLightBarrier_SL_blue,True,poll
2026-03-20 10:04:02.643,gvl_SL,iColorSensor_SL,1,poll
2026-03-20 10:04:02.643,gvl_SL,bMotor_SL_ConveyorBelt,False,poll
2026-03-20 10:04:02.643,gvl_SL,bCompressor_SL,False,poll
2026-03-20 10:04:02.643,gvl_SL,bValve_SL_white,False,poll
2026-03-20 10:04:02.643,gvl_SL,bValve_SL_red,False,poll
2026-03-20 10:04:02.643,gvl_SL,bValve_SL_blue,False,poll
2026-03-20 10:04:02.643,LocalVariables,iC_CoordH,35,poll
2026-03-20 10:04:02.643,LocalVariables,iC_CoordV,0,poll
2026-03-20 10:04:02.643,LocalVariables,iC_CoordR,35,poll
2026-03-20 10:04:02.643,LocalVariables,eC_PickingStation,0,poll
2026-03-20 10:04:02.643,LocalVariables,eC_PlacingStation,0,poll
2026-03-20 10:04:02.643,LocalVariables,iC_Coord_Picking,"[[1340, 170, 150, 445], [380, 800, 367, 435], [800, 301, 580, 800]]",poll
2026-03-20 10:04:02.643,LocalVariables,iC_Coord_Placing,"[[890, 870], [500, 1343], [180, 150]]",poll
2026-03-20 10:04:03.011,gvl_SL,iColorSensor_SL,0,event
2026-03-20 10:04:03.211,gvl_SL,iColorSensor_SL,1,event
2026-03-20 10:04:03.412,gvl_SL,iColorSensor_SL,0,event
2026-03-20 10:04:03.414,gvl_C,bReferenceSwitch_C_vertical,True,poll
2026-03-20 10:04:03.414,gvl_C,bReferenceSwitch_C_horizontal,False,poll
2026-03-20 10:04:03.414,gvl_C,bReferenceSwitch_C_rotate,False,poll
2026-03-20 10:04:03.414,gvl_C,bEncoderImpulse_C_vertical1,False,poll
2026-03-20 10:04:03.414,gvl_C,bEncoderImpulse_C_vertical2,True,poll
2026-03-20 10:04:03.414,gvl_C,bEncoderImpulse_C_horizontal1,False,poll
2026-03-20 10:04:03.414,gvl_C,bEncoderImpulse_C_horizontal2,True,poll
2026-03-20 10:04:03.414,gvl_C,bEncoderImpulse_C_rotate1,True,poll
2026-03-20 10:04:03.414,gvl_C,bEncoderImpulse_C_rotate2,False,poll
2026-03-20 10:04:03.414,gvl_C,bMotor_C_upward,False,poll
2026-03-20 10:04:03.414,gvl_C,bMotor_C_downward,False,poll
2026-03-20 10:04:03.414,gvl_C,bMotor_C_backward,False,poll
2026-03-20 10:04:03.414,gvl_C,bMotor_C_forward,False,poll
2026-03-20 10:04:03.414,gvl_C,bMotor_C_clockwise,False,poll
2026-03-20 10:04:03.414,gvl_C,bMotor_C_counterclockwise,False,poll
2026-03-20 10:04:03.414,gvl_C,bCompressor_C,False,poll
2026-03-20 10:04:03.414,gvl_C,bValve_C,False,poll
2026-03-20 10:04:03.414,gvl_HBW,bReferenceSwitch_HBW_horizontal,True,poll
2026-03-20 10:04:03.414,gvl_HBW,bLightBarrier_HBW_inside,True,poll
2026-03-20 10:04:03.414,gvl_HBW,bLightBarrier_HBW_outside,True,poll
2026-03-20 10:04:03.414,gvl_HBW,bReferenceSwitch_HBW_vertical,False,poll
2026-03-20 10:04:03.414,gvl_HBW,bReferenceSwitch_HBW_Cantilever_front,False,poll
2026-03-20 10:04:03.414,gvl_HBW,bReferenceSwitch_HBW_Cantilever_back,False,poll
2026-03-20 10:04:03.414,gvl_HBW,bTrailSensor_HBW_bottom,True,poll
2026-03-20 10:04:03.414,gvl_HBW,bTrailSensor_HBW_top,True,poll
2026-03-20 10:04:03.414,gvl_HBW,bEncoderImpulse_HBW_horizontal1,False,poll
2026-03-20 10:04:03.414,gvl_HBW,bEncoderImpulse_HBW_horizontal2,True,poll
2026-03-20 10:04:03.414,gvl_HBW,bEncoderImpulse_HBW_vertical1,False,poll
2026-03-20 10:04:03.414,gvl_HBW,bEncoderImpulse_HBW_vertical2,False,poll
2026-03-20 10:04:03.414,gvl_HBW,bMotor_HBW_ConveyorBelt_forward,False,poll
2026-03-20 10:04:03.414,gvl_HBW,bMotor_HBW_ConveyorBelt_backward,False,poll
2026-03-20 10:04:03.414,gvl_HBW,bMotor_HBW_StackerCrane_torack,False,poll
2026-03-20 10:04:03.414,gvl_HBW,bMotor_HBW_StackerCrane_toconveyorbelt,False,poll
2026-03-20 10:04:03.414,gvl_HBW,bMotor_HBW_StackerCrane_downward,False,poll
2026-03-20 10:04:03.414,gvl_HBW,bMotor_HBW_StackerCrane_upward,False,poll
2026-03-20 10:04:03.414,gvl_HBW,bMotor_HBW_Cantilever_forward,False,poll
2026-03-20 10:04:03.414,gvl_HBW,bMotor_HBW_Cantilever_backward,False,poll
2026-03-20 10:04:03.414,gvl_MS,bReferenceSwitch_MS_Turntable_attransferunit,False,poll
2026-03-20 10:04:03.414,gvl_MS,bReferenceSwitch_MS_Turntable_atconveyorbelt,False,poll
2026-03-20 10:04:03.414,gvl_MS,bLightBarrier_MS_conveyorbelt,False,poll
2026-03-20 10:04:03.414,gvl_MS,bReferenceSwitch_MS_Turntable_atsaw,False,poll
2026-03-20 10:04:03.414,gvl_MS,bReferenceSwitch_MS_TransferUnit_atturntable,True,poll
2026-03-20 10:04:03.414,gvl_MS,bReferenceSwitch_MS_OvenSlider_inside,False,poll
2026-03-20 10:04:03.414,gvl_MS,bReferenceSwitch_MS_OvenSlider_outside,True,poll
2026-03-20 10:04:03.414,gvl_MS,bReferenceSwitch_MS_TransferUnit_atoven,False,poll
2026-03-20 10:04:03.414,gvl_MS,bLightBarrier_MS_oven,True,poll
2026-03-20 10:04:03.414,gvl_MS,bMotor_MS_Turntable_clockwise,False,poll
2026-03-20 10:04:03.414,gvl_MS,bMotor_MS_Turntable_counterclockwise,False,poll
2026-03-20 10:04:03.414,gvl_MS,bMotor_MS_ConveyorBelt_forward,False,poll
2026-03-20 10:04:03.414,gvl_MS,bMotor_MS_Saw,False,poll
2026-03-20 10:04:03.414,gvl_MS,bMotor_MS_OvenSlider_movein,False,poll
2026-03-20 10:04:03.414,gvl_MS,bMotor_MS_OvenSlider_moveout,False,poll
2026-03-20 10:04:03.414,gvl_MS,bMotor_MS_TransferUnit_tooven,False,poll
2026-03-20 10:04:03.414,gvl_MS,bMotor_MS_TransferUnit_toturntable,False,poll
2026-03-20 10:04:03.414,gvl_MS,bLamp_MS,False,poll
2026-03-20 10:04:03.414,gvl_MS,bCompressor_MS,False,poll
2026-03-20 10:04:03.414,gvl_MS,bValve_MS_Vacuum,False,poll
2026-03-20 10:04:03.414,gvl_MS,bValve_MS_TransferUnit,False,poll
2026-03-20 10:04:03.414,gvl_MS,bValve_MS_OvenDoor,False,poll
2026-03-20 10:04:03.414,gvl_MS,bValve_MS_Ejector,False,poll
2026-03-20 10:04:03.414,gvl_PM,bLightBarrier_PM_entry,True,poll
2026-03-20 10:04:03.414,gvl_PM,bLightBarrier_PM_tool,True,poll
2026-03-20 10:04:03.414,gvl_PM,bReferenceSwitch_PM_top,False,poll
2026-03-20 10:04:03.414,gvl_PM,bReferenceSwitch_PM_bottom,True,poll
2026-03-20 10:04:03.414,gvl_PM,bMotor_PM_ConveyorBelt_forward,False,poll
2026-03-20 10:04:03.414,gvl_PM,bMotor_PM_ConveyorBelt_backward,False,poll
2026-03-20 10:04:03.414,gvl_PM,bMotor_PM_Tool_upward,False,poll
2026-03-20 10:04:03.414,gvl_PM,bMotor_PM_Tool_downward,False,poll
2026-03-20 10:04:03.414,gvl_SL,bPulseCounter_SL,False,poll
2026-03-20 10:04:03.414,gvl_SL,bLightBarrier_SL_beforecolor,True,poll
2026-03-20 10:04:03.414,gvl_SL,bLightBarrier_SL_aftercolor,True,poll
2026-03-20 10:04:03.414,gvl_SL,bLightBarrier_SL_white,True,poll
2026-03-20 10:04:03.414,gvl_SL,bLightBarrier_SL_red,True,poll
2026-03-20 10:04:03.414,gvl_SL,bLightBarrier_SL_blue,True,poll
2026-03-20 10:04:03.414,gvl_SL,iColorSensor_SL,0,poll
2026-03-20 10:04:03.414,gvl_SL,bMotor_SL_ConveyorBelt,False,poll
2026-03-20 10:04:03.414,gvl_SL,bCompressor_SL,False,poll
2026-03-20 10:04:03.414,gvl_SL,bValve_SL_white,False,poll
2026-03-20 10:04:03.414,gvl_SL,bValve_SL_red,False,poll
2026-03-20 10:04:03.414,gvl_SL,bValve_SL_blue,False,poll
2026-03-20 10:04:03.414,LocalVariables,iC_CoordH,35,poll
2026-03-20 10:04:03.414,LocalVariables,iC_CoordV,0,poll
2026-03-20 10:04:03.414,LocalVariables,iC_CoordR,35,poll
2026-03-20 10:04:03.414,LocalVariables,eC_PickingStation,0,poll
2026-03-20 10:04:03.414,LocalVariables,eC_PlacingStation,0,poll
2026-03-20 10:04:03.414,LocalVariables,iC_Coord_Picking,"[[1340, 170, 150, 445], [380, 800, 367, 435], [800, 301, 580, 800]]",poll
2026-03-20 10:04:03.414,LocalVariables,iC_Coord_Placing,"[[890, 870], [500, 1343], [180, 150]]",poll
2026-03-20 10:04:04.111,gvl_SL,iColorSensor_SL,1,event
2026-03-20 10:04:04.198,gvl_C,bReferenceSwitch_C_vertical,True,poll
2026-03-20 10:04:04.198,gvl_C,bReferenceSwitch_C_horizontal,False,poll
2026-03-20 10:04:04.198,gvl_C,bReferenceSwitch_C_rotate,False,poll
2026-03-20 10:04:04.198,gvl_C,bEncoderImpulse_C_vertical1,False,poll
2026-03-20 10:04:04.198,gvl_C,bEncoderImpulse_C_vertical2,True,poll
2026-03-20 10:04:04.210,gvl_SL,iColorSensor_SL,0,event
2026-03-20 10:04:04.198,gvl_C,bEncoderImpulse_C_horizontal1,False,poll
2026-03-20 10:04:04.198,gvl_C,bEncoderImpulse_C_horizontal2,True,poll
2026-03-20 10:04:04.198,gvl_C,bEncoderImpulse_C_rotate1,True,poll
2026-03-20 10:04:04.198,gvl_C,bEncoderImpulse_C_rotate2,False,poll
2026-03-20 10:04:04.198,gvl_C,bMotor_C_upward,False,poll
2026-03-20 10:04:04.198,gvl_C,bMotor_C_downward,False,poll
2026-03-20 10:04:04.198,gvl_C,bMotor_C_backward,False,poll
2026-03-20 10:04:04.198,gvl_C,bMotor_C_forward,False,poll
2026-03-20 10:04:04.198,gvl_C,bMotor_C_clockwise,False,poll
2026-03-20 10:04:04.198,gvl_C,bMotor_C_counterclockwise,False,poll
2026-03-20 10:04:04.198,gvl_C,bCompressor_C,False,poll
2026-03-20 10:04:04.198,gvl_C,bValve_C,False,poll
2026-03-20 10:04:04.198,gvl_HBW,bReferenceSwitch_HBW_horizontal,True,poll
2026-03-20 10:04:04.198,gvl_HBW,bLightBarrier_HBW_inside,True,poll
2026-03-20 10:04:04.198,gvl_HBW,bLightBarrier_HBW_outside,True,poll
2026-03-20 10:04:04.198,gvl_HBW,bReferenceSwitch_HBW_vertical,False,poll
2026-03-20 10:04:04.198,gvl_HBW,bReferenceSwitch_HBW_Cantilever_front,False,poll
2026-03-20 10:04:04.198,gvl_HBW,bReferenceSwitch_HBW_Cantilever_back,False,poll
2026-03-20 10:04:04.198,gvl_HBW,bTrailSensor_HBW_bottom,True,poll
2026-03-20 10:04:04.198,gvl_HBW,bTrailSensor_HBW_top,True,poll
2026-03-20 10:04:04.198,gvl_HBW,bEncoderImpulse_HBW_horizontal1,False,poll
2026-03-20 10:04:04.198,gvl_HBW,bEncoderImpulse_HBW_horizontal2,True,poll
2026-03-20 10:04:04.198,gvl_HBW,bEncoderImpulse_HBW_vertical1,False,poll
2026-03-20 10:04:04.198,gvl_HBW,bEncoderImpulse_HBW_vertical2,False,poll
2026-03-20 10:04:04.198,gvl_HBW,bMotor_HBW_ConveyorBelt_forward,False,poll
2026-03-20 10:04:04.198,gvl_HBW,bMotor_HBW_ConveyorBelt_backward,False,poll
2026-03-20 10:04:04.198,gvl_HBW,bMotor_HBW_StackerCrane_torack,False,poll
2026-03-20 10:04:04.198,gvl_HBW,bMotor_HBW_StackerCrane_toconveyorbelt,False,poll
2026-03-20 10:04:04.198,gvl_HBW,bMotor_HBW_StackerCrane_downward,False,poll
2026-03-20 10:04:04.198,gvl_HBW,bMotor_HBW_StackerCrane_upward,False,poll
2026-03-20 10:04:04.198,gvl_HBW,bMotor_HBW_Cantilever_forward,False,poll
2026-03-20 10:04:04.198,gvl_HBW,bMotor_HBW_Cantilever_backward,False,poll
2026-03-20 10:04:04.198,gvl_MS,bReferenceSwitch_MS_Turntable_attransferunit,False,poll
2026-03-20 10:04:04.198,gvl_MS,bReferenceSwitch_MS_Turntable_atconveyorbelt,False,poll
2026-03-20 10:04:04.198,gvl_MS,bLightBarrier_MS_conveyorbelt,False,poll
2026-03-20 10:04:04.198,gvl_MS,bReferenceSwitch_MS_Turntable_atsaw,False,poll
2026-03-20 10:04:04.198,gvl_MS,bReferenceSwitch_MS_TransferUnit_atturntable,True,poll
2026-03-20 10:04:04.198,gvl_MS,bReferenceSwitch_MS_OvenSlider_inside,False,poll
2026-03-20 10:04:04.198,gvl_MS,bReferenceSwitch_MS_OvenSlider_outside,True,poll
2026-03-20 10:04:04.198,gvl_MS,bReferenceSwitch_MS_TransferUnit_atoven,False,poll
2026-03-20 10:04:04.198,gvl_MS,bLightBarrier_MS_oven,True,poll
2026-03-20 10:04:04.198,gvl_MS,bMotor_MS_Turntable_clockwise,False,poll
2026-03-20 10:04:04.198,gvl_MS,bMotor_MS_Turntable_counterclockwise,False,poll
2026-03-20 10:04:04.198,gvl_MS,bMotor_MS_ConveyorBelt_forward,False,poll
2026-03-20 10:04:04.198,gvl_MS,bMotor_MS_Saw,False,poll
2026-03-20 10:04:04.198,gvl_MS,bMotor_MS_OvenSlider_movein,False,poll
2026-03-20 10:04:04.198,gvl_MS,bMotor_MS_OvenSlider_moveout,False,poll
2026-03-20 10:04:04.198,gvl_MS,bMotor_MS_TransferUnit_tooven,False,poll
2026-03-20 10:04:04.198,gvl_MS,bMotor_MS_TransferUnit_toturntable,False,poll
2026-03-20 10:04:04.198,gvl_MS,bLamp_MS,False,poll
2026-03-20 10:04:04.198,gvl_MS,bCompressor_MS,False,poll
2026-03-20 10:04:04.198,gvl_MS,bValve_MS_Vacuum,False,poll
2026-03-20 10:04:04.198,gvl_MS,bValve_MS_TransferUnit,False,poll
2026-03-20 10:04:04.198,gvl_MS,bValve_MS_OvenDoor,False,poll
2026-03-20 10:04:04.198,gvl_MS,bValve_MS_Ejector,False,poll
2026-03-20 10:04:04.198,gvl_PM,bLightBarrier_PM_entry,True,poll
2026-03-20 10:04:04.198,gvl_PM,bLightBarrier_PM_tool,True,poll
2026-03-20 10:04:04.198,gvl_PM,bReferenceSwitch_PM_top,False,poll
2026-03-20 10:04:04.198,gvl_PM,bReferenceSwitch_PM_bottom,True,poll
2026-03-20 10:04:04.198,gvl_PM,bMotor_PM_ConveyorBelt_forward,False,poll
2026-03-20 10:04:04.198,gvl_PM,bMotor_PM_ConveyorBelt_backward,False,poll
2026-03-20 10:04:04.198,gvl_PM,bMotor_PM_Tool_upward,False,poll
2026-03-20 10:04:04.198,gvl_PM,bMotor_PM_Tool_downward,False,poll
2026-03-20 10:04:04.198,gvl_SL,bPulseCounter_SL,False,poll
2026-03-20 10:04:04.198,gvl_SL,bLightBarrier_SL_beforecolor,True,poll
2026-03-20 10:04:04.198,gvl_SL,bLightBarrier_SL_aftercolor,True,poll
2026-03-20 10:04:04.198,gvl_SL,bLightBarrier_SL_white,True,poll
2026-03-20 10:04:04.198,gvl_SL,bLightBarrier_SL_red,True,poll
2026-03-20 10:04:04.198,gvl_SL,bLightBarrier_SL_blue,True,poll
2026-03-20 10:04:04.198,gvl_SL,iColorSensor_SL,0,poll
2026-03-20 10:04:04.198,gvl_SL,bMotor_SL_ConveyorBelt,False,poll
2026-03-20 10:04:04.198,gvl_SL,bCompressor_SL,False,poll
2026-03-20 10:04:04.198,gvl_SL,bValve_SL_white,False,poll
2026-03-20 10:04:04.198,gvl_SL,bValve_SL_red,False,poll
2026-03-20 10:04:04.198,gvl_SL,bValve_SL_blue,False,poll
2026-03-20 10:04:04.198,LocalVariables,iC_CoordH,35,poll
2026-03-20 10:04:04.198,LocalVariables,iC_CoordV,0,poll
2026-03-20 10:04:04.198,LocalVariables,iC_CoordR,35,poll
2026-03-20 10:04:04.198,LocalVariables,eC_PickingStation,0,poll
2026-03-20 10:04:04.198,LocalVariables,eC_PlacingStation,0,poll
2026-03-20 10:04:04.198,LocalVariables,iC_Coord_Picking,"[[1340, 170, 150, 445], [380, 800, 367, 435], [800, 301, 580, 800]]",poll
2026-03-20 10:04:04.198,LocalVariables,iC_Coord_Placing,"[[890, 870], [500, 1343], [180, 150]]",poll
2026-03-20 10:04:04.611,gvl_SL,iColorSensor_SL,1,event
2026-03-20 10:04:04.711,gvl_SL,iColorSensor_SL,0,event
2026-03-20 10:04:04.883,gvl_C,bReferenceSwitch_C_vertical,True,poll
2026-03-20 10:04:04.883,gvl_C,bReferenceSwitch_C_horizontal,False,poll
2026-03-20 10:04:04.883,gvl_C,bReferenceSwitch_C_rotate,False,poll
2026-03-20 10:04:04.883,gvl_C,bEncoderImpulse_C_vertical1,False,poll
2026-03-20 10:04:04.883,gvl_C,bEncoderImpulse_C_vertical2,True,poll
2026-03-20 10:04:04.883,gvl_C,bEncoderImpulse_C_horizontal1,False,poll
2026-03-20 10:04:04.883,gvl_C,bEncoderImpulse_C_horizontal2,True,poll
2026-03-20 10:04:04.883,gvl_C,bEncoderImpulse_C_rotate1,True,poll
2026-03-20 10:04:04.883,gvl_C,bEncoderImpulse_C_rotate2,False,poll
2026-03-20 10:04:04.883,gvl_C,bMotor_C_upward,False,poll
2026-03-20 10:04:04.883,gvl_C,bMotor_C_downward,False,poll
2026-03-20 10:04:04.883,gvl_C,bMotor_C_backward,False,poll
2026-03-20 10:04:04.883,gvl_C,bMotor_C_forward,False,poll
2026-03-20 10:04:04.883,gvl_C,bMotor_C_clockwise,False,poll
2026-03-20 10:04:04.883,gvl_C,bMotor_C_counterclockwise,False,poll
2026-03-20 10:04:04.883,gvl_C,bCompressor_C,False,poll
2026-03-20 10:04:04.883,gvl_C,bValve_C,False,poll
2026-03-20 10:04:04.883,gvl_HBW,bReferenceSwitch_HBW_horizontal,True,poll
2026-03-20 10:04:04.883,gvl_HBW,bLightBarrier_HBW_inside,True,poll
2026-03-20 10:04:04.883,gvl_HBW,bLightBarrier_HBW_outside,True,poll
2026-03-20 10:04:04.883,gvl_HBW,bReferenceSwitch_HBW_vertical,False,poll
2026-03-20 10:04:04.883,gvl_HBW,bReferenceSwitch_HBW_Cantilever_front,False,poll
2026-03-20 10:04:04.883,gvl_HBW,bReferenceSwitch_HBW_Cantilever_back,False,poll
2026-03-20 10:04:04.883,gvl_HBW,bTrailSensor_HBW_bottom,True,poll
2026-03-20 10:04:04.883,gvl_HBW,bTrailSensor_HBW_top,True,poll
2026-03-20 10:04:04.883,gvl_HBW,bEncoderImpulse_HBW_horizontal1,False,poll
2026-03-20 10:04:04.883,gvl_HBW,bEncoderImpulse_HBW_horizontal2,True,poll
2026-03-20 10:04:04.883,gvl_HBW,bEncoderImpulse_HBW_vertical1,False,poll
2026-03-20 10:04:04.883,gvl_HBW,bEncoderImpulse_HBW_vertical2,False,poll
2026-03-20 10:04:04.883,gvl_HBW,bMotor_HBW_ConveyorBelt_forward,False,poll
2026-03-20 10:04:04.883,gvl_HBW,bMotor_HBW_ConveyorBelt_backward,False,poll
2026-03-20 10:04:04.883,gvl_HBW,bMotor_HBW_StackerCrane_torack,False,poll
2026-03-20 10:04:04.883,gvl_HBW,bMotor_HBW_StackerCrane_toconveyorbelt,False,poll
2026-03-20 10:04:04.883,gvl_HBW,bMotor_HBW_StackerCrane_downward,False,poll
2026-03-20 10:04:04.883,gvl_HBW,bMotor_HBW_StackerCrane_upward,False,poll
2026-03-20 10:04:04.883,gvl_HBW,bMotor_HBW_Cantilever_forward,False,poll
2026-03-20 10:04:04.883,gvl_HBW,bMotor_HBW_Cantilever_backward,False,poll
2026-03-20 10:04:04.883,gvl_MS,bReferenceSwitch_MS_Turntable_attransferunit,False,poll
2026-03-20 10:04:04.883,gvl_MS,bReferenceSwitch_MS_Turntable_atconveyorbelt,False,poll
2026-03-20 10:04:04.883,gvl_MS,bLightBarrier_MS_conveyorbelt,False,poll
2026-03-20 10:04:04.883,gvl_MS,bReferenceSwitch_MS_Turntable_atsaw,False,poll
2026-03-20 10:04:04.883,gvl_MS,bReferenceSwitch_MS_TransferUnit_atturntable,True,poll
2026-03-20 10:04:04.883,gvl_MS,bReferenceSwitch_MS_OvenSlider_inside,False,poll
2026-03-20 10:04:04.883,gvl_MS,bReferenceSwitch_MS_OvenSlider_outside,True,poll
2026-03-20 10:04:04.883,gvl_MS,bReferenceSwitch_MS_TransferUnit_atoven,False,poll
2026-03-20 10:04:04.883,gvl_MS,bLightBarrier_MS_oven,True,poll
2026-03-20 10:04:04.883,gvl_MS,bMotor_MS_Turntable_clockwise,False,poll
2026-03-20 10:04:04.883,gvl_MS,bMotor_MS_Turntable_counterclockwise,False,poll
2026-03-20 10:04:04.883,gvl_MS,bMotor_MS_ConveyorBelt_forward,False,poll
2026-03-20 10:04:04.883,gvl_MS,bMotor_MS_Saw,False,poll
2026-03-20 10:04:04.883,gvl_MS,bMotor_MS_OvenSlider_movein,False,poll
2026-03-20 10:04:04.883,gvl_MS,bMotor_MS_OvenSlider_moveout,False,poll
2026-03-20 10:04:04.883,gvl_MS,bMotor_MS_TransferUnit_tooven,False,poll
2026-03-20 10:04:04.883,gvl_MS,bMotor_MS_TransferUnit_toturntable,False,poll
2026-03-20 10:04:04.883,gvl_MS,bLamp_MS,False,poll
2026-03-20 10:04:04.883,gvl_MS,bCompressor_MS,False,poll
2026-03-20 10:04:04.883,gvl_MS,bValve_MS_Vacuum,False,poll
2026-03-20 10:04:04.883,gvl_MS,bValve_MS_TransferUnit,False,poll
2026-03-20 10:04:04.883,gvl_MS,bValve_MS_OvenDoor,False,poll
2026-03-20 10:04:04.883,gvl_MS,bValve_MS_Ejector,False,poll
2026-03-20 10:04:04.883,gvl_PM,bLightBarrier_PM_entry,True,poll
2026-03-20 10:04:04.883,gvl_PM,bLightBarrier_PM_tool,True,poll
2026-03-20 10:04:04.883,gvl_PM,bReferenceSwitch_PM_top,False,poll
2026-03-20 10:04:04.883,gvl_PM,bReferenceSwitch_PM_bottom,True,poll
2026-03-20 10:04:04.883,gvl_PM,bMotor_PM_ConveyorBelt_forward,False,poll
2026-03-20 10:04:04.883,gvl_PM,bMotor_PM_ConveyorBelt_backward,False,poll
2026-03-20 10:04:04.883,gvl_PM,bMotor_PM_Tool_upward,False,poll
2026-03-20 10:04:04.883,gvl_PM,bMotor_PM_Tool_downward,False,poll
2026-03-20 10:04:04.883,gvl_SL,bPulseCounter_SL,False,poll
2026-03-20 10:04:04.883,gvl_SL,bLightBarrier_SL_beforecolor,True,poll
2026-03-20 10:04:04.883,gvl_SL,bLightBarrier_SL_aftercolor,True,poll
2026-03-20 10:04:04.883,gvl_SL,bLightBarrier_SL_white,True,poll
2026-03-20 10:04:04.883,gvl_SL,bLightBarrier_SL_red,True,poll
2026-03-20 10:04:04.883,gvl_SL,bLightBarrier_SL_blue,True,poll
2026-03-20 10:04:04.883,gvl_SL,iColorSensor_SL,0,poll
2026-03-20 10:04:04.883,gvl_SL,bMotor_SL_ConveyorBelt,False,poll
2026-03-20 10:04:04.883,gvl_SL,bCompressor_SL,False,poll
2026-03-20 10:04:04.883,gvl_SL,bValve_SL_white,False,poll
2026-03-20 10:04:04.883,gvl_SL,bValve_SL_red,False,poll
2026-03-20 10:04:04.883,gvl_SL,bValve_SL_blue,False,poll
2026-03-20 10:04:04.883,LocalVariables,iC_CoordH,35,poll
2026-03-20 10:04:04.883,LocalVariables,iC_CoordV,0,poll
2026-03-20 10:04:04.883,LocalVariables,iC_CoordR,35,poll
2026-03-20 10:04:04.883,LocalVariables,eC_PickingStation,0,poll
2026-03-20 10:04:04.883,LocalVariables,eC_PlacingStation,0,poll
2026-03-20 10:04:04.883,LocalVariables,iC_Coord_Picking,"[[1340, 170, 150, 445], [380, 800, 367, 435], [800, 301, 580, 800]]",poll
2026-03-20 10:04:04.883,LocalVariables,iC_Coord_Placing,"[[890, 870], [500, 1343], [180, 150]]",poll
2026-03-20 10:04:05.511,gvl_SL,iColorSensor_SL,1,event
2026-03-20 10:04:05.611,gvl_SL,iColorSensor_SL,0,event
2026-03-20 10:04:05.621,gvl_C,bReferenceSwitch_C_vertical,True,poll
2026-03-20 10:04:05.621,gvl_C,bReferenceSwitch_C_horizontal,False,poll
2026-03-20 10:04:05.621,gvl_C,bReferenceSwitch_C_rotate,False,poll
2026-03-20 10:04:05.621,gvl_C,bEncoderImpulse_C_vertical1,False,poll
2026-03-20 10:04:05.621,gvl_C,bEncoderImpulse_C_vertical2,True,poll
2026-03-20 10:04:05.621,gvl_C,bEncoderImpulse_C_horizontal1,False,poll
2026-03-20 10:04:05.621,gvl_C,bEncoderImpulse_C_horizontal2,True,poll
2026-03-20 10:04:05.621,gvl_C,bEncoderImpulse_C_rotate1,True,poll
2026-03-20 10:04:05.621,gvl_C,bEncoderImpulse_C_rotate2,False,poll
2026-03-20 10:04:05.621,gvl_C,bMotor_C_upward,False,poll
2026-03-20 10:04:05.621,gvl_C,bMotor_C_downward,False,poll
2026-03-20 10:04:05.621,gvl_C,bMotor_C_backward,False,poll
2026-03-20 10:04:05.621,gvl_C,bMotor_C_forward,False,poll
2026-03-20 10:04:05.621,gvl_C,bMotor_C_clockwise,False,poll
2026-03-20 10:04:05.621,gvl_C,bMotor_C_counterclockwise,False,poll
2026-03-20 10:04:05.621,gvl_C,bCompressor_C,False,poll
2026-03-20 10:04:05.621,gvl_C,bValve_C,False,poll
2026-03-20 10:04:05.621,gvl_HBW,bReferenceSwitch_HBW_horizontal,True,poll
2026-03-20 10:04:05.621,gvl_HBW,bLightBarrier_HBW_inside,True,poll
2026-03-20 10:04:05.621,gvl_HBW,bLightBarrier_HBW_outside,True,poll
2026-03-20 10:04:05.621,gvl_HBW,bReferenceSwitch_HBW_vertical,False,poll
2026-03-20 10:04:05.621,gvl_HBW,bReferenceSwitch_HBW_Cantilever_front,False,poll
2026-03-20 10:04:05.621,gvl_HBW,bReferenceSwitch_HBW_Cantilever_back,False,poll
2026-03-20 10:04:05.621,gvl_HBW,bTrailSensor_HBW_bottom,True,poll
2026-03-20 10:04:05.621,gvl_HBW,bTrailSensor_HBW_top,True,poll
2026-03-20 10:04:05.621,gvl_HBW,bEncoderImpulse_HBW_horizontal1,False,poll
2026-03-20 10:04:05.621,gvl_HBW,bEncoderImpulse_HBW_horizontal2,True,poll
2026-03-20 10:04:05.621,gvl_HBW,bEncoderImpulse_HBW_vertical1,False,poll
2026-03-20 10:04:05.621,gvl_HBW,bEncoderImpulse_HBW_vertical2,False,poll
2026-03-20 10:04:05.621,gvl_HBW,bMotor_HBW_ConveyorBelt_forward,False,poll
2026-03-20 10:04:05.621,gvl_HBW,bMotor_HBW_ConveyorBelt_backward,False,poll
2026-03-20 10:04:05.621,gvl_HBW,bMotor_HBW_StackerCrane_torack,False,poll
2026-03-20 10:04:05.621,gvl_HBW,bMotor_HBW_StackerCrane_toconveyorbelt,False,poll
2026-03-20 10:04:05.621,gvl_HBW,bMotor_HBW_StackerCrane_downward,False,poll
2026-03-20 10:04:05.621,gvl_HBW,bMotor_HBW_StackerCrane_upward,False,poll
2026-03-20 10:04:05.621,gvl_HBW,bMotor_HBW_Cantilever_forward,False,poll
2026-03-20 10:04:05.621,gvl_HBW,bMotor_HBW_Cantilever_backward,False,poll
2026-03-20 10:04:05.621,gvl_MS,bReferenceSwitch_MS_Turntable_attransferunit,False,poll
2026-03-20 10:04:05.621,gvl_MS,bReferenceSwitch_MS_Turntable_atconveyorbelt,False,poll
2026-03-20 10:04:05.621,gvl_MS,bLightBarrier_MS_conveyorbelt,False,poll
2026-03-20 10:04:05.621,gvl_MS,bReferenceSwitch_MS_Turntable_atsaw,False,poll
2026-03-20 10:04:05.621,gvl_MS,bReferenceSwitch_MS_TransferUnit_atturntable,True,poll
2026-03-20 10:04:05.621,gvl_MS,bReferenceSwitch_MS_OvenSlider_inside,False,poll
2026-03-20 10:04:05.621,gvl_MS,bReferenceSwitch_MS_OvenSlider_outside,True,poll
2026-03-20 10:04:05.621,gvl_MS,bReferenceSwitch_MS_TransferUnit_atoven,False,poll
2026-03-20 10:04:05.621,gvl_MS,bLightBarrier_MS_oven,True,poll
2026-03-20 10:04:05.621,gvl_MS,bMotor_MS_Turntable_clockwise,False,poll
2026-03-20 10:04:05.621,gvl_MS,bMotor_MS_Turntable_counterclockwise,False,poll
2026-03-20 10:04:05.621,gvl_MS,bMotor_MS_ConveyorBelt_forward,False,poll
2026-03-20 10:04:05.621,gvl_MS,bMotor_MS_Saw,False,poll
2026-03-20 10:04:05.621,gvl_MS,bMotor_MS_OvenSlider_movein,False,poll
2026-03-20 10:04:05.621,gvl_MS,bMotor_MS_OvenSlider_moveout,False,poll
2026-03-20 10:04:05.621,gvl_MS,bMotor_MS_TransferUnit_tooven,False,poll
2026-03-20 10:04:05.621,gvl_MS,bMotor_MS_TransferUnit_toturntable,False,poll
2026-03-20 10:04:05.621,gvl_MS,bLamp_MS,False,poll
2026-03-20 10:04:05.621,gvl_MS,bCompressor_MS,False,poll
2026-03-20 10:04:05.621,gvl_MS,bValve_MS_Vacuum,False,poll
2026-03-20 10:04:05.621,gvl_MS,bValve_MS_TransferUnit,False,poll
2026-03-20 10:04:05.621,gvl_MS,bValve_MS_OvenDoor,False,poll
2026-03-20 10:04:05.621,gvl_MS,bValve_MS_Ejector,False,poll
2026-03-20 10:04:05.621,gvl_PM,bLightBarrier_PM_entry,True,poll
2026-03-20 10:04:05.621,gvl_PM,bLightBarrier_PM_tool,True,poll
2026-03-20 10:04:05.621,gvl_PM,bReferenceSwitch_PM_top,False,poll
2026-03-20 10:04:05.621,gvl_PM,bReferenceSwitch_PM_bottom,True,poll
2026-03-20 10:04:05.621,gvl_PM,bMotor_PM_ConveyorBelt_forward,False,poll
2026-03-20 10:04:05.621,gvl_PM,bMotor_PM_ConveyorBelt_backward,False,poll
2026-03-20 10:04:05.621,gvl_PM,bMotor_PM_Tool_upward,False,poll
2026-03-20 10:04:05.621,gvl_PM,bMotor_PM_Tool_downward,False,poll
2026-03-20 10:04:05.621,gvl_SL,bPulseCounter_SL,False,poll
2026-03-20 10:04:05.621,gvl_SL,bLightBarrier_SL_beforecolor,True,poll
2026-03-20 10:04:05.621,gvl_SL,bLightBarrier_SL_aftercolor,True,poll
2026-03-20 10:04:05.621,gvl_SL,bLightBarrier_SL_white,True,poll
2026-03-20 10:04:05.621,gvl_SL,bLightBarrier_SL_red,True,poll
2026-03-20 10:04:05.621,gvl_SL,bLightBarrier_SL_blue,True,poll
2026-03-20 10:04:05.621,gvl_SL,iColorSensor_SL,0,poll
2026-03-20 10:04:05.621,gvl_SL,bMotor_SL_ConveyorBelt,False,poll
2026-03-20 10:04:05.621,gvl_SL,bCompressor_SL,False,poll
2026-03-20 10:04:05.621,gvl_SL,bValve_SL_white,False,poll
2026-03-20 10:04:05.621,gvl_SL,bValve_SL_red,False,poll
2026-03-20 10:04:05.621,gvl_SL,bValve_SL_blue,False,poll
2026-03-20 10:04:05.621,LocalVariables,iC_CoordH,35,poll
2026-03-20 10:04:05.621,LocalVariables,iC_CoordV,0,poll
2026-03-20 10:04:05.621,LocalVariables,iC_CoordR,35,poll
2026-03-20 10:04:05.621,LocalVariables,eC_PickingStation,0,poll
2026-03-20 10:04:05.621,LocalVariables,eC_PlacingStation,0,poll
2026-03-20 10:04:05.621,LocalVariables,iC_Coord_Picking,"[[1340, 170, 150, 445], [380, 800, 367, 435], [800, 301, 580, 800]]",poll
2026-03-20 10:04:05.811,gvl_SL,iColorSensor_SL,1,event
2026-03-20 10:04:05.621,LocalVariables,iC_Coord_Placing,"[[890, 870], [500, 1343], [180, 150]]",poll
2026-03-20 10:04:05.911,gvl_SL,iColorSensor_SL,0,event
2026-03-20 10:04:06.111,gvl_SL,iColorSensor_SL,1,event
2026-03-20 10:04:06.212,gvl_SL,iColorSensor_SL,0,event
2026-03-20 10:04:06.317,gvl_C,bReferenceSwitch_C_vertical,True,poll
2026-03-20 10:04:06.317,gvl_C,bReferenceSwitch_C_horizontal,False,poll
2026-03-20 10:04:06.317,gvl_C,bReferenceSwitch_C_rotate,False,poll
2026-03-20 10:04:06.317,gvl_C,bEncoderImpulse_C_vertical1,False,poll
2026-03-20 10:04:06.317,gvl_C,bEncoderImpulse_C_vertical2,True,poll
2026-03-20 10:04:06.317,gvl_C,bEncoderImpulse_C_horizontal1,False,poll
2026-03-20 10:04:06.317,gvl_C,bEncoderImpulse_C_horizontal2,True,poll
2026-03-20 10:04:06.317,gvl_C,bEncoderImpulse_C_rotate1,True,poll
2026-03-20 10:04:06.317,gvl_C,bEncoderImpulse_C_rotate2,False,poll
2026-03-20 10:04:06.317,gvl_C,bMotor_C_upward,False,poll
2026-03-20 10:04:06.317,gvl_C,bMotor_C_downward,False,poll
2026-03-20 10:04:06.317,gvl_C,bMotor_C_backward,False,poll
2026-03-20 10:04:06.317,gvl_C,bMotor_C_forward,False,poll
2026-03-20 10:04:06.317,gvl_C,bMotor_C_clockwise,False,poll
2026-03-20 10:04:06.317,gvl_C,bMotor_C_counterclockwise,False,poll
2026-03-20 10:04:06.317,gvl_C,bCompressor_C,False,poll
2026-03-20 10:04:06.317,gvl_C,bValve_C,False,poll
2026-03-20 10:04:06.317,gvl_HBW,bReferenceSwitch_HBW_horizontal,True,poll
2026-03-20 10:04:06.317,gvl_HBW,bLightBarrier_HBW_inside,True,poll
2026-03-20 10:04:06.317,gvl_HBW,bLightBarrier_HBW_outside,True,poll
2026-03-20 10:04:06.317,gvl_HBW,bReferenceSwitch_HBW_vertical,False,poll
2026-03-20 10:04:06.317,gvl_HBW,bReferenceSwitch_HBW_Cantilever_front,False,poll
2026-03-20 10:04:06.317,gvl_HBW,bReferenceSwitch_HBW_Cantilever_back,False,poll
2026-03-20 10:04:06.317,gvl_HBW,bTrailSensor_HBW_bottom,True,poll
2026-03-20 10:04:06.317,gvl_HBW,bTrailSensor_HBW_top,True,poll
2026-03-20 10:04:06.317,gvl_HBW,bEncoderImpulse_HBW_horizontal1,False,poll
2026-03-20 10:04:06.317,gvl_HBW,bEncoderImpulse_HBW_horizontal2,True,poll
2026-03-20 10:04:06.317,gvl_HBW,bEncoderImpulse_HBW_vertical1,False,poll
2026-03-20 10:04:06.317,gvl_HBW,bEncoderImpulse_HBW_vertical2,False,poll
2026-03-20 10:04:06.317,gvl_HBW,bMotor_HBW_ConveyorBelt_forward,False,poll
2026-03-20 10:04:06.317,gvl_HBW,bMotor_HBW_ConveyorBelt_backward,False,poll
2026-03-20 10:04:06.317,gvl_HBW,bMotor_HBW_StackerCrane_torack,False,poll
2026-03-20 10:04:06.317,gvl_HBW,bMotor_HBW_StackerCrane_toconveyorbelt,False,poll
2026-03-20 10:04:06.317,gvl_HBW,bMotor_HBW_StackerCrane_downward,False,poll
2026-03-20 10:04:06.317,gvl_HBW,bMotor_HBW_StackerCrane_upward,False,poll
2026-03-20 10:04:06.317,gvl_HBW,bMotor_HBW_Cantilever_forward,False,poll
2026-03-20 10:04:06.317,gvl_HBW,bMotor_HBW_Cantilever_backward,False,poll
2026-03-20 10:04:06.317,gvl_MS,bReferenceSwitch_MS_Turntable_attransferunit,False,poll
2026-03-20 10:04:06.317,gvl_MS,bReferenceSwitch_MS_Turntable_atconveyorbelt,False,poll
2026-03-20 10:04:06.317,gvl_MS,bLightBarrier_MS_conveyorbelt,False,poll
2026-03-20 10:04:06.317,gvl_MS,bReferenceSwitch_MS_Turntable_atsaw,False,poll
2026-03-20 10:04:06.317,gvl_MS,bReferenceSwitch_MS_TransferUnit_atturntable,True,poll
2026-03-20 10:04:06.317,gvl_MS,bReferenceSwitch_MS_OvenSlider_inside,False,poll
2026-03-20 10:04:06.317,gvl_MS,bReferenceSwitch_MS_OvenSlider_outside,True,poll
2026-03-20 10:04:06.317,gvl_MS,bReferenceSwitch_MS_TransferUnit_atoven,False,poll
2026-03-20 10:04:06.317,gvl_MS,bLightBarrier_MS_oven,True,poll
2026-03-20 10:04:06.317,gvl_MS,bMotor_MS_Turntable_clockwise,False,poll
2026-03-20 10:04:06.317,gvl_MS,bMotor_MS_Turntable_counterclockwise,False,poll
2026-03-20 10:04:06.317,gvl_MS,bMotor_MS_ConveyorBelt_forward,False,poll
2026-03-20 10:04:06.317,gvl_MS,bMotor_MS_Saw,False,poll
2026-03-20 10:04:06.317,gvl_MS,bMotor_MS_OvenSlider_movein,False,poll
2026-03-20 10:04:06.317,gvl_MS,bMotor_MS_OvenSlider_moveout,False,poll
2026-03-20 10:04:06.317,gvl_MS,bMotor_MS_TransferUnit_tooven,False,poll
2026-03-20 10:04:06.317,gvl_MS,bMotor_MS_TransferUnit_toturntable,False,poll
2026-03-20 10:04:06.317,gvl_MS,bLamp_MS,False,poll
2026-03-20 10:04:06.317,gvl_MS,bCompressor_MS,False,poll
2026-03-20 10:04:06.317,gvl_MS,bValve_MS_Vacuum,False,poll
2026-03-20 10:04:06.317,gvl_MS,bValve_MS_TransferUnit,False,poll
2026-03-20 10:04:06.317,gvl_MS,bValve_MS_OvenDoor,False,poll
2026-03-20 10:04:06.317,gvl_MS,bValve_MS_Ejector,False,poll
2026-03-20 10:04:06.317,gvl_PM,bLightBarrier_PM_entry,True,poll
2026-03-20 10:04:06.317,gvl_PM,bLightBarrier_PM_tool,True,poll
2026-03-20 10:04:06.317,gvl_PM,bReferenceSwitch_PM_top,False,poll
2026-03-20 10:04:06.317,gvl_PM,bReferenceSwitch_PM_bottom,True,poll
2026-03-20 10:04:06.317,gvl_PM,bMotor_PM_ConveyorBelt_forward,False,poll
2026-03-20 10:04:06.317,gvl_PM,bMotor_PM_ConveyorBelt_backward,False,poll
2026-03-20 10:04:06.317,gvl_PM,bMotor_PM_Tool_upward,False,poll
2026-03-20 10:04:06.317,gvl_PM,bMotor_PM_Tool_downward,False,poll
2026-03-20 10:04:06.317,gvl_SL,bPulseCounter_SL,False,poll
2026-03-20 10:04:06.317,gvl_SL,bLightBarrier_SL_beforecolor,True,poll
2026-03-20 10:04:06.511,gvl_SL,iColorSensor_SL,1,event
2026-03-20 10:04:06.317,gvl_SL,bLightBarrier_SL_aftercolor,True,poll
2026-03-20 10:04:06.317,gvl_SL,bLightBarrier_SL_white,True,poll
2026-03-20 10:04:06.317,gvl_SL,bLightBarrier_SL_red,True,poll
2026-03-20 10:04:06.317,gvl_SL,bLightBarrier_SL_blue,True,poll
2026-03-20 10:04:06.317,gvl_SL,iColorSensor_SL,0,poll
2026-03-20 10:04:06.317,gvl_SL,bMotor_SL_ConveyorBelt,False,poll
2026-03-20 10:04:06.317,gvl_SL,bCompressor_SL,False,poll
2026-03-20 10:04:06.317,gvl_SL,bValve_SL_white,False,poll
2026-03-20 10:04:06.317,gvl_SL,bValve_SL_red,False,poll
2026-03-20 10:04:06.317,gvl_SL,bValve_SL_blue,False,poll
2026-03-20 10:04:06.317,LocalVariables,iC_CoordH,35,poll
2026-03-20 10:04:06.317,LocalVariables,iC_CoordV,0,poll
2026-03-20 10:04:06.317,LocalVariables,iC_CoordR,35,poll
2026-03-20 10:04:06.317,LocalVariables,eC_PickingStation,0,poll
2026-03-20 10:04:06.317,LocalVariables,eC_PlacingStation,0,poll
2026-03-20 10:04:06.317,LocalVariables,iC_Coord_Picking,"[[1340, 170, 150, 445], [380, 800, 367, 435], [800, 301, 580, 800]]",poll
2026-03-20 10:04:06.317,LocalVariables,iC_Coord_Placing,"[[890, 870], [500, 1343], [180, 150]]",poll
2026-03-20 10:04:06.750,gvl_SL,iColorSensor_SL,0,event
2026-03-20 10:04:07.054,gvl_C,bReferenceSwitch_C_vertical,True,poll
2026-03-20 10:04:07.054,gvl_C,bReferenceSwitch_C_horizontal,False,poll
2026-03-20 10:04:07.054,gvl_C,bReferenceSwitch_C_rotate,False,poll
2026-03-20 10:04:07.054,gvl_C,bEncoderImpulse_C_vertical1,False,poll
2026-03-20 10:04:07.054,gvl_C,bEncoderImpulse_C_vertical2,True,poll
2026-03-20 10:04:07.054,gvl_C,bEncoderImpulse_C_horizontal1,False,poll
2026-03-20 10:04:07.054,gvl_C,bEncoderImpulse_C_horizontal2,True,poll
2026-03-20 10:04:07.054,gvl_C,bEncoderImpulse_C_rotate1,True,poll
2026-03-20 10:04:07.054,gvl_C,bEncoderImpulse_C_rotate2,False,poll
2026-03-20 10:04:07.054,gvl_C,bMotor_C_upward,False,poll
2026-03-20 10:04:07.054,gvl_C,bMotor_C_downward,False,poll
2026-03-20 10:04:07.054,gvl_C,bMotor_C_backward,False,poll
2026-03-20 10:04:07.054,gvl_C,bMotor_C_forward,False,poll
2026-03-20 10:04:07.054,gvl_C,bMotor_C_clockwise,False,poll
2026-03-20 10:04:07.054,gvl_C,bMotor_C_counterclockwise,False,poll
2026-03-20 10:04:07.054,gvl_C,bCompressor_C,False,poll
2026-03-20 10:04:07.054,gvl_C,bValve_C,False,poll
2026-03-20 10:04:07.054,gvl_HBW,bReferenceSwitch_HBW_horizontal,True,poll
2026-03-20 10:04:07.054,gvl_HBW,bLightBarrier_HBW_inside,True,poll
2026-03-20 10:04:07.054,gvl_HBW,bLightBarrier_HBW_outside,True,poll
2026-03-20 10:04:07.054,gvl_HBW,bReferenceSwitch_HBW_vertical,False,poll
2026-03-20 10:04:07.054,gvl_HBW,bReferenceSwitch_HBW_Cantilever_front,False,poll
2026-03-20 10:04:07.054,gvl_HBW,bReferenceSwitch_HBW_Cantilever_back,False,poll
2026-03-20 10:04:07.054,gvl_HBW,bTrailSensor_HBW_bottom,True,poll
2026-03-20 10:04:07.054,gvl_HBW,bTrailSensor_HBW_top,True,poll
2026-03-20 10:04:07.054,gvl_HBW,bEncoderImpulse_HBW_horizontal1,False,poll
2026-03-20 10:04:07.054,gvl_HBW,bEncoderImpulse_HBW_horizontal2,True,poll
2026-03-20 10:04:07.054,gvl_HBW,bEncoderImpulse_HBW_vertical1,False,poll
2026-03-20 10:04:07.054,gvl_HBW,bEncoderImpulse_HBW_vertical2,False,poll
2026-03-20 10:04:07.054,gvl_HBW,bMotor_HBW_ConveyorBelt_forward,False,poll
2026-03-20 10:04:07.054,gvl_HBW,bMotor_HBW_ConveyorBelt_backward,False,poll
2026-03-20 10:04:07.054,gvl_HBW,bMotor_HBW_StackerCrane_torack,False,poll
2026-03-20 10:04:07.054,gvl_HBW,bMotor_HBW_StackerCrane_toconveyorbelt,False,poll
2026-03-20 10:04:07.054,gvl_HBW,bMotor_HBW_StackerCrane_downward,False,poll
2026-03-20 10:04:07.054,gvl_HBW,bMotor_HBW_StackerCrane_upward,False,poll
2026-03-20 10:04:07.054,gvl_HBW,bMotor_HBW_Cantilever_forward,False,poll
2026-03-20 10:04:07.054,gvl_HBW,bMotor_HBW_Cantilever_backward,False,poll
2026-03-20 10:04:07.054,gvl_MS,bReferenceSwitch_MS_Turntable_attransferunit,False,poll
2026-03-20 10:04:07.054,gvl_MS,bReferenceSwitch_MS_Turntable_atconveyorbelt,False,poll
2026-03-20 10:04:07.054,gvl_MS,bLightBarrier_MS_conveyorbelt,False,poll
2026-03-20 10:04:07.054,gvl_MS,bReferenceSwitch_MS_Turntable_atsaw,False,poll
2026-03-20 10:04:07.054,gvl_MS,bReferenceSwitch_MS_TransferUnit_atturntable,True,poll
2026-03-20 10:04:07.054,gvl_MS,bReferenceSwitch_MS_OvenSlider_inside,False,poll
2026-03-20 10:04:07.054,gvl_MS,bReferenceSwitch_MS_OvenSlider_outside,True,poll
2026-03-20 10:04:07.054,gvl_MS,bReferenceSwitch_MS_TransferUnit_atoven,False,poll
2026-03-20 10:04:07.054,gvl_MS,bLightBarrier_MS_oven,True,poll
2026-03-20 10:04:07.054,gvl_MS,bMotor_MS_Turntable_clockwise,False,poll
2026-03-20 10:04:07.054,gvl_MS,bMotor_MS_Turntable_counterclockwise,False,poll
2026-03-20 10:04:07.054,gvl_MS,bMotor_MS_ConveyorBelt_forward,False,poll
2026-03-20 10:04:07.054,gvl_MS,bMotor_MS_Saw,False,poll
2026-03-20 10:04:07.054,gvl_MS,bMotor_MS_OvenSlider_movein,False,poll
2026-03-20 10:04:07.054,gvl_MS,bMotor_MS_OvenSlider_moveout,False,poll
2026-03-20 10:04:07.054,gvl_MS,bMotor_MS_TransferUnit_tooven,False,poll
2026-03-20 10:04:07.054,gvl_MS,bMotor_MS_TransferUnit_toturntable,False,poll
2026-03-20 10:04:07.054,gvl_MS,bLamp_MS,False,poll
2026-03-20 10:04:07.054,gvl_MS,bCompressor_MS,False,poll
2026-03-20 10:04:07.054,gvl_MS,bValve_MS_Vacuum,False,poll
2026-03-20 10:04:07.054,gvl_MS,bValve_MS_TransferUnit,False,poll
2026-03-20 10:04:07.054,gvl_MS,bValve_MS_OvenDoor,False,poll
2026-03-20 10:04:07.054,gvl_MS,bValve_MS_Ejector,False,poll
2026-03-20 10:04:07.054,gvl_PM,bLightBarrier_PM_entry,True,poll
2026-03-20 10:04:07.054,gvl_PM,bLightBarrier_PM_tool,True,poll
2026-03-20 10:04:07.054,gvl_PM,bReferenceSwitch_PM_top,False,poll
2026-03-20 10:04:07.054,gvl_PM,bReferenceSwitch_PM_bottom,True,poll
2026-03-20 10:04:07.054,gvl_PM,bMotor_PM_ConveyorBelt_forward,False,poll
2026-03-20 10:04:07.054,gvl_PM,bMotor_PM_ConveyorBelt_backward,False,poll
2026-03-20 10:04:07.054,gvl_PM,bMotor_PM_Tool_upward,False,poll
2026-03-20 10:04:07.054,gvl_PM,bMotor_PM_Tool_downward,False,poll
2026-03-20 10:04:07.054,gvl_SL,bPulseCounter_SL,False,poll
2026-03-20 10:04:07.054,gvl_SL,bLightBarrier_SL_beforecolor,True,poll
2026-03-20 10:04:07.054,gvl_SL,bLightBarrier_SL_aftercolor,True,poll
2026-03-20 10:04:07.054,gvl_SL,bLightBarrier_SL_white,True,poll
2026-03-20 10:04:07.054,gvl_SL,bLightBarrier_SL_red,True,poll
2026-03-20 10:04:07.054,gvl_SL,bLightBarrier_SL_blue,True,poll
2026-03-20 10:04:07.054,gvl_SL,iColorSensor_SL,0,poll
2026-03-20 10:04:07.054,gvl_SL,bMotor_SL_ConveyorBelt,False,poll
2026-03-20 10:04:07.054,gvl_SL,bCompressor_SL,False,poll
2026-03-20 10:04:07.054,gvl_SL,bValve_SL_white,False,poll
2026-03-20 10:04:07.054,gvl_SL,bValve_SL_red,False,poll
2026-03-20 10:04:07.054,gvl_SL,bValve_SL_blue,False,poll
2026-03-20 10:04:07.054,LocalVariables,iC_CoordH,35,poll
2026-03-20 10:04:07.054,LocalVariables,iC_CoordV,0,poll
2026-03-20 10:04:07.054,LocalVariables,iC_CoordR,35,poll
2026-03-20 10:04:07.054,LocalVariables,eC_PickingStation,0,poll
2026-03-20 10:04:07.054,LocalVariables,eC_PlacingStation,0,poll
2026-03-20 10:04:07.054,LocalVariables,iC_Coord_Picking,"[[1340, 170, 150, 445], [380, 800, 367, 435], [800, 301, 580, 800]]",poll
2026-03-20 10:04:07.054,LocalVariables,iC_Coord_Placing,"[[890, 870], [500, 1343], [180, 150]]",poll
2026-03-20 10:04:07.711,gvl_SL,iColorSensor_SL,1,event
2026-03-20 10:04:07.773,gvl_C,bReferenceSwitch_C_vertical,True,poll
2026-03-20 10:04:07.773,gvl_C,bReferenceSwitch_C_horizontal,False,poll
2026-03-20 10:04:07.773,gvl_C,bReferenceSwitch_C_rotate,False,poll
2026-03-20 10:04:07.773,gvl_C,bEncoderImpulse_C_vertical1,False,poll
2026-03-20 10:04:07.773,gvl_C,bEncoderImpulse_C_vertical2,True,poll
2026-03-20 10:04:07.773,gvl_C,bEncoderImpulse_C_horizontal1,False,poll
2026-03-20 10:04:07.773,gvl_C,bEncoderImpulse_C_horizontal2,True,poll
2026-03-20 10:04:07.773,gvl_C,bEncoderImpulse_C_rotate1,True,poll
2026-03-20 10:04:07.773,gvl_C,bEncoderImpulse_C_rotate2,False,poll
2026-03-20 10:04:07.773,gvl_C,bMotor_C_upward,False,poll
2026-03-20 10:04:07.773,gvl_C,bMotor_C_downward,False,poll
2026-03-20 10:04:07.773,gvl_C,bMotor_C_backward,False,poll
2026-03-20 10:04:07.773,gvl_C,bMotor_C_forward,False,poll
2026-03-20 10:04:07.773,gvl_C,bMotor_C_clockwise,False,poll
2026-03-20 10:04:07.773,gvl_C,bMotor_C_counterclockwise,False,poll
2026-03-20 10:04:07.773,gvl_C,bCompressor_C,False,poll
2026-03-20 10:04:07.773,gvl_C,bValve_C,False,poll
2026-03-20 10:04:07.773,gvl_HBW,bReferenceSwitch_HBW_horizontal,True,poll
2026-03-20 10:04:07.773,gvl_HBW,bLightBarrier_HBW_inside,True,poll
2026-03-20 10:04:07.773,gvl_HBW,bLightBarrier_HBW_outside,True,poll
2026-03-20 10:04:07.773,gvl_HBW,bReferenceSwitch_HBW_vertical,False,poll
2026-03-20 10:04:07.773,gvl_HBW,bReferenceSwitch_HBW_Cantilever_front,False,poll
2026-03-20 10:04:07.773,gvl_HBW,bReferenceSwitch_HBW_Cantilever_back,False,poll
2026-03-20 10:04:07.773,gvl_HBW,bTrailSensor_HBW_bottom,True,poll
2026-03-20 10:04:07.773,gvl_HBW,bTrailSensor_HBW_top,True,poll
2026-03-20 10:04:07.773,gvl_HBW,bEncoderImpulse_HBW_horizontal1,False,poll
2026-03-20 10:04:07.773,gvl_HBW,bEncoderImpulse_HBW_horizontal2,True,poll
2026-03-20 10:04:07.773,gvl_HBW,bEncoderImpulse_HBW_vertical1,False,poll
2026-03-20 10:04:07.773,gvl_HBW,bEncoderImpulse_HBW_vertical2,False,poll
2026-03-20 10:04:07.773,gvl_HBW,bMotor_HBW_ConveyorBelt_forward,False,poll
2026-03-20 10:04:07.773,gvl_HBW,bMotor_HBW_ConveyorBelt_backward,False,poll
2026-03-20 10:04:07.773,gvl_HBW,bMotor_HBW_StackerCrane_torack,False,poll
2026-03-20 10:04:07.773,gvl_HBW,bMotor_HBW_StackerCrane_toconveyorbelt,False,poll
2026-03-20 10:04:07.773,gvl_HBW,bMotor_HBW_StackerCrane_downward,False,poll
2026-03-20 10:04:07.773,gvl_HBW,bMotor_HBW_StackerCrane_upward,False,poll
2026-03-20 10:04:07.773,gvl_HBW,bMotor_HBW_Cantilever_forward,False,poll
2026-03-20 10:04:07.773,gvl_HBW,bMotor_HBW_Cantilever_backward,False,poll
2026-03-20 10:04:07.773,gvl_MS,bReferenceSwitch_MS_Turntable_attransferunit,False,poll
2026-03-20 10:04:07.773,gvl_MS,bReferenceSwitch_MS_Turntable_atconveyorbelt,False,poll
2026-03-20 10:04:07.773,gvl_MS,bLightBarrier_MS_conveyorbelt,False,poll
2026-03-20 10:04:07.773,gvl_MS,bReferenceSwitch_MS_Turntable_atsaw,False,poll
2026-03-20 10:04:07.911,gvl_SL,iColorSensor_SL,0,event
2026-03-20 10:04:07.773,gvl_MS,bReferenceSwitch_MS_TransferUnit_atturntable,True,poll
2026-03-20 10:04:07.773,gvl_MS,bReferenceSwitch_MS_OvenSlider_inside,False,poll
2026-03-20 10:04:07.773,gvl_MS,bReferenceSwitch_MS_OvenSlider_outside,True,poll
2026-03-20 10:04:07.773,gvl_MS,bReferenceSwitch_MS_TransferUnit_atoven,False,poll
2026-03-20 10:04:07.773,gvl_MS,bLightBarrier_MS_oven,True,poll
2026-03-20 10:04:07.773,gvl_MS,bMotor_MS_Turntable_clockwise,False,poll
2026-03-20 10:04:07.773,gvl_MS,bMotor_MS_Turntable_counterclockwise,False,poll
2026-03-20 10:04:07.773,gvl_MS,bMotor_MS_ConveyorBelt_forward,False,poll
2026-03-20 10:04:07.773,gvl_MS,bMotor_MS_Saw,False,poll
2026-03-20 10:04:07.773,gvl_MS,bMotor_MS_OvenSlider_movein,False,poll
2026-03-20 10:04:07.773,gvl_MS,bMotor_MS_OvenSlider_moveout,False,poll
2026-03-20 10:04:07.773,gvl_MS,bMotor_MS_TransferUnit_tooven,False,poll
2026-03-20 10:04:07.773,gvl_MS,bMotor_MS_TransferUnit_toturntable,False,poll
2026-03-20 10:04:07.773,gvl_MS,bLamp_MS,False,poll
2026-03-20 10:04:07.773,gvl_MS,bCompressor_MS,False,poll
2026-03-20 10:04:07.773,gvl_MS,bValve_MS_Vacuum,False,poll
2026-03-20 10:04:07.773,gvl_MS,bValve_MS_TransferUnit,False,poll
2026-03-20 10:04:07.773,gvl_MS,bValve_MS_OvenDoor,False,poll
2026-03-20 10:04:07.773,gvl_MS,bValve_MS_Ejector,False,poll
2026-03-20 10:04:07.773,gvl_PM,bLightBarrier_PM_entry,True,poll
2026-03-20 10:04:07.773,gvl_PM,bLightBarrier_PM_tool,True,poll
2026-03-20 10:04:07.773,gvl_PM,bReferenceSwitch_PM_top,False,poll
2026-03-20 10:04:07.773,gvl_PM,bReferenceSwitch_PM_bottom,True,poll
2026-03-20 10:04:07.773,gvl_PM,bMotor_PM_ConveyorBelt_forward,False,poll
2026-03-20 10:04:07.773,gvl_PM,bMotor_PM_ConveyorBelt_backward,False,poll
2026-03-20 10:04:07.773,gvl_PM,bMotor_PM_Tool_upward,False,poll
2026-03-20 10:04:07.773,gvl_PM,bMotor_PM_Tool_downward,False,poll
2026-03-20 10:04:07.773,gvl_SL,bPulseCounter_SL,False,poll
2026-03-20 10:04:07.773,gvl_SL,bLightBarrier_SL_beforecolor,True,poll
2026-03-20 10:04:07.773,gvl_SL,bLightBarrier_SL_aftercolor,True,poll
2026-03-20 10:04:07.773,gvl_SL,bLightBarrier_SL_white,True,poll
2026-03-20 10:04:07.773,gvl_SL,bLightBarrier_SL_red,True,poll
2026-03-20 10:04:07.773,gvl_SL,bLightBarrier_SL_blue,True,poll
2026-03-20 10:04:08.011,gvl_SL,iColorSensor_SL,1,event
2026-03-20 10:04:07.773,gvl_SL,iColorSensor_SL,0,poll
2026-03-20 10:04:07.773,gvl_SL,bMotor_SL_ConveyorBelt,False,poll
2026-03-20 10:04:07.773,gvl_SL,bCompressor_SL,False,poll
2026-03-20 10:04:07.773,gvl_SL,bValve_SL_white,False,poll
2026-03-20 10:04:07.773,gvl_SL,bValve_SL_red,False,poll
2026-03-20 10:04:07.773,gvl_SL,bValve_SL_blue,False,poll
2026-03-20 10:04:07.773,LocalVariables,iC_CoordH,35,poll
2026-03-20 10:04:07.773,LocalVariables,iC_CoordV,0,poll
2026-03-20 10:04:07.773,LocalVariables,iC_CoordR,35,poll
2026-03-20 10:04:07.773,LocalVariables,eC_PickingStation,0,poll
2026-03-20 10:04:07.773,LocalVariables,eC_PlacingStation,0,poll
2026-03-20 10:04:07.773,LocalVariables,iC_Coord_Picking,"[[1340, 170, 150, 445], [380, 800, 367, 435], [800, 301, 580, 800]]",poll
2026-03-20 10:04:07.773,LocalVariables,iC_Coord_Placing,"[[890, 870], [500, 1343], [180, 150]]",poll
2026-03-20 10:04:08.111,gvl_SL,iColorSensor_SL,0,event
2026-03-20 10:04:08.311,gvl_SL,iColorSensor_SL,1,event
2026-03-20 10:04:08.413,gvl_SL,iColorSensor_SL,0,event
2026-03-20 10:04:08.511,gvl_SL,iColorSensor_SL,1,event
2026-03-20 10:04:08.552,gvl_C,bReferenceSwitch_C_vertical,True,poll
2026-03-20 10:04:08.552,gvl_C,bReferenceSwitch_C_horizontal,False,poll
2026-03-20 10:04:08.552,gvl_C,bReferenceSwitch_C_rotate,False,poll
2026-03-20 10:04:08.552,gvl_C,bEncoderImpulse_C_vertical1,False,poll
2026-03-20 10:04:08.552,gvl_C,bEncoderImpulse_C_vertical2,True,poll
2026-03-20 10:04:08.552,gvl_C,bEncoderImpulse_C_horizontal1,False,poll
2026-03-20 10:04:08.552,gvl_C,bEncoderImpulse_C_horizontal2,True,poll
2026-03-20 10:04:08.552,gvl_C,bEncoderImpulse_C_rotate1,True,poll
2026-03-20 10:04:08.552,gvl_C,bEncoderImpulse_C_rotate2,False,poll
2026-03-20 10:04:08.552,gvl_C,bMotor_C_upward,False,poll
2026-03-20 10:04:08.552,gvl_C,bMotor_C_downward,False,poll
2026-03-20 10:04:08.552,gvl_C,bMotor_C_backward,False,poll
2026-03-20 10:04:08.552,gvl_C,bMotor_C_forward,False,poll
2026-03-20 10:04:08.552,gvl_C,bMotor_C_clockwise,False,poll
2026-03-20 10:04:08.552,gvl_C,bMotor_C_counterclockwise,False,poll
2026-03-20 10:04:08.611,gvl_SL,iColorSensor_SL,0,event
2026-03-20 10:04:08.552,gvl_C,bCompressor_C,False,poll
2026-03-20 10:04:08.552,gvl_C,bValve_C,False,poll
2026-03-20 10:04:08.552,gvl_HBW,bReferenceSwitch_HBW_horizontal,True,poll
2026-03-20 10:04:08.552,gvl_HBW,bLightBarrier_HBW_inside,True,poll
2026-03-20 10:04:08.552,gvl_HBW,bLightBarrier_HBW_outside,True,poll
2026-03-20 10:04:08.552,gvl_HBW,bReferenceSwitch_HBW_vertical,False,poll
2026-03-20 10:04:08.552,gvl_HBW,bReferenceSwitch_HBW_Cantilever_front,False,poll
2026-03-20 10:04:08.552,gvl_HBW,bReferenceSwitch_HBW_Cantilever_back,False,poll
2026-03-20 10:04:08.552,gvl_HBW,bTrailSensor_HBW_bottom,True,poll
2026-03-20 10:04:08.552,gvl_HBW,bTrailSensor_HBW_top,True,poll
2026-03-20 10:04:08.552,gvl_HBW,bEncoderImpulse_HBW_horizontal1,False,poll
2026-03-20 10:04:08.552,gvl_HBW,bEncoderImpulse_HBW_horizontal2,True,poll
2026-03-20 10:04:08.552,gvl_HBW,bEncoderImpulse_HBW_vertical1,False,poll
2026-03-20 10:04:08.552,gvl_HBW,bEncoderImpulse_HBW_vertical2,False,poll
2026-03-20 10:04:08.552,gvl_HBW,bMotor_HBW_ConveyorBelt_forward,False,poll
2026-03-20 10:04:08.552,gvl_HBW,bMotor_HBW_ConveyorBelt_backward,False,poll
2026-03-20 10:04:08.552,gvl_HBW,bMotor_HBW_StackerCrane_torack,False,poll
2026-03-20 10:04:08.552,gvl_HBW,bMotor_HBW_StackerCrane_toconveyorbelt,False,poll
2026-03-20 10:04:08.552,gvl_HBW,bMotor_HBW_StackerCrane_downward,False,poll
2026-03-20 10:04:08.552,gvl_HBW,bMotor_HBW_StackerCrane_upward,False,poll
2026-03-20 10:04:08.552,gvl_HBW,bMotor_HBW_Cantilever_forward,False,poll
2026-03-20 10:04:08.552,gvl_HBW,bMotor_HBW_Cantilever_backward,False,poll
2026-03-20 10:04:08.552,gvl_MS,bReferenceSwitch_MS_Turntable_attransferunit,False,poll
2026-03-20 10:04:08.552,gvl_MS,bReferenceSwitch_MS_Turntable_atconveyorbelt,False,poll
2026-03-20 10:04:08.552,gvl_MS,bLightBarrier_MS_conveyorbelt,False,poll
2026-03-20 10:04:08.552,gvl_MS,bReferenceSwitch_MS_Turntable_atsaw,False,poll
2026-03-20 10:04:08.552,gvl_MS,bReferenceSwitch_MS_TransferUnit_atturntable,True,poll
2026-03-20 10:04:08.552,gvl_MS,bReferenceSwitch_MS_OvenSlider_inside,False,poll
2026-03-20 10:04:08.552,gvl_MS,bReferenceSwitch_MS_OvenSlider_outside,True,poll
2026-03-20 10:04:08.552,gvl_MS,bReferenceSwitch_MS_TransferUnit_atoven,False,poll
2026-03-20 10:04:08.552,gvl_MS,bLightBarrier_MS_oven,True,poll
2026-03-20 10:04:08.552,gvl_MS,bMotor_MS_Turntable_clockwise,False,poll
2026-03-20 10:04:08.552,gvl_MS,bMotor_MS_Turntable_counterclockwise,False,poll
2026-03-20 10:04:08.552,gvl_MS,bMotor_MS_ConveyorBelt_forward,False,poll
2026-03-20 10:04:08.552,gvl_MS,bMotor_MS_Saw,False,poll
2026-03-20 10:04:08.552,gvl_MS,bMotor_MS_OvenSlider_movein,False,poll
2026-03-20 10:04:08.552,gvl_MS,bMotor_MS_OvenSlider_moveout,False,poll
2026-03-20 10:04:08.552,gvl_MS,bMotor_MS_TransferUnit_tooven,False,poll
2026-03-20 10:04:08.552,gvl_MS,bMotor_MS_TransferUnit_toturntable,False,poll
2026-03-20 10:04:08.552,gvl_MS,bLamp_MS,False,poll
2026-03-20 10:04:08.552,gvl_MS,bCompressor_MS,False,poll
2026-03-20 10:04:08.552,gvl_MS,bValve_MS_Vacuum,False,poll
2026-03-20 10:04:08.552,gvl_MS,bValve_MS_TransferUnit,False,poll
2026-03-20 10:04:08.552,gvl_MS,bValve_MS_OvenDoor,False,poll
2026-03-20 10:04:08.552,gvl_MS,bValve_MS_Ejector,False,poll
2026-03-20 10:04:08.552,gvl_PM,bLightBarrier_PM_entry,True,poll
2026-03-20 10:04:08.552,gvl_PM,bLightBarrier_PM_tool,True,poll
2026-03-20 10:04:08.552,gvl_PM,bReferenceSwitch_PM_top,False,poll
2026-03-20 10:04:08.552,gvl_PM,bReferenceSwitch_PM_bottom,True,poll
2026-03-20 10:04:08.552,gvl_PM,bMotor_PM_ConveyorBelt_forward,False,poll
2026-03-20 10:04:08.552,gvl_PM,bMotor_PM_ConveyorBelt_backward,False,poll
2026-03-20 10:04:08.552,gvl_PM,bMotor_PM_Tool_upward,False,poll
2026-03-20 10:04:08.552,gvl_PM,bMotor_PM_Tool_downward,False,poll
2026-03-20 10:04:08.552,gvl_SL,bPulseCounter_SL,False,poll
2026-03-20 10:04:08.552,gvl_SL,bLightBarrier_SL_beforecolor,True,poll
2026-03-20 10:04:08.552,gvl_SL,bLightBarrier_SL_aftercolor,True,poll
2026-03-20 10:04:08.552,gvl_SL,bLightBarrier_SL_white,True,poll
2026-03-20 10:04:08.552,gvl_SL,bLightBarrier_SL_red,True,poll
2026-03-20 10:04:08.552,gvl_SL,bLightBarrier_SL_blue,True,poll
2026-03-20 10:04:08.552,gvl_SL,iColorSensor_SL,0,poll
2026-03-20 10:04:08.552,gvl_SL,bMotor_SL_ConveyorBelt,False,poll
2026-03-20 10:04:08.552,gvl_SL,bCompressor_SL,False,poll
2026-03-20 10:04:08.552,gvl_SL,bValve_SL_white,False,poll
2026-03-20 10:04:08.552,gvl_SL,bValve_SL_red,False,poll
2026-03-20 10:04:08.552,gvl_SL,bValve_SL_blue,False,poll
2026-03-20 10:04:08.552,LocalVariables,iC_CoordH,35,poll
2026-03-20 10:04:08.552,LocalVariables,iC_CoordV,0,poll
2026-03-20 10:04:08.552,LocalVariables,iC_CoordR,35,poll
2026-03-20 10:04:08.552,LocalVariables,eC_PickingStation,0,poll
2026-03-20 10:04:08.552,LocalVariables,eC_PlacingStation,0,poll
2026-03-20 10:04:08.552,LocalVariables,iC_Coord_Picking,"[[1340, 170, 150, 445], [380, 800, 367, 435], [800, 301, 580, 800]]",poll
2026-03-20 10:04:08.552,LocalVariables,iC_Coord_Placing,"[[890, 870], [500, 1343], [180, 150]]",poll
2026-03-20 10:04:09.118,gvl_SL,iColorSensor_SL,1,event
2026-03-20 10:04:09.268,gvl_C,bReferenceSwitch_C_vertical,True,poll
2026-03-20 10:04:09.268,gvl_C,bReferenceSwitch_C_horizontal,False,poll
2026-03-20 10:04:09.268,gvl_C,bReferenceSwitch_C_rotate,False,poll
2026-03-20 10:04:09.268,gvl_C,bEncoderImpulse_C_vertical1,False,poll
2026-03-20 10:04:09.268,gvl_C,bEncoderImpulse_C_vertical2,True,poll
2026-03-20 10:04:09.268,gvl_C,bEncoderImpulse_C_horizontal1,False,poll
2026-03-20 10:04:09.268,gvl_C,bEncoderImpulse_C_horizontal2,True,poll
2026-03-20 10:04:09.268,gvl_C,bEncoderImpulse_C_rotate1,True,poll
2026-03-20 10:04:09.268,gvl_C,bEncoderImpulse_C_rotate2,False,poll
2026-03-20 10:04:09.268,gvl_C,bMotor_C_upward,False,poll
2026-03-20 10:04:09.268,gvl_C,bMotor_C_downward,False,poll
2026-03-20 10:04:09.268,gvl_C,bMotor_C_backward,False,poll
2026-03-20 10:04:09.268,gvl_C,bMotor_C_forward,False,poll
2026-03-20 10:04:09.268,gvl_C,bMotor_C_clockwise,False,poll
2026-03-20 10:04:09.268,gvl_C,bMotor_C_counterclockwise,False,poll
2026-03-20 10:04:09.268,gvl_C,bCompressor_C,False,poll
2026-03-20 10:04:09.268,gvl_C,bValve_C,False,poll
2026-03-20 10:04:09.311,gvl_SL,iColorSensor_SL,0,event
2026-03-20 10:04:09.268,gvl_HBW,bReferenceSwitch_HBW_horizontal,True,poll
2026-03-20 10:04:09.268,gvl_HBW,bLightBarrier_HBW_inside,True,poll
2026-03-20 10:04:09.268,gvl_HBW,bLightBarrier_HBW_outside,True,poll
2026-03-20 10:04:09.268,gvl_HBW,bReferenceSwitch_HBW_vertical,False,poll
2026-03-20 10:04:09.268,gvl_HBW,bReferenceSwitch_HBW_Cantilever_front,False,poll
2026-03-20 10:04:09.268,gvl_HBW,bReferenceSwitch_HBW_Cantilever_back,False,poll
2026-03-20 10:04:09.268,gvl_HBW,bTrailSensor_HBW_bottom,True,poll
2026-03-20 10:04:09.268,gvl_HBW,bTrailSensor_HBW_top,True,poll
2026-03-20 10:04:09.268,gvl_HBW,bEncoderImpulse_HBW_horizontal1,False,poll
2026-03-20 10:04:09.268,gvl_HBW,bEncoderImpulse_HBW_horizontal2,True,poll
2026-03-20 10:04:09.268,gvl_HBW,bEncoderImpulse_HBW_vertical1,False,poll
2026-03-20 10:04:09.268,gvl_HBW,bEncoderImpulse_HBW_vertical2,False,poll
2026-03-20 10:04:09.268,gvl_HBW,bMotor_HBW_ConveyorBelt_forward,False,poll
2026-03-20 10:04:09.268,gvl_HBW,bMotor_HBW_ConveyorBelt_backward,False,poll
2026-03-20 10:04:09.268,gvl_HBW,bMotor_HBW_StackerCrane_torack,False,poll
2026-03-20 10:04:09.268,gvl_HBW,bMotor_HBW_StackerCrane_toconveyorbelt,False,poll
2026-03-20 10:04:09.268,gvl_HBW,bMotor_HBW_StackerCrane_downward,False,poll
2026-03-20 10:04:09.268,gvl_HBW,bMotor_HBW_StackerCrane_upward,False,poll
2026-03-20 10:04:09.268,gvl_HBW,bMotor_HBW_Cantilever_forward,False,poll
2026-03-20 10:04:09.268,gvl_HBW,bMotor_HBW_Cantilever_backward,False,poll
2026-03-20 10:04:09.268,gvl_MS,bReferenceSwitch_MS_Turntable_attransferunit,False,poll
2026-03-20 10:04:09.268,gvl_MS,bReferenceSwitch_MS_Turntable_atconveyorbelt,False,poll
2026-03-20 10:04:09.268,gvl_MS,bLightBarrier_MS_conveyorbelt,False,poll
2026-03-20 10:04:09.268,gvl_MS,bReferenceSwitch_MS_Turntable_atsaw,False,poll
2026-03-20 10:04:09.268,gvl_MS,bReferenceSwitch_MS_TransferUnit_atturntable,True,poll
2026-03-20 10:04:09.268,gvl_MS,bReferenceSwitch_MS_OvenSlider_inside,False,poll
2026-03-20 10:04:09.268,gvl_MS,bReferenceSwitch_MS_OvenSlider_outside,True,poll
2026-03-20 10:04:09.268,gvl_MS,bReferenceSwitch_MS_TransferUnit_atoven,False,poll
2026-03-20 10:04:09.268,gvl_MS,bLightBarrier_MS_oven,True,poll
2026-03-20 10:04:09.268,gvl_MS,bMotor_MS_Turntable_clockwise,False,poll
2026-03-20 10:04:09.268,gvl_MS,bMotor_MS_Turntable_counterclockwise,False,poll
2026-03-20 10:04:09.268,gvl_MS,bMotor_MS_ConveyorBelt_forward,False,poll
2026-03-20 10:04:09.268,gvl_MS,bMotor_MS_Saw,False,poll
2026-03-20 10:04:09.268,gvl_MS,bMotor_MS_OvenSlider_movein,False,poll
2026-03-20 10:04:09.268,gvl_MS,bMotor_MS_OvenSlider_moveout,False,poll
2026-03-20 10:04:09.268,gvl_MS,bMotor_MS_TransferUnit_tooven,False,poll
2026-03-20 10:04:09.268,gvl_MS,bMotor_MS_TransferUnit_toturntable,False,poll
2026-03-20 10:04:09.268,gvl_MS,bLamp_MS,False,poll
2026-03-20 10:04:09.268,gvl_MS,bCompressor_MS,False,poll
2026-03-20 10:04:09.268,gvl_MS,bValve_MS_Vacuum,False,poll
2026-03-20 10:04:09.268,gvl_MS,bValve_MS_TransferUnit,False,poll
2026-03-20 10:04:09.268,gvl_MS,bValve_MS_OvenDoor,False,poll
2026-03-20 10:04:09.268,gvl_MS,bValve_MS_Ejector,False,poll
2026-03-20 10:04:09.268,gvl_PM,bLightBarrier_PM_entry,True,poll
2026-03-20 10:04:09.268,gvl_PM,bLightBarrier_PM_tool,True,poll
2026-03-20 10:04:09.268,gvl_PM,bReferenceSwitch_PM_top,False,poll
2026-03-20 10:04:09.268,gvl_PM,bReferenceSwitch_PM_bottom,True,poll
2026-03-20 10:04:09.268,gvl_PM,bMotor_PM_ConveyorBelt_forward,False,poll
2026-03-20 10:04:09.268,gvl_PM,bMotor_PM_ConveyorBelt_backward,False,poll
2026-03-20 10:04:09.268,gvl_PM,bMotor_PM_Tool_upward,False,poll
2026-03-20 10:04:09.411,gvl_SL,iColorSensor_SL,1,event
2026-03-20 10:04:09.268,gvl_PM,bMotor_PM_Tool_downward,False,poll
2026-03-20 10:04:09.268,gvl_SL,bPulseCounter_SL,False,poll
2026-03-20 10:04:09.268,gvl_SL,bLightBarrier_SL_beforecolor,True,poll
2026-03-20 10:04:09.268,gvl_SL,bLightBarrier_SL_aftercolor,True,poll
2026-03-20 10:04:09.268,gvl_SL,bLightBarrier_SL_white,True,poll
2026-03-20 10:04:09.268,gvl_SL,bLightBarrier_SL_red,True,poll
2026-03-20 10:04:09.268,gvl_SL,bLightBarrier_SL_blue,True,poll
2026-03-20 10:04:09.268,gvl_SL,iColorSensor_SL,0,poll
2026-03-20 10:04:09.268,gvl_SL,bMotor_SL_ConveyorBelt,False,poll
2026-03-20 10:04:09.268,gvl_SL,bCompressor_SL,False,poll
2026-03-20 10:04:09.268,gvl_SL,bValve_SL_white,False,poll
2026-03-20 10:04:09.268,gvl_SL,bValve_SL_red,False,poll
2026-03-20 10:04:09.268,gvl_SL,bValve_SL_blue,False,poll
2026-03-20 10:04:09.268,LocalVariables,iC_CoordH,35,poll
2026-03-20 10:04:09.268,LocalVariables,iC_CoordV,0,poll
2026-03-20 10:04:09.268,LocalVariables,iC_CoordR,35,poll
2026-03-20 10:04:09.268,LocalVariables,eC_PickingStation,0,poll
2026-03-20 10:04:09.268,LocalVariables,eC_PlacingStation,0,poll
2026-03-20 10:04:09.268,LocalVariables,iC_Coord_Picking,"[[1340, 170, 150, 445], [380, 800, 367, 435], [800, 301, 580, 800]]",poll
2026-03-20 10:04:09.268,LocalVariables,iC_Coord_Placing,"[[890, 870], [500, 1343], [180, 150]]",poll
2026-03-20 10:04:09.611,gvl_SL,iColorSensor_SL,0,event
2026-03-20 10:04:09.952,gvl_C,bReferenceSwitch_C_vertical,True,poll
2026-03-20 10:04:09.952,gvl_C,bReferenceSwitch_C_horizontal,False,poll
2026-03-20 10:04:09.952,gvl_C,bReferenceSwitch_C_rotate,False,poll
2026-03-20 10:04:09.952,gvl_C,bEncoderImpulse_C_vertical1,False,poll
2026-03-20 10:04:09.952,gvl_C,bEncoderImpulse_C_vertical2,True,poll
2026-03-20 10:04:09.952,gvl_C,bEncoderImpulse_C_horizontal1,False,poll
2026-03-20 10:04:09.952,gvl_C,bEncoderImpulse_C_horizontal2,True,poll
2026-03-20 10:04:09.952,gvl_C,bEncoderImpulse_C_rotate1,True,poll
2026-03-20 10:04:09.952,gvl_C,bEncoderImpulse_C_rotate2,False,poll
2026-03-20 10:04:09.952,gvl_C,bMotor_C_upward,False,poll
2026-03-20 10:04:09.952,gvl_C,bMotor_C_downward,False,poll
2026-03-20 10:04:09.952,gvl_C,bMotor_C_backward,False,poll
2026-03-20 10:04:09.952,gvl_C,bMotor_C_forward,False,poll
2026-03-20 10:04:09.952,gvl_C,bMotor_C_clockwise,False,poll
2026-03-20 10:04:09.952,gvl_C,bMotor_C_counterclockwise,False,poll
2026-03-20 10:04:09.952,gvl_C,bCompressor_C,False,poll
2026-03-20 10:04:09.952,gvl_C,bValve_C,False,poll
2026-03-20 10:04:09.952,gvl_HBW,bReferenceSwitch_HBW_horizontal,True,poll
2026-03-20 10:04:09.952,gvl_HBW,bLightBarrier_HBW_inside,True,poll
2026-03-20 10:04:09.952,gvl_HBW,bLightBarrier_HBW_outside,True,poll
2026-03-20 10:04:09.952,gvl_HBW,bReferenceSwitch_HBW_vertical,False,poll
2026-03-20 10:04:09.952,gvl_HBW,bReferenceSwitch_HBW_Cantilever_front,False,poll
2026-03-20 10:04:09.952,gvl_HBW,bReferenceSwitch_HBW_Cantilever_back,False,poll
2026-03-20 10:04:09.952,gvl_HBW,bTrailSensor_HBW_bottom,True,poll
2026-03-20 10:04:09.952,gvl_HBW,bTrailSensor_HBW_top,True,poll
2026-03-20 10:04:09.952,gvl_HBW,bEncoderImpulse_HBW_horizontal1,False,poll
2026-03-20 10:04:09.952,gvl_HBW,bEncoderImpulse_HBW_horizontal2,True,poll
2026-03-20 10:04:09.952,gvl_HBW,bEncoderImpulse_HBW_vertical1,False,poll
2026-03-20 10:04:09.952,gvl_HBW,bEncoderImpulse_HBW_vertical2,False,poll
2026-03-20 10:04:09.952,gvl_HBW,bMotor_HBW_ConveyorBelt_forward,False,poll
2026-03-20 10:04:09.952,gvl_HBW,bMotor_HBW_ConveyorBelt_backward,False,poll
2026-03-20 10:04:09.952,gvl_HBW,bMotor_HBW_StackerCrane_torack,False,poll
2026-03-20 10:04:09.952,gvl_HBW,bMotor_HBW_StackerCrane_toconveyorbelt,False,poll
2026-03-20 10:04:09.952,gvl_HBW,bMotor_HBW_StackerCrane_downward,False,poll
2026-03-20 10:04:09.952,gvl_HBW,bMotor_HBW_StackerCrane_upward,False,poll
2026-03-20 10:04:09.952,gvl_HBW,bMotor_HBW_Cantilever_forward,False,poll
2026-03-20 10:04:09.952,gvl_HBW,bMotor_HBW_Cantilever_backward,False,poll
2026-03-20 10:04:09.952,gvl_MS,bReferenceSwitch_MS_Turntable_attransferunit,False,poll
2026-03-20 10:04:09.952,gvl_MS,bReferenceSwitch_MS_Turntable_atconveyorbelt,False,poll
2026-03-20 10:04:09.952,gvl_MS,bLightBarrier_MS_conveyorbelt,False,poll
2026-03-20 10:04:09.952,gvl_MS,bReferenceSwitch_MS_Turntable_atsaw,False,poll
2026-03-20 10:04:09.952,gvl_MS,bReferenceSwitch_MS_TransferUnit_atturntable,True,poll
2026-03-20 10:04:09.952,gvl_MS,bReferenceSwitch_MS_OvenSlider_inside,False,poll
2026-03-20 10:04:09.952,gvl_MS,bReferenceSwitch_MS_OvenSlider_outside,True,poll
2026-03-20 10:04:09.952,gvl_MS,bReferenceSwitch_MS_TransferUnit_atoven,False,poll
2026-03-20 10:04:09.952,gvl_MS,bLightBarrier_MS_oven,True,poll
2026-03-20 10:04:09.952,gvl_MS,bMotor_MS_Turntable_clockwise,False,poll
2026-03-20 10:04:09.952,gvl_MS,bMotor_MS_Turntable_counterclockwise,False,poll
2026-03-20 10:04:09.952,gvl_MS,bMotor_MS_ConveyorBelt_forward,False,poll
2026-03-20 10:04:09.952,gvl_MS,bMotor_MS_Saw,False,poll
2026-03-20 10:04:09.952,gvl_MS,bMotor_MS_OvenSlider_movein,False,poll
2026-03-20 10:04:09.952,gvl_MS,bMotor_MS_OvenSlider_moveout,False,poll
2026-03-20 10:04:09.952,gvl_MS,bMotor_MS_TransferUnit_tooven,False,poll
2026-03-20 10:04:09.952,gvl_MS,bMotor_MS_TransferUnit_toturntable,False,poll
2026-03-20 10:04:09.952,gvl_MS,bLamp_MS,False,poll
2026-03-20 10:04:09.952,gvl_MS,bCompressor_MS,False,poll
2026-03-20 10:04:09.952,gvl_MS,bValve_MS_Vacuum,False,poll
2026-03-20 10:04:09.952,gvl_MS,bValve_MS_TransferUnit,False,poll
2026-03-20 10:04:09.952,gvl_MS,bValve_MS_OvenDoor,False,poll
2026-03-20 10:04:09.952,gvl_MS,bValve_MS_Ejector,False,poll
2026-03-20 10:04:09.952,gvl_PM,bLightBarrier_PM_entry,True,poll
2026-03-20 10:04:09.952,gvl_PM,bLightBarrier_PM_tool,True,poll
2026-03-20 10:04:09.952,gvl_PM,bReferenceSwitch_PM_top,False,poll
2026-03-20 10:04:09.952,gvl_PM,bReferenceSwitch_PM_bottom,True,poll
2026-03-20 10:04:09.952,gvl_PM,bMotor_PM_ConveyorBelt_forward,False,poll
2026-03-20 10:04:09.952,gvl_PM,bMotor_PM_ConveyorBelt_backward,False,poll
2026-03-20 10:04:09.952,gvl_PM,bMotor_PM_Tool_upward,False,poll
2026-03-20 10:04:09.952,gvl_PM,bMotor_PM_Tool_downward,False,poll
2026-03-20 10:04:09.952,gvl_SL,bPulseCounter_SL,False,poll
2026-03-20 10:04:09.952,gvl_SL,bLightBarrier_SL_beforecolor,True,poll
2026-03-20 10:04:09.952,gvl_SL,bLightBarrier_SL_aftercolor,True,poll
2026-03-20 10:04:09.952,gvl_SL,bLightBarrier_SL_white,True,poll
2026-03-20 10:04:09.952,gvl_SL,bLightBarrier_SL_red,True,poll
2026-03-20 10:04:09.952,gvl_SL,bLightBarrier_SL_blue,True,poll
2026-03-20 10:04:09.952,gvl_SL,iColorSensor_SL,0,poll
2026-03-20 10:04:09.952,gvl_SL,bMotor_SL_ConveyorBelt,False,poll
2026-03-20 10:04:10.111,gvl_SL,iColorSensor_SL,1,event
2026-03-20 10:04:09.952,gvl_SL,bCompressor_SL,False,poll
2026-03-20 10:04:09.952,gvl_SL,bValve_SL_white,False,poll
2026-03-20 10:04:09.952,gvl_SL,bValve_SL_red,False,poll
2026-03-20 10:04:09.952,gvl_SL,bValve_SL_blue,False,poll
2026-03-20 10:04:09.952,LocalVariables,iC_CoordH,35,poll
2026-03-20 10:04:09.952,LocalVariables,iC_CoordV,0,poll
2026-03-20 10:04:09.952,LocalVariables,iC_CoordR,35,poll
2026-03-20 10:04:09.952,LocalVariables,eC_PickingStation,0,poll
2026-03-20 10:04:09.952,LocalVariables,eC_PlacingStation,0,poll
2026-03-20 10:04:09.952,LocalVariables,iC_Coord_Picking,"[[1340, 170, 150, 445], [380, 800, 367, 435], [800, 301, 580, 800]]",poll
2026-03-20 10:04:09.952,LocalVariables,iC_Coord_Placing,"[[890, 870], [500, 1343], [180, 150]]",poll
2026-03-20 10:04:10.311,gvl_SL,iColorSensor_SL,0,event
2026-03-20 10:04:10.638,gvl_C,bReferenceSwitch_C_vertical,True,poll
2026-03-20 10:04:10.638,gvl_C,bReferenceSwitch_C_horizontal,False,poll
2026-03-20 10:04:10.638,gvl_C,bReferenceSwitch_C_rotate,False,poll
2026-03-20 10:04:10.638,gvl_C,bEncoderImpulse_C_vertical1,False,poll
2026-03-20 10:04:10.638,gvl_C,bEncoderImpulse_C_vertical2,True,poll
2026-03-20 10:04:10.638,gvl_C,bEncoderImpulse_C_horizontal1,False,poll
2026-03-20 10:04:10.638,gvl_C,bEncoderImpulse_C_horizontal2,True,poll
2026-03-20 10:04:10.638,gvl_C,bEncoderImpulse_C_rotate1,True,poll
2026-03-20 10:04:10.638,gvl_C,bEncoderImpulse_C_rotate2,False,poll
2026-03-20 10:04:10.638,gvl_C,bMotor_C_upward,False,poll
2026-03-20 10:04:10.638,gvl_C,bMotor_C_downward,False,poll
2026-03-20 10:04:10.638,gvl_C,bMotor_C_backward,False,poll
2026-03-20 10:04:10.638,gvl_C,bMotor_C_forward,False,poll
2026-03-20 10:04:10.638,gvl_C,bMotor_C_clockwise,False,poll
2026-03-20 10:04:10.638,gvl_C,bMotor_C_counterclockwise,False,poll
2026-03-20 10:04:10.638,gvl_C,bCompressor_C,False,poll
2026-03-20 10:04:10.638,gvl_C,bValve_C,False,poll
2026-03-20 10:04:10.638,gvl_HBW,bReferenceSwitch_HBW_horizontal,True,poll
2026-03-20 10:04:10.638,gvl_HBW,bLightBarrier_HBW_inside,True,poll
2026-03-20 10:04:10.638,gvl_HBW,bLightBarrier_HBW_outside,True,poll
2026-03-20 10:04:10.638,gvl_HBW,bReferenceSwitch_HBW_vertical,False,poll
2026-03-20 10:04:10.638,gvl_HBW,bReferenceSwitch_HBW_Cantilever_front,False,poll
2026-03-20 10:04:10.638,gvl_HBW,bReferenceSwitch_HBW_Cantilever_back,False,poll
2026-03-20 10:04:10.638,gvl_HBW,bTrailSensor_HBW_bottom,True,poll
2026-03-20 10:04:10.638,gvl_HBW,bTrailSensor_HBW_top,True,poll
2026-03-20 10:04:10.638,gvl_HBW,bEncoderImpulse_HBW_horizontal1,False,poll
2026-03-20 10:04:10.638,gvl_HBW,bEncoderImpulse_HBW_horizontal2,True,poll
2026-03-20 10:04:10.638,gvl_HBW,bEncoderImpulse_HBW_vertical1,False,poll
2026-03-20 10:04:10.638,gvl_HBW,bEncoderImpulse_HBW_vertical2,False,poll
2026-03-20 10:04:10.638,gvl_HBW,bMotor_HBW_ConveyorBelt_forward,False,poll
2026-03-20 10:04:10.638,gvl_HBW,bMotor_HBW_ConveyorBelt_backward,False,poll
2026-03-20 10:04:10.638,gvl_HBW,bMotor_HBW_StackerCrane_torack,False,poll
2026-03-20 10:04:10.638,gvl_HBW,bMotor_HBW_StackerCrane_toconveyorbelt,False,poll
2026-03-20 10:04:10.638,gvl_HBW,bMotor_HBW_StackerCrane_downward,False,poll
2026-03-20 10:04:10.638,gvl_HBW,bMotor_HBW_StackerCrane_upward,False,poll
2026-03-20 10:04:10.638,gvl_HBW,bMotor_HBW_Cantilever_forward,False,poll
2026-03-20 10:04:10.638,gvl_HBW,bMotor_HBW_Cantilever_backward,False,poll
2026-03-20 10:04:10.638,gvl_MS,bReferenceSwitch_MS_Turntable_attransferunit,False,poll
2026-03-20 10:04:10.638,gvl_MS,bReferenceSwitch_MS_Turntable_atconveyorbelt,False,poll
2026-03-20 10:04:10.638,gvl_MS,bLightBarrier_MS_conveyorbelt,False,poll
2026-03-20 10:04:10.638,gvl_MS,bReferenceSwitch_MS_Turntable_atsaw,False,poll
2026-03-20 10:04:10.638,gvl_MS,bReferenceSwitch_MS_TransferUnit_atturntable,True,poll
2026-03-20 10:04:10.638,gvl_MS,bReferenceSwitch_MS_OvenSlider_inside,False,poll
2026-03-20 10:04:10.638,gvl_MS,bReferenceSwitch_MS_OvenSlider_outside,True,poll
2026-03-20 10:04:10.638,gvl_MS,bReferenceSwitch_MS_TransferUnit_atoven,False,poll
2026-03-20 10:04:10.638,gvl_MS,bLightBarrier_MS_oven,True,poll
2026-03-20 10:04:10.638,gvl_MS,bMotor_MS_Turntable_clockwise,False,poll
2026-03-20 10:04:10.638,gvl_MS,bMotor_MS_Turntable_counterclockwise,False,poll
2026-03-20 10:04:10.638,gvl_MS,bMotor_MS_ConveyorBelt_forward,False,poll
2026-03-20 10:04:10.638,gvl_MS,bMotor_MS_Saw,False,poll
2026-03-20 10:04:10.638,gvl_MS,bMotor_MS_OvenSlider_movein,False,poll
2026-03-20 10:04:10.638,gvl_MS,bMotor_MS_OvenSlider_moveout,False,poll
2026-03-20 10:04:10.638,gvl_MS,bMotor_MS_TransferUnit_tooven,False,poll
2026-03-20 10:04:10.638,gvl_MS,bMotor_MS_TransferUnit_toturntable,False,poll
2026-03-20 10:04:10.638,gvl_MS,bLamp_MS,False,poll
2026-03-20 10:04:10.638,gvl_MS,bCompressor_MS,False,poll
2026-03-20 10:04:10.638,gvl_MS,bValve_MS_Vacuum,False,poll
2026-03-20 10:04:10.638,gvl_MS,bValve_MS_TransferUnit,False,poll
2026-03-20 10:04:10.638,gvl_MS,bValve_MS_OvenDoor,False,poll
2026-03-20 10:04:10.638,gvl_MS,bValve_MS_Ejector,False,poll
2026-03-20 10:04:10.638,gvl_PM,bLightBarrier_PM_entry,True,poll
2026-03-20 10:04:10.638,gvl_PM,bLightBarrier_PM_tool,True,poll
2026-03-20 10:04:10.638,gvl_PM,bReferenceSwitch_PM_top,False,poll
2026-03-20 10:04:10.638,gvl_PM,bReferenceSwitch_PM_bottom,True,poll
2026-03-20 10:04:10.638,gvl_PM,bMotor_PM_ConveyorBelt_forward,False,poll
2026-03-20 10:04:10.638,gvl_PM,bMotor_PM_ConveyorBelt_backward,False,poll
2026-03-20 10:04:10.638,gvl_PM,bMotor_PM_Tool_upward,False,poll
2026-03-20 10:04:10.638,gvl_PM,bMotor_PM_Tool_downward,False,poll
2026-03-20 10:04:10.638,gvl_SL,bPulseCounter_SL,False,poll
2026-03-20 10:04:10.638,gvl_SL,bLightBarrier_SL_beforecolor,True,poll
2026-03-20 10:04:10.638,gvl_SL,bLightBarrier_SL_aftercolor,True,poll
2026-03-20 10:04:10.638,gvl_SL,bLightBarrier_SL_white,True,poll
2026-03-20 10:04:10.638,gvl_SL,bLightBarrier_SL_red,True,poll
2026-03-20 10:04:10.638,gvl_SL,bLightBarrier_SL_blue,True,poll
2026-03-20 10:04:10.638,gvl_SL,iColorSensor_SL,1,poll
2026-03-20 10:04:10.638,gvl_SL,bMotor_SL_ConveyorBelt,False,poll
2026-03-20 10:04:10.638,gvl_SL,bCompressor_SL,False,poll
2026-03-20 10:04:10.638,gvl_SL,bValve_SL_white,False,poll
2026-03-20 10:04:10.638,gvl_SL,bValve_SL_red,False,poll
2026-03-20 10:04:10.638,gvl_SL,bValve_SL_blue,False,poll
2026-03-20 10:04:10.638,LocalVariables,iC_CoordH,35,poll
2026-03-20 10:04:10.638,LocalVariables,iC_CoordV,0,poll
2026-03-20 10:04:10.638,LocalVariables,iC_CoordR,35,poll
2026-03-20 10:04:10.638,LocalVariables,eC_PickingStation,0,poll
2026-03-20 10:04:10.638,LocalVariables,eC_PlacingStation,0,poll
2026-03-20 10:04:10.638,LocalVariables,iC_Coord_Picking,"[[1340, 170, 150, 445], [380, 800, 367, 435], [800, 301, 580, 800]]",poll
2026-03-20 10:04:10.638,LocalVariables,iC_Coord_Placing,"[[890, 870], [500, 1343], [180, 150]]",poll
2026-03-20 10:04:10.911,gvl_SL,iColorSensor_SL,1,event
2026-03-20 10:04:11.012,gvl_SL,iColorSensor_SL,0,event
2026-03-20 10:04:11.317,gvl_SL,iColorSensor_SL,1,event
2026-03-20 10:04:11.317,gvl_C,bReferenceSwitch_C_vertical,True,poll
2026-03-20 10:04:11.317,gvl_C,bReferenceSwitch_C_horizontal,False,poll
2026-03-20 10:04:11.317,gvl_C,bReferenceSwitch_C_rotate,False,poll
2026-03-20 10:04:11.317,gvl_C,bEncoderImpulse_C_vertical1,False,poll
2026-03-20 10:04:11.317,gvl_C,bEncoderImpulse_C_vertical2,True,poll
2026-03-20 10:04:11.317,gvl_C,bEncoderImpulse_C_horizontal1,False,poll
2026-03-20 10:04:11.317,gvl_C,bEncoderImpulse_C_horizontal2,True,poll
2026-03-20 10:04:11.317,gvl_C,bEncoderImpulse_C_rotate1,True,poll
2026-03-20 10:04:11.317,gvl_C,bEncoderImpulse_C_rotate2,False,poll
2026-03-20 10:04:11.317,gvl_C,bMotor_C_upward,False,poll
2026-03-20 10:04:11.317,gvl_C,bMotor_C_downward,False,poll
2026-03-20 10:04:11.317,gvl_C,bMotor_C_backward,False,poll
2026-03-20 10:04:11.317,gvl_C,bMotor_C_forward,False,poll
2026-03-20 10:04:11.317,gvl_C,bMotor_C_clockwise,False,poll
2026-03-20 10:04:11.317,gvl_C,bMotor_C_counterclockwise,False,poll
2026-03-20 10:04:11.317,gvl_C,bCompressor_C,False,poll
2026-03-20 10:04:11.317,gvl_C,bValve_C,False,poll
2026-03-20 10:04:11.317,gvl_HBW,bReferenceSwitch_HBW_horizontal,True,poll
2026-03-20 10:04:11.317,gvl_HBW,bLightBarrier_HBW_inside,True,poll
2026-03-20 10:04:11.317,gvl_HBW,bLightBarrier_HBW_outside,True,poll
2026-03-20 10:04:11.317,gvl_HBW,bReferenceSwitch_HBW_vertical,False,poll
2026-03-20 10:04:11.317,gvl_HBW,bReferenceSwitch_HBW_Cantilever_front,False,poll
2026-03-20 10:04:11.317,gvl_HBW,bReferenceSwitch_HBW_Cantilever_back,False,poll
2026-03-20 10:04:11.317,gvl_HBW,bTrailSensor_HBW_bottom,True,poll
2026-03-20 10:04:11.317,gvl_HBW,bTrailSensor_HBW_top,True,poll
2026-03-20 10:04:11.317,gvl_HBW,bEncoderImpulse_HBW_horizontal1,False,poll
2026-03-20 10:04:11.317,gvl_HBW,bEncoderImpulse_HBW_horizontal2,True,poll
2026-03-20 10:04:11.317,gvl_HBW,bEncoderImpulse_HBW_vertical1,False,poll
2026-03-20 10:04:11.317,gvl_HBW,bEncoderImpulse_HBW_vertical2,False,poll
2026-03-20 10:04:11.317,gvl_HBW,bMotor_HBW_ConveyorBelt_forward,False,poll
2026-03-20 10:04:11.317,gvl_HBW,bMotor_HBW_ConveyorBelt_backward,False,poll
2026-03-20 10:04:11.317,gvl_HBW,bMotor_HBW_StackerCrane_torack,False,poll
2026-03-20 10:04:11.317,gvl_HBW,bMotor_HBW_StackerCrane_toconveyorbelt,False,poll
2026-03-20 10:04:11.317,gvl_HBW,bMotor_HBW_StackerCrane_downward,False,poll
2026-03-20 10:04:11.317,gvl_HBW,bMotor_HBW_StackerCrane_upward,False,poll
2026-03-20 10:04:11.317,gvl_HBW,bMotor_HBW_Cantilever_forward,False,poll
2026-03-20 10:04:11.317,gvl_HBW,bMotor_HBW_Cantilever_backward,False,poll
2026-03-20 10:04:11.317,gvl_MS,bReferenceSwitch_MS_Turntable_attransferunit,False,poll
2026-03-20 10:04:11.317,gvl_MS,bReferenceSwitch_MS_Turntable_atconveyorbelt,False,poll
2026-03-20 10:04:11.317,gvl_MS,bLightBarrier_MS_conveyorbelt,False,poll
2026-03-20 10:04:11.317,gvl_MS,bReferenceSwitch_MS_Turntable_atsaw,False,poll
2026-03-20 10:04:11.317,gvl_MS,bReferenceSwitch_MS_TransferUnit_atturntable,True,poll
2026-03-20 10:04:11.317,gvl_MS,bReferenceSwitch_MS_OvenSlider_inside,False,poll
2026-03-20 10:04:11.317,gvl_MS,bReferenceSwitch_MS_OvenSlider_outside,True,poll
2026-03-20 10:04:11.317,gvl_MS,bReferenceSwitch_MS_TransferUnit_atoven,False,poll
2026-03-20 10:04:11.317,gvl_MS,bLightBarrier_MS_oven,True,poll
2026-03-20 10:04:11.317,gvl_MS,bMotor_MS_Turntable_clockwise,False,poll
2026-03-20 10:04:11.317,gvl_MS,bMotor_MS_Turntable_counterclockwise,False,poll
2026-03-20 10:04:11.317,gvl_MS,bMotor_MS_ConveyorBelt_forward,False,poll
2026-03-20 10:04:11.317,gvl_MS,bMotor_MS_Saw,False,poll
2026-03-20 10:04:11.317,gvl_MS,bMotor_MS_OvenSlider_movein,False,poll
2026-03-20 10:04:11.317,gvl_MS,bMotor_MS_OvenSlider_moveout,False,poll
2026-03-20 10:04:11.317,gvl_MS,bMotor_MS_TransferUnit_tooven,False,poll
2026-03-20 10:04:11.317,gvl_MS,bMotor_MS_TransferUnit_toturntable,False,poll
2026-03-20 10:04:11.317,gvl_MS,bLamp_MS,False,poll
2026-03-20 10:04:11.317,gvl_MS,bCompressor_MS,False,poll
2026-03-20 10:04:11.317,gvl_MS,bValve_MS_Vacuum,False,poll
2026-03-20 10:04:11.317,gvl_MS,bValve_MS_TransferUnit,False,poll
2026-03-20 10:04:11.317,gvl_MS,bValve_MS_OvenDoor,False,poll
2026-03-20 10:04:11.317,gvl_MS,bValve_MS_Ejector,False,poll
2026-03-20 10:04:11.317,gvl_PM,bLightBarrier_PM_entry,True,poll
2026-03-20 10:04:11.317,gvl_PM,bLightBarrier_PM_tool,True,poll
2026-03-20 10:04:11.317,gvl_PM,bReferenceSwitch_PM_top,False,poll
2026-03-20 10:04:11.317,gvl_PM,bReferenceSwitch_PM_bottom,True,poll
2026-03-20 10:04:11.317,gvl_PM,bMotor_PM_ConveyorBelt_forward,False,poll
2026-03-20 10:04:11.317,gvl_PM,bMotor_PM_ConveyorBelt_backward,False,poll
2026-03-20 10:04:11.317,gvl_PM,bMotor_PM_Tool_upward,False,poll
2026-03-20 10:04:11.317,gvl_PM,bMotor_PM_Tool_downward,False,poll
2026-03-20 10:04:11.317,gvl_SL,bPulseCounter_SL,False,poll
2026-03-20 10:04:11.317,gvl_SL,bLightBarrier_SL_beforecolor,True,poll
2026-03-20 10:04:11.317,gvl_SL,bLightBarrier_SL_aftercolor,True,poll
2026-03-20 10:04:11.317,gvl_SL,bLightBarrier_SL_white,True,poll
2026-03-20 10:04:11.317,gvl_SL,bLightBarrier_SL_red,True,poll
2026-03-20 10:04:11.317,gvl_SL,bLightBarrier_SL_blue,True,poll
2026-03-20 10:04:11.317,gvl_SL,iColorSensor_SL,0,poll
2026-03-20 10:04:11.317,gvl_SL,bMotor_SL_ConveyorBelt,False,poll
2026-03-20 10:04:11.317,gvl_SL,bCompressor_SL,False,poll
2026-03-20 10:04:11.513,gvl_SL,iColorSensor_SL,0,event
2026-03-20 10:04:11.317,gvl_SL,bValve_SL_white,False,poll
2026-03-20 10:04:11.317,gvl_SL,bValve_SL_red,False,poll
2026-03-20 10:04:11.317,gvl_SL,bValve_SL_blue,False,poll
2026-03-20 10:04:11.317,LocalVariables,iC_CoordH,35,poll
2026-03-20 10:04:11.317,LocalVariables,iC_CoordV,0,poll
2026-03-20 10:04:11.317,LocalVariables,iC_CoordR,35,poll
2026-03-20 10:04:11.317,LocalVariables,eC_PickingStation,0,poll
2026-03-20 10:04:11.317,LocalVariables,eC_PlacingStation,0,poll
2026-03-20 10:04:11.317,LocalVariables,iC_Coord_Picking,"[[1340, 170, 150, 445], [380, 800, 367, 435], [800, 301, 580, 800]]",poll
2026-03-20 10:04:11.317,LocalVariables,iC_Coord_Placing,"[[890, 870], [500, 1343], [180, 150]]",poll
2026-03-20 10:04:12.036,gvl_C,bReferenceSwitch_C_vertical,True,poll
2026-03-20 10:04:12.036,gvl_C,bReferenceSwitch_C_horizontal,False,poll
2026-03-20 10:04:12.036,gvl_C,bReferenceSwitch_C_rotate,False,poll
2026-03-20 10:04:12.036,gvl_C,bEncoderImpulse_C_vertical1,False,poll
2026-03-20 10:04:12.036,gvl_C,bEncoderImpulse_C_vertical2,True,poll
2026-03-20 10:04:12.036,gvl_C,bEncoderImpulse_C_horizontal1,False,poll
2026-03-20 10:04:12.036,gvl_C,bEncoderImpulse_C_horizontal2,True,poll
2026-03-20 10:04:12.036,gvl_C,bEncoderImpulse_C_rotate1,True,poll
2026-03-20 10:04:12.036,gvl_C,bEncoderImpulse_C_rotate2,False,poll
2026-03-20 10:04:12.036,gvl_C,bMotor_C_upward,False,poll
2026-03-20 10:04:12.036,gvl_C,bMotor_C_downward,False,poll
2026-03-20 10:04:12.036,gvl_C,bMotor_C_backward,False,poll
2026-03-20 10:04:12.036,gvl_C,bMotor_C_forward,False,poll
2026-03-20 10:04:12.036,gvl_C,bMotor_C_clockwise,False,poll
2026-03-20 10:04:12.036,gvl_C,bMotor_C_counterclockwise,False,poll
2026-03-20 10:04:12.036,gvl_C,bCompressor_C,False,poll
2026-03-20 10:04:12.036,gvl_C,bValve_C,False,poll
2026-03-20 10:04:12.036,gvl_HBW,bReferenceSwitch_HBW_horizontal,True,poll
2026-03-20 10:04:12.036,gvl_HBW,bLightBarrier_HBW_inside,True,poll
2026-03-20 10:04:12.036,gvl_HBW,bLightBarrier_HBW_outside,True,poll
2026-03-20 10:04:12.036,gvl_HBW,bReferenceSwitch_HBW_vertical,False,poll
2026-03-20 10:04:12.036,gvl_HBW,bReferenceSwitch_HBW_Cantilever_front,False,poll
2026-03-20 10:04:12.036,gvl_HBW,bReferenceSwitch_HBW_Cantilever_back,False,poll
2026-03-20 10:04:12.036,gvl_HBW,bTrailSensor_HBW_bottom,True,poll
2026-03-20 10:04:12.036,gvl_HBW,bTrailSensor_HBW_top,True,poll
2026-03-20 10:04:12.036,gvl_HBW,bEncoderImpulse_HBW_horizontal1,False,poll
2026-03-20 10:04:12.036,gvl_HBW,bEncoderImpulse_HBW_horizontal2,True,poll
2026-03-20 10:04:12.036,gvl_HBW,bEncoderImpulse_HBW_vertical1,False,poll
2026-03-20 10:04:12.036,gvl_HBW,bEncoderImpulse_HBW_vertical2,False,poll
2026-03-20 10:04:12.036,gvl_HBW,bMotor_HBW_ConveyorBelt_forward,False,poll
2026-03-20 10:04:12.036,gvl_HBW,bMotor_HBW_ConveyorBelt_backward,False,poll
2026-03-20 10:04:12.036,gvl_HBW,bMotor_HBW_StackerCrane_torack,False,poll
2026-03-20 10:04:12.036,gvl_HBW,bMotor_HBW_StackerCrane_toconveyorbelt,False,poll
2026-03-20 10:04:12.036,gvl_HBW,bMotor_HBW_StackerCrane_downward,False,poll
2026-03-20 10:04:12.036,gvl_HBW,bMotor_HBW_StackerCrane_upward,False,poll
2026-03-20 10:04:12.036,gvl_HBW,bMotor_HBW_Cantilever_forward,False,poll
2026-03-20 10:04:12.036,gvl_HBW,bMotor_HBW_Cantilever_backward,False,poll
2026-03-20 10:04:12.036,gvl_MS,bReferenceSwitch_MS_Turntable_attransferunit,False,poll
2026-03-20 10:04:12.036,gvl_MS,bReferenceSwitch_MS_Turntable_atconveyorbelt,False,poll
2026-03-20 10:04:12.036,gvl_MS,bLightBarrier_MS_conveyorbelt,False,poll
2026-03-20 10:04:12.036,gvl_MS,bReferenceSwitch_MS_Turntable_atsaw,False,poll
2026-03-20 10:04:12.036,gvl_MS,bReferenceSwitch_MS_TransferUnit_atturntable,True,poll
2026-03-20 10:04:12.036,gvl_MS,bReferenceSwitch_MS_OvenSlider_inside,False,poll
2026-03-20 10:04:12.036,gvl_MS,bReferenceSwitch_MS_OvenSlider_outside,True,poll
2026-03-20 10:04:12.036,gvl_MS,bReferenceSwitch_MS_TransferUnit_atoven,False,poll
2026-03-20 10:04:12.036,gvl_MS,bLightBarrier_MS_oven,True,poll
2026-03-20 10:04:12.036,gvl_MS,bMotor_MS_Turntable_clockwise,False,poll
2026-03-20 10:04:12.036,gvl_MS,bMotor_MS_Turntable_counterclockwise,False,poll
2026-03-20 10:04:12.036,gvl_MS,bMotor_MS_ConveyorBelt_forward,False,poll
2026-03-20 10:04:12.036,gvl_MS,bMotor_MS_Saw,False,poll
2026-03-20 10:04:12.036,gvl_MS,bMotor_MS_OvenSlider_movein,False,poll
2026-03-20 10:04:12.036,gvl_MS,bMotor_MS_OvenSlider_moveout,False,poll
2026-03-20 10:04:12.036,gvl_MS,bMotor_MS_TransferUnit_tooven,False,poll
2026-03-20 10:04:12.036,gvl_MS,bMotor_MS_TransferUnit_toturntable,False,poll
2026-03-20 10:04:12.036,gvl_MS,bLamp_MS,False,poll
2026-03-20 10:04:12.036,gvl_MS,bCompressor_MS,False,poll
2026-03-20 10:04:12.036,gvl_MS,bValve_MS_Vacuum,False,poll
2026-03-20 10:04:12.036,gvl_MS,bValve_MS_TransferUnit,False,poll
2026-03-20 10:04:12.036,gvl_MS,bValve_MS_OvenDoor,False,poll
2026-03-20 10:04:12.036,gvl_MS,bValve_MS_Ejector,False,poll
2026-03-20 10:04:12.036,gvl_PM,bLightBarrier_PM_entry,True,poll
2026-03-20 10:04:12.036,gvl_PM,bLightBarrier_PM_tool,True,poll
2026-03-20 10:04:12.036,gvl_PM,bReferenceSwitch_PM_top,False,poll
2026-03-20 10:04:12.036,gvl_PM,bReferenceSwitch_PM_bottom,True,poll
2026-03-20 10:04:12.036,gvl_PM,bMotor_PM_ConveyorBelt_forward,False,poll
2026-03-20 10:04:12.036,gvl_PM,bMotor_PM_ConveyorBelt_backward,False,poll
2026-03-20 10:04:12.036,gvl_PM,bMotor_PM_Tool_upward,False,poll
2026-03-20 10:04:12.036,gvl_PM,bMotor_PM_Tool_downward,False,poll
2026-03-20 10:04:12.036,gvl_SL,bPulseCounter_SL,False,poll
2026-03-20 10:04:12.036,gvl_SL,bLightBarrier_SL_beforecolor,True,poll
2026-03-20 10:04:12.036,gvl_SL,bLightBarrier_SL_aftercolor,True,poll
2026-03-20 10:04:12.036,gvl_SL,bLightBarrier_SL_white,True,poll
2026-03-20 10:04:12.036,gvl_SL,bLightBarrier_SL_red,True,poll
2026-03-20 10:04:12.036,gvl_SL,bLightBarrier_SL_blue,True,poll
2026-03-20 10:04:12.036,gvl_SL,iColorSensor_SL,0,poll
2026-03-20 10:04:12.036,gvl_SL,bMotor_SL_ConveyorBelt,False,poll
2026-03-20 10:04:12.036,gvl_SL,bCompressor_SL,False,poll
2026-03-20 10:04:12.036,gvl_SL,bValve_SL_white,False,poll
2026-03-20 10:04:12.036,gvl_SL,bValve_SL_red,False,poll
2026-03-20 10:04:12.036,gvl_SL,bValve_SL_blue,False,poll
2026-03-20 10:04:12.036,LocalVariables,iC_CoordH,35,poll
2026-03-20 10:04:12.036,LocalVariables,iC_CoordV,0,poll
2026-03-20 10:04:12.036,LocalVariables,iC_CoordR,35,poll
2026-03-20 10:04:12.036,LocalVariables,eC_PickingStation,0,poll
2026-03-20 10:04:12.036,LocalVariables,eC_PlacingStation,0,poll
2026-03-20 10:04:12.036,LocalVariables,iC_Coord_Picking,"[[1340, 170, 150, 445], [380, 800, 367, 435], [800, 301, 580, 800]]",poll
2026-03-20 10:04:12.036,LocalVariables,iC_Coord_Placing,"[[890, 870], [500, 1343], [180, 150]]",poll
2026-03-20 10:04:12.618,gvl_SL,iColorSensor_SL,1,event
2026-03-20 10:04:12.713,gvl_SL,iColorSensor_SL,0,event
2026-03-20 10:04:12.799,gvl_C,bReferenceSwitch_C_vertical,True,poll
2026-03-20 10:04:12.799,gvl_C,bReferenceSwitch_C_horizontal,False,poll
2026-03-20 10:04:12.799,gvl_C,bReferenceSwitch_C_rotate,False,poll
2026-03-20 10:04:12.799,gvl_C,bEncoderImpulse_C_vertical1,False,poll
2026-03-20 10:04:12.812,gvl_SL,iColorSensor_SL,1,event
2026-03-20 10:04:12.799,gvl_C,bEncoderImpulse_C_vertical2,True,poll
2026-03-20 10:04:12.799,gvl_C,bEncoderImpulse_C_horizontal1,False,poll
2026-03-20 10:04:12.799,gvl_C,bEncoderImpulse_C_horizontal2,True,poll
2026-03-20 10:04:12.799,gvl_C,bEncoderImpulse_C_rotate1,True,poll
2026-03-20 10:04:12.799,gvl_C,bEncoderImpulse_C_rotate2,False,poll
2026-03-20 10:04:12.799,gvl_C,bMotor_C_upward,False,poll
2026-03-20 10:04:12.799,gvl_C,bMotor_C_downward,False,poll
2026-03-20 10:04:12.799,gvl_C,bMotor_C_backward,False,poll
2026-03-20 10:04:12.799,gvl_C,bMotor_C_forward,False,poll
2026-03-20 10:04:12.799,gvl_C,bMotor_C_clockwise,False,poll
2026-03-20 10:04:12.799,gvl_C,bMotor_C_counterclockwise,False,poll
2026-03-20 10:04:12.799,gvl_C,bCompressor_C,False,poll
2026-03-20 10:04:12.799,gvl_C,bValve_C,False,poll
2026-03-20 10:04:12.799,gvl_HBW,bReferenceSwitch_HBW_horizontal,True,poll
2026-03-20 10:04:12.799,gvl_HBW,bLightBarrier_HBW_inside,True,poll
2026-03-20 10:04:12.799,gvl_HBW,bLightBarrier_HBW_outside,True,poll
2026-03-20 10:04:12.799,gvl_HBW,bReferenceSwitch_HBW_vertical,False,poll
2026-03-20 10:04:12.799,gvl_HBW,bReferenceSwitch_HBW_Cantilever_front,False,poll
2026-03-20 10:04:12.799,gvl_HBW,bReferenceSwitch_HBW_Cantilever_back,False,poll
2026-03-20 10:04:12.799,gvl_HBW,bTrailSensor_HBW_bottom,True,poll
2026-03-20 10:04:12.799,gvl_HBW,bTrailSensor_HBW_top,True,poll
2026-03-20 10:04:12.799,gvl_HBW,bEncoderImpulse_HBW_horizontal1,False,poll
2026-03-20 10:04:12.799,gvl_HBW,bEncoderImpulse_HBW_horizontal2,True,poll
2026-03-20 10:04:12.799,gvl_HBW,bEncoderImpulse_HBW_vertical1,False,poll
2026-03-20 10:04:12.799,gvl_HBW,bEncoderImpulse_HBW_vertical2,False,poll
2026-03-20 10:04:12.799,gvl_HBW,bMotor_HBW_ConveyorBelt_forward,False,poll
2026-03-20 10:04:12.799,gvl_HBW,bMotor_HBW_ConveyorBelt_backward,False,poll
2026-03-20 10:04:12.799,gvl_HBW,bMotor_HBW_StackerCrane_torack,False,poll
2026-03-20 10:04:12.799,gvl_HBW,bMotor_HBW_StackerCrane_toconveyorbelt,False,poll
2026-03-20 10:04:12.799,gvl_HBW,bMotor_HBW_StackerCrane_downward,False,poll
2026-03-20 10:04:12.799,gvl_HBW,bMotor_HBW_StackerCrane_upward,False,poll
2026-03-20 10:04:12.799,gvl_HBW,bMotor_HBW_Cantilever_forward,False,poll
2026-03-20 10:04:12.799,gvl_HBW,bMotor_HBW_Cantilever_backward,False,poll
2026-03-20 10:04:12.799,gvl_MS,bReferenceSwitch_MS_Turntable_attransferunit,False,poll
2026-03-20 10:04:12.799,gvl_MS,bReferenceSwitch_MS_Turntable_atconveyorbelt,False,poll
2026-03-20 10:04:12.799,gvl_MS,bLightBarrier_MS_conveyorbelt,False,poll
2026-03-20 10:04:12.799,gvl_MS,bReferenceSwitch_MS_Turntable_atsaw,False,poll
2026-03-20 10:04:12.799,gvl_MS,bReferenceSwitch_MS_TransferUnit_atturntable,True,poll
2026-03-20 10:04:12.799,gvl_MS,bReferenceSwitch_MS_OvenSlider_inside,False,poll
2026-03-20 10:04:12.799,gvl_MS,bReferenceSwitch_MS_OvenSlider_outside,True,poll
2026-03-20 10:04:12.799,gvl_MS,bReferenceSwitch_MS_TransferUnit_atoven,False,poll
2026-03-20 10:04:12.799,gvl_MS,bLightBarrier_MS_oven,True,poll
2026-03-20 10:04:12.799,gvl_MS,bMotor_MS_Turntable_clockwise,False,poll
2026-03-20 10:04:12.799,gvl_MS,bMotor_MS_Turntable_counterclockwise,False,poll
2026-03-20 10:04:12.912,gvl_SL,iColorSensor_SL,0,event
2026-03-20 10:04:12.799,gvl_MS,bMotor_MS_ConveyorBelt_forward,False,poll
2026-03-20 10:04:12.799,gvl_MS,bMotor_MS_Saw,False,poll
2026-03-20 10:04:12.799,gvl_MS,bMotor_MS_OvenSlider_movein,False,poll
2026-03-20 10:04:12.799,gvl_MS,bMotor_MS_OvenSlider_moveout,False,poll
2026-03-20 10:04:12.799,gvl_MS,bMotor_MS_TransferUnit_tooven,False,poll
2026-03-20 10:04:12.799,gvl_MS,bMotor_MS_TransferUnit_toturntable,False,poll
2026-03-20 10:04:12.799,gvl_MS,bLamp_MS,False,poll
2026-03-20 10:04:12.799,gvl_MS,bCompressor_MS,False,poll
2026-03-20 10:04:12.799,gvl_MS,bValve_MS_Vacuum,False,poll
2026-03-20 10:04:12.799,gvl_MS,bValve_MS_TransferUnit,False,poll
2026-03-20 10:04:12.799,gvl_MS,bValve_MS_OvenDoor,False,poll
2026-03-20 10:04:12.799,gvl_MS,bValve_MS_Ejector,False,poll
2026-03-20 10:04:12.799,gvl_PM,bLightBarrier_PM_entry,True,poll
2026-03-20 10:04:12.799,gvl_PM,bLightBarrier_PM_tool,True,poll
2026-03-20 10:04:12.799,gvl_PM,bReferenceSwitch_PM_top,False,poll
2026-03-20 10:04:12.799,gvl_PM,bReferenceSwitch_PM_bottom,True,poll
2026-03-20 10:04:12.799,gvl_PM,bMotor_PM_ConveyorBelt_forward,False,poll
2026-03-20 10:04:12.799,gvl_PM,bMotor_PM_ConveyorBelt_backward,False,poll
2026-03-20 10:04:12.799,gvl_PM,bMotor_PM_Tool_upward,False,poll
2026-03-20 10:04:12.799,gvl_PM,bMotor_PM_Tool_downward,False,poll
2026-03-20 10:04:12.799,gvl_SL,bPulseCounter_SL,False,poll
2026-03-20 10:04:12.799,gvl_SL,bLightBarrier_SL_beforecolor,True,poll
2026-03-20 10:04:12.799,gvl_SL,bLightBarrier_SL_aftercolor,True,poll
2026-03-20 10:04:12.799,gvl_SL,bLightBarrier_SL_white,True,poll
2026-03-20 10:04:12.799,gvl_SL,bLightBarrier_SL_red,True,poll
2026-03-20 10:04:12.799,gvl_SL,bLightBarrier_SL_blue,True,poll
2026-03-20 10:04:12.799,gvl_SL,iColorSensor_SL,0,poll
2026-03-20 10:04:12.799,gvl_SL,bMotor_SL_ConveyorBelt,False,poll
2026-03-20 10:04:12.799,gvl_SL,bCompressor_SL,False,poll
2026-03-20 10:04:12.799,gvl_SL,bValve_SL_white,False,poll
2026-03-20 10:04:12.799,gvl_SL,bValve_SL_red,False,poll
2026-03-20 10:04:12.799,gvl_SL,bValve_SL_blue,False,poll
2026-03-20 10:04:12.799,LocalVariables,iC_CoordH,35,poll
2026-03-20 10:04:12.799,LocalVariables,iC_CoordV,0,poll
2026-03-20 10:04:12.799,LocalVariables,iC_CoordR,35,poll
2026-03-20 10:04:12.799,LocalVariables,eC_PickingStation,0,poll
2026-03-20 10:04:12.799,LocalVariables,eC_PlacingStation,0,poll
2026-03-20 10:04:12.799,LocalVariables,iC_Coord_Picking,"[[1340, 170, 150, 445], [380, 800, 367, 435], [800, 301, 580, 800]]",poll
2026-03-20 10:04:12.799,LocalVariables,iC_Coord_Placing,"[[890, 870], [500, 1343], [180, 150]]",poll
2026-03-20 10:04:13.517,gvl_SL,iColorSensor_SL,1,event
2026-03-20 10:04:13.516,gvl_C,bReferenceSwitch_C_vertical,True,poll
2026-03-20 10:04:13.516,gvl_C,bReferenceSwitch_C_horizontal,False,poll
2026-03-20 10:04:13.516,gvl_C,bReferenceSwitch_C_rotate,False,poll
2026-03-20 10:04:13.516,gvl_C,bEncoderImpulse_C_vertical1,False,poll
2026-03-20 10:04:13.516,gvl_C,bEncoderImpulse_C_vertical2,True,poll
2026-03-20 10:04:13.516,gvl_C,bEncoderImpulse_C_horizontal1,False,poll
2026-03-20 10:04:13.516,gvl_C,bEncoderImpulse_C_horizontal2,True,poll
2026-03-20 10:04:13.516,gvl_C,bEncoderImpulse_C_rotate1,True,poll
2026-03-20 10:04:13.516,gvl_C,bEncoderImpulse_C_rotate2,False,poll
2026-03-20 10:04:13.516,gvl_C,bMotor_C_upward,False,poll
2026-03-20 10:04:13.516,gvl_C,bMotor_C_downward,False,poll
2026-03-20 10:04:13.516,gvl_C,bMotor_C_backward,False,poll
2026-03-20 10:04:13.516,gvl_C,bMotor_C_forward,False,poll
2026-03-20 10:04:13.516,gvl_C,bMotor_C_clockwise,False,poll
2026-03-20 10:04:13.516,gvl_C,bMotor_C_counterclockwise,False,poll
2026-03-20 10:04:13.516,gvl_C,bCompressor_C,False,poll
2026-03-20 10:04:13.516,gvl_C,bValve_C,False,poll
2026-03-20 10:04:13.516,gvl_HBW,bReferenceSwitch_HBW_horizontal,True,poll
2026-03-20 10:04:13.516,gvl_HBW,bLightBarrier_HBW_inside,True,poll
2026-03-20 10:04:13.516,gvl_HBW,bLightBarrier_HBW_outside,True,poll
2026-03-20 10:04:13.516,gvl_HBW,bReferenceSwitch_HBW_vertical,False,poll
2026-03-20 10:04:13.516,gvl_HBW,bReferenceSwitch_HBW_Cantilever_front,False,poll
2026-03-20 10:04:13.516,gvl_HBW,bReferenceSwitch_HBW_Cantilever_back,False,poll
2026-03-20 10:04:13.516,gvl_HBW,bTrailSensor_HBW_bottom,True,poll
2026-03-20 10:04:13.516,gvl_HBW,bTrailSensor_HBW_top,True,poll
2026-03-20 10:04:13.516,gvl_HBW,bEncoderImpulse_HBW_horizontal1,False,poll
2026-03-20 10:04:13.516,gvl_HBW,bEncoderImpulse_HBW_horizontal2,True,poll
2026-03-20 10:04:13.516,gvl_HBW,bEncoderImpulse_HBW_vertical1,False,poll
2026-03-20 10:04:13.516,gvl_HBW,bEncoderImpulse_HBW_vertical2,False,poll
2026-03-20 10:04:13.516,gvl_HBW,bMotor_HBW_ConveyorBelt_forward,False,poll
2026-03-20 10:04:13.516,gvl_HBW,bMotor_HBW_ConveyorBelt_backward,False,poll
2026-03-20 10:04:13.516,gvl_HBW,bMotor_HBW_StackerCrane_torack,False,poll
2026-03-20 10:04:13.516,gvl_HBW,bMotor_HBW_StackerCrane_toconveyorbelt,False,poll
2026-03-20 10:04:13.516,gvl_HBW,bMotor_HBW_StackerCrane_downward,False,poll
2026-03-20 10:04:13.516,gvl_HBW,bMotor_HBW_StackerCrane_upward,False,poll
2026-03-20 10:04:13.516,gvl_HBW,bMotor_HBW_Cantilever_forward,False,poll
2026-03-20 10:04:13.516,gvl_HBW,bMotor_HBW_Cantilever_backward,False,poll
2026-03-20 10:04:13.617,gvl_SL,iColorSensor_SL,0,event
2026-03-20 10:04:13.516,gvl_MS,bReferenceSwitch_MS_Turntable_attransferunit,False,poll
2026-03-20 10:04:13.516,gvl_MS,bReferenceSwitch_MS_Turntable_atconveyorbelt,False,poll
2026-03-20 10:04:13.516,gvl_MS,bLightBarrier_MS_conveyorbelt,False,poll
2026-03-20 10:04:13.516,gvl_MS,bReferenceSwitch_MS_Turntable_atsaw,False,poll
2026-03-20 10:04:13.516,gvl_MS,bReferenceSwitch_MS_TransferUnit_atturntable,True,poll
2026-03-20 10:04:13.516,gvl_MS,bReferenceSwitch_MS_OvenSlider_inside,False,poll
2026-03-20 10:04:13.516,gvl_MS,bReferenceSwitch_MS_OvenSlider_outside,True,poll
2026-03-20 10:04:13.516,gvl_MS,bReferenceSwitch_MS_TransferUnit_atoven,False,poll
2026-03-20 10:04:13.516,gvl_MS,bLightBarrier_MS_oven,True,poll
2026-03-20 10:04:13.516,gvl_MS,bMotor_MS_Turntable_clockwise,False,poll
2026-03-20 10:04:13.516,gvl_MS,bMotor_MS_Turntable_counterclockwise,False,poll
2026-03-20 10:04:13.516,gvl_MS,bMotor_MS_ConveyorBelt_forward,False,poll
2026-03-20 10:04:13.516,gvl_MS,bMotor_MS_Saw,False,poll
2026-03-20 10:04:13.516,gvl_MS,bMotor_MS_OvenSlider_movein,False,poll
2026-03-20 10:04:13.516,gvl_MS,bMotor_MS_OvenSlider_moveout,False,poll
2026-03-20 10:04:13.516,gvl_MS,bMotor_MS_TransferUnit_tooven,False,poll
2026-03-20 10:04:13.516,gvl_MS,bMotor_MS_TransferUnit_toturntable,False,poll
2026-03-20 10:04:13.516,gvl_MS,bLamp_MS,False,poll
2026-03-20 10:04:13.516,gvl_MS,bCompressor_MS,False,poll
2026-03-20 10:04:13.516,gvl_MS,bValve_MS_Vacuum,False,poll
2026-03-20 10:04:13.516,gvl_MS,bValve_MS_TransferUnit,False,poll
2026-03-20 10:04:13.516,gvl_MS,bValve_MS_OvenDoor,False,poll
2026-03-20 10:04:13.516,gvl_MS,bValve_MS_Ejector,False,poll
2026-03-20 10:04:13.516,gvl_PM,bLightBarrier_PM_entry,True,poll
2026-03-20 10:04:13.516,gvl_PM,bLightBarrier_PM_tool,True,poll
2026-03-20 10:04:13.516,gvl_PM,bReferenceSwitch_PM_top,False,poll
2026-03-20 10:04:13.516,gvl_PM,bReferenceSwitch_PM_bottom,True,poll
2026-03-20 10:04:13.516,gvl_PM,bMotor_PM_ConveyorBelt_forward,False,poll
2026-03-20 10:04:13.516,gvl_PM,bMotor_PM_ConveyorBelt_backward,False,poll
2026-03-20 10:04:13.516,gvl_PM,bMotor_PM_Tool_upward,False,poll
2026-03-20 10:04:13.516,gvl_PM,bMotor_PM_Tool_downward,False,poll
2026-03-20 10:04:13.516,gvl_SL,bPulseCounter_SL,False,poll
2026-03-20 10:04:13.516,gvl_SL,bLightBarrier_SL_beforecolor,True,poll
2026-03-20 10:04:13.516,gvl_SL,bLightBarrier_SL_aftercolor,True,poll
2026-03-20 10:04:13.516,gvl_SL,bLightBarrier_SL_white,True,poll
2026-03-20 10:04:13.713,gvl_SL,iColorSensor_SL,1,event
2026-03-20 10:04:13.516,gvl_SL,bLightBarrier_SL_red,True,poll
2026-03-20 10:04:13.516,gvl_SL,bLightBarrier_SL_blue,True,poll
2026-03-20 10:04:13.516,gvl_SL,iColorSensor_SL,0,poll
2026-03-20 10:04:13.516,gvl_SL,bMotor_SL_ConveyorBelt,False,poll
2026-03-20 10:04:13.516,gvl_SL,bCompressor_SL,False,poll
2026-03-20 10:04:13.516,gvl_SL,bValve_SL_white,False,poll
2026-03-20 10:04:13.516,gvl_SL,bValve_SL_red,False,poll
2026-03-20 10:04:13.516,gvl_SL,bValve_SL_blue,False,poll
2026-03-20 10:04:13.516,LocalVariables,iC_CoordH,35,poll
2026-03-20 10:04:13.516,LocalVariables,iC_CoordV,0,poll
2026-03-20 10:04:13.516,LocalVariables,iC_CoordR,35,poll
2026-03-20 10:04:13.516,LocalVariables,eC_PickingStation,0,poll
2026-03-20 10:04:13.516,LocalVariables,eC_PlacingStation,0,poll
2026-03-20 10:04:13.516,LocalVariables,iC_Coord_Picking,"[[1340, 170, 150, 445], [380, 800, 367, 435], [800, 301, 580, 800]]",poll
2026-03-20 10:04:13.516,LocalVariables,iC_Coord_Placing,"[[890, 870], [500, 1343], [180, 150]]",poll
2026-03-20 10:04:13.813,gvl_SL,iColorSensor_SL,0,event
2026-03-20 10:04:14.018,gvl_SL,iColorSensor_SL,1,event
2026-03-20 10:04:14.113,gvl_SL,iColorSensor_SL,0,event
2026-03-20 10:04:14.213,gvl_SL,iColorSensor_SL,1,event
2026-03-20 10:04:14.248,gvl_C,bReferenceSwitch_C_vertical,True,poll
2026-03-20 10:04:14.248,gvl_C,bReferenceSwitch_C_horizontal,False,poll
2026-03-20 10:04:14.248,gvl_C,bReferenceSwitch_C_rotate,False,poll
2026-03-20 10:04:14.248,gvl_C,bEncoderImpulse_C_vertical1,False,poll
2026-03-20 10:04:14.248,gvl_C,bEncoderImpulse_C_vertical2,True,poll
2026-03-20 10:04:14.248,gvl_C,bEncoderImpulse_C_horizontal1,False,poll
2026-03-20 10:04:14.248,gvl_C,bEncoderImpulse_C_horizontal2,True,poll
2026-03-20 10:04:14.248,gvl_C,bEncoderImpulse_C_rotate1,True,poll
2026-03-20 10:04:14.248,gvl_C,bEncoderImpulse_C_rotate2,False,poll
2026-03-20 10:04:14.248,gvl_C,bMotor_C_upward,False,poll
2026-03-20 10:04:14.248,gvl_C,bMotor_C_downward,False,poll
2026-03-20 10:04:14.248,gvl_C,bMotor_C_backward,False,poll
2026-03-20 10:04:14.248,gvl_C,bMotor_C_forward,False,poll
2026-03-20 10:04:14.248,gvl_C,bMotor_C_clockwise,False,poll
2026-03-20 10:04:14.248,gvl_C,bMotor_C_counterclockwise,False,poll
2026-03-20 10:04:14.248,gvl_C,bCompressor_C,False,poll
2026-03-20 10:04:14.248,gvl_C,bValve_C,False,poll
2026-03-20 10:04:14.248,gvl_HBW,bReferenceSwitch_HBW_horizontal,True,poll
2026-03-20 10:04:14.248,gvl_HBW,bLightBarrier_HBW_inside,True,poll
2026-03-20 10:04:14.313,gvl_SL,iColorSensor_SL,0,event
2026-03-20 10:04:14.248,gvl_HBW,bLightBarrier_HBW_outside,True,poll
2026-03-20 10:04:14.248,gvl_HBW,bReferenceSwitch_HBW_vertical,False,poll
2026-03-20 10:04:14.248,gvl_HBW,bReferenceSwitch_HBW_Cantilever_front,False,poll
2026-03-20 10:04:14.248,gvl_HBW,bReferenceSwitch_HBW_Cantilever_back,False,poll
2026-03-20 10:04:14.248,gvl_HBW,bTrailSensor_HBW_bottom,True,poll
2026-03-20 10:04:14.248,gvl_HBW,bTrailSensor_HBW_top,True,poll
2026-03-20 10:04:14.248,gvl_HBW,bEncoderImpulse_HBW_horizontal1,False,poll
2026-03-20 10:04:14.248,gvl_HBW,bEncoderImpulse_HBW_horizontal2,True,poll
2026-03-20 10:04:14.248,gvl_HBW,bEncoderImpulse_HBW_vertical1,False,poll
2026-03-20 10:04:14.248,gvl_HBW,bEncoderImpulse_HBW_vertical2,False,poll
2026-03-20 10:04:14.248,gvl_HBW,bMotor_HBW_ConveyorBelt_forward,False,poll
2026-03-20 10:04:14.248,gvl_HBW,bMotor_HBW_ConveyorBelt_backward,False,poll
2026-03-20 10:04:14.248,gvl_HBW,bMotor_HBW_StackerCrane_torack,False,poll
2026-03-20 10:04:14.248,gvl_HBW,bMotor_HBW_StackerCrane_toconveyorbelt,False,poll
2026-03-20 10:04:14.248,gvl_HBW,bMotor_HBW_StackerCrane_downward,False,poll
2026-03-20 10:04:14.248,gvl_HBW,bMotor_HBW_StackerCrane_upward,False,poll
2026-03-20 10:04:14.248,gvl_HBW,bMotor_HBW_Cantilever_forward,False,poll
2026-03-20 10:04:14.248,gvl_HBW,bMotor_HBW_Cantilever_backward,False,poll
2026-03-20 10:04:14.248,gvl_MS,bReferenceSwitch_MS_Turntable_attransferunit,False,poll
2026-03-20 10:04:14.248,gvl_MS,bReferenceSwitch_MS_Turntable_atconveyorbelt,False,poll
2026-03-20 10:04:14.248,gvl_MS,bLightBarrier_MS_conveyorbelt,False,poll
2026-03-20 10:04:14.248,gvl_MS,bReferenceSwitch_MS_Turntable_atsaw,False,poll
2026-03-20 10:04:14.248,gvl_MS,bReferenceSwitch_MS_TransferUnit_atturntable,True,poll
2026-03-20 10:04:14.248,gvl_MS,bReferenceSwitch_MS_OvenSlider_inside,False,poll
2026-03-20 10:04:14.248,gvl_MS,bReferenceSwitch_MS_OvenSlider_outside,True,poll
2026-03-20 10:04:14.248,gvl_MS,bReferenceSwitch_MS_TransferUnit_atoven,False,poll
2026-03-20 10:04:14.248,gvl_MS,bLightBarrier_MS_oven,True,poll
2026-03-20 10:04:14.248,gvl_MS,bMotor_MS_Turntable_clockwise,False,poll
2026-03-20 10:04:14.248,gvl_MS,bMotor_MS_Turntable_counterclockwise,False,poll
2026-03-20 10:04:14.248,gvl_MS,bMotor_MS_ConveyorBelt_forward,False,poll
2026-03-20 10:04:14.248,gvl_MS,bMotor_MS_Saw,False,poll
2026-03-20 10:04:14.248,gvl_MS,bMotor_MS_OvenSlider_movein,False,poll
2026-03-20 10:04:14.248,gvl_MS,bMotor_MS_OvenSlider_moveout,False,poll
2026-03-20 10:04:14.248,gvl_MS,bMotor_MS_TransferUnit_tooven,False,poll
2026-03-20 10:04:14.248,gvl_MS,bMotor_MS_TransferUnit_toturntable,False,poll
2026-03-20 10:04:14.248,gvl_MS,bLamp_MS,False,poll
2026-03-20 10:04:14.248,gvl_MS,bCompressor_MS,False,poll
2026-03-20 10:04:14.248,gvl_MS,bValve_MS_Vacuum,False,poll
2026-03-20 10:04:14.248,gvl_MS,bValve_MS_TransferUnit,False,poll
2026-03-20 10:04:14.248,gvl_MS,bValve_MS_OvenDoor,False,poll
2026-03-20 10:04:14.248,gvl_MS,bValve_MS_Ejector,False,poll
2026-03-20 10:04:14.248,gvl_PM,bLightBarrier_PM_entry,True,poll
2026-03-20 10:04:14.248,gvl_PM,bLightBarrier_PM_tool,True,poll
2026-03-20 10:04:14.248,gvl_PM,bReferenceSwitch_PM_top,False,poll
2026-03-20 10:04:14.248,gvl_PM,bReferenceSwitch_PM_bottom,True,poll
2026-03-20 10:04:14.248,gvl_PM,bMotor_PM_ConveyorBelt_forward,False,poll
2026-03-20 10:04:14.248,gvl_PM,bMotor_PM_ConveyorBelt_backward,False,poll
2026-03-20 10:04:14.248,gvl_PM,bMotor_PM_Tool_upward,False,poll
2026-03-20 10:04:14.248,gvl_PM,bMotor_PM_Tool_downward,False,poll
2026-03-20 10:04:14.248,gvl_SL,bPulseCounter_SL,False,poll
2026-03-20 10:04:14.248,gvl_SL,bLightBarrier_SL_beforecolor,True,poll
2026-03-20 10:04:14.248,gvl_SL,bLightBarrier_SL_aftercolor,True,poll
2026-03-20 10:04:14.248,gvl_SL,bLightBarrier_SL_white,True,poll
2026-03-20 10:04:14.248,gvl_SL,bLightBarrier_SL_red,True,poll
2026-03-20 10:04:14.248,gvl_SL,bLightBarrier_SL_blue,True,poll
2026-03-20 10:04:14.248,gvl_SL,iColorSensor_SL,0,poll
2026-03-20 10:04:14.248,gvl_SL,bMotor_SL_ConveyorBelt,False,poll
2026-03-20 10:04:14.248,gvl_SL,bCompressor_SL,False,poll
2026-03-20 10:04:14.248,gvl_SL,bValve_SL_white,False,poll
2026-03-20 10:04:14.248,gvl_SL,bValve_SL_red,False,poll
2026-03-20 10:04:14.248,gvl_SL,bValve_SL_blue,False,poll
2026-03-20 10:04:14.248,LocalVariables,iC_CoordH,35,poll
2026-03-20 10:04:14.248,LocalVariables,iC_CoordV,0,poll
2026-03-20 10:04:14.248,LocalVariables,iC_CoordR,35,poll
2026-03-20 10:04:14.248,LocalVariables,eC_PickingStation,0,poll
2026-03-20 10:04:14.248,LocalVariables,eC_PlacingStation,0,poll
2026-03-20 10:04:14.248,LocalVariables,iC_Coord_Picking,"[[1340, 170, 150, 445], [380, 800, 367, 435], [800, 301, 580, 800]]",poll
2026-03-20 10:04:14.248,LocalVariables,iC_Coord_Placing,"[[890, 870], [500, 1343], [180, 150]]",poll
2026-03-20 10:04:14.714,gvl_SL,iColorSensor_SL,1,event
2026-03-20 10:04:14.813,gvl_SL,iColorSensor_SL,0,event
2026-03-20 10:04:15.006,gvl_C,bReferenceSwitch_C_vertical,True,poll
2026-03-20 10:04:15.006,gvl_C,bReferenceSwitch_C_horizontal,False,poll
2026-03-20 10:04:15.006,gvl_C,bReferenceSwitch_C_rotate,False,poll
2026-03-20 10:04:15.006,gvl_C,bEncoderImpulse_C_vertical1,False,poll
2026-03-20 10:04:15.006,gvl_C,bEncoderImpulse_C_vertical2,True,poll
2026-03-20 10:04:15.006,gvl_C,bEncoderImpulse_C_horizontal1,False,poll
2026-03-20 10:04:15.006,gvl_C,bEncoderImpulse_C_horizontal2,True,poll
2026-03-20 10:04:15.006,gvl_C,bEncoderImpulse_C_rotate1,True,poll
2026-03-20 10:04:15.006,gvl_C,bEncoderImpulse_C_rotate2,False,poll
2026-03-20 10:04:15.006,gvl_C,bMotor_C_upward,False,poll
2026-03-20 10:04:15.006,gvl_C,bMotor_C_downward,False,poll
2026-03-20 10:04:15.006,gvl_C,bMotor_C_backward,False,poll
2026-03-20 10:04:15.006,gvl_C,bMotor_C_forward,False,poll
2026-03-20 10:04:15.006,gvl_C,bMotor_C_clockwise,False,poll
2026-03-20 10:04:15.006,gvl_C,bMotor_C_counterclockwise,False,poll
2026-03-20 10:04:15.006,gvl_C,bCompressor_C,False,poll
2026-03-20 10:04:15.006,gvl_C,bValve_C,False,poll
2026-03-20 10:04:15.006,gvl_HBW,bReferenceSwitch_HBW_horizontal,True,poll
2026-03-20 10:04:15.006,gvl_HBW,bLightBarrier_HBW_inside,True,poll
2026-03-20 10:04:15.006,gvl_HBW,bLightBarrier_HBW_outside,True,poll
2026-03-20 10:04:15.006,gvl_HBW,bReferenceSwitch_HBW_vertical,False,poll
2026-03-20 10:04:15.006,gvl_HBW,bReferenceSwitch_HBW_Cantilever_front,False,poll
2026-03-20 10:04:15.006,gvl_HBW,bReferenceSwitch_HBW_Cantilever_back,False,poll
2026-03-20 10:04:15.006,gvl_HBW,bTrailSensor_HBW_bottom,True,poll
2026-03-20 10:04:15.006,gvl_HBW,bTrailSensor_HBW_top,True,poll
2026-03-20 10:04:15.006,gvl_HBW,bEncoderImpulse_HBW_horizontal1,False,poll
2026-03-20 10:04:15.006,gvl_HBW,bEncoderImpulse_HBW_horizontal2,True,poll
2026-03-20 10:04:15.006,gvl_HBW,bEncoderImpulse_HBW_vertical1,False,poll
2026-03-20 10:04:15.006,gvl_HBW,bEncoderImpulse_HBW_vertical2,False,poll
2026-03-20 10:04:15.006,gvl_HBW,bMotor_HBW_ConveyorBelt_forward,False,poll
2026-03-20 10:04:15.006,gvl_HBW,bMotor_HBW_ConveyorBelt_backward,False,poll
2026-03-20 10:04:15.006,gvl_HBW,bMotor_HBW_StackerCrane_torack,False,poll
2026-03-20 10:04:15.006,gvl_HBW,bMotor_HBW_StackerCrane_toconveyorbelt,False,poll
2026-03-20 10:04:15.006,gvl_HBW,bMotor_HBW_StackerCrane_downward,False,poll
2026-03-20 10:04:15.006,gvl_HBW,bMotor_HBW_StackerCrane_upward,False,poll
2026-03-20 10:04:15.006,gvl_HBW,bMotor_HBW_Cantilever_forward,False,poll
2026-03-20 10:04:15.006,gvl_HBW,bMotor_HBW_Cantilever_backward,False,poll
2026-03-20 10:04:15.006,gvl_MS,bReferenceSwitch_MS_Turntable_attransferunit,False,poll
2026-03-20 10:04:15.006,gvl_MS,bReferenceSwitch_MS_Turntable_atconveyorbelt,False,poll
2026-03-20 10:04:15.006,gvl_MS,bLightBarrier_MS_conveyorbelt,False,poll
2026-03-20 10:04:15.006,gvl_MS,bReferenceSwitch_MS_Turntable_atsaw,False,poll
2026-03-20 10:04:15.006,gvl_MS,bReferenceSwitch_MS_TransferUnit_atturntable,True,poll
2026-03-20 10:04:15.006,gvl_MS,bReferenceSwitch_MS_OvenSlider_inside,False,poll
2026-03-20 10:04:15.006,gvl_MS,bReferenceSwitch_MS_OvenSlider_outside,True,poll
2026-03-20 10:04:15.006,gvl_MS,bReferenceSwitch_MS_TransferUnit_atoven,False,poll
2026-03-20 10:04:15.006,gvl_MS,bLightBarrier_MS_oven,True,poll
2026-03-20 10:04:15.006,gvl_MS,bMotor_MS_Turntable_clockwise,False,poll
2026-03-20 10:04:15.006,gvl_MS,bMotor_MS_Turntable_counterclockwise,False,poll
2026-03-20 10:04:15.006,gvl_MS,bMotor_MS_ConveyorBelt_forward,False,poll
2026-03-20 10:04:15.006,gvl_MS,bMotor_MS_Saw,False,poll
2026-03-20 10:04:15.113,gvl_SL,iColorSensor_SL,1,event
2026-03-20 10:04:15.006,gvl_MS,bMotor_MS_OvenSlider_movein,False,poll
2026-03-20 10:04:15.006,gvl_MS,bMotor_MS_OvenSlider_moveout,False,poll
2026-03-20 10:04:15.006,gvl_MS,bMotor_MS_TransferUnit_tooven,False,poll
2026-03-20 10:04:15.006,gvl_MS,bMotor_MS_TransferUnit_toturntable,False,poll
2026-03-20 10:04:15.006,gvl_MS,bLamp_MS,False,poll
2026-03-20 10:04:15.006,gvl_MS,bCompressor_MS,False,poll
2026-03-20 10:04:15.006,gvl_MS,bValve_MS_Vacuum,False,poll
2026-03-20 10:04:15.006,gvl_MS,bValve_MS_TransferUnit,False,poll
2026-03-20 10:04:15.006,gvl_MS,bValve_MS_OvenDoor,False,poll
2026-03-20 10:04:15.006,gvl_MS,bValve_MS_Ejector,False,poll
2026-03-20 10:04:15.006,gvl_PM,bLightBarrier_PM_entry,True,poll
2026-03-20 10:04:15.006,gvl_PM,bLightBarrier_PM_tool,True,poll
2026-03-20 10:04:15.006,gvl_PM,bReferenceSwitch_PM_top,False,poll
2026-03-20 10:04:15.006,gvl_PM,bReferenceSwitch_PM_bottom,True,poll
2026-03-20 10:04:15.006,gvl_PM,bMotor_PM_ConveyorBelt_forward,False,poll
2026-03-20 10:04:15.006,gvl_PM,bMotor_PM_ConveyorBelt_backward,False,poll
2026-03-20 10:04:15.006,gvl_PM,bMotor_PM_Tool_upward,False,poll
2026-03-20 10:04:15.006,gvl_PM,bMotor_PM_Tool_downward,False,poll
2026-03-20 10:04:15.006,gvl_SL,bPulseCounter_SL,False,poll
2026-03-20 10:04:15.006,gvl_SL,bLightBarrier_SL_beforecolor,True,poll
2026-03-20 10:04:15.006,gvl_SL,bLightBarrier_SL_aftercolor,True,poll
2026-03-20 10:04:15.006,gvl_SL,bLightBarrier_SL_white,True,poll
2026-03-20 10:04:15.006,gvl_SL,bLightBarrier_SL_red,True,poll
2026-03-20 10:04:15.006,gvl_SL,bLightBarrier_SL_blue,True,poll
2026-03-20 10:04:15.006,gvl_SL,iColorSensor_SL,0,poll
2026-03-20 10:04:15.006,gvl_SL,bMotor_SL_ConveyorBelt,False,poll
2026-03-20 10:04:15.006,gvl_SL,bCompressor_SL,False,poll
2026-03-20 10:04:15.006,gvl_SL,bValve_SL_white,False,poll
2026-03-20 10:04:15.006,gvl_SL,bValve_SL_red,False,poll
2026-03-20 10:04:15.006,gvl_SL,bValve_SL_blue,False,poll
2026-03-20 10:04:15.006,LocalVariables,iC_CoordH,35,poll
2026-03-20 10:04:15.006,LocalVariables,iC_CoordV,0,poll
2026-03-20 10:04:15.006,LocalVariables,iC_CoordR,35,poll
2026-03-20 10:04:15.006,LocalVariables,eC_PickingStation,0,poll
2026-03-20 10:04:15.006,LocalVariables,eC_PlacingStation,0,poll
2026-03-20 10:04:15.006,LocalVariables,iC_Coord_Picking,"[[1340, 170, 150, 445], [380, 800, 367, 435], [800, 301, 580, 800]]",poll
2026-03-20 10:04:15.006,LocalVariables,iC_Coord_Placing,"[[890, 870], [500, 1343], [180, 150]]",poll
2026-03-20 10:04:15.213,gvl_SL,iColorSensor_SL,0,event
2026-03-20 10:04:15.413,gvl_SL,iColorSensor_SL,1,event
2026-03-20 10:04:15.513,gvl_SL,iColorSensor_SL,0,event
2026-03-20 10:04:15.613,gvl_SL,iColorSensor_SL,1,event
2026-03-20 10:04:15.690,gvl_C,bReferenceSwitch_C_vertical,True,poll
2026-03-20 10:04:15.690,gvl_C,bReferenceSwitch_C_horizontal,False,poll
2026-03-20 10:04:15.690,gvl_C,bReferenceSwitch_C_rotate,False,poll
2026-03-20 10:04:15.690,gvl_C,bEncoderImpulse_C_vertical1,False,poll
2026-03-20 10:04:15.690,gvl_C,bEncoderImpulse_C_vertical2,True,poll
2026-03-20 10:04:15.690,gvl_C,bEncoderImpulse_C_horizontal1,False,poll
2026-03-20 10:04:15.690,gvl_C,bEncoderImpulse_C_horizontal2,True,poll
2026-03-20 10:04:15.690,gvl_C,bEncoderImpulse_C_rotate1,True,poll
2026-03-20 10:04:15.690,gvl_C,bEncoderImpulse_C_rotate2,False,poll
2026-03-20 10:04:15.713,gvl_SL,iColorSensor_SL,0,event
2026-03-20 10:04:15.690,gvl_C,bMotor_C_upward,False,poll
2026-03-20 10:04:15.690,gvl_C,bMotor_C_downward,False,poll
2026-03-20 10:04:15.690,gvl_C,bMotor_C_backward,False,poll
2026-03-20 10:04:15.690,gvl_C,bMotor_C_forward,False,poll
2026-03-20 10:04:15.690,gvl_C,bMotor_C_clockwise,False,poll
2026-03-20 10:04:15.690,gvl_C,bMotor_C_counterclockwise,False,poll
2026-03-20 10:04:15.690,gvl_C,bCompressor_C,False,poll
2026-03-20 10:04:15.690,gvl_C,bValve_C,False,poll
2026-03-20 10:04:15.690,gvl_HBW,bReferenceSwitch_HBW_horizontal,True,poll
2026-03-20 10:04:15.690,gvl_HBW,bLightBarrier_HBW_inside,True,poll
2026-03-20 10:04:15.690,gvl_HBW,bLightBarrier_HBW_outside,True,poll
2026-03-20 10:04:15.690,gvl_HBW,bReferenceSwitch_HBW_vertical,False,poll
2026-03-20 10:04:15.690,gvl_HBW,bReferenceSwitch_HBW_Cantilever_front,False,poll
2026-03-20 10:04:15.690,gvl_HBW,bReferenceSwitch_HBW_Cantilever_back,False,poll
2026-03-20 10:04:15.690,gvl_HBW,bTrailSensor_HBW_bottom,True,poll
2026-03-20 10:04:15.690,gvl_HBW,bTrailSensor_HBW_top,True,poll
2026-03-20 10:04:15.690,gvl_HBW,bEncoderImpulse_HBW_horizontal1,False,poll
2026-03-20 10:04:15.690,gvl_HBW,bEncoderImpulse_HBW_horizontal2,True,poll
2026-03-20 10:04:15.690,gvl_HBW,bEncoderImpulse_HBW_vertical1,False,poll
2026-03-20 10:04:15.690,gvl_HBW,bEncoderImpulse_HBW_vertical2,False,poll
2026-03-20 10:04:15.690,gvl_HBW,bMotor_HBW_ConveyorBelt_forward,False,poll
2026-03-20 10:04:15.690,gvl_HBW,bMotor_HBW_ConveyorBelt_backward,False,poll
2026-03-20 10:04:15.690,gvl_HBW,bMotor_HBW_StackerCrane_torack,False,poll
2026-03-20 10:04:15.690,gvl_HBW,bMotor_HBW_StackerCrane_toconveyorbelt,False,poll
2026-03-20 10:04:15.690,gvl_HBW,bMotor_HBW_StackerCrane_downward,False,poll
2026-03-20 10:04:15.690,gvl_HBW,bMotor_HBW_StackerCrane_upward,False,poll
2026-03-20 10:04:15.690,gvl_HBW,bMotor_HBW_Cantilever_forward,False,poll
2026-03-20 10:04:15.690,gvl_HBW,bMotor_HBW_Cantilever_backward,False,poll
2026-03-20 10:04:15.690,gvl_MS,bReferenceSwitch_MS_Turntable_attransferunit,False,poll
2026-03-20 10:04:15.690,gvl_MS,bReferenceSwitch_MS_Turntable_atconveyorbelt,False,poll
2026-03-20 10:04:15.690,gvl_MS,bLightBarrier_MS_conveyorbelt,False,poll
2026-03-20 10:04:15.690,gvl_MS,bReferenceSwitch_MS_Turntable_atsaw,False,poll
2026-03-20 10:04:15.690,gvl_MS,bReferenceSwitch_MS_TransferUnit_atturntable,True,poll
2026-03-20 10:04:15.690,gvl_MS,bReferenceSwitch_MS_OvenSlider_inside,False,poll
2026-03-20 10:04:15.690,gvl_MS,bReferenceSwitch_MS_OvenSlider_outside,True,poll
2026-03-20 10:04:15.690,gvl_MS,bReferenceSwitch_MS_TransferUnit_atoven,False,poll
2026-03-20 10:04:15.690,gvl_MS,bLightBarrier_MS_oven,True,poll
2026-03-20 10:04:15.690,gvl_MS,bMotor_MS_Turntable_clockwise,False,poll
2026-03-20 10:04:15.690,gvl_MS,bMotor_MS_Turntable_counterclockwise,False,poll
2026-03-20 10:04:15.690,gvl_MS,bMotor_MS_ConveyorBelt_forward,False,poll
2026-03-20 10:04:15.690,gvl_MS,bMotor_MS_Saw,False,poll
2026-03-20 10:04:15.690,gvl_MS,bMotor_MS_OvenSlider_movein,False,poll
2026-03-20 10:04:15.690,gvl_MS,bMotor_MS_OvenSlider_moveout,False,poll
2026-03-20 10:04:15.690,gvl_MS,bMotor_MS_TransferUnit_tooven,False,poll
2026-03-20 10:04:15.690,gvl_MS,bMotor_MS_TransferUnit_toturntable,False,poll
2026-03-20 10:04:15.690,gvl_MS,bLamp_MS,False,poll
2026-03-20 10:04:15.690,gvl_MS,bCompressor_MS,False,poll
2026-03-20 10:04:15.690,gvl_MS,bValve_MS_Vacuum,False,poll
2026-03-20 10:04:15.813,gvl_SL,iColorSensor_SL,1,event
2026-03-20 10:04:15.690,gvl_MS,bValve_MS_TransferUnit,False,poll
2026-03-20 10:04:15.690,gvl_MS,bValve_MS_OvenDoor,False,poll
2026-03-20 10:04:15.690,gvl_MS,bValve_MS_Ejector,False,poll
2026-03-20 10:04:15.690,gvl_PM,bLightBarrier_PM_entry,True,poll
2026-03-20 10:04:15.690,gvl_PM,bLightBarrier_PM_tool,True,poll
2026-03-20 10:04:15.690,gvl_PM,bReferenceSwitch_PM_top,False,poll
2026-03-20 10:04:15.690,gvl_PM,bReferenceSwitch_PM_bottom,True,poll
2026-03-20 10:04:15.690,gvl_PM,bMotor_PM_ConveyorBelt_forward,False,poll
2026-03-20 10:04:15.690,gvl_PM,bMotor_PM_ConveyorBelt_backward,False,poll
2026-03-20 10:04:15.690,gvl_PM,bMotor_PM_Tool_upward,False,poll
2026-03-20 10:04:15.690,gvl_PM,bMotor_PM_Tool_downward,False,poll
2026-03-20 10:04:15.690,gvl_SL,bPulseCounter_SL,False,poll
2026-03-20 10:04:15.690,gvl_SL,bLightBarrier_SL_beforecolor,True,poll
2026-03-20 10:04:15.690,gvl_SL,bLightBarrier_SL_aftercolor,True,poll
2026-03-20 10:04:15.690,gvl_SL,bLightBarrier_SL_white,True,poll
2026-03-20 10:04:15.690,gvl_SL,bLightBarrier_SL_red,True,poll
2026-03-20 10:04:15.690,gvl_SL,bLightBarrier_SL_blue,True,poll
2026-03-20 10:04:15.690,gvl_SL,iColorSensor_SL,0,poll
2026-03-20 10:04:15.690,gvl_SL,bMotor_SL_ConveyorBelt,False,poll
2026-03-20 10:04:15.690,gvl_SL,bCompressor_SL,False,poll
2026-03-20 10:04:15.690,gvl_SL,bValve_SL_white,False,poll
2026-03-20 10:04:15.690,gvl_SL,bValve_SL_red,False,poll
2026-03-20 10:04:15.690,gvl_SL,bValve_SL_blue,False,poll
2026-03-20 10:04:15.690,LocalVariables,iC_CoordH,35,poll
2026-03-20 10:04:15.690,LocalVariables,iC_CoordV,0,poll
2026-03-20 10:04:15.690,LocalVariables,iC_CoordR,35,poll
2026-03-20 10:04:15.690,LocalVariables,eC_PickingStation,0,poll
2026-03-20 10:04:15.690,LocalVariables,eC_PlacingStation,0,poll
2026-03-20 10:04:15.690,LocalVariables,iC_Coord_Picking,"[[1340, 170, 150, 445], [380, 800, 367, 435], [800, 301, 580, 800]]",poll
2026-03-20 10:04:15.690,LocalVariables,iC_Coord_Placing,"[[890, 870], [500, 1343], [180, 150]]",poll
2026-03-20 10:04:16.214,gvl_SL,iColorSensor_SL,0,event
2026-03-20 10:04:16.377,gvl_C,bReferenceSwitch_C_vertical,True,poll
2026-03-20 10:04:16.377,gvl_C,bReferenceSwitch_C_horizontal,False,poll
2026-03-20 10:04:16.377,gvl_C,bReferenceSwitch_C_rotate,False,poll
2026-03-20 10:04:16.377,gvl_C,bEncoderImpulse_C_vertical1,False,poll
2026-03-20 10:04:16.377,gvl_C,bEncoderImpulse_C_vertical2,True,poll
2026-03-20 10:04:16.377,gvl_C,bEncoderImpulse_C_horizontal1,False,poll
2026-03-20 10:04:16.377,gvl_C,bEncoderImpulse_C_horizontal2,True,poll
2026-03-20 10:04:16.377,gvl_C,bEncoderImpulse_C_rotate1,True,poll
2026-03-20 10:04:16.377,gvl_C,bEncoderImpulse_C_rotate2,False,poll
2026-03-20 10:04:16.377,gvl_C,bMotor_C_upward,False,poll
2026-03-20 10:04:16.377,gvl_C,bMotor_C_downward,False,poll
2026-03-20 10:04:16.377,gvl_C,bMotor_C_backward,False,poll
2026-03-20 10:04:16.377,gvl_C,bMotor_C_forward,False,poll
2026-03-20 10:04:16.377,gvl_C,bMotor_C_clockwise,False,poll
2026-03-20 10:04:16.377,gvl_C,bMotor_C_counterclockwise,False,poll
2026-03-20 10:04:16.377,gvl_C,bCompressor_C,False,poll
2026-03-20 10:04:16.377,gvl_C,bValve_C,False,poll
2026-03-20 10:04:16.377,gvl_HBW,bReferenceSwitch_HBW_horizontal,True,poll
2026-03-20 10:04:16.377,gvl_HBW,bLightBarrier_HBW_inside,True,poll
2026-03-20 10:04:16.377,gvl_HBW,bLightBarrier_HBW_outside,True,poll
2026-03-20 10:04:16.377,gvl_HBW,bReferenceSwitch_HBW_vertical,False,poll
2026-03-20 10:04:16.377,gvl_HBW,bReferenceSwitch_HBW_Cantilever_front,False,poll
2026-03-20 10:04:16.377,gvl_HBW,bReferenceSwitch_HBW_Cantilever_back,False,poll
2026-03-20 10:04:16.377,gvl_HBW,bTrailSensor_HBW_bottom,True,poll
2026-03-20 10:04:16.377,gvl_HBW,bTrailSensor_HBW_top,True,poll
2026-03-20 10:04:16.377,gvl_HBW,bEncoderImpulse_HBW_horizontal1,False,poll
2026-03-20 10:04:16.377,gvl_HBW,bEncoderImpulse_HBW_horizontal2,True,poll
2026-03-20 10:04:16.377,gvl_HBW,bEncoderImpulse_HBW_vertical1,False,poll
2026-03-20 10:04:16.377,gvl_HBW,bEncoderImpulse_HBW_vertical2,False,poll
2026-03-20 10:04:16.377,gvl_HBW,bMotor_HBW_ConveyorBelt_forward,False,poll
2026-03-20 10:04:16.377,gvl_HBW,bMotor_HBW_ConveyorBelt_backward,False,poll
2026-03-20 10:04:16.377,gvl_HBW,bMotor_HBW_StackerCrane_torack,False,poll
2026-03-20 10:04:16.377,gvl_HBW,bMotor_HBW_StackerCrane_toconveyorbelt,False,poll
2026-03-20 10:04:16.377,gvl_HBW,bMotor_HBW_StackerCrane_downward,False,poll
2026-03-20 10:04:16.377,gvl_HBW,bMotor_HBW_StackerCrane_upward,False,poll
2026-03-20 10:04:16.377,gvl_HBW,bMotor_HBW_Cantilever_forward,False,poll
2026-03-20 10:04:16.377,gvl_HBW,bMotor_HBW_Cantilever_backward,False,poll
2026-03-20 10:04:16.377,gvl_MS,bReferenceSwitch_MS_Turntable_attransferunit,False,poll
2026-03-20 10:04:16.377,gvl_MS,bReferenceSwitch_MS_Turntable_atconveyorbelt,False,poll
2026-03-20 10:04:16.377,gvl_MS,bLightBarrier_MS_conveyorbelt,False,poll
2026-03-20 10:04:16.377,gvl_MS,bReferenceSwitch_MS_Turntable_atsaw,False,poll
2026-03-20 10:04:16.377,gvl_MS,bReferenceSwitch_MS_TransferUnit_atturntable,True,poll
2026-03-20 10:04:16.377,gvl_MS,bReferenceSwitch_MS_OvenSlider_inside,False,poll
2026-03-20 10:04:16.377,gvl_MS,bReferenceSwitch_MS_OvenSlider_outside,True,poll
2026-03-20 10:04:16.377,gvl_MS,bReferenceSwitch_MS_TransferUnit_atoven,False,poll
2026-03-20 10:04:16.377,gvl_MS,bLightBarrier_MS_oven,True,poll
2026-03-20 10:04:16.377,gvl_MS,bMotor_MS_Turntable_clockwise,False,poll
2026-03-20 10:04:16.377,gvl_MS,bMotor_MS_Turntable_counterclockwise,False,poll
2026-03-20 10:04:16.377,gvl_MS,bMotor_MS_ConveyorBelt_forward,False,poll
2026-03-20 10:04:16.377,gvl_MS,bMotor_MS_Saw,False,poll
2026-03-20 10:04:16.377,gvl_MS,bMotor_MS_OvenSlider_movein,False,poll
2026-03-20 10:04:16.377,gvl_MS,bMotor_MS_OvenSlider_moveout,False,poll
2026-03-20 10:04:16.377,gvl_MS,bMotor_MS_TransferUnit_tooven,False,poll
2026-03-20 10:04:16.377,gvl_MS,bMotor_MS_TransferUnit_toturntable,False,poll
2026-03-20 10:04:16.377,gvl_MS,bLamp_MS,False,poll
2026-03-20 10:04:16.377,gvl_MS,bCompressor_MS,False,poll
2026-03-20 10:04:16.377,gvl_MS,bValve_MS_Vacuum,False,poll
2026-03-20 10:04:16.377,gvl_MS,bValve_MS_TransferUnit,False,poll
2026-03-20 10:04:16.377,gvl_MS,bValve_MS_OvenDoor,False,poll
2026-03-20 10:04:16.377,gvl_MS,bValve_MS_Ejector,False,poll
2026-03-20 10:04:16.377,gvl_PM,bLightBarrier_PM_entry,True,poll
2026-03-20 10:04:16.377,gvl_PM,bLightBarrier_PM_tool,True,poll
2026-03-20 10:04:16.377,gvl_PM,bReferenceSwitch_PM_top,False,poll
2026-03-20 10:04:16.377,gvl_PM,bReferenceSwitch_PM_bottom,True,poll
2026-03-20 10:04:16.377,gvl_PM,bMotor_PM_ConveyorBelt_forward,False,poll
2026-03-20 10:04:16.377,gvl_PM,bMotor_PM_ConveyorBelt_backward,False,poll
2026-03-20 10:04:16.377,gvl_PM,bMotor_PM_Tool_upward,False,poll
2026-03-20 10:04:16.377,gvl_PM,bMotor_PM_Tool_downward,False,poll
2026-03-20 10:04:16.377,gvl_SL,bPulseCounter_SL,False,poll
2026-03-20 10:04:16.377,gvl_SL,bLightBarrier_SL_beforecolor,True,poll
2026-03-20 10:04:16.377,gvl_SL,bLightBarrier_SL_aftercolor,True,poll
2026-03-20 10:04:16.377,gvl_SL,bLightBarrier_SL_white,True,poll
2026-03-20 10:04:16.377,gvl_SL,bLightBarrier_SL_red,True,poll
2026-03-20 10:04:16.377,gvl_SL,bLightBarrier_SL_blue,True,poll
2026-03-20 10:04:16.377,gvl_SL,iColorSensor_SL,0,poll
2026-03-20 10:04:16.377,gvl_SL,bMotor_SL_ConveyorBelt,False,poll
2026-03-20 10:04:16.377,gvl_SL,bCompressor_SL,False,poll
2026-03-20 10:04:16.377,gvl_SL,bValve_SL_white,False,poll
2026-03-20 10:04:16.377,gvl_SL,bValve_SL_red,False,poll
2026-03-20 10:04:16.377,gvl_SL,bValve_SL_blue,False,poll
2026-03-20 10:04:16.377,LocalVariables,iC_CoordH,35,poll
2026-03-20 10:04:16.377,LocalVariables,iC_CoordV,0,poll
2026-03-20 10:04:16.377,LocalVariables,iC_CoordR,35,poll
2026-03-20 10:04:16.377,LocalVariables,eC_PickingStation,0,poll
2026-03-20 10:04:16.377,LocalVariables,eC_PlacingStation,0,poll
2026-03-20 10:04:16.377,LocalVariables,iC_Coord_Picking,"[[1340, 170, 150, 445], [380, 800, 367, 435], [800, 301, 580, 800]]",poll
2026-03-20 10:04:16.377,LocalVariables,iC_Coord_Placing,"[[890, 870], [500, 1343], [180, 150]]",poll
2026-03-20 10:04:17.013,gvl_SL,iColorSensor_SL,1,event
2026-03-20 10:04:17.114,gvl_SL,iColorSensor_SL,0,event
2026-03-20 10:04:17.165,gvl_C,bReferenceSwitch_C_vertical,True,poll
2026-03-20 10:04:17.165,gvl_C,bReferenceSwitch_C_horizontal,False,poll
2026-03-20 10:04:17.165,gvl_C,bReferenceSwitch_C_rotate,False,poll
2026-03-20 10:04:17.165,gvl_C,bEncoderImpulse_C_vertical1,False,poll
2026-03-20 10:04:17.165,gvl_C,bEncoderImpulse_C_vertical2,True,poll
2026-03-20 10:04:17.165,gvl_C,bEncoderImpulse_C_horizontal1,False,poll
2026-03-20 10:04:17.165,gvl_C,bEncoderImpulse_C_horizontal2,True,poll
2026-03-20 10:04:17.165,gvl_C,bEncoderImpulse_C_rotate1,True,poll
2026-03-20 10:04:17.165,gvl_C,bEncoderImpulse_C_rotate2,False,poll
2026-03-20 10:04:17.165,gvl_C,bMotor_C_upward,False,poll
2026-03-20 10:04:17.165,gvl_C,bMotor_C_downward,False,poll
2026-03-20 10:04:17.165,gvl_C,bMotor_C_backward,False,poll
2026-03-20 10:04:17.165,gvl_C,bMotor_C_forward,False,poll
2026-03-20 10:04:17.165,gvl_C,bMotor_C_clockwise,False,poll
2026-03-20 10:04:17.165,gvl_C,bMotor_C_counterclockwise,False,poll
2026-03-20 10:04:17.165,gvl_C,bCompressor_C,False,poll
2026-03-20 10:04:17.165,gvl_C,bValve_C,False,poll
2026-03-20 10:04:17.165,gvl_HBW,bReferenceSwitch_HBW_horizontal,True,poll
2026-03-20 10:04:17.165,gvl_HBW,bLightBarrier_HBW_inside,True,poll
2026-03-20 10:04:17.165,gvl_HBW,bLightBarrier_HBW_outside,True,poll
2026-03-20 10:04:17.165,gvl_HBW,bReferenceSwitch_HBW_vertical,False,poll
2026-03-20 10:04:17.165,gvl_HBW,bReferenceSwitch_HBW_Cantilever_front,False,poll
2026-03-20 10:04:17.165,gvl_HBW,bReferenceSwitch_HBW_Cantilever_back,False,poll
2026-03-20 10:04:17.165,gvl_HBW,bTrailSensor_HBW_bottom,True,poll
2026-03-20 10:04:17.165,gvl_HBW,bTrailSensor_HBW_top,True,poll
2026-03-20 10:04:17.165,gvl_HBW,bEncoderImpulse_HBW_horizontal1,False,poll
2026-03-20 10:04:17.165,gvl_HBW,bEncoderImpulse_HBW_horizontal2,True,poll
2026-03-20 10:04:17.165,gvl_HBW,bEncoderImpulse_HBW_vertical1,False,poll
2026-03-20 10:04:17.165,gvl_HBW,bEncoderImpulse_HBW_vertical2,False,poll
2026-03-20 10:04:17.165,gvl_HBW,bMotor_HBW_ConveyorBelt_forward,False,poll
2026-03-20 10:04:17.165,gvl_HBW,bMotor_HBW_ConveyorBelt_backward,False,poll
2026-03-20 10:04:17.165,gvl_HBW,bMotor_HBW_StackerCrane_torack,False,poll
2026-03-20 10:04:17.165,gvl_HBW,bMotor_HBW_StackerCrane_toconveyorbelt,False,poll
2026-03-20 10:04:17.165,gvl_HBW,bMotor_HBW_StackerCrane_downward,False,poll
2026-03-20 10:04:17.165,gvl_HBW,bMotor_HBW_StackerCrane_upward,False,poll
2026-03-20 10:04:17.165,gvl_HBW,bMotor_HBW_Cantilever_forward,False,poll
2026-03-20 10:04:17.165,gvl_HBW,bMotor_HBW_Cantilever_backward,False,poll
2026-03-20 10:04:17.165,gvl_MS,bReferenceSwitch_MS_Turntable_attransferunit,False,poll
2026-03-20 10:04:17.165,gvl_MS,bReferenceSwitch_MS_Turntable_atconveyorbelt,False,poll
2026-03-20 10:04:17.165,gvl_MS,bLightBarrier_MS_conveyorbelt,False,poll
2026-03-20 10:04:17.165,gvl_MS,bReferenceSwitch_MS_Turntable_atsaw,False,poll
2026-03-20 10:04:17.165,gvl_MS,bReferenceSwitch_MS_TransferUnit_atturntable,True,poll
2026-03-20 10:04:17.165,gvl_MS,bReferenceSwitch_MS_OvenSlider_inside,False,poll
2026-03-20 10:04:17.165,gvl_MS,bReferenceSwitch_MS_OvenSlider_outside,True,poll
2026-03-20 10:04:17.165,gvl_MS,bReferenceSwitch_MS_TransferUnit_atoven,False,poll
2026-03-20 10:04:17.165,gvl_MS,bLightBarrier_MS_oven,True,poll
2026-03-20 10:04:17.165,gvl_MS,bMotor_MS_Turntable_clockwise,False,poll
2026-03-20 10:04:17.165,gvl_MS,bMotor_MS_Turntable_counterclockwise,False,poll
2026-03-20 10:04:17.165,gvl_MS,bMotor_MS_ConveyorBelt_forward,False,poll
2026-03-20 10:04:17.165,gvl_MS,bMotor_MS_Saw,False,poll
2026-03-20 10:04:17.165,gvl_MS,bMotor_MS_OvenSlider_movein,False,poll
2026-03-20 10:04:17.165,gvl_MS,bMotor_MS_OvenSlider_moveout,False,poll
2026-03-20 10:04:17.165,gvl_MS,bMotor_MS_TransferUnit_tooven,False,poll
2026-03-20 10:04:17.165,gvl_MS,bMotor_MS_TransferUnit_toturntable,False,poll
2026-03-20 10:04:17.165,gvl_MS,bLamp_MS,False,poll
2026-03-20 10:04:17.165,gvl_MS,bCompressor_MS,False,poll
2026-03-20 10:04:17.165,gvl_MS,bValve_MS_Vacuum,False,poll
2026-03-20 10:04:17.165,gvl_MS,bValve_MS_TransferUnit,False,poll
2026-03-20 10:04:17.165,gvl_MS,bValve_MS_OvenDoor,False,poll
2026-03-20 10:04:17.165,gvl_MS,bValve_MS_Ejector,False,poll
2026-03-20 10:04:17.165,gvl_PM,bLightBarrier_PM_entry,True,poll
2026-03-20 10:04:17.165,gvl_PM,bLightBarrier_PM_tool,True,poll
2026-03-20 10:04:17.165,gvl_PM,bReferenceSwitch_PM_top,False,poll
2026-03-20 10:04:17.165,gvl_PM,bReferenceSwitch_PM_bottom,True,poll
2026-03-20 10:04:17.165,gvl_PM,bMotor_PM_ConveyorBelt_forward,False,poll
2026-03-20 10:04:17.165,gvl_PM,bMotor_PM_ConveyorBelt_backward,False,poll
2026-03-20 10:04:17.165,gvl_PM,bMotor_PM_Tool_upward,False,poll
2026-03-20 10:04:17.165,gvl_PM,bMotor_PM_Tool_downward,False,poll
2026-03-20 10:04:17.165,gvl_SL,bPulseCounter_SL,False,poll
2026-03-20 10:04:17.165,gvl_SL,bLightBarrier_SL_beforecolor,True,poll
2026-03-20 10:04:17.165,gvl_SL,bLightBarrier_SL_aftercolor,True,poll
2026-03-20 10:04:17.165,gvl_SL,bLightBarrier_SL_white,True,poll
2026-03-20 10:04:17.165,gvl_SL,bLightBarrier_SL_red,True,poll
2026-03-20 10:04:17.165,gvl_SL,bLightBarrier_SL_blue,True,poll
2026-03-20 10:04:17.165,gvl_SL,iColorSensor_SL,0,poll
2026-03-20 10:04:17.165,gvl_SL,bMotor_SL_ConveyorBelt,False,poll
2026-03-20 10:04:17.165,gvl_SL,bCompressor_SL,False,poll
2026-03-20 10:04:17.165,gvl_SL,bValve_SL_white,False,poll
2026-03-20 10:04:17.165,gvl_SL,bValve_SL_red,False,poll
2026-03-20 10:04:17.165,gvl_SL,bValve_SL_blue,False,poll
2026-03-20 10:04:17.165,LocalVariables,iC_CoordH,35,poll
2026-03-20 10:04:17.165,LocalVariables,iC_CoordV,0,poll
2026-03-20 10:04:17.165,LocalVariables,iC_CoordR,35,poll
2026-03-20 10:04:17.165,LocalVariables,eC_PickingStation,0,poll
2026-03-20 10:04:17.165,LocalVariables,eC_PlacingStation,0,poll
2026-03-20 10:04:17.165,LocalVariables,iC_Coord_Picking,"[[1340, 170, 150, 445], [380, 800, 367, 435], [800, 301, 580, 800]]",poll
2026-03-20 10:04:17.165,LocalVariables,iC_Coord_Placing,"[[890, 870], [500, 1343], [180, 150]]",poll
2026-03-20 10:04:17.513,gvl_SL,iColorSensor_SL,1,event
2026-03-20 10:04:17.815,gvl_SL,iColorSensor_SL,0,event
2026-03-20 10:04:17.921,gvl_SL,iColorSensor_SL,1,event
2026-03-20 10:04:17.930,gvl_C,bReferenceSwitch_C_vertical,True,poll
2026-03-20 10:04:17.930,gvl_C,bReferenceSwitch_C_horizontal,False,poll
2026-03-20 10:04:17.930,gvl_C,bReferenceSwitch_C_rotate,False,poll
2026-03-20 10:04:17.930,gvl_C,bEncoderImpulse_C_vertical1,False,poll
2026-03-20 10:04:17.930,gvl_C,bEncoderImpulse_C_vertical2,True,poll
2026-03-20 10:04:17.930,gvl_C,bEncoderImpulse_C_horizontal1,False,poll
2026-03-20 10:04:17.930,gvl_C,bEncoderImpulse_C_horizontal2,True,poll
2026-03-20 10:04:17.930,gvl_C,bEncoderImpulse_C_rotate1,True,poll
2026-03-20 10:04:17.930,gvl_C,bEncoderImpulse_C_rotate2,False,poll
2026-03-20 10:04:17.930,gvl_C,bMotor_C_upward,False,poll
2026-03-20 10:04:17.930,gvl_C,bMotor_C_downward,False,poll
2026-03-20 10:04:17.930,gvl_C,bMotor_C_backward,False,poll
2026-03-20 10:04:17.930,gvl_C,bMotor_C_forward,False,poll
2026-03-20 10:04:17.930,gvl_C,bMotor_C_clockwise,False,poll
2026-03-20 10:04:17.930,gvl_C,bMotor_C_counterclockwise,False,poll
2026-03-20 10:04:17.930,gvl_C,bCompressor_C,False,poll
2026-03-20 10:04:17.930,gvl_C,bValve_C,False,poll
2026-03-20 10:04:17.930,gvl_HBW,bReferenceSwitch_HBW_horizontal,True,poll
2026-03-20 10:04:17.930,gvl_HBW,bLightBarrier_HBW_inside,True,poll
2026-03-20 10:04:17.930,gvl_HBW,bLightBarrier_HBW_outside,False,poll
2026-03-20 10:04:17.930,gvl_HBW,bReferenceSwitch_HBW_vertical,False,poll
2026-03-20 10:04:17.930,gvl_HBW,bReferenceSwitch_HBW_Cantilever_front,False,poll
2026-03-20 10:04:17.930,gvl_HBW,bReferenceSwitch_HBW_Cantilever_back,False,poll
2026-03-20 10:04:18.013,gvl_SL,iColorSensor_SL,0,event
2026-03-20 10:04:17.930,gvl_HBW,bTrailSensor_HBW_bottom,True,poll
2026-03-20 10:04:17.930,gvl_HBW,bTrailSensor_HBW_top,True,poll
2026-03-20 10:04:17.930,gvl_HBW,bEncoderImpulse_HBW_horizontal1,False,poll
2026-03-20 10:04:17.930,gvl_HBW,bEncoderImpulse_HBW_horizontal2,True,poll
2026-03-20 10:04:17.930,gvl_HBW,bEncoderImpulse_HBW_vertical1,False,poll
2026-03-20 10:04:17.930,gvl_HBW,bEncoderImpulse_HBW_vertical2,False,poll
2026-03-20 10:04:17.930,gvl_HBW,bMotor_HBW_ConveyorBelt_forward,False,poll
2026-03-20 10:04:17.930,gvl_HBW,bMotor_HBW_ConveyorBelt_backward,False,poll
2026-03-20 10:04:17.930,gvl_HBW,bMotor_HBW_StackerCrane_torack,False,poll
2026-03-20 10:04:17.930,gvl_HBW,bMotor_HBW_StackerCrane_toconveyorbelt,False,poll
2026-03-20 10:04:17.930,gvl_HBW,bMotor_HBW_StackerCrane_downward,False,poll
2026-03-20 10:04:17.930,gvl_HBW,bMotor_HBW_StackerCrane_upward,False,poll
2026-03-20 10:04:17.930,gvl_HBW,bMotor_HBW_Cantilever_forward,False,poll
2026-03-20 10:04:17.930,gvl_HBW,bMotor_HBW_Cantilever_backward,False,poll
2026-03-20 10:04:17.930,gvl_MS,bReferenceSwitch_MS_Turntable_attransferunit,False,poll
2026-03-20 10:04:17.930,gvl_MS,bReferenceSwitch_MS_Turntable_atconveyorbelt,False,poll
2026-03-20 10:04:17.930,gvl_MS,bLightBarrier_MS_conveyorbelt,False,poll
2026-03-20 10:04:17.930,gvl_MS,bReferenceSwitch_MS_Turntable_atsaw,False,poll
2026-03-20 10:04:17.930,gvl_MS,bReferenceSwitch_MS_TransferUnit_atturntable,True,poll
2026-03-20 10:04:17.930,gvl_MS,bReferenceSwitch_MS_OvenSlider_inside,False,poll
2026-03-20 10:04:17.930,gvl_MS,bReferenceSwitch_MS_OvenSlider_outside,True,poll
2026-03-20 10:04:17.930,gvl_MS,bReferenceSwitch_MS_TransferUnit_atoven,False,poll
2026-03-20 10:04:17.930,gvl_MS,bLightBarrier_MS_oven,True,poll
2026-03-20 10:04:17.930,gvl_MS,bMotor_MS_Turntable_clockwise,False,poll
2026-03-20 10:04:17.930,gvl_MS,bMotor_MS_Turntable_counterclockwise,False,poll
2026-03-20 10:04:17.930,gvl_MS,bMotor_MS_ConveyorBelt_forward,False,poll
2026-03-20 10:04:17.930,gvl_MS,bMotor_MS_Saw,False,poll
2026-03-20 10:04:17.930,gvl_MS,bMotor_MS_OvenSlider_movein,False,poll
2026-03-20 10:04:17.930,gvl_MS,bMotor_MS_OvenSlider_moveout,False,poll
2026-03-20 10:04:17.930,gvl_MS,bMotor_MS_TransferUnit_tooven,False,poll
2026-03-20 10:04:17.930,gvl_MS,bMotor_MS_TransferUnit_toturntable,False,poll
2026-03-20 10:04:17.930,gvl_MS,bLamp_MS,False,poll
2026-03-20 10:04:17.930,gvl_MS,bCompressor_MS,False,poll
2026-03-20 10:04:17.930,gvl_MS,bValve_MS_Vacuum,False,poll
2026-03-20 10:04:17.930,gvl_MS,bValve_MS_TransferUnit,False,poll
2026-03-20 10:04:17.930,gvl_MS,bValve_MS_OvenDoor,False,poll
2026-03-20 10:04:17.930,gvl_MS,bValve_MS_Ejector,False,poll
2026-03-20 10:04:17.930,gvl_PM,bLightBarrier_PM_entry,True,poll
2026-03-20 10:04:17.930,gvl_PM,bLightBarrier_PM_tool,True,poll
2026-03-20 10:04:17.930,gvl_PM,bReferenceSwitch_PM_top,False,poll
2026-03-20 10:04:17.930,gvl_PM,bReferenceSwitch_PM_bottom,True,poll
2026-03-20 10:04:17.930,gvl_PM,bMotor_PM_ConveyorBelt_forward,False,poll
2026-03-20 10:04:17.930,gvl_PM,bMotor_PM_ConveyorBelt_backward,False,poll
2026-03-20 10:04:17.930,gvl_PM,bMotor_PM_Tool_upward,False,poll
2026-03-20 10:04:17.930,gvl_PM,bMotor_PM_Tool_downward,False,poll
2026-03-20 10:04:17.930,gvl_SL,bPulseCounter_SL,False,poll
2026-03-20 10:04:17.930,gvl_SL,bLightBarrier_SL_beforecolor,True,poll
2026-03-20 10:04:17.930,gvl_SL,bLightBarrier_SL_aftercolor,True,poll
2026-03-20 10:04:17.930,gvl_SL,bLightBarrier_SL_white,True,poll
2026-03-20 10:04:17.930,gvl_SL,bLightBarrier_SL_red,True,poll
2026-03-20 10:04:17.930,gvl_SL,bLightBarrier_SL_blue,True,poll
2026-03-20 10:04:17.930,gvl_SL,iColorSensor_SL,0,poll
2026-03-20 10:04:17.930,gvl_SL,bMotor_SL_ConveyorBelt,False,poll
2026-03-20 10:04:17.930,gvl_SL,bCompressor_SL,False,poll
2026-03-20 10:04:17.930,gvl_SL,bValve_SL_white,False,poll
2026-03-20 10:04:17.930,gvl_SL,bValve_SL_red,False,poll
2026-03-20 10:04:17.930,gvl_SL,bValve_SL_blue,False,poll
2026-03-20 10:04:17.930,LocalVariables,iC_CoordH,35,poll
2026-03-20 10:04:17.930,LocalVariables,iC_CoordV,0,poll
2026-03-20 10:04:17.930,LocalVariables,iC_CoordR,35,poll
2026-03-20 10:04:17.930,LocalVariables,eC_PickingStation,0,poll
2026-03-20 10:04:17.930,LocalVariables,eC_PlacingStation,0,poll
2026-03-20 10:04:17.930,LocalVariables,iC_Coord_Picking,"[[1340, 170, 150, 445], [380, 800, 367, 435], [800, 301, 580, 800]]",poll
2026-03-20 10:04:17.930,LocalVariables,iC_Coord_Placing,"[[890, 870], [500, 1343], [180, 150]]",poll
2026-03-20 10:04:18.213,gvl_HBW,bLightBarrier_HBW_outside,False,event
2026-03-20 10:04:18.413,gvl_SL,iColorSensor_SL,1,event
2026-03-20 10:04:18.513,gvl_SL,iColorSensor_SL,0,event
2026-03-20 10:04:18.704,gvl_C,bReferenceSwitch_C_vertical,True,poll
2026-03-20 10:04:18.704,gvl_C,bReferenceSwitch_C_horizontal,False,poll
2026-03-20 10:04:18.704,gvl_C,bReferenceSwitch_C_rotate,False,poll
2026-03-20 10:04:18.704,gvl_C,bEncoderImpulse_C_vertical1,False,poll
2026-03-20 10:04:18.704,gvl_C,bEncoderImpulse_C_vertical2,True,poll
2026-03-20 10:04:18.704,gvl_C,bEncoderImpulse_C_horizontal1,False,poll
2026-03-20 10:04:18.704,gvl_C,bEncoderImpulse_C_horizontal2,True,poll
2026-03-20 10:04:18.704,gvl_C,bEncoderImpulse_C_rotate1,True,poll
2026-03-20 10:04:18.704,gvl_C,bEncoderImpulse_C_rotate2,False,poll
2026-03-20 10:04:18.704,gvl_C,bMotor_C_upward,False,poll
2026-03-20 10:04:18.704,gvl_C,bMotor_C_downward,False,poll
2026-03-20 10:04:18.704,gvl_C,bMotor_C_backward,False,poll
2026-03-20 10:04:18.704,gvl_C,bMotor_C_forward,False,poll
2026-03-20 10:04:18.704,gvl_C,bMotor_C_clockwise,False,poll
2026-03-20 10:04:18.704,gvl_C,bMotor_C_counterclockwise,False,poll
2026-03-20 10:04:18.704,gvl_C,bCompressor_C,False,poll
2026-03-20 10:04:18.704,gvl_C,bValve_C,False,poll
2026-03-20 10:04:18.704,gvl_HBW,bReferenceSwitch_HBW_horizontal,True,poll
2026-03-20 10:04:18.704,gvl_HBW,bLightBarrier_HBW_inside,True,poll
2026-03-20 10:04:18.704,gvl_HBW,bLightBarrier_HBW_outside,False,poll
2026-03-20 10:04:18.704,gvl_HBW,bReferenceSwitch_HBW_vertical,False,poll
2026-03-20 10:04:18.704,gvl_HBW,bReferenceSwitch_HBW_Cantilever_front,False,poll
2026-03-20 10:04:18.704,gvl_HBW,bReferenceSwitch_HBW_Cantilever_back,False,poll
2026-03-20 10:04:18.704,gvl_HBW,bTrailSensor_HBW_bottom,True,poll
2026-03-20 10:04:18.704,gvl_HBW,bTrailSensor_HBW_top,True,poll
2026-03-20 10:04:18.704,gvl_HBW,bEncoderImpulse_HBW_horizontal1,False,poll
2026-03-20 10:04:18.814,gvl_SL,iColorSensor_SL,1,event
2026-03-20 10:04:18.704,gvl_HBW,bEncoderImpulse_HBW_horizontal2,True,poll
2026-03-20 10:04:18.704,gvl_HBW,bEncoderImpulse_HBW_vertical1,False,poll
2026-03-20 10:04:18.704,gvl_HBW,bEncoderImpulse_HBW_vertical2,False,poll
2026-03-20 10:04:18.704,gvl_HBW,bMotor_HBW_ConveyorBelt_forward,False,poll
2026-03-20 10:04:18.704,gvl_HBW,bMotor_HBW_ConveyorBelt_backward,False,poll
2026-03-20 10:04:18.704,gvl_HBW,bMotor_HBW_StackerCrane_torack,False,poll
2026-03-20 10:04:18.704,gvl_HBW,bMotor_HBW_StackerCrane_toconveyorbelt,False,poll
2026-03-20 10:04:18.704,gvl_HBW,bMotor_HBW_StackerCrane_downward,False,poll
2026-03-20 10:04:18.704,gvl_HBW,bMotor_HBW_StackerCrane_upward,False,poll
2026-03-20 10:04:18.704,gvl_HBW,bMotor_HBW_Cantilever_forward,False,poll
2026-03-20 10:04:18.704,gvl_HBW,bMotor_HBW_Cantilever_backward,False,poll
2026-03-20 10:04:18.704,gvl_MS,bReferenceSwitch_MS_Turntable_attransferunit,False,poll
2026-03-20 10:04:18.704,gvl_MS,bReferenceSwitch_MS_Turntable_atconveyorbelt,False,poll
2026-03-20 10:04:18.704,gvl_MS,bLightBarrier_MS_conveyorbelt,False,poll
2026-03-20 10:04:18.704,gvl_MS,bReferenceSwitch_MS_Turntable_atsaw,False,poll
2026-03-20 10:04:18.704,gvl_MS,bReferenceSwitch_MS_TransferUnit_atturntable,True,poll
2026-03-20 10:04:18.704,gvl_MS,bReferenceSwitch_MS_OvenSlider_inside,False,poll
2026-03-20 10:04:18.704,gvl_MS,bReferenceSwitch_MS_OvenSlider_outside,True,poll
2026-03-20 10:04:18.704,gvl_MS,bReferenceSwitch_MS_TransferUnit_atoven,False,poll
2026-03-20 10:04:18.704,gvl_MS,bLightBarrier_MS_oven,True,poll
2026-03-20 10:04:18.704,gvl_MS,bMotor_MS_Turntable_clockwise,False,poll
2026-03-20 10:04:18.704,gvl_MS,bMotor_MS_Turntable_counterclockwise,False,poll
2026-03-20 10:04:18.704,gvl_MS,bMotor_MS_ConveyorBelt_forward,False,poll
2026-03-20 10:04:18.704,gvl_MS,bMotor_MS_Saw,False,poll
2026-03-20 10:04:18.704,gvl_MS,bMotor_MS_OvenSlider_movein,False,poll
2026-03-20 10:04:18.704,gvl_MS,bMotor_MS_OvenSlider_moveout,False,poll
2026-03-20 10:04:18.704,gvl_MS,bMotor_MS_TransferUnit_tooven,False,poll
2026-03-20 10:04:18.704,gvl_MS,bMotor_MS_TransferUnit_toturntable,False,poll
2026-03-20 10:04:18.913,gvl_SL,iColorSensor_SL,0,event
2026-03-20 10:04:18.704,gvl_MS,bLamp_MS,False,poll
2026-03-20 10:04:18.704,gvl_MS,bCompressor_MS,False,poll
2026-03-20 10:04:18.704,gvl_MS,bValve_MS_Vacuum,False,poll
2026-03-20 10:04:18.704,gvl_MS,bValve_MS_TransferUnit,False,poll
2026-03-20 10:04:18.704,gvl_MS,bValve_MS_OvenDoor,False,poll
2026-03-20 10:04:18.704,gvl_MS,bValve_MS_Ejector,False,poll
2026-03-20 10:04:18.704,gvl_PM,bLightBarrier_PM_entry,True,poll
2026-03-20 10:04:18.704,gvl_PM,bLightBarrier_PM_tool,True,poll
2026-03-20 10:04:18.704,gvl_PM,bReferenceSwitch_PM_top,False,poll
2026-03-20 10:04:18.704,gvl_PM,bReferenceSwitch_PM_bottom,True,poll
2026-03-20 10:04:18.704,gvl_PM,bMotor_PM_ConveyorBelt_forward,False,poll
2026-03-20 10:04:18.704,gvl_PM,bMotor_PM_ConveyorBelt_backward,False,poll
2026-03-20 10:04:18.704,gvl_PM,bMotor_PM_Tool_upward,False,poll
2026-03-20 10:04:18.704,gvl_PM,bMotor_PM_Tool_downward,False,poll
2026-03-20 10:04:18.704,gvl_SL,bPulseCounter_SL,False,poll
2026-03-20 10:04:18.704,gvl_SL,bLightBarrier_SL_beforecolor,True,poll
2026-03-20 10:04:18.704,gvl_SL,bLightBarrier_SL_aftercolor,True,poll
2026-03-20 10:04:18.704,gvl_SL,bLightBarrier_SL_white,True,poll
2026-03-20 10:04:18.704,gvl_SL,bLightBarrier_SL_red,True,poll
2026-03-20 10:04:18.704,gvl_SL,bLightBarrier_SL_blue,True,poll
2026-03-20 10:04:18.704,gvl_SL,iColorSensor_SL,0,poll
2026-03-20 10:04:18.704,gvl_SL,bMotor_SL_ConveyorBelt,False,poll
2026-03-20 10:04:18.704,gvl_SL,bCompressor_SL,False,poll
2026-03-20 10:04:18.704,gvl_SL,bValve_SL_white,False,poll
2026-03-20 10:04:18.704,gvl_SL,bValve_SL_red,False,poll
2026-03-20 10:04:18.704,gvl_SL,bValve_SL_blue,False,poll
2026-03-20 10:04:18.704,LocalVariables,iC_CoordH,35,poll
2026-03-20 10:04:18.704,LocalVariables,iC_CoordV,0,poll
2026-03-20 10:04:18.704,LocalVariables,iC_CoordR,35,poll
2026-03-20 10:04:18.704,LocalVariables,eC_PickingStation,0,poll
2026-03-20 10:04:18.704,LocalVariables,eC_PlacingStation,0,poll
2026-03-20 10:04:18.704,LocalVariables,iC_Coord_Picking,"[[1340, 170, 150, 445], [380, 800, 367, 435], [800, 301, 580, 800]]",poll
2026-03-20 10:04:18.704,LocalVariables,iC_Coord_Placing,"[[890, 870], [500, 1343], [180, 150]]",poll
2026-03-20 10:04:19.509,gvl_C,bReferenceSwitch_C_vertical,True,poll
2026-03-20 10:04:19.509,gvl_C,bReferenceSwitch_C_horizontal,False,poll
2026-03-20 10:04:19.509,gvl_C,bReferenceSwitch_C_rotate,False,poll
2026-03-20 10:04:19.509,gvl_C,bEncoderImpulse_C_vertical1,False,poll
2026-03-20 10:04:19.509,gvl_C,bEncoderImpulse_C_vertical2,True,poll
2026-03-20 10:04:19.509,gvl_C,bEncoderImpulse_C_horizontal1,False,poll
2026-03-20 10:04:19.509,gvl_C,bEncoderImpulse_C_horizontal2,True,poll
2026-03-20 10:04:19.509,gvl_C,bEncoderImpulse_C_rotate1,True,poll
2026-03-20 10:04:19.509,gvl_C,bEncoderImpulse_C_rotate2,False,poll
2026-03-20 10:04:19.509,gvl_C,bMotor_C_upward,False,poll
2026-03-20 10:04:19.509,gvl_C,bMotor_C_downward,False,poll
2026-03-20 10:04:19.509,gvl_C,bMotor_C_backward,False,poll
2026-03-20 10:04:19.509,gvl_C,bMotor_C_forward,False,poll
2026-03-20 10:04:19.509,gvl_C,bMotor_C_clockwise,False,poll
2026-03-20 10:04:19.509,gvl_C,bMotor_C_counterclockwise,False,poll
2026-03-20 10:04:19.509,gvl_C,bCompressor_C,False,poll
2026-03-20 10:04:19.509,gvl_C,bValve_C,False,poll
2026-03-20 10:04:19.509,gvl_HBW,bReferenceSwitch_HBW_horizontal,True,poll
2026-03-20 10:04:19.509,gvl_HBW,bLightBarrier_HBW_inside,True,poll
2026-03-20 10:04:19.509,gvl_HBW,bLightBarrier_HBW_outside,True,poll
2026-03-20 10:04:19.509,gvl_HBW,bReferenceSwitch_HBW_vertical,False,poll
2026-03-20 10:04:19.509,gvl_HBW,bReferenceSwitch_HBW_Cantilever_front,False,poll
2026-03-20 10:04:19.509,gvl_HBW,bReferenceSwitch_HBW_Cantilever_back,False,poll
2026-03-20 10:04:19.509,gvl_HBW,bTrailSensor_HBW_bottom,True,poll
2026-03-20 10:04:19.509,gvl_HBW,bTrailSensor_HBW_top,True,poll
2026-03-20 10:04:19.509,gvl_HBW,bEncoderImpulse_HBW_horizontal1,False,poll
2026-03-20 10:04:19.509,gvl_HBW,bEncoderImpulse_HBW_horizontal2,True,poll
2026-03-20 10:04:19.509,gvl_HBW,bEncoderImpulse_HBW_vertical1,False,poll
2026-03-20 10:04:19.509,gvl_HBW,bEncoderImpulse_HBW_vertical2,False,poll
2026-03-20 10:04:19.509,gvl_HBW,bMotor_HBW_ConveyorBelt_forward,False,poll
2026-03-20 10:04:19.509,gvl_HBW,bMotor_HBW_ConveyorBelt_backward,False,poll
2026-03-20 10:04:19.509,gvl_HBW,bMotor_HBW_StackerCrane_torack,False,poll
2026-03-20 10:04:19.509,gvl_HBW,bMotor_HBW_StackerCrane_toconveyorbelt,False,poll
2026-03-20 10:04:19.509,gvl_HBW,bMotor_HBW_StackerCrane_downward,False,poll
2026-03-20 10:04:19.509,gvl_HBW,bMotor_HBW_StackerCrane_upward,False,poll
2026-03-20 10:04:19.509,gvl_HBW,bMotor_HBW_Cantilever_forward,False,poll
2026-03-20 10:04:19.509,gvl_HBW,bMotor_HBW_Cantilever_backward,False,poll
2026-03-20 10:04:19.509,gvl_MS,bReferenceSwitch_MS_Turntable_attransferunit,False,poll
2026-03-20 10:04:19.509,gvl_MS,bReferenceSwitch_MS_Turntable_atconveyorbelt,False,poll
2026-03-20 10:04:19.509,gvl_MS,bLightBarrier_MS_conveyorbelt,False,poll
2026-03-20 10:04:19.509,gvl_MS,bReferenceSwitch_MS_Turntable_atsaw,False,poll
2026-03-20 10:04:19.509,gvl_MS,bReferenceSwitch_MS_TransferUnit_atturntable,True,poll
2026-03-20 10:04:19.509,gvl_MS,bReferenceSwitch_MS_OvenSlider_inside,False,poll
2026-03-20 10:04:19.509,gvl_MS,bReferenceSwitch_MS_OvenSlider_outside,True,poll
2026-03-20 10:04:19.509,gvl_MS,bReferenceSwitch_MS_TransferUnit_atoven,False,poll
2026-03-20 10:04:19.509,gvl_MS,bLightBarrier_MS_oven,True,poll
2026-03-20 10:04:19.509,gvl_MS,bMotor_MS_Turntable_clockwise,False,poll
2026-03-20 10:04:19.509,gvl_MS,bMotor_MS_Turntable_counterclockwise,False,poll
2026-03-20 10:04:19.509,gvl_MS,bMotor_MS_ConveyorBelt_forward,False,poll
2026-03-20 10:04:19.509,gvl_MS,bMotor_MS_Saw,False,poll
2026-03-20 10:04:19.509,gvl_MS,bMotor_MS_OvenSlider_movein,False,poll
2026-03-20 10:04:19.613,gvl_SL,iColorSensor_SL,1,event
2026-03-20 10:04:19.509,gvl_MS,bMotor_MS_OvenSlider_moveout,False,poll
2026-03-20 10:04:19.509,gvl_MS,bMotor_MS_TransferUnit_tooven,False,poll
2026-03-20 10:04:19.509,gvl_MS,bMotor_MS_TransferUnit_toturntable,False,poll
2026-03-20 10:04:19.509,gvl_MS,bLamp_MS,False,poll
2026-03-20 10:04:19.509,gvl_MS,bCompressor_MS,False,poll
2026-03-20 10:04:19.509,gvl_MS,bValve_MS_Vacuum,False,poll
2026-03-20 10:04:19.509,gvl_MS,bValve_MS_TransferUnit,False,poll
2026-03-20 10:04:19.509,gvl_MS,bValve_MS_OvenDoor,False,poll
2026-03-20 10:04:19.509,gvl_MS,bValve_MS_Ejector,False,poll
2026-03-20 10:04:19.509,gvl_PM,bLightBarrier_PM_entry,True,poll
2026-03-20 10:04:19.509,gvl_PM,bLightBarrier_PM_tool,True,poll
2026-03-20 10:04:19.509,gvl_PM,bReferenceSwitch_PM_top,False,poll
2026-03-20 10:04:19.509,gvl_PM,bReferenceSwitch_PM_bottom,True,poll
2026-03-20 10:04:19.509,gvl_PM,bMotor_PM_ConveyorBelt_forward,False,poll
2026-03-20 10:04:19.509,gvl_PM,bMotor_PM_ConveyorBelt_backward,False,poll
2026-03-20 10:04:19.509,gvl_PM,bMotor_PM_Tool_upward,False,poll
2026-03-20 10:04:19.509,gvl_PM,bMotor_PM_Tool_downward,False,poll
2026-03-20 10:04:19.509,gvl_SL,bPulseCounter_SL,False,poll
2026-03-20 10:04:19.509,gvl_SL,bLightBarrier_SL_beforecolor,True,poll
2026-03-20 10:04:19.509,gvl_SL,bLightBarrier_SL_aftercolor,True,poll
2026-03-20 10:04:19.509,gvl_SL,bLightBarrier_SL_white,True,poll
2026-03-20 10:04:19.509,gvl_SL,bLightBarrier_SL_red,True,poll
2026-03-20 10:04:19.509,gvl_SL,bLightBarrier_SL_blue,True,poll
2026-03-20 10:04:19.509,gvl_SL,iColorSensor_SL,0,poll
2026-03-20 10:04:19.509,gvl_SL,bMotor_SL_ConveyorBelt,False,poll
2026-03-20 10:04:19.509,gvl_SL,bCompressor_SL,False,poll
2026-03-20 10:04:19.509,gvl_SL,bValve_SL_white,False,poll
2026-03-20 10:04:19.509,gvl_SL,bValve_SL_red,False,poll
2026-03-20 10:04:19.509,gvl_SL,bValve_SL_blue,False,poll
2026-03-20 10:04:19.509,LocalVariables,iC_CoordH,35,poll
2026-03-20 10:04:19.509,LocalVariables,iC_CoordV,0,poll
2026-03-20 10:04:19.509,LocalVariables,iC_CoordR,35,poll
2026-03-20 10:04:19.509,LocalVariables,eC_PickingStation,0,poll
2026-03-20 10:04:19.509,LocalVariables,eC_PlacingStation,0,poll
2026-03-20 10:04:19.509,LocalVariables,iC_Coord_Picking,"[[1340, 170, 150, 445], [380, 800, 367, 435], [800, 301, 580, 800]]",poll
2026-03-20 10:04:19.509,LocalVariables,iC_Coord_Placing,"[[890, 870], [500, 1343], [180, 150]]",poll
2026-03-20 10:04:19.713,gvl_SL,iColorSensor_SL,0,event
2026-03-20 10:04:20.190,gvl_C,bReferenceSwitch_C_vertical,True,poll
2026-03-20 10:04:20.190,gvl_C,bReferenceSwitch_C_horizontal,False,poll
2026-03-20 10:04:20.190,gvl_C,bReferenceSwitch_C_rotate,False,poll
2026-03-20 10:04:20.190,gvl_C,bEncoderImpulse_C_vertical1,False,poll
2026-03-20 10:04:20.190,gvl_C,bEncoderImpulse_C_vertical2,True,poll
2026-03-20 10:04:20.190,gvl_C,bEncoderImpulse_C_horizontal1,False,poll
2026-03-20 10:04:20.190,gvl_C,bEncoderImpulse_C_horizontal2,True,poll
2026-03-20 10:04:20.190,gvl_C,bEncoderImpulse_C_rotate1,True,poll
2026-03-20 10:04:20.214,gvl_HBW,bLightBarrier_HBW_outside,True,event
2026-03-20 10:04:20.190,gvl_C,bEncoderImpulse_C_rotate2,False,poll
2026-03-20 10:04:20.190,gvl_C,bMotor_C_upward,False,poll
2026-03-20 10:04:20.190,gvl_C,bMotor_C_downward,False,poll
2026-03-20 10:04:20.190,gvl_C,bMotor_C_backward,False,poll
2026-03-20 10:04:20.190,gvl_C,bMotor_C_forward,False,poll
2026-03-20 10:04:20.190,gvl_C,bMotor_C_clockwise,False,poll
2026-03-20 10:04:20.190,gvl_C,bMotor_C_counterclockwise,False,poll
2026-03-20 10:04:20.190,gvl_C,bCompressor_C,False,poll
2026-03-20 10:04:20.190,gvl_C,bValve_C,False,poll
2026-03-20 10:04:20.190,gvl_HBW,bReferenceSwitch_HBW_horizontal,True,poll
2026-03-20 10:04:20.190,gvl_HBW,bLightBarrier_HBW_inside,True,poll
2026-03-20 10:04:20.190,gvl_HBW,bLightBarrier_HBW_outside,True,poll
2026-03-20 10:04:20.190,gvl_HBW,bReferenceSwitch_HBW_vertical,False,poll
2026-03-20 10:04:20.190,gvl_HBW,bReferenceSwitch_HBW_Cantilever_front,False,poll
2026-03-20 10:04:20.190,gvl_HBW,bReferenceSwitch_HBW_Cantilever_back,False,poll
2026-03-20 10:04:20.190,gvl_HBW,bTrailSensor_HBW_bottom,True,poll
2026-03-20 10:04:20.190,gvl_HBW,bTrailSensor_HBW_top,True,poll
2026-03-20 10:04:20.190,gvl_HBW,bEncoderImpulse_HBW_horizontal1,False,poll
2026-03-20 10:04:20.190,gvl_HBW,bEncoderImpulse_HBW_horizontal2,True,poll
2026-03-20 10:04:20.190,gvl_HBW,bEncoderImpulse_HBW_vertical1,False,poll
2026-03-20 10:04:20.190,gvl_HBW,bEncoderImpulse_HBW_vertical2,False,poll
2026-03-20 10:04:20.190,gvl_HBW,bMotor_HBW_ConveyorBelt_forward,False,poll
2026-03-20 10:04:20.190,gvl_HBW,bMotor_HBW_ConveyorBelt_backward,False,poll
2026-03-20 10:04:20.190,gvl_HBW,bMotor_HBW_StackerCrane_torack,False,poll
2026-03-20 10:04:20.190,gvl_HBW,bMotor_HBW_StackerCrane_toconveyorbelt,False,poll
2026-03-20 10:04:20.190,gvl_HBW,bMotor_HBW_StackerCrane_downward,False,poll
2026-03-20 10:04:20.190,gvl_HBW,bMotor_HBW_StackerCrane_upward,False,poll
2026-03-20 10:04:20.190,gvl_HBW,bMotor_HBW_Cantilever_forward,False,poll
2026-03-20 10:04:20.190,gvl_HBW,bMotor_HBW_Cantilever_backward,False,poll
2026-03-20 10:04:20.190,gvl_MS,bReferenceSwitch_MS_Turntable_attransferunit,False,poll
2026-03-20 10:04:20.190,gvl_MS,bReferenceSwitch_MS_Turntable_atconveyorbelt,False,poll
2026-03-20 10:04:20.190,gvl_MS,bLightBarrier_MS_conveyorbelt,False,poll
2026-03-20 10:04:20.318,gvl_SL,iColorSensor_SL,1,event
2026-03-20 10:04:20.190,gvl_MS,bReferenceSwitch_MS_Turntable_atsaw,False,poll
2026-03-20 10:04:20.190,gvl_MS,bReferenceSwitch_MS_TransferUnit_atturntable,True,poll
2026-03-20 10:04:20.190,gvl_MS,bReferenceSwitch_MS_OvenSlider_inside,False,poll
2026-03-20 10:04:20.190,gvl_MS,bReferenceSwitch_MS_OvenSlider_outside,True,poll
2026-03-20 10:04:20.190,gvl_MS,bReferenceSwitch_MS_TransferUnit_atoven,False,poll
2026-03-20 10:04:20.190,gvl_MS,bLightBarrier_MS_oven,True,poll
2026-03-20 10:04:20.190,gvl_MS,bMotor_MS_Turntable_clockwise,False,poll
2026-03-20 10:04:20.190,gvl_MS,bMotor_MS_Turntable_counterclockwise,False,poll
2026-03-20 10:04:20.190,gvl_MS,bMotor_MS_ConveyorBelt_forward,False,poll
2026-03-20 10:04:20.190,gvl_MS,bMotor_MS_Saw,False,poll
2026-03-20 10:04:20.190,gvl_MS,bMotor_MS_OvenSlider_movein,False,poll
2026-03-20 10:04:20.190,gvl_MS,bMotor_MS_OvenSlider_moveout,False,poll
2026-03-20 10:04:20.190,gvl_MS,bMotor_MS_TransferUnit_tooven,False,poll
2026-03-20 10:04:20.190,gvl_MS,bMotor_MS_TransferUnit_toturntable,False,poll
2026-03-20 10:04:20.190,gvl_MS,bLamp_MS,False,poll
2026-03-20 10:04:20.190,gvl_MS,bCompressor_MS,False,poll
2026-03-20 10:04:20.190,gvl_MS,bValve_MS_Vacuum,False,poll
2026-03-20 10:04:20.190,gvl_MS,bValve_MS_TransferUnit,False,poll
2026-03-20 10:04:20.190,gvl_MS,bValve_MS_OvenDoor,False,poll
2026-03-20 10:04:20.190,gvl_MS,bValve_MS_Ejector,False,poll
2026-03-20 10:04:20.190,gvl_PM,bLightBarrier_PM_entry,True,poll
2026-03-20 10:04:20.190,gvl_PM,bLightBarrier_PM_tool,True,poll
2026-03-20 10:04:20.190,gvl_PM,bReferenceSwitch_PM_top,False,poll
2026-03-20 10:04:20.190,gvl_PM,bReferenceSwitch_PM_bottom,True,poll
2026-03-20 10:04:20.190,gvl_PM,bMotor_PM_ConveyorBelt_forward,False,poll
2026-03-20 10:04:20.190,gvl_PM,bMotor_PM_ConveyorBelt_backward,False,poll
2026-03-20 10:04:20.190,gvl_PM,bMotor_PM_Tool_upward,False,poll
2026-03-20 10:04:20.190,gvl_PM,bMotor_PM_Tool_downward,False,poll
2026-03-20 10:04:20.190,gvl_SL,bPulseCounter_SL,False,poll
2026-03-20 10:04:20.190,gvl_SL,bLightBarrier_SL_beforecolor,True,poll
2026-03-20 10:04:20.190,gvl_SL,bLightBarrier_SL_aftercolor,True,poll
2026-03-20 10:04:20.190,gvl_SL,bLightBarrier_SL_white,True,poll
2026-03-20 10:04:20.190,gvl_SL,bLightBarrier_SL_red,True,poll
2026-03-20 10:04:20.190,gvl_SL,bLightBarrier_SL_blue,True,poll
2026-03-20 10:04:20.190,gvl_SL,iColorSensor_SL,0,poll
2026-03-20 10:04:20.190,gvl_SL,bMotor_SL_ConveyorBelt,False,poll
2026-03-20 10:04:20.190,gvl_SL,bCompressor_SL,False,poll
2026-03-20 10:04:20.190,gvl_SL,bValve_SL_white,False,poll
2026-03-20 10:04:20.413,gvl_SL,iColorSensor_SL,0,event
2026-03-20 10:04:20.190,gvl_SL,bValve_SL_red,False,poll
2026-03-20 10:04:20.190,gvl_SL,bValve_SL_blue,False,poll
2026-03-20 10:04:20.190,LocalVariables,iC_CoordH,35,poll
2026-03-20 10:04:20.190,LocalVariables,iC_CoordV,0,poll
2026-03-20 10:04:20.190,LocalVariables,iC_CoordR,35,poll
2026-03-20 10:04:20.190,LocalVariables,eC_PickingStation,0,poll
2026-03-20 10:04:20.190,LocalVariables,eC_PlacingStation,0,poll
2026-03-20 10:04:20.190,LocalVariables,iC_Coord_Picking,"[[1340, 170, 150, 445], [380, 800, 367, 435], [800, 301, 580, 800]]",poll
2026-03-20 10:04:20.190,LocalVariables,iC_Coord_Placing,"[[890, 870], [500, 1343], [180, 150]]",poll
2026-03-20 10:04:20.813,gvl_SL,iColorSensor_SL,1,event
2026-03-20 10:04:20.932,gvl_C,bReferenceSwitch_C_vertical,True,poll
2026-03-20 10:04:20.932,gvl_C,bReferenceSwitch_C_horizontal,False,poll
2026-03-20 10:04:20.932,gvl_C,bReferenceSwitch_C_rotate,False,poll
2026-03-20 10:04:20.932,gvl_C,bEncoderImpulse_C_vertical1,False,poll
2026-03-20 10:04:20.932,gvl_C,bEncoderImpulse_C_vertical2,True,poll
2026-03-20 10:04:20.932,gvl_C,bEncoderImpulse_C_horizontal1,False,poll
2026-03-20 10:04:20.932,gvl_C,bEncoderImpulse_C_horizontal2,True,poll
2026-03-20 10:04:20.932,gvl_C,bEncoderImpulse_C_rotate1,True,poll
2026-03-20 10:04:20.932,gvl_C,bEncoderImpulse_C_rotate2,False,poll
2026-03-20 10:04:20.932,gvl_C,bMotor_C_upward,False,poll
2026-03-20 10:04:20.932,gvl_C,bMotor_C_downward,False,poll
2026-03-20 10:04:20.932,gvl_C,bMotor_C_backward,False,poll
2026-03-20 10:04:20.932,gvl_C,bMotor_C_forward,False,poll
2026-03-20 10:04:20.932,gvl_C,bMotor_C_clockwise,False,poll
2026-03-20 10:04:20.932,gvl_C,bMotor_C_counterclockwise,False,poll
2026-03-20 10:04:20.932,gvl_C,bCompressor_C,False,poll
2026-03-20 10:04:20.932,gvl_C,bValve_C,False,poll
2026-03-20 10:04:20.932,gvl_HBW,bReferenceSwitch_HBW_horizontal,True,poll
2026-03-20 10:04:20.932,gvl_HBW,bLightBarrier_HBW_inside,True,poll
2026-03-20 10:04:20.932,gvl_HBW,bLightBarrier_HBW_outside,True,poll
2026-03-20 10:04:20.932,gvl_HBW,bReferenceSwitch_HBW_vertical,False,poll
2026-03-20 10:04:20.932,gvl_HBW,bReferenceSwitch_HBW_Cantilever_front,False,poll
2026-03-20 10:04:20.932,gvl_HBW,bReferenceSwitch_HBW_Cantilever_back,False,poll
2026-03-20 10:04:20.932,gvl_HBW,bTrailSensor_HBW_bottom,True,poll
2026-03-20 10:04:20.932,gvl_HBW,bTrailSensor_HBW_top,True,poll
2026-03-20 10:04:20.932,gvl_HBW,bEncoderImpulse_HBW_horizontal1,False,poll
2026-03-20 10:04:20.932,gvl_HBW,bEncoderImpulse_HBW_horizontal2,True,poll
2026-03-20 10:04:20.932,gvl_HBW,bEncoderImpulse_HBW_vertical1,False,poll
2026-03-20 10:04:20.932,gvl_HBW,bEncoderImpulse_HBW_vertical2,False,poll
2026-03-20 10:04:20.932,gvl_HBW,bMotor_HBW_ConveyorBelt_forward,False,poll
2026-03-20 10:04:20.932,gvl_HBW,bMotor_HBW_ConveyorBelt_backward,False,poll
2026-03-20 10:04:20.932,gvl_HBW,bMotor_HBW_StackerCrane_torack,False,poll
2026-03-20 10:04:20.932,gvl_HBW,bMotor_HBW_StackerCrane_toconveyorbelt,False,poll
2026-03-20 10:04:20.932,gvl_HBW,bMotor_HBW_StackerCrane_downward,False,poll
2026-03-20 10:04:20.932,gvl_HBW,bMotor_HBW_StackerCrane_upward,False,poll
2026-03-20 10:04:20.932,gvl_HBW,bMotor_HBW_Cantilever_forward,False,poll
2026-03-20 10:04:20.932,gvl_HBW,bMotor_HBW_Cantilever_backward,False,poll
2026-03-20 10:04:20.932,gvl_MS,bReferenceSwitch_MS_Turntable_attransferunit,False,poll
2026-03-20 10:04:20.932,gvl_MS,bReferenceSwitch_MS_Turntable_atconveyorbelt,False,poll
2026-03-20 10:04:20.932,gvl_MS,bLightBarrier_MS_conveyorbelt,False,poll
2026-03-20 10:04:20.932,gvl_MS,bReferenceSwitch_MS_Turntable_atsaw,False,poll
2026-03-20 10:04:20.932,gvl_MS,bReferenceSwitch_MS_TransferUnit_atturntable,True,poll
2026-03-20 10:04:20.932,gvl_MS,bReferenceSwitch_MS_OvenSlider_inside,False,poll
2026-03-20 10:04:20.932,gvl_MS,bReferenceSwitch_MS_OvenSlider_outside,True,poll
2026-03-20 10:04:20.932,gvl_MS,bReferenceSwitch_MS_TransferUnit_atoven,False,poll
2026-03-20 10:04:20.932,gvl_MS,bLightBarrier_MS_oven,True,poll
2026-03-20 10:04:20.932,gvl_MS,bMotor_MS_Turntable_clockwise,False,poll
2026-03-20 10:04:20.932,gvl_MS,bMotor_MS_Turntable_counterclockwise,False,poll
2026-03-20 10:04:20.932,gvl_MS,bMotor_MS_ConveyorBelt_forward,False,poll
2026-03-20 10:04:20.932,gvl_MS,bMotor_MS_Saw,False,poll
2026-03-20 10:04:20.932,gvl_MS,bMotor_MS_OvenSlider_movein,False,poll
2026-03-20 10:04:20.932,gvl_MS,bMotor_MS_OvenSlider_moveout,False,poll
2026-03-20 10:04:20.932,gvl_MS,bMotor_MS_TransferUnit_tooven,False,poll
2026-03-20 10:04:20.932,gvl_MS,bMotor_MS_TransferUnit_toturntable,False,poll
2026-03-20 10:04:20.932,gvl_MS,bLamp_MS,False,poll
2026-03-20 10:04:20.932,gvl_MS,bCompressor_MS,False,poll
2026-03-20 10:04:20.932,gvl_MS,bValve_MS_Vacuum,False,poll
2026-03-20 10:04:20.932,gvl_MS,bValve_MS_TransferUnit,False,poll
2026-03-20 10:04:20.932,gvl_MS,bValve_MS_OvenDoor,False,poll
2026-03-20 10:04:20.932,gvl_MS,bValve_MS_Ejector,False,poll
2026-03-20 10:04:20.932,gvl_PM,bLightBarrier_PM_entry,True,poll
2026-03-20 10:04:20.932,gvl_PM,bLightBarrier_PM_tool,True,poll
2026-03-20 10:04:20.932,gvl_PM,bReferenceSwitch_PM_top,False,poll
2026-03-20 10:04:20.932,gvl_PM,bReferenceSwitch_PM_bottom,True,poll
2026-03-20 10:04:20.932,gvl_PM,bMotor_PM_ConveyorBelt_forward,False,poll
2026-03-20 10:04:20.932,gvl_PM,bMotor_PM_ConveyorBelt_backward,False,poll
2026-03-20 10:04:20.932,gvl_PM,bMotor_PM_Tool_upward,False,poll
2026-03-20 10:04:20.932,gvl_PM,bMotor_PM_Tool_downward,False,poll
2026-03-20 10:04:20.932,gvl_SL,bPulseCounter_SL,False,poll
2026-03-20 10:04:20.932,gvl_SL,bLightBarrier_SL_beforecolor,True,poll
2026-03-20 10:04:20.932,gvl_SL,bLightBarrier_SL_aftercolor,True,poll
2026-03-20 10:04:20.932,gvl_SL,bLightBarrier_SL_white,True,poll
2026-03-20 10:04:20.932,gvl_SL,bLightBarrier_SL_red,True,poll
2026-03-20 10:04:20.932,gvl_SL,bLightBarrier_SL_blue,True,poll
2026-03-20 10:04:20.932,gvl_SL,iColorSensor_SL,0,poll
2026-03-20 10:04:20.932,gvl_SL,bMotor_SL_ConveyorBelt,False,poll
2026-03-20 10:04:20.932,gvl_SL,bCompressor_SL,False,poll
2026-03-20 10:04:20.932,gvl_SL,bValve_SL_white,False,poll
2026-03-20 10:04:20.932,gvl_SL,bValve_SL_red,False,poll
2026-03-20 10:04:20.932,gvl_SL,bValve_SL_blue,False,poll
2026-03-20 10:04:21.114,gvl_SL,iColorSensor_SL,0,event
2026-03-20 10:04:20.932,LocalVariables,iC_CoordH,35,poll
2026-03-20 10:04:20.932,LocalVariables,iC_CoordV,0,poll
2026-03-20 10:04:20.932,LocalVariables,iC_CoordR,35,poll
2026-03-20 10:04:20.932,LocalVariables,eC_PickingStation,0,poll
2026-03-20 10:04:20.932,LocalVariables,eC_PlacingStation,0,poll
2026-03-20 10:04:20.932,LocalVariables,iC_Coord_Picking,"[[1340, 170, 150, 445], [380, 800, 367, 435], [800, 301, 580, 800]]",poll
2026-03-20 10:04:20.932,LocalVariables,iC_Coord_Placing,"[[890, 870], [500, 1343], [180, 150]]",poll
2026-03-20 10:04:21.631,gvl_C,bReferenceSwitch_C_vertical,True,poll
2026-03-20 10:04:21.631,gvl_C,bReferenceSwitch_C_horizontal,False,poll
2026-03-20 10:04:21.631,gvl_C,bReferenceSwitch_C_rotate,False,poll
2026-03-20 10:04:21.631,gvl_C,bEncoderImpulse_C_vertical1,False,poll
2026-03-20 10:04:21.631,gvl_C,bEncoderImpulse_C_vertical2,True,poll
2026-03-20 10:04:21.631,gvl_C,bEncoderImpulse_C_horizontal1,False,poll
2026-03-20 10:04:21.631,gvl_C,bEncoderImpulse_C_horizontal2,True,poll
2026-03-20 10:04:21.631,gvl_C,bEncoderImpulse_C_rotate1,True,poll
2026-03-20 10:04:21.631,gvl_C,bEncoderImpulse_C_rotate2,False,poll
2026-03-20 10:04:21.631,gvl_C,bMotor_C_upward,False,poll
2026-03-20 10:04:21.631,gvl_C,bMotor_C_downward,False,poll
2026-03-20 10:04:21.631,gvl_C,bMotor_C_backward,False,poll
2026-03-20 10:04:21.631,gvl_C,bMotor_C_forward,False,poll
2026-03-20 10:04:21.631,gvl_C,bMotor_C_clockwise,False,poll
2026-03-20 10:04:21.631,gvl_C,bMotor_C_counterclockwise,False,poll
2026-03-20 10:04:21.631,gvl_C,bCompressor_C,False,poll
2026-03-20 10:04:21.631,gvl_C,bValve_C,False,poll
2026-03-20 10:04:21.631,gvl_HBW,bReferenceSwitch_HBW_horizontal,True,poll
2026-03-20 10:04:21.631,gvl_HBW,bLightBarrier_HBW_inside,True,poll
2026-03-20 10:04:21.631,gvl_HBW,bLightBarrier_HBW_outside,True,poll
2026-03-20 10:04:21.631,gvl_HBW,bReferenceSwitch_HBW_vertical,False,poll
2026-03-20 10:04:21.631,gvl_HBW,bReferenceSwitch_HBW_Cantilever_front,False,poll
2026-03-20 10:04:21.631,gvl_HBW,bReferenceSwitch_HBW_Cantilever_back,False,poll
2026-03-20 10:04:21.631,gvl_HBW,bTrailSensor_HBW_bottom,True,poll
2026-03-20 10:04:21.631,gvl_HBW,bTrailSensor_HBW_top,True,poll
2026-03-20 10:04:21.631,gvl_HBW,bEncoderImpulse_HBW_horizontal1,False,poll
2026-03-20 10:04:21.631,gvl_HBW,bEncoderImpulse_HBW_horizontal2,True,poll
2026-03-20 10:04:21.631,gvl_HBW,bEncoderImpulse_HBW_vertical1,False,poll
2026-03-20 10:04:21.631,gvl_HBW,bEncoderImpulse_HBW_vertical2,False,poll
2026-03-20 10:04:21.631,gvl_HBW,bMotor_HBW_ConveyorBelt_forward,False,poll
2026-03-20 10:04:21.631,gvl_HBW,bMotor_HBW_ConveyorBelt_backward,False,poll
2026-03-20 10:04:21.631,gvl_HBW,bMotor_HBW_StackerCrane_torack,False,poll
2026-03-20 10:04:21.631,gvl_HBW,bMotor_HBW_StackerCrane_toconveyorbelt,False,poll
2026-03-20 10:04:21.631,gvl_HBW,bMotor_HBW_StackerCrane_downward,False,poll
2026-03-20 10:04:21.631,gvl_HBW,bMotor_HBW_StackerCrane_upward,False,poll
2026-03-20 10:04:21.631,gvl_HBW,bMotor_HBW_Cantilever_forward,False,poll
2026-03-20 10:04:21.631,gvl_HBW,bMotor_HBW_Cantilever_backward,False,poll
2026-03-20 10:04:21.631,gvl_MS,bReferenceSwitch_MS_Turntable_attransferunit,False,poll
2026-03-20 10:04:21.631,gvl_MS,bReferenceSwitch_MS_Turntable_atconveyorbelt,False,poll
2026-03-20 10:04:21.631,gvl_MS,bLightBarrier_MS_conveyorbelt,False,poll
2026-03-20 10:04:21.631,gvl_MS,bReferenceSwitch_MS_Turntable_atsaw,False,poll
2026-03-20 10:04:21.631,gvl_MS,bReferenceSwitch_MS_TransferUnit_atturntable,True,poll
2026-03-20 10:04:21.631,gvl_MS,bReferenceSwitch_MS_OvenSlider_inside,False,poll
2026-03-20 10:04:21.631,gvl_MS,bReferenceSwitch_MS_OvenSlider_outside,True,poll
2026-03-20 10:04:21.631,gvl_MS,bReferenceSwitch_MS_TransferUnit_atoven,False,poll
2026-03-20 10:04:21.631,gvl_MS,bLightBarrier_MS_oven,True,poll
2026-03-20 10:04:21.631,gvl_MS,bMotor_MS_Turntable_clockwise,False,poll
2026-03-20 10:04:21.631,gvl_MS,bMotor_MS_Turntable_counterclockwise,False,poll
2026-03-20 10:04:21.631,gvl_MS,bMotor_MS_ConveyorBelt_forward,False,poll
2026-03-20 10:04:21.631,gvl_MS,bMotor_MS_Saw,False,poll
2026-03-20 10:04:21.631,gvl_MS,bMotor_MS_OvenSlider_movein,False,poll
2026-03-20 10:04:21.631,gvl_MS,bMotor_MS_OvenSlider_moveout,False,poll
2026-03-20 10:04:21.631,gvl_MS,bMotor_MS_TransferUnit_tooven,False,poll
2026-03-20 10:04:21.631,gvl_MS,bMotor_MS_TransferUnit_toturntable,False,poll
2026-03-20 10:04:21.631,gvl_MS,bLamp_MS,False,poll
2026-03-20 10:04:21.631,gvl_MS,bCompressor_MS,False,poll
2026-03-20 10:04:21.631,gvl_MS,bValve_MS_Vacuum,False,poll
2026-03-20 10:04:21.631,gvl_MS,bValve_MS_TransferUnit,False,poll
2026-03-20 10:04:21.631,gvl_MS,bValve_MS_OvenDoor,False,poll
2026-03-20 10:04:21.631,gvl_MS,bValve_MS_Ejector,False,poll
2026-03-20 10:04:21.631,gvl_PM,bLightBarrier_PM_entry,True,poll
2026-03-20 10:04:21.631,gvl_PM,bLightBarrier_PM_tool,True,poll
2026-03-20 10:04:21.631,gvl_PM,bReferenceSwitch_PM_top,False,poll
2026-03-20 10:04:21.631,gvl_PM,bReferenceSwitch_PM_bottom,True,poll
2026-03-20 10:04:21.631,gvl_PM,bMotor_PM_ConveyorBelt_forward,False,poll
2026-03-20 10:04:21.631,gvl_PM,bMotor_PM_ConveyorBelt_backward,False,poll
2026-03-20 10:04:21.631,gvl_PM,bMotor_PM_Tool_upward,False,poll
2026-03-20 10:04:21.631,gvl_PM,bMotor_PM_Tool_downward,False,poll
2026-03-20 10:04:21.631,gvl_SL,bPulseCounter_SL,False,poll
2026-03-20 10:04:21.631,gvl_SL,bLightBarrier_SL_beforecolor,True,poll
2026-03-20 10:04:21.631,gvl_SL,bLightBarrier_SL_aftercolor,True,poll
2026-03-20 10:04:21.631,gvl_SL,bLightBarrier_SL_white,True,poll
2026-03-20 10:04:21.631,gvl_SL,bLightBarrier_SL_red,True,poll
2026-03-20 10:04:21.631,gvl_SL,bLightBarrier_SL_blue,True,poll
2026-03-20 10:04:21.631,gvl_SL,iColorSensor_SL,1,poll
2026-03-20 10:04:21.631,gvl_SL,bMotor_SL_ConveyorBelt,False,poll
2026-03-20 10:04:21.631,gvl_SL,bCompressor_SL,False,poll
2026-03-20 10:04:21.631,gvl_SL,bValve_SL_white,False,poll
2026-03-20 10:04:21.631,gvl_SL,bValve_SL_red,False,poll
2026-03-20 10:04:21.631,gvl_SL,bValve_SL_blue,False,poll
2026-03-20 10:04:21.631,LocalVariables,iC_CoordH,35,poll
2026-03-20 10:04:21.631,LocalVariables,iC_CoordV,0,poll
2026-03-20 10:04:21.631,LocalVariables,iC_CoordR,35,poll
2026-03-20 10:04:21.631,LocalVariables,eC_PickingStation,0,poll
2026-03-20 10:04:21.631,LocalVariables,eC_PlacingStation,0,poll
2026-03-20 10:04:21.631,LocalVariables,iC_Coord_Picking,"[[1340, 170, 150, 445], [380, 800, 367, 435], [800, 301, 580, 800]]",poll
2026-03-20 10:04:21.631,LocalVariables,iC_Coord_Placing,"[[890, 870], [500, 1343], [180, 150]]",poll
2026-03-20 10:04:22.338,gvl_C,bReferenceSwitch_C_vertical,True,poll
2026-03-20 10:04:22.338,gvl_C,bReferenceSwitch_C_horizontal,False,poll
2026-03-20 10:04:22.338,gvl_C,bReferenceSwitch_C_rotate,False,poll
2026-03-20 10:04:22.338,gvl_C,bEncoderImpulse_C_vertical1,False,poll
2026-03-20 10:04:22.338,gvl_C,bEncoderImpulse_C_vertical2,True,poll
2026-03-20 10:04:22.338,gvl_C,bEncoderImpulse_C_horizontal1,False,poll
2026-03-20 10:04:22.338,gvl_C,bEncoderImpulse_C_horizontal2,True,poll
2026-03-20 10:04:22.338,gvl_C,bEncoderImpulse_C_rotate1,True,poll
2026-03-20 10:04:22.338,gvl_C,bEncoderImpulse_C_rotate2,False,poll
2026-03-20 10:04:22.338,gvl_C,bMotor_C_upward,False,poll
2026-03-20 10:04:22.338,gvl_C,bMotor_C_downward,False,poll
2026-03-20 10:04:22.338,gvl_C,bMotor_C_backward,False,poll
2026-03-20 10:04:22.338,gvl_C,bMotor_C_forward,False,poll
2026-03-20 10:04:22.338,gvl_C,bMotor_C_clockwise,False,poll
2026-03-20 10:04:22.338,gvl_C,bMotor_C_counterclockwise,False,poll
2026-03-20 10:04:22.338,gvl_C,bCompressor_C,False,poll
2026-03-20 10:04:22.338,gvl_C,bValve_C,False,poll
2026-03-20 10:04:22.338,gvl_HBW,bReferenceSwitch_HBW_horizontal,True,poll
2026-03-20 10:04:22.338,gvl_HBW,bLightBarrier_HBW_inside,True,poll
2026-03-20 10:04:22.338,gvl_HBW,bLightBarrier_HBW_outside,True,poll
2026-03-20 10:04:22.338,gvl_HBW,bReferenceSwitch_HBW_vertical,False,poll
2026-03-20 10:04:22.338,gvl_HBW,bReferenceSwitch_HBW_Cantilever_front,False,poll
2026-03-20 10:04:22.338,gvl_HBW,bReferenceSwitch_HBW_Cantilever_back,False,poll
2026-03-20 10:04:22.338,gvl_HBW,bTrailSensor_HBW_bottom,True,poll
2026-03-20 10:04:22.338,gvl_HBW,bTrailSensor_HBW_top,True,poll
2026-03-20 10:04:22.338,gvl_HBW,bEncoderImpulse_HBW_horizontal1,False,poll
2026-03-20 10:04:22.338,gvl_HBW,bEncoderImpulse_HBW_horizontal2,True,poll
2026-03-20 10:04:22.338,gvl_HBW,bEncoderImpulse_HBW_vertical1,False,poll
2026-03-20 10:04:22.338,gvl_HBW,bEncoderImpulse_HBW_vertical2,False,poll
2026-03-20 10:04:22.338,gvl_HBW,bMotor_HBW_ConveyorBelt_forward,False,poll
2026-03-20 10:04:22.338,gvl_HBW,bMotor_HBW_ConveyorBelt_backward,False,poll
2026-03-20 10:04:22.338,gvl_HBW,bMotor_HBW_StackerCrane_torack,False,poll
2026-03-20 10:04:22.338,gvl_HBW,bMotor_HBW_StackerCrane_toconveyorbelt,False,poll
2026-03-20 10:04:22.338,gvl_HBW,bMotor_HBW_StackerCrane_downward,False,poll
2026-03-20 10:04:22.338,gvl_HBW,bMotor_HBW_StackerCrane_upward,False,poll
2026-03-20 10:04:22.338,gvl_HBW,bMotor_HBW_Cantilever_forward,False,poll
2026-03-20 10:04:22.338,gvl_HBW,bMotor_HBW_Cantilever_backward,False,poll
2026-03-20 10:04:22.338,gvl_MS,bReferenceSwitch_MS_Turntable_attransferunit,False,poll
2026-03-20 10:04:22.338,gvl_MS,bReferenceSwitch_MS_Turntable_atconveyorbelt,False,poll
2026-03-20 10:04:22.338,gvl_MS,bLightBarrier_MS_conveyorbelt,False,poll
2026-03-20 10:04:22.338,gvl_MS,bReferenceSwitch_MS_Turntable_atsaw,False,poll
2026-03-20 10:04:22.338,gvl_MS,bReferenceSwitch_MS_TransferUnit_atturntable,True,poll
2026-03-20 10:04:22.338,gvl_MS,bReferenceSwitch_MS_OvenSlider_inside,False,poll
2026-03-20 10:04:22.338,gvl_MS,bReferenceSwitch_MS_OvenSlider_outside,True,poll
2026-03-20 10:04:22.338,gvl_MS,bReferenceSwitch_MS_TransferUnit_atoven,False,poll
2026-03-20 10:04:22.338,gvl_MS,bLightBarrier_MS_oven,True,poll
2026-03-20 10:04:22.338,gvl_MS,bMotor_MS_Turntable_clockwise,False,poll
2026-03-20 10:04:22.338,gvl_MS,bMotor_MS_Turntable_counterclockwise,False,poll
2026-03-20 10:04:22.338,gvl_MS,bMotor_MS_ConveyorBelt_forward,False,poll
2026-03-20 10:04:22.338,gvl_MS,bMotor_MS_Saw,False,poll
2026-03-20 10:04:22.338,gvl_MS,bMotor_MS_OvenSlider_movein,False,poll
2026-03-20 10:04:22.338,gvl_MS,bMotor_MS_OvenSlider_moveout,False,poll
2026-03-20 10:04:22.338,gvl_MS,bMotor_MS_TransferUnit_tooven,False,poll
2026-03-20 10:04:22.338,gvl_MS,bMotor_MS_TransferUnit_toturntable,False,poll
2026-03-20 10:04:22.338,gvl_MS,bLamp_MS,False,poll
2026-03-20 10:04:22.338,gvl_MS,bCompressor_MS,False,poll
2026-03-20 10:04:22.338,gvl_MS,bValve_MS_Vacuum,False,poll
2026-03-20 10:04:22.338,gvl_MS,bValve_MS_TransferUnit,False,poll
2026-03-20 10:04:22.338,gvl_MS,bValve_MS_OvenDoor,False,poll
2026-03-20 10:04:22.338,gvl_MS,bValve_MS_Ejector,False,poll
2026-03-20 10:04:22.338,gvl_PM,bLightBarrier_PM_entry,True,poll
2026-03-20 10:04:22.338,gvl_PM,bLightBarrier_PM_tool,True,poll
2026-03-20 10:04:22.338,gvl_PM,bReferenceSwitch_PM_top,False,poll
2026-03-20 10:04:22.338,gvl_PM,bReferenceSwitch_PM_bottom,True,poll
2026-03-20 10:04:22.338,gvl_PM,bMotor_PM_ConveyorBelt_forward,False,poll
2026-03-20 10:04:22.338,gvl_PM,bMotor_PM_ConveyorBelt_backward,False,poll
2026-03-20 10:04:22.338,gvl_PM,bMotor_PM_Tool_upward,False,poll
2026-03-20 10:04:22.338,gvl_PM,bMotor_PM_Tool_downward,False,poll
2026-03-20 10:04:22.338,gvl_SL,bPulseCounter_SL,False,poll
2026-03-20 10:04:22.338,gvl_SL,bLightBarrier_SL_beforecolor,True,poll
2026-03-20 10:04:22.338,gvl_SL,bLightBarrier_SL_aftercolor,True,poll
2026-03-20 10:04:22.338,gvl_SL,bLightBarrier_SL_white,True,poll
2026-03-20 10:04:22.338,gvl_SL,bLightBarrier_SL_red,True,poll
2026-03-20 10:04:22.338,gvl_SL,bLightBarrier_SL_blue,True,poll
2026-03-20 10:04:22.338,gvl_SL,iColorSensor_SL,0,poll
2026-03-20 10:04:22.338,gvl_SL,bMotor_SL_ConveyorBelt,False,poll
2026-03-20 10:04:22.338,gvl_SL,bCompressor_SL,False,poll
2026-03-20 10:04:22.338,gvl_SL,bValve_SL_white,False,poll
2026-03-20 10:04:22.338,gvl_SL,bValve_SL_red,False,poll
2026-03-20 10:04:22.338,gvl_SL,bValve_SL_blue,False,poll
2026-03-20 10:04:22.338,LocalVariables,iC_CoordH,35,poll
2026-03-20 10:04:22.338,LocalVariables,iC_CoordV,0,poll
2026-03-20 10:04:22.338,LocalVariables,iC_CoordR,35,poll
2026-03-20 10:04:22.338,LocalVariables,eC_PickingStation,0,poll
2026-03-20 10:04:22.338,LocalVariables,eC_PlacingStation,0,poll
2026-03-20 10:04:22.338,LocalVariables,iC_Coord_Picking,"[[1340, 170, 150, 445], [380, 800, 367, 435], [800, 301, 580, 800]]",poll
2026-03-20 10:04:22.338,LocalVariables,iC_Coord_Placing,"[[890, 870], [500, 1343], [180, 150]]",poll
2026-03-20 10:04:22.613,gvl_SL,iColorSensor_SL,1,event
2026-03-20 10:04:22.713,gvl_SL,iColorSensor_SL,0,event
2026-03-20 10:04:23.013,gvl_SL,iColorSensor_SL,1,event
2026-03-20 10:04:23.040,gvl_C,bReferenceSwitch_C_vertical,True,poll
2026-03-20 10:04:23.040,gvl_C,bReferenceSwitch_C_horizontal,False,poll
2026-03-20 10:04:23.040,gvl_C,bReferenceSwitch_C_rotate,False,poll
2026-03-20 10:04:23.040,gvl_C,bEncoderImpulse_C_vertical1,False,poll
2026-03-20 10:04:23.040,gvl_C,bEncoderImpulse_C_vertical2,True,poll
2026-03-20 10:04:23.040,gvl_C,bEncoderImpulse_C_horizontal1,False,poll
2026-03-20 10:04:23.040,gvl_C,bEncoderImpulse_C_horizontal2,True,poll
2026-03-20 10:04:23.040,gvl_C,bEncoderImpulse_C_rotate1,True,poll
2026-03-20 10:04:23.040,gvl_C,bEncoderImpulse_C_rotate2,False,poll
2026-03-20 10:04:23.040,gvl_C,bMotor_C_upward,False,poll
2026-03-20 10:04:23.040,gvl_C,bMotor_C_downward,False,poll
2026-03-20 10:04:23.040,gvl_C,bMotor_C_backward,False,poll
2026-03-20 10:04:23.040,gvl_C,bMotor_C_forward,False,poll
2026-03-20 10:04:23.040,gvl_C,bMotor_C_clockwise,False,poll
2026-03-20 10:04:23.040,gvl_C,bMotor_C_counterclockwise,False,poll
2026-03-20 10:04:23.040,gvl_C,bCompressor_C,False,poll
2026-03-20 10:04:23.040,gvl_C,bValve_C,False,poll
2026-03-20 10:04:23.040,gvl_HBW,bReferenceSwitch_HBW_horizontal,True,poll
2026-03-20 10:04:23.040,gvl_HBW,bLightBarrier_HBW_inside,True,poll
2026-03-20 10:04:23.040,gvl_HBW,bLightBarrier_HBW_outside,True,poll
2026-03-20 10:04:23.040,gvl_HBW,bReferenceSwitch_HBW_vertical,False,poll
2026-03-20 10:04:23.040,gvl_HBW,bReferenceSwitch_HBW_Cantilever_front,False,poll
2026-03-20 10:04:23.040,gvl_HBW,bReferenceSwitch_HBW_Cantilever_back,False,poll
2026-03-20 10:04:23.040,gvl_HBW,bTrailSensor_HBW_bottom,True,poll
2026-03-20 10:04:23.040,gvl_HBW,bTrailSensor_HBW_top,True,poll
2026-03-20 10:04:23.040,gvl_HBW,bEncoderImpulse_HBW_horizontal1,False,poll
2026-03-20 10:04:23.040,gvl_HBW,bEncoderImpulse_HBW_horizontal2,True,poll
2026-03-20 10:04:23.040,gvl_HBW,bEncoderImpulse_HBW_vertical1,False,poll
2026-03-20 10:04:23.040,gvl_HBW,bEncoderImpulse_HBW_vertical2,False,poll
2026-03-20 10:04:23.040,gvl_HBW,bMotor_HBW_ConveyorBelt_forward,False,poll
2026-03-20 10:04:23.040,gvl_HBW,bMotor_HBW_ConveyorBelt_backward,False,poll
2026-03-20 10:04:23.040,gvl_HBW,bMotor_HBW_StackerCrane_torack,False,poll
2026-03-20 10:04:23.040,gvl_HBW,bMotor_HBW_StackerCrane_toconveyorbelt,False,poll
2026-03-20 10:04:23.040,gvl_HBW,bMotor_HBW_StackerCrane_downward,False,poll
2026-03-20 10:04:23.040,gvl_HBW,bMotor_HBW_StackerCrane_upward,False,poll
2026-03-20 10:04:23.040,gvl_HBW,bMotor_HBW_Cantilever_forward,False,poll
2026-03-20 10:04:23.040,gvl_HBW,bMotor_HBW_Cantilever_backward,False,poll
2026-03-20 10:04:23.040,gvl_MS,bReferenceSwitch_MS_Turntable_attransferunit,False,poll
2026-03-20 10:04:23.040,gvl_MS,bReferenceSwitch_MS_Turntable_atconveyorbelt,False,poll
2026-03-20 10:04:23.040,gvl_MS,bLightBarrier_MS_conveyorbelt,False,poll
2026-03-20 10:04:23.040,gvl_MS,bReferenceSwitch_MS_Turntable_atsaw,False,poll
2026-03-20 10:04:23.040,gvl_MS,bReferenceSwitch_MS_TransferUnit_atturntable,True,poll
2026-03-20 10:04:23.040,gvl_MS,bReferenceSwitch_MS_OvenSlider_inside,False,poll
2026-03-20 10:04:23.040,gvl_MS,bReferenceSwitch_MS_OvenSlider_outside,True,poll
2026-03-20 10:04:23.040,gvl_MS,bReferenceSwitch_MS_TransferUnit_atoven,False,poll
2026-03-20 10:04:23.040,gvl_MS,bLightBarrier_MS_oven,True,poll
2026-03-20 10:04:23.040,gvl_MS,bMotor_MS_Turntable_clockwise,False,poll
2026-03-20 10:04:23.040,gvl_MS,bMotor_MS_Turntable_counterclockwise,False,poll
2026-03-20 10:04:23.040,gvl_MS,bMotor_MS_ConveyorBelt_forward,False,poll
2026-03-20 10:04:23.040,gvl_MS,bMotor_MS_Saw,False,poll
2026-03-20 10:04:23.040,gvl_MS,bMotor_MS_OvenSlider_movein,False,poll
2026-03-20 10:04:23.040,gvl_MS,bMotor_MS_OvenSlider_moveout,False,poll
2026-03-20 10:04:23.040,gvl_MS,bMotor_MS_TransferUnit_tooven,False,poll
2026-03-20 10:04:23.040,gvl_MS,bMotor_MS_TransferUnit_toturntable,False,poll
2026-03-20 10:04:23.040,gvl_MS,bLamp_MS,False,poll
2026-03-20 10:04:23.040,gvl_MS,bCompressor_MS,False,poll
2026-03-20 10:04:23.040,gvl_MS,bValve_MS_Vacuum,False,poll
2026-03-20 10:04:23.040,gvl_MS,bValve_MS_TransferUnit,False,poll
2026-03-20 10:04:23.040,gvl_MS,bValve_MS_OvenDoor,False,poll
2026-03-20 10:04:23.040,gvl_MS,bValve_MS_Ejector,False,poll
2026-03-20 10:04:23.040,gvl_PM,bLightBarrier_PM_entry,True,poll
2026-03-20 10:04:23.040,gvl_PM,bLightBarrier_PM_tool,True,poll
2026-03-20 10:04:23.040,gvl_PM,bReferenceSwitch_PM_top,False,poll
2026-03-20 10:04:23.040,gvl_PM,bReferenceSwitch_PM_bottom,True,poll
2026-03-20 10:04:23.040,gvl_PM,bMotor_PM_ConveyorBelt_forward,False,poll
2026-03-20 10:04:23.040,gvl_PM,bMotor_PM_ConveyorBelt_backward,False,poll
2026-03-20 10:04:23.040,gvl_PM,bMotor_PM_Tool_upward,False,poll
2026-03-20 10:04:23.040,gvl_PM,bMotor_PM_Tool_downward,False,poll
2026-03-20 10:04:23.040,gvl_SL,bPulseCounter_SL,False,poll
2026-03-20 10:04:23.040,gvl_SL,bLightBarrier_SL_beforecolor,True,poll
2026-03-20 10:04:23.040,gvl_SL,bLightBarrier_SL_aftercolor,True,poll
2026-03-20 10:04:23.040,gvl_SL,bLightBarrier_SL_white,True,poll
2026-03-20 10:04:23.040,gvl_SL,bLightBarrier_SL_red,True,poll
2026-03-20 10:04:23.040,gvl_SL,bLightBarrier_SL_blue,True,poll
2026-03-20 10:04:23.040,gvl_SL,iColorSensor_SL,0,poll
2026-03-20 10:04:23.040,gvl_SL,bMotor_SL_ConveyorBelt,False,poll
2026-03-20 10:04:23.213,gvl_SL,iColorSensor_SL,0,event
2026-03-20 10:04:23.040,gvl_SL,bCompressor_SL,False,poll
2026-03-20 10:04:23.040,gvl_SL,bValve_SL_white,False,poll
2026-03-20 10:04:23.040,gvl_SL,bValve_SL_red,False,poll
2026-03-20 10:04:23.040,gvl_SL,bValve_SL_blue,False,poll
2026-03-20 10:04:23.040,LocalVariables,iC_CoordH,35,poll
2026-03-20 10:04:23.040,LocalVariables,iC_CoordV,0,poll
2026-03-20 10:04:23.040,LocalVariables,iC_CoordR,35,poll
2026-03-20 10:04:23.040,LocalVariables,eC_PickingStation,0,poll
2026-03-20 10:04:23.040,LocalVariables,eC_PlacingStation,0,poll
2026-03-20 10:04:23.040,LocalVariables,iC_Coord_Picking,"[[1340, 170, 150, 445], [380, 800, 367, 435], [800, 301, 580, 800]]",poll
2026-03-20 10:04:23.040,LocalVariables,iC_Coord_Placing,"[[890, 870], [500, 1343], [180, 150]]",poll
2026-03-20 10:04:23.614,gvl_SL,iColorSensor_SL,1,event
2026-03-20 10:04:23.719,gvl_SL,iColorSensor_SL,0,event
2026-03-20 10:04:23.739,gvl_C,bReferenceSwitch_C_vertical,True,poll
2026-03-20 10:04:23.739,gvl_C,bReferenceSwitch_C_horizontal,False,poll
2026-03-20 10:04:23.739,gvl_C,bReferenceSwitch_C_rotate,False,poll
2026-03-20 10:04:23.739,gvl_C,bEncoderImpulse_C_vertical1,False,poll
2026-03-20 10:04:23.739,gvl_C,bEncoderImpulse_C_vertical2,True,poll
2026-03-20 10:04:23.739,gvl_C,bEncoderImpulse_C_horizontal1,False,poll
2026-03-20 10:04:23.739,gvl_C,bEncoderImpulse_C_horizontal2,True,poll
2026-03-20 10:04:23.739,gvl_C,bEncoderImpulse_C_rotate1,True,poll
2026-03-20 10:04:23.739,gvl_C,bEncoderImpulse_C_rotate2,False,poll
2026-03-20 10:04:23.739,gvl_C,bMotor_C_upward,False,poll
2026-03-20 10:04:23.739,gvl_C,bMotor_C_downward,False,poll
2026-03-20 10:04:23.739,gvl_C,bMotor_C_backward,False,poll
2026-03-20 10:04:23.739,gvl_C,bMotor_C_forward,False,poll
2026-03-20 10:04:23.739,gvl_C,bMotor_C_clockwise,False,poll
2026-03-20 10:04:23.739,gvl_C,bMotor_C_counterclockwise,False,poll
2026-03-20 10:04:23.739,gvl_C,bCompressor_C,False,poll
2026-03-20 10:04:23.739,gvl_C,bValve_C,False,poll
2026-03-20 10:04:23.739,gvl_HBW,bReferenceSwitch_HBW_horizontal,True,poll
2026-03-20 10:04:23.739,gvl_HBW,bLightBarrier_HBW_inside,True,poll
2026-03-20 10:04:23.739,gvl_HBW,bLightBarrier_HBW_outside,True,poll
2026-03-20 10:04:23.739,gvl_HBW,bReferenceSwitch_HBW_vertical,False,poll
2026-03-20 10:04:23.739,gvl_HBW,bReferenceSwitch_HBW_Cantilever_front,False,poll
2026-03-20 10:04:23.739,gvl_HBW,bReferenceSwitch_HBW_Cantilever_back,False,poll
2026-03-20 10:04:23.739,gvl_HBW,bTrailSensor_HBW_bottom,True,poll
2026-03-20 10:04:23.739,gvl_HBW,bTrailSensor_HBW_top,True,poll
2026-03-20 10:04:23.739,gvl_HBW,bEncoderImpulse_HBW_horizontal1,False,poll
2026-03-20 10:04:23.739,gvl_HBW,bEncoderImpulse_HBW_horizontal2,True,poll
2026-03-20 10:04:23.739,gvl_HBW,bEncoderImpulse_HBW_vertical1,False,poll
2026-03-20 10:04:23.739,gvl_HBW,bEncoderImpulse_HBW_vertical2,False,poll
2026-03-20 10:04:23.739,gvl_HBW,bMotor_HBW_ConveyorBelt_forward,False,poll
2026-03-20 10:04:23.739,gvl_HBW,bMotor_HBW_ConveyorBelt_backward,False,poll
2026-03-20 10:04:23.739,gvl_HBW,bMotor_HBW_StackerCrane_torack,False,poll
2026-03-20 10:04:23.739,gvl_HBW,bMotor_HBW_StackerCrane_toconveyorbelt,False,poll
2026-03-20 10:04:23.739,gvl_HBW,bMotor_HBW_StackerCrane_downward,False,poll
2026-03-20 10:04:23.739,gvl_HBW,bMotor_HBW_StackerCrane_upward,False,poll
2026-03-20 10:04:23.739,gvl_HBW,bMotor_HBW_Cantilever_forward,False,poll
2026-03-20 10:04:23.739,gvl_HBW,bMotor_HBW_Cantilever_backward,False,poll
2026-03-20 10:04:23.739,gvl_MS,bReferenceSwitch_MS_Turntable_attransferunit,False,poll
2026-03-20 10:04:23.739,gvl_MS,bReferenceSwitch_MS_Turntable_atconveyorbelt,False,poll
2026-03-20 10:04:23.739,gvl_MS,bLightBarrier_MS_conveyorbelt,False,poll
2026-03-20 10:04:23.739,gvl_MS,bReferenceSwitch_MS_Turntable_atsaw,False,poll
2026-03-20 10:04:23.739,gvl_MS,bReferenceSwitch_MS_TransferUnit_atturntable,True,poll
2026-03-20 10:04:23.739,gvl_MS,bReferenceSwitch_MS_OvenSlider_inside,False,poll
2026-03-20 10:04:23.739,gvl_MS,bReferenceSwitch_MS_OvenSlider_outside,True,poll
2026-03-20 10:04:23.739,gvl_MS,bReferenceSwitch_MS_TransferUnit_atoven,False,poll
2026-03-20 10:04:23.739,gvl_MS,bLightBarrier_MS_oven,True,poll
2026-03-20 10:04:23.739,gvl_MS,bMotor_MS_Turntable_clockwise,False,poll
2026-03-20 10:04:23.739,gvl_MS,bMotor_MS_Turntable_counterclockwise,False,poll
2026-03-20 10:04:23.739,gvl_MS,bMotor_MS_ConveyorBelt_forward,False,poll
2026-03-20 10:04:23.739,gvl_MS,bMotor_MS_Saw,False,poll
2026-03-20 10:04:23.913,gvl_SL,iColorSensor_SL,1,event
2026-03-20 10:04:23.739,gvl_MS,bMotor_MS_OvenSlider_movein,False,poll
2026-03-20 10:04:23.739,gvl_MS,bMotor_MS_OvenSlider_moveout,False,poll
2026-03-20 10:04:23.739,gvl_MS,bMotor_MS_TransferUnit_tooven,False,poll
2026-03-20 10:04:23.739,gvl_MS,bMotor_MS_TransferUnit_toturntable,False,poll
2026-03-20 10:04:23.739,gvl_MS,bLamp_MS,False,poll
2026-03-20 10:04:23.739,gvl_MS,bCompressor_MS,False,poll
2026-03-20 10:04:23.739,gvl_MS,bValve_MS_Vacuum,False,poll
2026-03-20 10:04:23.739,gvl_MS,bValve_MS_TransferUnit,False,poll
2026-03-20 10:04:23.739,gvl_MS,bValve_MS_OvenDoor,False,poll
2026-03-20 10:04:23.739,gvl_MS,bValve_MS_Ejector,False,poll
2026-03-20 10:04:23.739,gvl_PM,bLightBarrier_PM_entry,True,poll
2026-03-20 10:04:23.739,gvl_PM,bLightBarrier_PM_tool,True,poll
2026-03-20 10:04:23.739,gvl_PM,bReferenceSwitch_PM_top,False,poll
2026-03-20 10:04:23.739,gvl_PM,bReferenceSwitch_PM_bottom,True,poll
2026-03-20 10:04:23.739,gvl_PM,bMotor_PM_ConveyorBelt_forward,False,poll
2026-03-20 10:04:23.739,gvl_PM,bMotor_PM_ConveyorBelt_backward,False,poll
2026-03-20 10:04:23.739,gvl_PM,bMotor_PM_Tool_upward,False,poll
2026-03-20 10:04:23.739,gvl_PM,bMotor_PM_Tool_downward,False,poll
2026-03-20 10:04:23.739,gvl_SL,bPulseCounter_SL,False,poll
2026-03-20 10:04:23.739,gvl_SL,bLightBarrier_SL_beforecolor,True,poll
2026-03-20 10:04:23.739,gvl_SL,bLightBarrier_SL_aftercolor,True,poll
2026-03-20 10:04:23.739,gvl_SL,bLightBarrier_SL_white,True,poll
2026-03-20 10:04:23.739,gvl_SL,bLightBarrier_SL_red,True,poll
2026-03-20 10:04:23.739,gvl_SL,bLightBarrier_SL_blue,True,poll
2026-03-20 10:04:23.739,gvl_SL,iColorSensor_SL,0,poll
2026-03-20 10:04:23.739,gvl_SL,bMotor_SL_ConveyorBelt,False,poll
2026-03-20 10:04:23.739,gvl_SL,bCompressor_SL,False,poll
2026-03-20 10:04:23.739,gvl_SL,bValve_SL_white,False,poll
2026-03-20 10:04:23.739,gvl_SL,bValve_SL_red,False,poll
2026-03-20 10:04:23.739,gvl_SL,bValve_SL_blue,False,poll
2026-03-20 10:04:23.739,LocalVariables,iC_CoordH,35,poll
2026-03-20 10:04:23.739,LocalVariables,iC_CoordV,0,poll
2026-03-20 10:04:24.015,gvl_SL,iColorSensor_SL,0,event
2026-03-20 10:04:23.739,LocalVariables,iC_CoordR,35,poll
2026-03-20 10:04:23.739,LocalVariables,eC_PickingStation,0,poll
2026-03-20 10:04:23.739,LocalVariables,eC_PlacingStation,0,poll
2026-03-20 10:04:23.739,LocalVariables,iC_Coord_Picking,"[[1340, 170, 150, 445], [380, 800, 367, 435], [800, 301, 580, 800]]",poll
2026-03-20 10:04:23.739,LocalVariables,iC_Coord_Placing,"[[890, 870], [500, 1343], [180, 150]]",poll
2026-03-20 10:04:24.215,gvl_SL,iColorSensor_SL,1,event
2026-03-20 10:04:24.416,gvl_SL,iColorSensor_SL,0,event
2026-03-20 10:04:24.514,gvl_SL,iColorSensor_SL,1,event
2026-03-20 10:04:24.533,gvl_C,bReferenceSwitch_C_vertical,True,poll
2026-03-20 10:04:24.533,gvl_C,bReferenceSwitch_C_horizontal,False,poll
2026-03-20 10:04:24.533,gvl_C,bReferenceSwitch_C_rotate,False,poll
2026-03-20 10:04:24.533,gvl_C,bEncoderImpulse_C_vertical1,False,poll
2026-03-20 10:04:24.533,gvl_C,bEncoderImpulse_C_vertical2,True,poll
2026-03-20 10:04:24.533,gvl_C,bEncoderImpulse_C_horizontal1,False,poll
2026-03-20 10:04:24.533,gvl_C,bEncoderImpulse_C_horizontal2,True,poll
2026-03-20 10:04:24.533,gvl_C,bEncoderImpulse_C_rotate1,True,poll
2026-03-20 10:04:24.533,gvl_C,bEncoderImpulse_C_rotate2,False,poll
2026-03-20 10:04:24.533,gvl_C,bMotor_C_upward,False,poll
2026-03-20 10:04:24.533,gvl_C,bMotor_C_downward,False,poll
2026-03-20 10:04:24.533,gvl_C,bMotor_C_backward,False,poll
2026-03-20 10:04:24.533,gvl_C,bMotor_C_forward,False,poll
2026-03-20 10:04:24.533,gvl_C,bMotor_C_clockwise,False,poll
2026-03-20 10:04:24.533,gvl_C,bMotor_C_counterclockwise,False,poll
2026-03-20 10:04:24.533,gvl_C,bCompressor_C,False,poll
2026-03-20 10:04:24.533,gvl_C,bValve_C,False,poll
2026-03-20 10:04:24.533,gvl_HBW,bReferenceSwitch_HBW_horizontal,True,poll
2026-03-20 10:04:24.533,gvl_HBW,bLightBarrier_HBW_inside,True,poll
2026-03-20 10:04:24.533,gvl_HBW,bLightBarrier_HBW_outside,True,poll
2026-03-20 10:04:24.533,gvl_HBW,bReferenceSwitch_HBW_vertical,False,poll
2026-03-20 10:04:24.533,gvl_HBW,bReferenceSwitch_HBW_Cantilever_front,False,poll
2026-03-20 10:04:24.533,gvl_HBW,bReferenceSwitch_HBW_Cantilever_back,False,poll
2026-03-20 10:04:24.533,gvl_HBW,bTrailSensor_HBW_bottom,True,poll
2026-03-20 10:04:24.533,gvl_HBW,bTrailSensor_HBW_top,True,poll
2026-03-20 10:04:24.614,gvl_SL,iColorSensor_SL,0,event
2026-03-20 10:04:24.533,gvl_HBW,bEncoderImpulse_HBW_horizontal1,False,poll
2026-03-20 10:04:24.533,gvl_HBW,bEncoderImpulse_HBW_horizontal2,True,poll
2026-03-20 10:04:24.533,gvl_HBW,bEncoderImpulse_HBW_vertical1,False,poll
2026-03-20 10:04:24.533,gvl_HBW,bEncoderImpulse_HBW_vertical2,False,poll
2026-03-20 10:04:24.533,gvl_HBW,bMotor_HBW_ConveyorBelt_forward,False,poll
2026-03-20 10:04:24.533,gvl_HBW,bMotor_HBW_ConveyorBelt_backward,False,poll
2026-03-20 10:04:24.533,gvl_HBW,bMotor_HBW_StackerCrane_torack,False,poll
2026-03-20 10:04:24.533,gvl_HBW,bMotor_HBW_StackerCrane_toconveyorbelt,False,poll
2026-03-20 10:04:24.533,gvl_HBW,bMotor_HBW_StackerCrane_downward,False,poll
2026-03-20 10:04:24.533,gvl_HBW,bMotor_HBW_StackerCrane_upward,False,poll
2026-03-20 10:04:24.533,gvl_HBW,bMotor_HBW_Cantilever_forward,False,poll
2026-03-20 10:04:24.533,gvl_HBW,bMotor_HBW_Cantilever_backward,False,poll
2026-03-20 10:04:24.533,gvl_MS,bReferenceSwitch_MS_Turntable_attransferunit,False,poll
2026-03-20 10:04:24.533,gvl_MS,bReferenceSwitch_MS_Turntable_atconveyorbelt,False,poll
2026-03-20 10:04:24.533,gvl_MS,bLightBarrier_MS_conveyorbelt,False,poll
2026-03-20 10:04:24.533,gvl_MS,bReferenceSwitch_MS_Turntable_atsaw,False,poll
2026-03-20 10:04:24.533,gvl_MS,bReferenceSwitch_MS_TransferUnit_atturntable,True,poll
2026-03-20 10:04:24.533,gvl_MS,bReferenceSwitch_MS_OvenSlider_inside,False,poll
2026-03-20 10:04:24.533,gvl_MS,bReferenceSwitch_MS_OvenSlider_outside,True,poll
2026-03-20 10:04:24.533,gvl_MS,bReferenceSwitch_MS_TransferUnit_atoven,False,poll
2026-03-20 10:04:24.533,gvl_MS,bLightBarrier_MS_oven,True,poll
2026-03-20 10:04:24.533,gvl_MS,bMotor_MS_Turntable_clockwise,False,poll
2026-03-20 10:04:24.533,gvl_MS,bMotor_MS_Turntable_counterclockwise,False,poll
2026-03-20 10:04:24.533,gvl_MS,bMotor_MS_ConveyorBelt_forward,False,poll
2026-03-20 10:04:24.533,gvl_MS,bMotor_MS_Saw,False,poll
2026-03-20 10:04:24.533,gvl_MS,bMotor_MS_OvenSlider_movein,False,poll
2026-03-20 10:04:24.533,gvl_MS,bMotor_MS_OvenSlider_moveout,False,poll
2026-03-20 10:04:24.533,gvl_MS,bMotor_MS_TransferUnit_tooven,False,poll
2026-03-20 10:04:24.533,gvl_MS,bMotor_MS_TransferUnit_toturntable,False,poll
2026-03-20 10:04:24.533,gvl_MS,bLamp_MS,False,poll
2026-03-20 10:04:24.533,gvl_MS,bCompressor_MS,False,poll
2026-03-20 10:04:24.533,gvl_MS,bValve_MS_Vacuum,False,poll
2026-03-20 10:04:24.533,gvl_MS,bValve_MS_TransferUnit,False,poll
2026-03-20 10:04:24.533,gvl_MS,bValve_MS_OvenDoor,False,poll
2026-03-20 10:04:24.533,gvl_MS,bValve_MS_Ejector,False,poll
2026-03-20 10:04:24.533,gvl_PM,bLightBarrier_PM_entry,True,poll
2026-03-20 10:04:24.533,gvl_PM,bLightBarrier_PM_tool,True,poll
2026-03-20 10:04:24.533,gvl_PM,bReferenceSwitch_PM_top,False,poll
2026-03-20 10:04:24.533,gvl_PM,bReferenceSwitch_PM_bottom,True,poll
2026-03-20 10:04:24.533,gvl_PM,bMotor_PM_ConveyorBelt_forward,False,poll
2026-03-20 10:04:24.533,gvl_PM,bMotor_PM_ConveyorBelt_backward,False,poll
2026-03-20 10:04:24.533,gvl_PM,bMotor_PM_Tool_upward,False,poll
2026-03-20 10:04:24.533,gvl_PM,bMotor_PM_Tool_downward,False,poll
2026-03-20 10:04:24.533,gvl_SL,bPulseCounter_SL,False,poll
2026-03-20 10:04:24.533,gvl_SL,bLightBarrier_SL_beforecolor,True,poll
2026-03-20 10:04:24.533,gvl_SL,bLightBarrier_SL_aftercolor,True,poll
2026-03-20 10:04:24.533,gvl_SL,bLightBarrier_SL_white,True,poll
2026-03-20 10:04:24.533,gvl_SL,bLightBarrier_SL_red,True,poll
2026-03-20 10:04:24.533,gvl_SL,bLightBarrier_SL_blue,True,poll
2026-03-20 10:04:24.533,gvl_SL,iColorSensor_SL,0,poll
2026-03-20 10:04:24.533,gvl_SL,bMotor_SL_ConveyorBelt,False,poll
2026-03-20 10:04:24.533,gvl_SL,bCompressor_SL,False,poll
2026-03-20 10:04:24.533,gvl_SL,bValve_SL_white,False,poll
2026-03-20 10:04:24.533,gvl_SL,bValve_SL_red,False,poll
2026-03-20 10:04:24.533,gvl_SL,bValve_SL_blue,False,poll
2026-03-20 10:04:24.533,LocalVariables,iC_CoordH,35,poll
2026-03-20 10:04:24.533,LocalVariables,iC_CoordV,0,poll
2026-03-20 10:04:24.533,LocalVariables,iC_CoordR,35,poll
2026-03-20 10:04:24.533,LocalVariables,eC_PickingStation,0,poll
2026-03-20 10:04:24.533,LocalVariables,eC_PlacingStation,0,poll
2026-03-20 10:04:24.533,LocalVariables,iC_Coord_Picking,"[[1340, 170, 150, 445], [380, 800, 367, 435], [800, 301, 580, 800]]",poll
2026-03-20 10:04:24.814,gvl_SL,iColorSensor_SL,1,event
2026-03-20 10:04:24.533,LocalVariables,iC_Coord_Placing,"[[890, 870], [500, 1343], [180, 150]]",poll
2026-03-20 10:04:24.914,gvl_SL,iColorSensor_SL,0,event
2026-03-20 10:04:25.014,gvl_SL,iColorSensor_SL,1,event
2026-03-20 10:04:25.314,gvl_SL,iColorSensor_SL,0,event
2026-03-20 10:04:25.322,gvl_C,bReferenceSwitch_C_vertical,True,poll
2026-03-20 10:04:25.322,gvl_C,bReferenceSwitch_C_horizontal,False,poll
2026-03-20 10:04:25.322,gvl_C,bReferenceSwitch_C_rotate,False,poll
2026-03-20 10:04:25.322,gvl_C,bEncoderImpulse_C_vertical1,False,poll
2026-03-20 10:04:25.322,gvl_C,bEncoderImpulse_C_vertical2,True,poll
2026-03-20 10:04:25.322,gvl_C,bEncoderImpulse_C_horizontal1,False,poll
2026-03-20 10:04:25.322,gvl_C,bEncoderImpulse_C_horizontal2,True,poll
2026-03-20 10:04:25.322,gvl_C,bEncoderImpulse_C_rotate1,True,poll
2026-03-20 10:04:25.322,gvl_C,bEncoderImpulse_C_rotate2,False,poll
2026-03-20 10:04:25.322,gvl_C,bMotor_C_upward,False,poll
2026-03-20 10:04:25.322,gvl_C,bMotor_C_downward,False,poll
2026-03-20 10:04:25.322,gvl_C,bMotor_C_backward,False,poll
2026-03-20 10:04:25.322,gvl_C,bMotor_C_forward,False,poll
2026-03-20 10:04:25.322,gvl_C,bMotor_C_clockwise,False,poll
2026-03-20 10:04:25.322,gvl_C,bMotor_C_counterclockwise,False,poll
2026-03-20 10:04:25.322,gvl_C,bCompressor_C,False,poll
2026-03-20 10:04:25.322,gvl_C,bValve_C,False,poll
2026-03-20 10:04:25.322,gvl_HBW,bReferenceSwitch_HBW_horizontal,True,poll
2026-03-20 10:04:25.322,gvl_HBW,bLightBarrier_HBW_inside,True,poll
2026-03-20 10:04:25.322,gvl_HBW,bLightBarrier_HBW_outside,True,poll
2026-03-20 10:04:25.322,gvl_HBW,bReferenceSwitch_HBW_vertical,False,poll
2026-03-20 10:04:25.322,gvl_HBW,bReferenceSwitch_HBW_Cantilever_front,False,poll
2026-03-20 10:04:25.322,gvl_HBW,bReferenceSwitch_HBW_Cantilever_back,False,poll
2026-03-20 10:04:25.414,gvl_SL,iColorSensor_SL,1,event
2026-03-20 10:04:25.322,gvl_HBW,bTrailSensor_HBW_bottom,True,poll
2026-03-20 10:04:25.322,gvl_HBW,bTrailSensor_HBW_top,True,poll
2026-03-20 10:04:25.322,gvl_HBW,bEncoderImpulse_HBW_horizontal1,False,poll
2026-03-20 10:04:25.322,gvl_HBW,bEncoderImpulse_HBW_horizontal2,True,poll
2026-03-20 10:04:25.322,gvl_HBW,bEncoderImpulse_HBW_vertical1,False,poll
2026-03-20 10:04:25.322,gvl_HBW,bEncoderImpulse_HBW_vertical2,False,poll
2026-03-20 10:04:25.322,gvl_HBW,bMotor_HBW_ConveyorBelt_forward,False,poll
2026-03-20 10:04:25.322,gvl_HBW,bMotor_HBW_ConveyorBelt_backward,False,poll
2026-03-20 10:04:25.322,gvl_HBW,bMotor_HBW_StackerCrane_torack,False,poll
2026-03-20 10:04:25.322,gvl_HBW,bMotor_HBW_StackerCrane_toconveyorbelt,False,poll
2026-03-20 10:04:25.322,gvl_HBW,bMotor_HBW_StackerCrane_downward,False,poll
2026-03-20 10:04:25.322,gvl_HBW,bMotor_HBW_StackerCrane_upward,False,poll
2026-03-20 10:04:25.322,gvl_HBW,bMotor_HBW_Cantilever_forward,False,poll
2026-03-20 10:04:25.322,gvl_HBW,bMotor_HBW_Cantilever_backward,False,poll
2026-03-20 10:04:25.322,gvl_MS,bReferenceSwitch_MS_Turntable_attransferunit,False,poll
2026-03-20 10:04:25.322,gvl_MS,bReferenceSwitch_MS_Turntable_atconveyorbelt,False,poll
2026-03-20 10:04:25.322,gvl_MS,bLightBarrier_MS_conveyorbelt,False,poll
2026-03-20 10:04:25.322,gvl_MS,bReferenceSwitch_MS_Turntable_atsaw,False,poll
2026-03-20 10:04:25.322,gvl_MS,bReferenceSwitch_MS_TransferUnit_atturntable,True,poll
2026-03-20 10:04:25.322,gvl_MS,bReferenceSwitch_MS_OvenSlider_inside,False,poll
2026-03-20 10:04:25.322,gvl_MS,bReferenceSwitch_MS_OvenSlider_outside,True,poll
2026-03-20 10:04:25.322,gvl_MS,bReferenceSwitch_MS_TransferUnit_atoven,False,poll
2026-03-20 10:04:25.322,gvl_MS,bLightBarrier_MS_oven,True,poll
2026-03-20 10:04:25.322,gvl_MS,bMotor_MS_Turntable_clockwise,False,poll
2026-03-20 10:04:25.322,gvl_MS,bMotor_MS_Turntable_counterclockwise,False,poll
2026-03-20 10:04:25.322,gvl_MS,bMotor_MS_ConveyorBelt_forward,False,poll
2026-03-20 10:04:25.322,gvl_MS,bMotor_MS_Saw,False,poll
2026-03-20 10:04:25.322,gvl_MS,bMotor_MS_OvenSlider_movein,False,poll
2026-03-20 10:04:25.322,gvl_MS,bMotor_MS_OvenSlider_moveout,False,poll
2026-03-20 10:04:25.322,gvl_MS,bMotor_MS_TransferUnit_tooven,False,poll
2026-03-20 10:04:25.322,gvl_MS,bMotor_MS_TransferUnit_toturntable,False,poll
2026-03-20 10:04:25.322,gvl_MS,bLamp_MS,False,poll
2026-03-20 10:04:25.322,gvl_MS,bCompressor_MS,False,poll
2026-03-20 10:04:25.322,gvl_MS,bValve_MS_Vacuum,False,poll
2026-03-20 10:04:25.322,gvl_MS,bValve_MS_TransferUnit,False,poll
2026-03-20 10:04:25.322,gvl_MS,bValve_MS_OvenDoor,False,poll
2026-03-20 10:04:25.322,gvl_MS,bValve_MS_Ejector,False,poll
2026-03-20 10:04:25.322,gvl_PM,bLightBarrier_PM_entry,True,poll
2026-03-20 10:04:25.322,gvl_PM,bLightBarrier_PM_tool,True,poll
2026-03-20 10:04:25.514,gvl_SL,iColorSensor_SL,0,event
2026-03-20 10:04:25.322,gvl_PM,bReferenceSwitch_PM_top,False,poll
2026-03-20 10:04:25.322,gvl_PM,bReferenceSwitch_PM_bottom,True,poll
2026-03-20 10:04:25.322,gvl_PM,bMotor_PM_ConveyorBelt_forward,False,poll
2026-03-20 10:04:25.322,gvl_PM,bMotor_PM_ConveyorBelt_backward,False,poll
2026-03-20 10:04:25.322,gvl_PM,bMotor_PM_Tool_upward,False,poll
2026-03-20 10:04:25.322,gvl_PM,bMotor_PM_Tool_downward,False,poll
2026-03-20 10:04:25.322,gvl_SL,bPulseCounter_SL,False,poll
2026-03-20 10:04:25.322,gvl_SL,bLightBarrier_SL_beforecolor,True,poll
2026-03-20 10:04:25.322,gvl_SL,bLightBarrier_SL_aftercolor,True,poll
2026-03-20 10:04:25.322,gvl_SL,bLightBarrier_SL_white,True,poll
2026-03-20 10:04:25.322,gvl_SL,bLightBarrier_SL_red,True,poll
2026-03-20 10:04:25.322,gvl_SL,bLightBarrier_SL_blue,True,poll
2026-03-20 10:04:25.322,gvl_SL,iColorSensor_SL,0,poll
2026-03-20 10:04:25.322,gvl_SL,bMotor_SL_ConveyorBelt,False,poll
2026-03-20 10:04:25.322,gvl_SL,bCompressor_SL,False,poll
2026-03-20 10:04:25.322,gvl_SL,bValve_SL_white,False,poll
2026-03-20 10:04:25.322,gvl_SL,bValve_SL_red,False,poll
2026-03-20 10:04:25.322,gvl_SL,bValve_SL_blue,False,poll
2026-03-20 10:04:25.322,LocalVariables,iC_CoordH,35,poll
2026-03-20 10:04:25.322,LocalVariables,iC_CoordV,0,poll
2026-03-20 10:04:25.322,LocalVariables,iC_CoordR,35,poll
2026-03-20 10:04:25.322,LocalVariables,eC_PickingStation,0,poll
2026-03-20 10:04:25.322,LocalVariables,eC_PlacingStation,0,poll
2026-03-20 10:04:25.322,LocalVariables,iC_Coord_Picking,"[[1340, 170, 150, 445], [380, 800, 367, 435], [800, 301, 580, 800]]",poll
2026-03-20 10:04:25.322,LocalVariables,iC_Coord_Placing,"[[890, 870], [500, 1343], [180, 150]]",poll
2026-03-20 10:04:25.816,gvl_SL,iColorSensor_SL,1,event
2026-03-20 10:04:26.014,gvl_SL,iColorSensor_SL,0,event
2026-03-20 10:04:26.076,gvl_C,bReferenceSwitch_C_vertical,True,poll
2026-03-20 10:04:26.076,gvl_C,bReferenceSwitch_C_horizontal,False,poll
2026-03-20 10:04:26.076,gvl_C,bReferenceSwitch_C_rotate,False,poll
2026-03-20 10:04:26.076,gvl_C,bEncoderImpulse_C_vertical1,False,poll
2026-03-20 10:04:26.076,gvl_C,bEncoderImpulse_C_vertical2,True,poll
2026-03-20 10:04:26.076,gvl_C,bEncoderImpulse_C_horizontal1,False,poll
2026-03-20 10:04:26.076,gvl_C,bEncoderImpulse_C_horizontal2,True,poll
2026-03-20 10:04:26.076,gvl_C,bEncoderImpulse_C_rotate1,True,poll
2026-03-20 10:04:26.076,gvl_C,bEncoderImpulse_C_rotate2,False,poll
2026-03-20 10:04:26.076,gvl_C,bMotor_C_upward,False,poll
2026-03-20 10:04:26.076,gvl_C,bMotor_C_downward,False,poll
2026-03-20 10:04:26.076,gvl_C,bMotor_C_backward,False,poll
2026-03-20 10:04:26.076,gvl_C,bMotor_C_forward,False,poll
2026-03-20 10:04:26.076,gvl_C,bMotor_C_clockwise,False,poll
2026-03-20 10:04:26.076,gvl_C,bMotor_C_counterclockwise,False,poll
2026-03-20 10:04:26.076,gvl_C,bCompressor_C,False,poll
2026-03-20 10:04:26.076,gvl_C,bValve_C,False,poll
2026-03-20 10:04:26.076,gvl_HBW,bReferenceSwitch_HBW_horizontal,True,poll
2026-03-20 10:04:26.076,gvl_HBW,bLightBarrier_HBW_inside,True,poll
2026-03-20 10:04:26.076,gvl_HBW,bLightBarrier_HBW_outside,True,poll
2026-03-20 10:04:26.076,gvl_HBW,bReferenceSwitch_HBW_vertical,False,poll
2026-03-20 10:04:26.076,gvl_HBW,bReferenceSwitch_HBW_Cantilever_front,False,poll
2026-03-20 10:04:26.076,gvl_HBW,bReferenceSwitch_HBW_Cantilever_back,False,poll
2026-03-20 10:04:26.076,gvl_HBW,bTrailSensor_HBW_bottom,True,poll
2026-03-20 10:04:26.076,gvl_HBW,bTrailSensor_HBW_top,True,poll
2026-03-20 10:04:26.076,gvl_HBW,bEncoderImpulse_HBW_horizontal1,False,poll
2026-03-20 10:04:26.076,gvl_HBW,bEncoderImpulse_HBW_horizontal2,True,poll
2026-03-20 10:04:26.076,gvl_HBW,bEncoderImpulse_HBW_vertical1,False,poll
2026-03-20 10:04:26.076,gvl_HBW,bEncoderImpulse_HBW_vertical2,False,poll
2026-03-20 10:04:26.076,gvl_HBW,bMotor_HBW_ConveyorBelt_forward,False,poll
2026-03-20 10:04:26.076,gvl_HBW,bMotor_HBW_ConveyorBelt_backward,False,poll
2026-03-20 10:04:26.076,gvl_HBW,bMotor_HBW_StackerCrane_torack,False,poll
2026-03-20 10:04:26.076,gvl_HBW,bMotor_HBW_StackerCrane_toconveyorbelt,False,poll
2026-03-20 10:04:26.076,gvl_HBW,bMotor_HBW_StackerCrane_downward,False,poll
2026-03-20 10:04:26.076,gvl_HBW,bMotor_HBW_StackerCrane_upward,False,poll
2026-03-20 10:04:26.076,gvl_HBW,bMotor_HBW_Cantilever_forward,False,poll
2026-03-20 10:04:26.076,gvl_HBW,bMotor_HBW_Cantilever_backward,False,poll
2026-03-20 10:04:26.076,gvl_MS,bReferenceSwitch_MS_Turntable_attransferunit,False,poll
2026-03-20 10:04:26.076,gvl_MS,bReferenceSwitch_MS_Turntable_atconveyorbelt,False,poll
2026-03-20 10:04:26.076,gvl_MS,bLightBarrier_MS_conveyorbelt,False,poll
2026-03-20 10:04:26.076,gvl_MS,bReferenceSwitch_MS_Turntable_atsaw,False,poll
2026-03-20 10:04:26.076,gvl_MS,bReferenceSwitch_MS_TransferUnit_atturntable,True,poll
2026-03-20 10:04:26.076,gvl_MS,bReferenceSwitch_MS_OvenSlider_inside,False,poll
2026-03-20 10:04:26.076,gvl_MS,bReferenceSwitch_MS_OvenSlider_outside,True,poll
2026-03-20 10:04:26.076,gvl_MS,bReferenceSwitch_MS_TransferUnit_atoven,False,poll
2026-03-20 10:04:26.076,gvl_MS,bLightBarrier_MS_oven,True,poll
2026-03-20 10:04:26.076,gvl_MS,bMotor_MS_Turntable_clockwise,False,poll
2026-03-20 10:04:26.076,gvl_MS,bMotor_MS_Turntable_counterclockwise,False,poll
2026-03-20 10:04:26.076,gvl_MS,bMotor_MS_ConveyorBelt_forward,False,poll
2026-03-20 10:04:26.076,gvl_MS,bMotor_MS_Saw,False,poll
2026-03-20 10:04:26.076,gvl_MS,bMotor_MS_OvenSlider_movein,False,poll
2026-03-20 10:04:26.076,gvl_MS,bMotor_MS_OvenSlider_moveout,False,poll
2026-03-20 10:04:26.076,gvl_MS,bMotor_MS_TransferUnit_tooven,False,poll
2026-03-20 10:04:26.076,gvl_MS,bMotor_MS_TransferUnit_toturntable,False,poll
2026-03-20 10:04:26.076,gvl_MS,bLamp_MS,False,poll
2026-03-20 10:04:26.076,gvl_MS,bCompressor_MS,False,poll
2026-03-20 10:04:26.076,gvl_MS,bValve_MS_Vacuum,False,poll
2026-03-20 10:04:26.076,gvl_MS,bValve_MS_TransferUnit,False,poll
2026-03-20 10:04:26.076,gvl_MS,bValve_MS_OvenDoor,False,poll
2026-03-20 10:04:26.076,gvl_MS,bValve_MS_Ejector,False,poll
2026-03-20 10:04:26.076,gvl_PM,bLightBarrier_PM_entry,True,poll
2026-03-20 10:04:26.076,gvl_PM,bLightBarrier_PM_tool,True,poll
2026-03-20 10:04:26.076,gvl_PM,bReferenceSwitch_PM_top,False,poll
2026-03-20 10:04:26.076,gvl_PM,bReferenceSwitch_PM_bottom,True,poll
2026-03-20 10:04:26.076,gvl_PM,bMotor_PM_ConveyorBelt_forward,False,poll
2026-03-20 10:04:26.076,gvl_PM,bMotor_PM_ConveyorBelt_backward,False,poll
2026-03-20 10:04:26.076,gvl_PM,bMotor_PM_Tool_upward,False,poll
2026-03-20 10:04:26.076,gvl_PM,bMotor_PM_Tool_downward,False,poll
2026-03-20 10:04:26.076,gvl_SL,bPulseCounter_SL,False,poll
2026-03-20 10:04:26.076,gvl_SL,bLightBarrier_SL_beforecolor,True,poll
2026-03-20 10:04:26.076,gvl_SL,bLightBarrier_SL_aftercolor,True,poll
2026-03-20 10:04:26.076,gvl_SL,bLightBarrier_SL_white,True,poll
2026-03-20 10:04:26.076,gvl_SL,bLightBarrier_SL_red,True,poll
2026-03-20 10:04:26.076,gvl_SL,bLightBarrier_SL_blue,True,poll
2026-03-20 10:04:26.076,gvl_SL,iColorSensor_SL,1,poll
2026-03-20 10:04:26.076,gvl_SL,bMotor_SL_ConveyorBelt,False,poll
2026-03-20 10:04:26.076,gvl_SL,bCompressor_SL,False,poll
2026-03-20 10:04:26.076,gvl_SL,bValve_SL_white,False,poll
2026-03-20 10:04:26.076,gvl_SL,bValve_SL_red,False,poll
2026-03-20 10:04:26.076,gvl_SL,bValve_SL_blue,False,poll
2026-03-20 10:04:26.076,LocalVariables,iC_CoordH,35,poll
2026-03-20 10:04:26.076,LocalVariables,iC_CoordV,0,poll
2026-03-20 10:04:26.076,LocalVariables,iC_CoordR,35,poll
2026-03-20 10:04:26.076,LocalVariables,eC_PickingStation,0,poll
2026-03-20 10:04:26.076,LocalVariables,eC_PlacingStation,0,poll
2026-03-20 10:04:26.414,gvl_SL,iColorSensor_SL,1,event
2026-03-20 10:04:26.076,LocalVariables,iC_Coord_Picking,"[[1340, 170, 150, 445], [380, 800, 367, 435], [800, 301, 580, 800]]",poll
2026-03-20 10:04:26.076,LocalVariables,iC_Coord_Placing,"[[890, 870], [500, 1343], [180, 150]]",poll
2026-03-20 10:04:26.515,gvl_SL,iColorSensor_SL,0,event
2026-03-20 10:04:26.935,gvl_C,bReferenceSwitch_C_vertical,True,poll
2026-03-20 10:04:26.935,gvl_C,bReferenceSwitch_C_horizontal,False,poll
2026-03-20 10:04:26.935,gvl_C,bReferenceSwitch_C_rotate,False,poll
2026-03-20 10:04:26.935,gvl_C,bEncoderImpulse_C_vertical1,False,poll
2026-03-20 10:04:26.935,gvl_C,bEncoderImpulse_C_vertical2,True,poll
2026-03-20 10:04:26.935,gvl_C,bEncoderImpulse_C_horizontal1,False,poll
2026-03-20 10:04:26.935,gvl_C,bEncoderImpulse_C_horizontal2,True,poll
2026-03-20 10:04:26.935,gvl_C,bEncoderImpulse_C_rotate1,True,poll
2026-03-20 10:04:26.935,gvl_C,bEncoderImpulse_C_rotate2,False,poll
2026-03-20 10:04:26.935,gvl_C,bMotor_C_upward,False,poll
2026-03-20 10:04:26.935,gvl_C,bMotor_C_downward,False,poll
2026-03-20 10:04:26.935,gvl_C,bMotor_C_backward,False,poll
2026-03-20 10:04:26.935,gvl_C,bMotor_C_forward,False,poll
2026-03-20 10:04:26.935,gvl_C,bMotor_C_clockwise,False,poll
2026-03-20 10:04:26.935,gvl_C,bMotor_C_counterclockwise,False,poll
2026-03-20 10:04:26.935,gvl_C,bCompressor_C,False,poll
2026-03-20 10:04:26.935,gvl_C,bValve_C,False,poll
2026-03-20 10:04:26.935,gvl_HBW,bReferenceSwitch_HBW_horizontal,True,poll
2026-03-20 10:04:26.935,gvl_HBW,bLightBarrier_HBW_inside,True,poll
2026-03-20 10:04:26.935,gvl_HBW,bLightBarrier_HBW_outside,True,poll
2026-03-20 10:04:26.935,gvl_HBW,bReferenceSwitch_HBW_vertical,False,poll
2026-03-20 10:04:26.935,gvl_HBW,bReferenceSwitch_HBW_Cantilever_front,False,poll
2026-03-20 10:04:26.935,gvl_HBW,bReferenceSwitch_HBW_Cantilever_back,False,poll
2026-03-20 10:04:26.935,gvl_HBW,bTrailSensor_HBW_bottom,True,poll
2026-03-20 10:04:26.935,gvl_HBW,bTrailSensor_HBW_top,True,poll
2026-03-20 10:04:26.935,gvl_HBW,bEncoderImpulse_HBW_horizontal1,False,poll
2026-03-20 10:04:26.935,gvl_HBW,bEncoderImpulse_HBW_horizontal2,True,poll
2026-03-20 10:04:26.935,gvl_HBW,bEncoderImpulse_HBW_vertical1,False,poll
2026-03-20 10:04:26.935,gvl_HBW,bEncoderImpulse_HBW_vertical2,False,poll
2026-03-20 10:04:26.935,gvl_HBW,bMotor_HBW_ConveyorBelt_forward,False,poll
2026-03-20 10:04:26.935,gvl_HBW,bMotor_HBW_ConveyorBelt_backward,False,poll
2026-03-20 10:04:26.935,gvl_HBW,bMotor_HBW_StackerCrane_torack,False,poll
2026-03-20 10:04:26.935,gvl_HBW,bMotor_HBW_StackerCrane_toconveyorbelt,False,poll
2026-03-20 10:04:26.935,gvl_HBW,bMotor_HBW_StackerCrane_downward,False,poll
2026-03-20 10:04:26.935,gvl_HBW,bMotor_HBW_StackerCrane_upward,False,poll
2026-03-20 10:04:26.935,gvl_HBW,bMotor_HBW_Cantilever_forward,False,poll
2026-03-20 10:04:26.935,gvl_HBW,bMotor_HBW_Cantilever_backward,False,poll
2026-03-20 10:04:26.935,gvl_MS,bReferenceSwitch_MS_Turntable_attransferunit,False,poll
2026-03-20 10:04:26.935,gvl_MS,bReferenceSwitch_MS_Turntable_atconveyorbelt,False,poll
2026-03-20 10:04:26.935,gvl_MS,bLightBarrier_MS_conveyorbelt,False,poll
2026-03-20 10:04:26.935,gvl_MS,bReferenceSwitch_MS_Turntable_atsaw,False,poll
2026-03-20 10:04:26.935,gvl_MS,bReferenceSwitch_MS_TransferUnit_atturntable,True,poll
2026-03-20 10:04:26.935,gvl_MS,bReferenceSwitch_MS_OvenSlider_inside,False,poll
2026-03-20 10:04:26.935,gvl_MS,bReferenceSwitch_MS_OvenSlider_outside,True,poll
2026-03-20 10:04:26.935,gvl_MS,bReferenceSwitch_MS_TransferUnit_atoven,False,poll
2026-03-20 10:04:26.935,gvl_MS,bLightBarrier_MS_oven,True,poll
2026-03-20 10:04:26.935,gvl_MS,bMotor_MS_Turntable_clockwise,False,poll
2026-03-20 10:04:26.935,gvl_MS,bMotor_MS_Turntable_counterclockwise,False,poll
2026-03-20 10:04:26.935,gvl_MS,bMotor_MS_ConveyorBelt_forward,False,poll
2026-03-20 10:04:26.935,gvl_MS,bMotor_MS_Saw,False,poll
2026-03-20 10:04:26.935,gvl_MS,bMotor_MS_OvenSlider_movein,False,poll
2026-03-20 10:04:26.935,gvl_MS,bMotor_MS_OvenSlider_moveout,False,poll
2026-03-20 10:04:26.935,gvl_MS,bMotor_MS_TransferUnit_tooven,False,poll
2026-03-20 10:04:26.935,gvl_MS,bMotor_MS_TransferUnit_toturntable,False,poll
2026-03-20 10:04:26.935,gvl_MS,bLamp_MS,False,poll
2026-03-20 10:04:26.935,gvl_MS,bCompressor_MS,False,poll
2026-03-20 10:04:26.935,gvl_MS,bValve_MS_Vacuum,False,poll
2026-03-20 10:04:26.935,gvl_MS,bValve_MS_TransferUnit,False,poll
2026-03-20 10:04:26.935,gvl_MS,bValve_MS_OvenDoor,False,poll
2026-03-20 10:04:26.935,gvl_MS,bValve_MS_Ejector,False,poll
2026-03-20 10:04:26.935,gvl_PM,bLightBarrier_PM_entry,True,poll
2026-03-20 10:04:26.935,gvl_PM,bLightBarrier_PM_tool,True,poll
2026-03-20 10:04:26.935,gvl_PM,bReferenceSwitch_PM_top,False,poll
2026-03-20 10:04:26.935,gvl_PM,bReferenceSwitch_PM_bottom,True,poll
2026-03-20 10:04:26.935,gvl_PM,bMotor_PM_ConveyorBelt_forward,False,poll
2026-03-20 10:04:26.935,gvl_PM,bMotor_PM_ConveyorBelt_backward,False,poll
2026-03-20 10:04:26.935,gvl_PM,bMotor_PM_Tool_upward,False,poll
2026-03-20 10:04:26.935,gvl_PM,bMotor_PM_Tool_downward,False,poll
2026-03-20 10:04:26.935,gvl_SL,bPulseCounter_SL,False,poll
2026-03-20 10:04:26.935,gvl_SL,bLightBarrier_SL_beforecolor,True,poll
2026-03-20 10:04:26.935,gvl_SL,bLightBarrier_SL_aftercolor,True,poll
2026-03-20 10:04:26.935,gvl_SL,bLightBarrier_SL_white,True,poll
2026-03-20 10:04:26.935,gvl_SL,bLightBarrier_SL_red,True,poll
2026-03-20 10:04:26.935,gvl_SL,bLightBarrier_SL_blue,True,poll
2026-03-20 10:04:26.935,gvl_SL,iColorSensor_SL,0,poll
2026-03-20 10:04:26.935,gvl_SL,bMotor_SL_ConveyorBelt,False,poll
2026-03-20 10:04:26.935,gvl_SL,bCompressor_SL,False,poll
2026-03-20 10:04:26.935,gvl_SL,bValve_SL_white,False,poll
2026-03-20 10:04:26.935,gvl_SL,bValve_SL_red,False,poll
2026-03-20 10:04:26.935,gvl_SL,bValve_SL_blue,False,poll
2026-03-20 10:04:26.935,LocalVariables,iC_CoordH,35,poll
2026-03-20 10:04:26.935,LocalVariables,iC_CoordV,0,poll
2026-03-20 10:04:26.935,LocalVariables,iC_CoordR,35,poll
2026-03-20 10:04:26.935,LocalVariables,eC_PickingStation,0,poll
2026-03-20 10:04:26.935,LocalVariables,eC_PlacingStation,0,poll
2026-03-20 10:04:26.935,LocalVariables,iC_Coord_Picking,"[[1340, 170, 150, 445], [380, 800, 367, 435], [800, 301, 580, 800]]",poll
2026-03-20 10:04:26.935,LocalVariables,iC_Coord_Placing,"[[890, 870], [500, 1343], [180, 150]]",poll
2026-03-20 10:04:27.414,gvl_SL,iColorSensor_SL,1,event
2026-03-20 10:04:27.516,gvl_SL,iColorSensor_SL,0,event
2026-03-20 10:04:27.721,gvl_C,bReferenceSwitch_C_vertical,True,poll
2026-03-20 10:04:27.721,gvl_C,bReferenceSwitch_C_horizontal,False,poll
2026-03-20 10:04:27.721,gvl_C,bReferenceSwitch_C_rotate,False,poll
2026-03-20 10:04:27.721,gvl_C,bEncoderImpulse_C_vertical1,False,poll
2026-03-20 10:04:27.721,gvl_C,bEncoderImpulse_C_vertical2,True,poll
2026-03-20 10:04:27.721,gvl_C,bEncoderImpulse_C_horizontal1,False,poll
2026-03-20 10:04:27.721,gvl_C,bEncoderImpulse_C_horizontal2,True,poll
2026-03-20 10:04:27.721,gvl_C,bEncoderImpulse_C_rotate1,True,poll
2026-03-20 10:04:27.721,gvl_C,bEncoderImpulse_C_rotate2,False,poll
2026-03-20 10:04:27.721,gvl_C,bMotor_C_upward,False,poll
2026-03-20 10:04:27.721,gvl_C,bMotor_C_downward,False,poll
2026-03-20 10:04:27.721,gvl_C,bMotor_C_backward,False,poll
2026-03-20 10:04:27.721,gvl_C,bMotor_C_forward,False,poll
2026-03-20 10:04:27.721,gvl_C,bMotor_C_clockwise,False,poll
2026-03-20 10:04:27.721,gvl_C,bMotor_C_counterclockwise,False,poll
2026-03-20 10:04:27.721,gvl_C,bCompressor_C,False,poll
2026-03-20 10:04:27.721,gvl_C,bValve_C,False,poll
2026-03-20 10:04:27.721,gvl_HBW,bReferenceSwitch_HBW_horizontal,True,poll
2026-03-20 10:04:27.721,gvl_HBW,bLightBarrier_HBW_inside,True,poll
2026-03-20 10:04:27.721,gvl_HBW,bLightBarrier_HBW_outside,True,poll
2026-03-20 10:04:27.721,gvl_HBW,bReferenceSwitch_HBW_vertical,False,poll
2026-03-20 10:04:27.721,gvl_HBW,bReferenceSwitch_HBW_Cantilever_front,False,poll
2026-03-20 10:04:27.721,gvl_HBW,bReferenceSwitch_HBW_Cantilever_back,False,poll
2026-03-20 10:04:27.721,gvl_HBW,bTrailSensor_HBW_bottom,True,poll
2026-03-20 10:04:27.721,gvl_HBW,bTrailSensor_HBW_top,True,poll
2026-03-20 10:04:27.721,gvl_HBW,bEncoderImpulse_HBW_horizontal1,False,poll
2026-03-20 10:04:27.721,gvl_HBW,bEncoderImpulse_HBW_horizontal2,True,poll
2026-03-20 10:04:27.721,gvl_HBW,bEncoderImpulse_HBW_vertical1,False,poll
2026-03-20 10:04:27.721,gvl_HBW,bEncoderImpulse_HBW_vertical2,False,poll
2026-03-20 10:04:27.721,gvl_HBW,bMotor_HBW_ConveyorBelt_forward,False,poll
2026-03-20 10:04:27.721,gvl_HBW,bMotor_HBW_ConveyorBelt_backward,False,poll
2026-03-20 10:04:27.721,gvl_HBW,bMotor_HBW_StackerCrane_torack,False,poll
2026-03-20 10:04:27.721,gvl_HBW,bMotor_HBW_StackerCrane_toconveyorbelt,False,poll
2026-03-20 10:04:27.721,gvl_HBW,bMotor_HBW_StackerCrane_downward,False,poll
2026-03-20 10:04:27.721,gvl_HBW,bMotor_HBW_StackerCrane_upward,False,poll
2026-03-20 10:04:27.721,gvl_HBW,bMotor_HBW_Cantilever_forward,False,poll
2026-03-20 10:04:27.721,gvl_HBW,bMotor_HBW_Cantilever_backward,False,poll
2026-03-20 10:04:27.721,gvl_MS,bReferenceSwitch_MS_Turntable_attransferunit,False,poll
2026-03-20 10:04:27.721,gvl_MS,bReferenceSwitch_MS_Turntable_atconveyorbelt,False,poll
2026-03-20 10:04:27.721,gvl_MS,bLightBarrier_MS_conveyorbelt,False,poll
2026-03-20 10:04:27.721,gvl_MS,bReferenceSwitch_MS_Turntable_atsaw,False,poll
2026-03-20 10:04:27.721,gvl_MS,bReferenceSwitch_MS_TransferUnit_atturntable,True,poll
2026-03-20 10:04:27.721,gvl_MS,bReferenceSwitch_MS_OvenSlider_inside,False,poll
2026-03-20 10:04:27.721,gvl_MS,bReferenceSwitch_MS_OvenSlider_outside,True,poll
2026-03-20 10:04:27.721,gvl_MS,bReferenceSwitch_MS_TransferUnit_atoven,False,poll
2026-03-20 10:04:27.721,gvl_MS,bLightBarrier_MS_oven,True,poll
2026-03-20 10:04:27.721,gvl_MS,bMotor_MS_Turntable_clockwise,False,poll
2026-03-20 10:04:27.721,gvl_MS,bMotor_MS_Turntable_counterclockwise,False,poll
2026-03-20 10:04:27.721,gvl_MS,bMotor_MS_ConveyorBelt_forward,False,poll
2026-03-20 10:04:27.721,gvl_MS,bMotor_MS_Saw,False,poll
2026-03-20 10:04:27.721,gvl_MS,bMotor_MS_OvenSlider_movein,False,poll
2026-03-20 10:04:27.721,gvl_MS,bMotor_MS_OvenSlider_moveout,False,poll
2026-03-20 10:04:27.721,gvl_MS,bMotor_MS_TransferUnit_tooven,False,poll
2026-03-20 10:04:27.721,gvl_MS,bMotor_MS_TransferUnit_toturntable,False,poll
2026-03-20 10:04:27.721,gvl_MS,bLamp_MS,False,poll
2026-03-20 10:04:27.721,gvl_MS,bCompressor_MS,False,poll
2026-03-20 10:04:27.721,gvl_MS,bValve_MS_Vacuum,False,poll
2026-03-20 10:04:27.721,gvl_MS,bValve_MS_TransferUnit,False,poll
2026-03-20 10:04:27.721,gvl_MS,bValve_MS_OvenDoor,False,poll
2026-03-20 10:04:27.721,gvl_MS,bValve_MS_Ejector,False,poll
2026-03-20 10:04:27.721,gvl_PM,bLightBarrier_PM_entry,True,poll
2026-03-20 10:04:27.721,gvl_PM,bLightBarrier_PM_tool,True,poll
2026-03-20 10:04:27.721,gvl_PM,bReferenceSwitch_PM_top,False,poll
2026-03-20 10:04:27.721,gvl_PM,bReferenceSwitch_PM_bottom,True,poll
2026-03-20 10:04:27.721,gvl_PM,bMotor_PM_ConveyorBelt_forward,False,poll
2026-03-20 10:04:27.721,gvl_PM,bMotor_PM_ConveyorBelt_backward,False,poll
2026-03-20 10:04:27.721,gvl_PM,bMotor_PM_Tool_upward,False,poll
2026-03-20 10:04:27.721,gvl_PM,bMotor_PM_Tool_downward,False,poll
2026-03-20 10:04:27.721,gvl_SL,bPulseCounter_SL,False,poll
2026-03-20 10:04:27.721,gvl_SL,bLightBarrier_SL_beforecolor,True,poll
2026-03-20 10:04:27.721,gvl_SL,bLightBarrier_SL_aftercolor,True,poll
2026-03-20 10:04:27.721,gvl_SL,bLightBarrier_SL_white,True,poll
2026-03-20 10:04:27.721,gvl_SL,bLightBarrier_SL_red,True,poll
2026-03-20 10:04:27.721,gvl_SL,bLightBarrier_SL_blue,True,poll
2026-03-20 10:04:27.721,gvl_SL,iColorSensor_SL,1,poll
2026-03-20 10:04:27.721,gvl_SL,bMotor_SL_ConveyorBelt,False,poll
2026-03-20 10:04:27.721,gvl_SL,bCompressor_SL,False,poll
2026-03-20 10:04:27.721,gvl_SL,bValve_SL_white,False,poll
2026-03-20 10:04:27.721,gvl_SL,bValve_SL_red,False,poll
2026-03-20 10:04:27.721,gvl_SL,bValve_SL_blue,False,poll
2026-03-20 10:04:27.721,LocalVariables,iC_CoordH,35,poll
2026-03-20 10:04:27.721,LocalVariables,iC_CoordV,0,poll
2026-03-20 10:04:27.721,LocalVariables,iC_CoordR,35,poll
2026-03-20 10:04:27.721,LocalVariables,eC_PickingStation,0,poll
2026-03-20 10:04:27.721,LocalVariables,eC_PlacingStation,0,poll
2026-03-20 10:04:27.721,LocalVariables,iC_Coord_Picking,"[[1340, 170, 150, 445], [380, 800, 367, 435], [800, 301, 580, 800]]",poll
2026-03-20 10:04:27.721,LocalVariables,iC_Coord_Placing,"[[890, 870], [500, 1343], [180, 150]]",poll
2026-03-20 10:04:28.535,gvl_C,bReferenceSwitch_C_vertical,True,poll
2026-03-20 10:04:28.535,gvl_C,bReferenceSwitch_C_horizontal,False,poll
2026-03-20 10:04:28.535,gvl_C,bReferenceSwitch_C_rotate,False,poll
2026-03-20 10:04:28.535,gvl_C,bEncoderImpulse_C_vertical1,False,poll
2026-03-20 10:04:28.535,gvl_C,bEncoderImpulse_C_vertical2,True,poll
2026-03-20 10:04:28.535,gvl_C,bEncoderImpulse_C_horizontal1,False,poll
2026-03-20 10:04:28.535,gvl_C,bEncoderImpulse_C_horizontal2,True,poll
2026-03-20 10:04:28.535,gvl_C,bEncoderImpulse_C_rotate1,True,poll
2026-03-20 10:04:28.535,gvl_C,bEncoderImpulse_C_rotate2,False,poll
2026-03-20 10:04:28.535,gvl_C,bMotor_C_upward,False,poll
2026-03-20 10:04:28.535,gvl_C,bMotor_C_downward,False,poll
2026-03-20 10:04:28.535,gvl_C,bMotor_C_backward,False,poll
2026-03-20 10:04:28.535,gvl_C,bMotor_C_forward,False,poll
2026-03-20 10:04:28.535,gvl_C,bMotor_C_clockwise,False,poll
2026-03-20 10:04:28.535,gvl_C,bMotor_C_counterclockwise,False,poll
2026-03-20 10:04:28.535,gvl_C,bCompressor_C,False,poll
2026-03-20 10:04:28.535,gvl_C,bValve_C,False,poll
2026-03-20 10:04:28.535,gvl_HBW,bReferenceSwitch_HBW_horizontal,True,poll
2026-03-20 10:04:28.535,gvl_HBW,bLightBarrier_HBW_inside,True,poll
2026-03-20 10:04:28.535,gvl_HBW,bLightBarrier_HBW_outside,True,poll
2026-03-20 10:04:28.535,gvl_HBW,bReferenceSwitch_HBW_vertical,False,poll
2026-03-20 10:04:28.535,gvl_HBW,bReferenceSwitch_HBW_Cantilever_front,False,poll
2026-03-20 10:04:28.535,gvl_HBW,bReferenceSwitch_HBW_Cantilever_back,False,poll
2026-03-20 10:04:28.614,gvl_SL,iColorSensor_SL,1,event
2026-03-20 10:04:28.535,gvl_HBW,bTrailSensor_HBW_bottom,True,poll
2026-03-20 10:04:28.535,gvl_HBW,bTrailSensor_HBW_top,True,poll
2026-03-20 10:04:28.535,gvl_HBW,bEncoderImpulse_HBW_horizontal1,False,poll
2026-03-20 10:04:28.535,gvl_HBW,bEncoderImpulse_HBW_horizontal2,True,poll
2026-03-20 10:04:28.535,gvl_HBW,bEncoderImpulse_HBW_vertical1,False,poll
2026-03-20 10:04:28.535,gvl_HBW,bEncoderImpulse_HBW_vertical2,False,poll
2026-03-20 10:04:28.535,gvl_HBW,bMotor_HBW_ConveyorBelt_forward,False,poll
2026-03-20 10:04:28.535,gvl_HBW,bMotor_HBW_ConveyorBelt_backward,False,poll
2026-03-20 10:04:28.535,gvl_HBW,bMotor_HBW_StackerCrane_torack,False,poll
2026-03-20 10:04:28.535,gvl_HBW,bMotor_HBW_StackerCrane_toconveyorbelt,False,poll
2026-03-20 10:04:28.535,gvl_HBW,bMotor_HBW_StackerCrane_downward,False,poll
2026-03-20 10:04:28.535,gvl_HBW,bMotor_HBW_StackerCrane_upward,False,poll
2026-03-20 10:04:28.535,gvl_HBW,bMotor_HBW_Cantilever_forward,False,poll
2026-03-20 10:04:28.535,gvl_HBW,bMotor_HBW_Cantilever_backward,False,poll
2026-03-20 10:04:28.535,gvl_MS,bReferenceSwitch_MS_Turntable_attransferunit,False,poll
2026-03-20 10:04:28.535,gvl_MS,bReferenceSwitch_MS_Turntable_atconveyorbelt,False,poll
2026-03-20 10:04:28.535,gvl_MS,bLightBarrier_MS_conveyorbelt,False,poll
2026-03-20 10:04:28.535,gvl_MS,bReferenceSwitch_MS_Turntable_atsaw,False,poll
2026-03-20 10:04:28.535,gvl_MS,bReferenceSwitch_MS_TransferUnit_atturntable,True,poll
2026-03-20 10:04:28.535,gvl_MS,bReferenceSwitch_MS_OvenSlider_inside,False,poll
2026-03-20 10:04:28.535,gvl_MS,bReferenceSwitch_MS_OvenSlider_outside,True,poll
2026-03-20 10:04:28.535,gvl_MS,bReferenceSwitch_MS_TransferUnit_atoven,False,poll
2026-03-20 10:04:28.535,gvl_MS,bLightBarrier_MS_oven,True,poll
2026-03-20 10:04:28.535,gvl_MS,bMotor_MS_Turntable_clockwise,False,poll
2026-03-20 10:04:28.535,gvl_MS,bMotor_MS_Turntable_counterclockwise,False,poll
2026-03-20 10:04:28.535,gvl_MS,bMotor_MS_ConveyorBelt_forward,False,poll
2026-03-20 10:04:28.714,gvl_SL,iColorSensor_SL,0,event
2026-03-20 10:04:28.535,gvl_MS,bMotor_MS_Saw,False,poll
2026-03-20 10:04:28.535,gvl_MS,bMotor_MS_OvenSlider_movein,False,poll
2026-03-20 10:04:28.535,gvl_MS,bMotor_MS_OvenSlider_moveout,False,poll
2026-03-20 10:04:28.535,gvl_MS,bMotor_MS_TransferUnit_tooven,False,poll
2026-03-20 10:04:28.535,gvl_MS,bMotor_MS_TransferUnit_toturntable,False,poll
2026-03-20 10:04:28.535,gvl_MS,bLamp_MS,False,poll
2026-03-20 10:04:28.535,gvl_MS,bCompressor_MS,False,poll
2026-03-20 10:04:28.535,gvl_MS,bValve_MS_Vacuum,False,poll
2026-03-20 10:04:28.535,gvl_MS,bValve_MS_TransferUnit,False,poll
2026-03-20 10:04:28.535,gvl_MS,bValve_MS_OvenDoor,False,poll
2026-03-20 10:04:28.535,gvl_MS,bValve_MS_Ejector,False,poll
2026-03-20 10:04:28.535,gvl_PM,bLightBarrier_PM_entry,True,poll
2026-03-20 10:04:28.535,gvl_PM,bLightBarrier_PM_tool,True,poll
2026-03-20 10:04:28.535,gvl_PM,bReferenceSwitch_PM_top,False,poll
2026-03-20 10:04:28.535,gvl_PM,bReferenceSwitch_PM_bottom,True,poll
2026-03-20 10:04:28.535,gvl_PM,bMotor_PM_ConveyorBelt_forward,False,poll
2026-03-20 10:04:28.535,gvl_PM,bMotor_PM_ConveyorBelt_backward,False,poll
2026-03-20 10:04:28.535,gvl_PM,bMotor_PM_Tool_upward,False,poll
2026-03-20 10:04:28.535,gvl_PM,bMotor_PM_Tool_downward,False,poll
2026-03-20 10:04:28.535,gvl_SL,bPulseCounter_SL,False,poll
2026-03-20 10:04:28.535,gvl_SL,bLightBarrier_SL_beforecolor,True,poll
2026-03-20 10:04:28.535,gvl_SL,bLightBarrier_SL_aftercolor,True,poll
2026-03-20 10:04:28.535,gvl_SL,bLightBarrier_SL_white,True,poll
2026-03-20 10:04:28.535,gvl_SL,bLightBarrier_SL_red,True,poll
2026-03-20 10:04:28.535,gvl_SL,bLightBarrier_SL_blue,True,poll
2026-03-20 10:04:28.817,gvl_SL,iColorSensor_SL,1,event
2026-03-20 10:04:28.535,gvl_SL,iColorSensor_SL,0,poll
2026-03-20 10:04:28.535,gvl_SL,bMotor_SL_ConveyorBelt,False,poll
2026-03-20 10:04:28.535,gvl_SL,bCompressor_SL,False,poll
2026-03-20 10:04:28.535,gvl_SL,bValve_SL_white,False,poll
2026-03-20 10:04:28.535,gvl_SL,bValve_SL_red,False,poll
2026-03-20 10:04:28.535,gvl_SL,bValve_SL_blue,False,poll
2026-03-20 10:04:28.535,LocalVariables,iC_CoordH,35,poll
2026-03-20 10:04:28.535,LocalVariables,iC_CoordV,0,poll
2026-03-20 10:04:28.535,LocalVariables,iC_CoordR,35,poll
2026-03-20 10:04:28.535,LocalVariables,eC_PickingStation,0,poll
2026-03-20 10:04:28.535,LocalVariables,eC_PlacingStation,0,poll
2026-03-20 10:04:28.535,LocalVariables,iC_Coord_Picking,"[[1340, 170, 150, 445], [380, 800, 367, 435], [800, 301, 580, 800]]",poll
2026-03-20 10:04:28.535,LocalVariables,iC_Coord_Placing,"[[890, 870], [500, 1343], [180, 150]]",poll
2026-03-20 10:04:28.915,gvl_SL,iColorSensor_SL,0,event
2026-03-20 10:04:29.361,gvl_C,bReferenceSwitch_C_vertical,True,poll
2026-03-20 10:04:29.361,gvl_C,bReferenceSwitch_C_horizontal,False,poll
2026-03-20 10:04:29.361,gvl_C,bReferenceSwitch_C_rotate,False,poll
2026-03-20 10:04:29.361,gvl_C,bEncoderImpulse_C_vertical1,False,poll
2026-03-20 10:04:29.361,gvl_C,bEncoderImpulse_C_vertical2,True,poll
2026-03-20 10:04:29.361,gvl_C,bEncoderImpulse_C_horizontal1,False,poll
2026-03-20 10:04:29.361,gvl_C,bEncoderImpulse_C_horizontal2,True,poll
2026-03-20 10:04:29.361,gvl_C,bEncoderImpulse_C_rotate1,True,poll
2026-03-20 10:04:29.361,gvl_C,bEncoderImpulse_C_rotate2,False,poll
2026-03-20 10:04:29.361,gvl_C,bMotor_C_upward,False,poll
2026-03-20 10:04:29.361,gvl_C,bMotor_C_downward,False,poll
2026-03-20 10:04:29.361,gvl_C,bMotor_C_backward,False,poll
2026-03-20 10:04:29.361,gvl_C,bMotor_C_forward,False,poll
2026-03-20 10:04:29.361,gvl_C,bMotor_C_clockwise,False,poll
2026-03-20 10:04:29.361,gvl_C,bMotor_C_counterclockwise,False,poll
2026-03-20 10:04:29.361,gvl_C,bCompressor_C,False,poll
2026-03-20 10:04:29.361,gvl_C,bValve_C,False,poll
2026-03-20 10:04:29.361,gvl_HBW,bReferenceSwitch_HBW_horizontal,True,poll
2026-03-20 10:04:29.361,gvl_HBW,bLightBarrier_HBW_inside,True,poll
2026-03-20 10:04:29.361,gvl_HBW,bLightBarrier_HBW_outside,True,poll
2026-03-20 10:04:29.361,gvl_HBW,bReferenceSwitch_HBW_vertical,False,poll
2026-03-20 10:04:29.361,gvl_HBW,bReferenceSwitch_HBW_Cantilever_front,False,poll
2026-03-20 10:04:29.361,gvl_HBW,bReferenceSwitch_HBW_Cantilever_back,False,poll
2026-03-20 10:04:29.361,gvl_HBW,bTrailSensor_HBW_bottom,True,poll
2026-03-20 10:04:29.361,gvl_HBW,bTrailSensor_HBW_top,True,poll
2026-03-20 10:04:29.361,gvl_HBW,bEncoderImpulse_HBW_horizontal1,False,poll
2026-03-20 10:04:29.361,gvl_HBW,bEncoderImpulse_HBW_horizontal2,True,poll
2026-03-20 10:04:29.361,gvl_HBW,bEncoderImpulse_HBW_vertical1,False,poll
2026-03-20 10:04:29.361,gvl_HBW,bEncoderImpulse_HBW_vertical2,False,poll
2026-03-20 10:04:29.361,gvl_HBW,bMotor_HBW_ConveyorBelt_forward,False,poll
2026-03-20 10:04:29.361,gvl_HBW,bMotor_HBW_ConveyorBelt_backward,False,poll
2026-03-20 10:04:29.361,gvl_HBW,bMotor_HBW_StackerCrane_torack,False,poll
2026-03-20 10:04:29.361,gvl_HBW,bMotor_HBW_StackerCrane_toconveyorbelt,False,poll
2026-03-20 10:04:29.361,gvl_HBW,bMotor_HBW_StackerCrane_downward,False,poll
2026-03-20 10:04:29.361,gvl_HBW,bMotor_HBW_StackerCrane_upward,False,poll
2026-03-20 10:04:29.361,gvl_HBW,bMotor_HBW_Cantilever_forward,False,poll
2026-03-20 10:04:29.361,gvl_HBW,bMotor_HBW_Cantilever_backward,False,poll
2026-03-20 10:04:29.361,gvl_MS,bReferenceSwitch_MS_Turntable_attransferunit,False,poll
2026-03-20 10:04:29.361,gvl_MS,bReferenceSwitch_MS_Turntable_atconveyorbelt,False,poll
2026-03-20 10:04:29.361,gvl_MS,bLightBarrier_MS_conveyorbelt,False,poll
2026-03-20 10:04:29.361,gvl_MS,bReferenceSwitch_MS_Turntable_atsaw,False,poll
2026-03-20 10:04:29.361,gvl_MS,bReferenceSwitch_MS_TransferUnit_atturntable,True,poll
2026-03-20 10:04:29.361,gvl_MS,bReferenceSwitch_MS_OvenSlider_inside,False,poll
2026-03-20 10:04:29.361,gvl_MS,bReferenceSwitch_MS_OvenSlider_outside,True,poll
2026-03-20 10:04:29.361,gvl_MS,bReferenceSwitch_MS_TransferUnit_atoven,False,poll
2026-03-20 10:04:29.361,gvl_MS,bLightBarrier_MS_oven,True,poll
2026-03-20 10:04:29.361,gvl_MS,bMotor_MS_Turntable_clockwise,False,poll
2026-03-20 10:04:29.361,gvl_MS,bMotor_MS_Turntable_counterclockwise,False,poll
2026-03-20 10:04:29.361,gvl_MS,bMotor_MS_ConveyorBelt_forward,False,poll
2026-03-20 10:04:29.361,gvl_MS,bMotor_MS_Saw,False,poll
2026-03-20 10:04:29.361,gvl_MS,bMotor_MS_OvenSlider_movein,False,poll
2026-03-20 10:04:29.361,gvl_MS,bMotor_MS_OvenSlider_moveout,False,poll
2026-03-20 10:04:29.361,gvl_MS,bMotor_MS_TransferUnit_tooven,False,poll
2026-03-20 10:04:29.361,gvl_MS,bMotor_MS_TransferUnit_toturntable,False,poll
2026-03-20 10:04:29.361,gvl_MS,bLamp_MS,False,poll
2026-03-20 10:04:29.361,gvl_MS,bCompressor_MS,False,poll
2026-03-20 10:04:29.361,gvl_MS,bValve_MS_Vacuum,False,poll
2026-03-20 10:04:29.361,gvl_MS,bValve_MS_TransferUnit,False,poll
2026-03-20 10:04:29.361,gvl_MS,bValve_MS_OvenDoor,False,poll
2026-03-20 10:04:29.361,gvl_MS,bValve_MS_Ejector,False,poll
2026-03-20 10:04:29.361,gvl_PM,bLightBarrier_PM_entry,True,poll
2026-03-20 10:04:29.361,gvl_PM,bLightBarrier_PM_tool,True,poll
2026-03-20 10:04:29.361,gvl_PM,bReferenceSwitch_PM_top,False,poll
2026-03-20 10:04:29.361,gvl_PM,bReferenceSwitch_PM_bottom,True,poll
2026-03-20 10:04:29.361,gvl_PM,bMotor_PM_ConveyorBelt_forward,False,poll
2026-03-20 10:04:29.361,gvl_PM,bMotor_PM_ConveyorBelt_backward,False,poll
2026-03-20 10:04:29.361,gvl_PM,bMotor_PM_Tool_upward,False,poll
2026-03-20 10:04:29.361,gvl_PM,bMotor_PM_Tool_downward,False,poll
2026-03-20 10:04:29.361,gvl_SL,bPulseCounter_SL,False,poll
2026-03-20 10:04:29.361,gvl_SL,bLightBarrier_SL_beforecolor,True,poll
2026-03-20 10:04:29.361,gvl_SL,bLightBarrier_SL_aftercolor,True,poll
2026-03-20 10:04:29.361,gvl_SL,bLightBarrier_SL_white,True,poll
2026-03-20 10:04:29.361,gvl_SL,bLightBarrier_SL_red,True,poll
2026-03-20 10:04:29.361,gvl_SL,bLightBarrier_SL_blue,True,poll
2026-03-20 10:04:29.361,gvl_SL,iColorSensor_SL,0,poll
2026-03-20 10:04:29.361,gvl_SL,bMotor_SL_ConveyorBelt,False,poll
2026-03-20 10:04:29.361,gvl_SL,bCompressor_SL,False,poll
2026-03-20 10:04:29.361,gvl_SL,bValve_SL_white,False,poll
2026-03-20 10:04:29.361,gvl_SL,bValve_SL_red,False,poll
2026-03-20 10:04:29.361,gvl_SL,bValve_SL_blue,False,poll
2026-03-20 10:04:29.361,LocalVariables,iC_CoordH,35,poll
2026-03-20 10:04:29.361,LocalVariables,iC_CoordV,0,poll
2026-03-20 10:04:29.361,LocalVariables,iC_CoordR,35,poll
2026-03-20 10:04:29.361,LocalVariables,eC_PickingStation,0,poll
2026-03-20 10:04:29.361,LocalVariables,eC_PlacingStation,0,poll
2026-03-20 10:04:29.361,LocalVariables,iC_Coord_Picking,"[[1340, 170, 150, 445], [380, 800, 367, 435], [800, 301, 580, 800]]",poll
2026-03-20 10:04:29.361,LocalVariables,iC_Coord_Placing,"[[890, 870], [500, 1343], [180, 150]]",poll
2026-03-20 10:04:30.015,gvl_SL,iColorSensor_SL,1,event
2026-03-20 10:04:30.093,gvl_C,bReferenceSwitch_C_vertical,True,poll
2026-03-20 10:04:30.093,gvl_C,bReferenceSwitch_C_horizontal,False,poll
2026-03-20 10:04:30.093,gvl_C,bReferenceSwitch_C_rotate,False,poll
2026-03-20 10:04:30.093,gvl_C,bEncoderImpulse_C_vertical1,False,poll
2026-03-20 10:04:30.093,gvl_C,bEncoderImpulse_C_vertical2,True,poll
2026-03-20 10:04:30.093,gvl_C,bEncoderImpulse_C_horizontal1,False,poll
2026-03-20 10:04:30.093,gvl_C,bEncoderImpulse_C_horizontal2,True,poll
2026-03-20 10:04:30.093,gvl_C,bEncoderImpulse_C_rotate1,True,poll
2026-03-20 10:04:30.115,gvl_SL,iColorSensor_SL,0,event
2026-03-20 10:04:30.093,gvl_C,bEncoderImpulse_C_rotate2,False,poll
2026-03-20 10:04:30.093,gvl_C,bMotor_C_upward,False,poll
2026-03-20 10:04:30.093,gvl_C,bMotor_C_downward,False,poll
2026-03-20 10:04:30.093,gvl_C,bMotor_C_backward,False,poll
2026-03-20 10:04:30.093,gvl_C,bMotor_C_forward,False,poll
2026-03-20 10:04:30.093,gvl_C,bMotor_C_clockwise,False,poll
2026-03-20 10:04:30.093,gvl_C,bMotor_C_counterclockwise,False,poll
2026-03-20 10:04:30.093,gvl_C,bCompressor_C,False,poll
2026-03-20 10:04:30.093,gvl_C,bValve_C,False,poll
2026-03-20 10:04:30.093,gvl_HBW,bReferenceSwitch_HBW_horizontal,True,poll
2026-03-20 10:04:30.093,gvl_HBW,bLightBarrier_HBW_inside,True,poll
2026-03-20 10:04:30.093,gvl_HBW,bLightBarrier_HBW_outside,True,poll
2026-03-20 10:04:30.093,gvl_HBW,bReferenceSwitch_HBW_vertical,False,poll
2026-03-20 10:04:30.093,gvl_HBW,bReferenceSwitch_HBW_Cantilever_front,False,poll
2026-03-20 10:04:30.093,gvl_HBW,bReferenceSwitch_HBW_Cantilever_back,False,poll
2026-03-20 10:04:30.093,gvl_HBW,bTrailSensor_HBW_bottom,True,poll
2026-03-20 10:04:30.093,gvl_HBW,bTrailSensor_HBW_top,True,poll
2026-03-20 10:04:30.093,gvl_HBW,bEncoderImpulse_HBW_horizontal1,False,poll
2026-03-20 10:04:30.093,gvl_HBW,bEncoderImpulse_HBW_horizontal2,True,poll
2026-03-20 10:04:30.093,gvl_HBW,bEncoderImpulse_HBW_vertical1,False,poll
2026-03-20 10:04:30.093,gvl_HBW,bEncoderImpulse_HBW_vertical2,False,poll
2026-03-20 10:04:30.093,gvl_HBW,bMotor_HBW_ConveyorBelt_forward,False,poll
2026-03-20 10:04:30.093,gvl_HBW,bMotor_HBW_ConveyorBelt_backward,False,poll
2026-03-20 10:04:30.093,gvl_HBW,bMotor_HBW_StackerCrane_torack,False,poll
2026-03-20 10:04:30.093,gvl_HBW,bMotor_HBW_StackerCrane_toconveyorbelt,False,poll
2026-03-20 10:04:30.093,gvl_HBW,bMotor_HBW_StackerCrane_downward,False,poll
2026-03-20 10:04:30.093,gvl_HBW,bMotor_HBW_StackerCrane_upward,False,poll
2026-03-20 10:04:30.093,gvl_HBW,bMotor_HBW_Cantilever_forward,False,poll
2026-03-20 10:04:30.093,gvl_HBW,bMotor_HBW_Cantilever_backward,False,poll
2026-03-20 10:04:30.093,gvl_MS,bReferenceSwitch_MS_Turntable_attransferunit,False,poll
2026-03-20 10:04:30.093,gvl_MS,bReferenceSwitch_MS_Turntable_atconveyorbelt,False,poll
2026-03-20 10:04:30.093,gvl_MS,bLightBarrier_MS_conveyorbelt,False,poll
2026-03-20 10:04:30.093,gvl_MS,bReferenceSwitch_MS_Turntable_atsaw,False,poll
2026-03-20 10:04:30.093,gvl_MS,bReferenceSwitch_MS_TransferUnit_atturntable,True,poll
2026-03-20 10:04:30.093,gvl_MS,bReferenceSwitch_MS_OvenSlider_inside,False,poll
2026-03-20 10:04:30.093,gvl_MS,bReferenceSwitch_MS_OvenSlider_outside,True,poll
2026-03-20 10:04:30.093,gvl_MS,bReferenceSwitch_MS_TransferUnit_atoven,False,poll
2026-03-20 10:04:30.093,gvl_MS,bLightBarrier_MS_oven,True,poll
2026-03-20 10:04:30.093,gvl_MS,bMotor_MS_Turntable_clockwise,False,poll
2026-03-20 10:04:30.093,gvl_MS,bMotor_MS_Turntable_counterclockwise,False,poll
2026-03-20 10:04:30.093,gvl_MS,bMotor_MS_ConveyorBelt_forward,False,poll
2026-03-20 10:04:30.214,gvl_SL,iColorSensor_SL,1,event
2026-03-20 10:04:30.093,gvl_MS,bMotor_MS_Saw,False,poll
2026-03-20 10:04:30.093,gvl_MS,bMotor_MS_OvenSlider_movein,False,poll
2026-03-20 10:04:30.093,gvl_MS,bMotor_MS_OvenSlider_moveout,False,poll
2026-03-20 10:04:30.093,gvl_MS,bMotor_MS_TransferUnit_tooven,False,poll
2026-03-20 10:04:30.093,gvl_MS,bMotor_MS_TransferUnit_toturntable,False,poll
2026-03-20 10:04:30.093,gvl_MS,bLamp_MS,False,poll
2026-03-20 10:04:30.093,gvl_MS,bCompressor_MS,False,poll
2026-03-20 10:04:30.093,gvl_MS,bValve_MS_Vacuum,False,poll
2026-03-20 10:04:30.093,gvl_MS,bValve_MS_TransferUnit,False,poll
2026-03-20 10:04:30.093,gvl_MS,bValve_MS_OvenDoor,False,poll
2026-03-20 10:04:30.093,gvl_MS,bValve_MS_Ejector,False,poll
2026-03-20 10:04:30.093,gvl_PM,bLightBarrier_PM_entry,True,poll
2026-03-20 10:04:30.093,gvl_PM,bLightBarrier_PM_tool,True,poll
2026-03-20 10:04:30.093,gvl_PM,bReferenceSwitch_PM_top,False,poll
2026-03-20 10:04:30.093,gvl_PM,bReferenceSwitch_PM_bottom,True,poll
2026-03-20 10:04:30.093,gvl_PM,bMotor_PM_ConveyorBelt_forward,False,poll
2026-03-20 10:04:30.093,gvl_PM,bMotor_PM_ConveyorBelt_backward,False,poll
2026-03-20 10:04:30.093,gvl_PM,bMotor_PM_Tool_upward,False,poll
2026-03-20 10:04:30.093,gvl_PM,bMotor_PM_Tool_downward,False,poll
2026-03-20 10:04:30.093,gvl_SL,bPulseCounter_SL,False,poll
2026-03-20 10:04:30.093,gvl_SL,bLightBarrier_SL_beforecolor,True,poll
2026-03-20 10:04:30.093,gvl_SL,bLightBarrier_SL_aftercolor,True,poll
2026-03-20 10:04:30.093,gvl_SL,bLightBarrier_SL_white,True,poll
2026-03-20 10:04:30.093,gvl_SL,bLightBarrier_SL_red,True,poll
2026-03-20 10:04:30.093,gvl_SL,bLightBarrier_SL_blue,True,poll
2026-03-20 10:04:30.093,gvl_SL,iColorSensor_SL,1,poll
2026-03-20 10:04:30.093,gvl_SL,bMotor_SL_ConveyorBelt,False,poll
2026-03-20 10:04:30.093,gvl_SL,bCompressor_SL,False,poll
2026-03-20 10:04:30.093,gvl_SL,bValve_SL_white,False,poll
2026-03-20 10:04:30.093,gvl_SL,bValve_SL_red,False,poll
2026-03-20 10:04:30.093,gvl_SL,bValve_SL_blue,False,poll
2026-03-20 10:04:30.093,LocalVariables,iC_CoordH,35,poll
2026-03-20 10:04:30.093,LocalVariables,iC_CoordV,0,poll
2026-03-20 10:04:30.093,LocalVariables,iC_CoordR,35,poll
2026-03-20 10:04:30.093,LocalVariables,eC_PickingStation,0,poll
2026-03-20 10:04:30.093,LocalVariables,eC_PlacingStation,0,poll
2026-03-20 10:04:30.093,LocalVariables,iC_Coord_Picking,"[[1340, 170, 150, 445], [380, 800, 367, 435], [800, 301, 580, 800]]",poll
2026-03-20 10:04:30.093,LocalVariables,iC_Coord_Placing,"[[890, 870], [500, 1343], [180, 150]]",poll
2026-03-20 10:04:30.514,gvl_SL,iColorSensor_SL,0,event
2026-03-20 10:04:30.715,gvl_SL,iColorSensor_SL,1,event
2026-03-20 10:04:30.814,gvl_SL,iColorSensor_SL,0,event
2026-03-20 10:04:30.848,gvl_C,bReferenceSwitch_C_vertical,True,poll
2026-03-20 10:04:30.848,gvl_C,bReferenceSwitch_C_horizontal,False,poll
2026-03-20 10:04:30.848,gvl_C,bReferenceSwitch_C_rotate,False,poll
2026-03-20 10:04:30.848,gvl_C,bEncoderImpulse_C_vertical1,False,poll
2026-03-20 10:04:30.848,gvl_C,bEncoderImpulse_C_vertical2,True,poll
2026-03-20 10:04:30.848,gvl_C,bEncoderImpulse_C_horizontal1,False,poll
2026-03-20 10:04:30.848,gvl_C,bEncoderImpulse_C_horizontal2,True,poll
2026-03-20 10:04:30.848,gvl_C,bEncoderImpulse_C_rotate1,True,poll
2026-03-20 10:04:30.848,gvl_C,bEncoderImpulse_C_rotate2,False,poll
2026-03-20 10:04:30.848,gvl_C,bMotor_C_upward,False,poll
2026-03-20 10:04:30.848,gvl_C,bMotor_C_downward,False,poll
2026-03-20 10:04:30.848,gvl_C,bMotor_C_backward,False,poll
2026-03-20 10:04:30.848,gvl_C,bMotor_C_forward,False,poll
2026-03-20 10:04:30.848,gvl_C,bMotor_C_clockwise,False,poll
2026-03-20 10:04:30.848,gvl_C,bMotor_C_counterclockwise,False,poll
2026-03-20 10:04:30.848,gvl_C,bCompressor_C,False,poll
2026-03-20 10:04:30.848,gvl_C,bValve_C,False,poll
2026-03-20 10:04:30.848,gvl_HBW,bReferenceSwitch_HBW_horizontal,True,poll
2026-03-20 10:04:30.848,gvl_HBW,bLightBarrier_HBW_inside,True,poll
2026-03-20 10:04:30.848,gvl_HBW,bLightBarrier_HBW_outside,True,poll
2026-03-20 10:04:30.848,gvl_HBW,bReferenceSwitch_HBW_vertical,False,poll
2026-03-20 10:04:30.848,gvl_HBW,bReferenceSwitch_HBW_Cantilever_front,False,poll
2026-03-20 10:04:30.848,gvl_HBW,bReferenceSwitch_HBW_Cantilever_back,False,poll
2026-03-20 10:04:30.848,gvl_HBW,bTrailSensor_HBW_bottom,True,poll
2026-03-20 10:04:30.848,gvl_HBW,bTrailSensor_HBW_top,True,poll
2026-03-20 10:04:30.848,gvl_HBW,bEncoderImpulse_HBW_horizontal1,False,poll
2026-03-20 10:04:30.848,gvl_HBW,bEncoderImpulse_HBW_horizontal2,True,poll
2026-03-20 10:04:30.848,gvl_HBW,bEncoderImpulse_HBW_vertical1,False,poll
2026-03-20 10:04:30.848,gvl_HBW,bEncoderImpulse_HBW_vertical2,False,poll
2026-03-20 10:04:30.848,gvl_HBW,bMotor_HBW_ConveyorBelt_forward,False,poll
2026-03-20 10:04:30.848,gvl_HBW,bMotor_HBW_ConveyorBelt_backward,False,poll
2026-03-20 10:04:30.848,gvl_HBW,bMotor_HBW_StackerCrane_torack,False,poll
2026-03-20 10:04:30.848,gvl_HBW,bMotor_HBW_StackerCrane_toconveyorbelt,False,poll
2026-03-20 10:04:30.848,gvl_HBW,bMotor_HBW_StackerCrane_downward,False,poll
2026-03-20 10:04:30.848,gvl_HBW,bMotor_HBW_StackerCrane_upward,False,poll
2026-03-20 10:04:30.848,gvl_HBW,bMotor_HBW_Cantilever_forward,False,poll
2026-03-20 10:04:30.848,gvl_HBW,bMotor_HBW_Cantilever_backward,False,poll
2026-03-20 10:04:30.848,gvl_MS,bReferenceSwitch_MS_Turntable_attransferunit,False,poll
2026-03-20 10:04:30.848,gvl_MS,bReferenceSwitch_MS_Turntable_atconveyorbelt,False,poll
2026-03-20 10:04:30.848,gvl_MS,bLightBarrier_MS_conveyorbelt,False,poll
2026-03-20 10:04:30.848,gvl_MS,bReferenceSwitch_MS_Turntable_atsaw,False,poll
2026-03-20 10:04:30.848,gvl_MS,bReferenceSwitch_MS_TransferUnit_atturntable,True,poll
2026-03-20 10:04:30.848,gvl_MS,bReferenceSwitch_MS_OvenSlider_inside,False,poll
2026-03-20 10:04:30.848,gvl_MS,bReferenceSwitch_MS_OvenSlider_outside,True,poll
2026-03-20 10:04:30.848,gvl_MS,bReferenceSwitch_MS_TransferUnit_atoven,False,poll
2026-03-20 10:04:30.848,gvl_MS,bLightBarrier_MS_oven,True,poll
2026-03-20 10:04:30.848,gvl_MS,bMotor_MS_Turntable_clockwise,False,poll
2026-03-20 10:04:30.848,gvl_MS,bMotor_MS_Turntable_counterclockwise,False,poll
2026-03-20 10:04:30.848,gvl_MS,bMotor_MS_ConveyorBelt_forward,False,poll
2026-03-20 10:04:30.848,gvl_MS,bMotor_MS_Saw,False,poll
2026-03-20 10:04:30.848,gvl_MS,bMotor_MS_OvenSlider_movein,False,poll
2026-03-20 10:04:30.848,gvl_MS,bMotor_MS_OvenSlider_moveout,False,poll
2026-03-20 10:04:30.848,gvl_MS,bMotor_MS_TransferUnit_tooven,False,poll
2026-03-20 10:04:30.848,gvl_MS,bMotor_MS_TransferUnit_toturntable,False,poll
2026-03-20 10:04:30.848,gvl_MS,bLamp_MS,False,poll
2026-03-20 10:04:30.848,gvl_MS,bCompressor_MS,False,poll
2026-03-20 10:04:30.848,gvl_MS,bValve_MS_Vacuum,False,poll
2026-03-20 10:04:30.848,gvl_MS,bValve_MS_TransferUnit,False,poll
2026-03-20 10:04:30.848,gvl_MS,bValve_MS_OvenDoor,False,poll
2026-03-20 10:04:30.848,gvl_MS,bValve_MS_Ejector,False,poll
2026-03-20 10:04:30.848,gvl_PM,bLightBarrier_PM_entry,True,poll
2026-03-20 10:04:30.848,gvl_PM,bLightBarrier_PM_tool,True,poll
2026-03-20 10:04:30.848,gvl_PM,bReferenceSwitch_PM_top,False,poll
2026-03-20 10:04:30.848,gvl_PM,bReferenceSwitch_PM_bottom,True,poll
2026-03-20 10:04:30.848,gvl_PM,bMotor_PM_ConveyorBelt_forward,False,poll
2026-03-20 10:04:30.848,gvl_PM,bMotor_PM_ConveyorBelt_backward,False,poll
2026-03-20 10:04:30.848,gvl_PM,bMotor_PM_Tool_upward,False,poll
2026-03-20 10:04:30.848,gvl_PM,bMotor_PM_Tool_downward,False,poll
2026-03-20 10:04:30.848,gvl_SL,bPulseCounter_SL,False,poll
2026-03-20 10:04:30.848,gvl_SL,bLightBarrier_SL_beforecolor,True,poll
2026-03-20 10:04:30.848,gvl_SL,bLightBarrier_SL_aftercolor,True,poll
2026-03-20 10:04:30.848,gvl_SL,bLightBarrier_SL_white,True,poll
2026-03-20 10:04:30.848,gvl_SL,bLightBarrier_SL_red,True,poll
2026-03-20 10:04:30.848,gvl_SL,bLightBarrier_SL_blue,True,poll
2026-03-20 10:04:30.848,gvl_SL,iColorSensor_SL,0,poll
2026-03-20 10:04:30.848,gvl_SL,bMotor_SL_ConveyorBelt,False,poll
2026-03-20 10:04:30.848,gvl_SL,bCompressor_SL,False,poll
2026-03-20 10:04:30.848,gvl_SL,bValve_SL_white,False,poll
2026-03-20 10:04:30.848,gvl_SL,bValve_SL_red,False,poll
2026-03-20 10:04:30.848,gvl_SL,bValve_SL_blue,False,poll
2026-03-20 10:04:30.848,LocalVariables,iC_CoordH,35,poll
2026-03-20 10:04:30.848,LocalVariables,iC_CoordV,0,poll
2026-03-20 10:04:30.848,LocalVariables,iC_CoordR,35,poll
2026-03-20 10:04:30.848,LocalVariables,eC_PickingStation,0,poll
2026-03-20 10:04:30.848,LocalVariables,eC_PlacingStation,0,poll
2026-03-20 10:04:30.848,LocalVariables,iC_Coord_Picking,"[[1340, 170, 150, 445], [380, 800, 367, 435], [800, 301, 580, 800]]",poll
2026-03-20 10:04:30.848,LocalVariables,iC_Coord_Placing,"[[890, 870], [500, 1343], [180, 150]]",poll
2026-03-20 10:04:31.603,gvl_C,bReferenceSwitch_C_vertical,True,poll
2026-03-20 10:04:31.603,gvl_C,bReferenceSwitch_C_horizontal,False,poll
2026-03-20 10:04:31.603,gvl_C,bReferenceSwitch_C_rotate,False,poll
2026-03-20 10:04:31.603,gvl_C,bEncoderImpulse_C_vertical1,False,poll
2026-03-20 10:04:31.603,gvl_C,bEncoderImpulse_C_vertical2,True,poll
2026-03-20 10:04:31.603,gvl_C,bEncoderImpulse_C_horizontal1,False,poll
2026-03-20 10:04:31.603,gvl_C,bEncoderImpulse_C_horizontal2,True,poll
2026-03-20 10:04:31.603,gvl_C,bEncoderImpulse_C_rotate1,True,poll
2026-03-20 10:04:31.603,gvl_C,bEncoderImpulse_C_rotate2,False,poll
2026-03-20 10:04:31.603,gvl_C,bMotor_C_upward,False,poll
2026-03-20 10:04:31.603,gvl_C,bMotor_C_downward,False,poll
2026-03-20 10:04:31.603,gvl_C,bMotor_C_backward,False,poll
2026-03-20 10:04:31.603,gvl_C,bMotor_C_forward,False,poll
2026-03-20 10:04:31.603,gvl_C,bMotor_C_clockwise,False,poll
2026-03-20 10:04:31.603,gvl_C,bMotor_C_counterclockwise,False,poll
2026-03-20 10:04:31.603,gvl_C,bCompressor_C,False,poll
2026-03-20 10:04:31.603,gvl_C,bValve_C,False,poll
2026-03-20 10:04:31.603,gvl_HBW,bReferenceSwitch_HBW_horizontal,True,poll
2026-03-20 10:04:31.603,gvl_HBW,bLightBarrier_HBW_inside,True,poll
2026-03-20 10:04:31.603,gvl_HBW,bLightBarrier_HBW_outside,True,poll
2026-03-20 10:04:31.603,gvl_HBW,bReferenceSwitch_HBW_vertical,False,poll
2026-03-20 10:04:31.603,gvl_HBW,bReferenceSwitch_HBW_Cantilever_front,False,poll
2026-03-20 10:04:31.603,gvl_HBW,bReferenceSwitch_HBW_Cantilever_back,False,poll
2026-03-20 10:04:31.603,gvl_HBW,bTrailSensor_HBW_bottom,True,poll
2026-03-20 10:04:31.603,gvl_HBW,bTrailSensor_HBW_top,True,poll
2026-03-20 10:04:31.603,gvl_HBW,bEncoderImpulse_HBW_horizontal1,False,poll
2026-03-20 10:04:31.603,gvl_HBW,bEncoderImpulse_HBW_horizontal2,True,poll
2026-03-20 10:04:31.603,gvl_HBW,bEncoderImpulse_HBW_vertical1,False,poll
2026-03-20 10:04:31.603,gvl_HBW,bEncoderImpulse_HBW_vertical2,False,poll
2026-03-20 10:04:31.603,gvl_HBW,bMotor_HBW_ConveyorBelt_forward,False,poll
2026-03-20 10:04:31.603,gvl_HBW,bMotor_HBW_ConveyorBelt_backward,False,poll
2026-03-20 10:04:31.603,gvl_HBW,bMotor_HBW_StackerCrane_torack,False,poll
2026-03-20 10:04:31.603,gvl_HBW,bMotor_HBW_StackerCrane_toconveyorbelt,False,poll
2026-03-20 10:04:31.603,gvl_HBW,bMotor_HBW_StackerCrane_downward,False,poll
2026-03-20 10:04:31.603,gvl_HBW,bMotor_HBW_StackerCrane_upward,False,poll
2026-03-20 10:04:31.603,gvl_HBW,bMotor_HBW_Cantilever_forward,False,poll
2026-03-20 10:04:31.603,gvl_HBW,bMotor_HBW_Cantilever_backward,False,poll
2026-03-20 10:04:31.603,gvl_MS,bReferenceSwitch_MS_Turntable_attransferunit,False,poll
2026-03-20 10:04:31.603,gvl_MS,bReferenceSwitch_MS_Turntable_atconveyorbelt,False,poll
2026-03-20 10:04:31.603,gvl_MS,bLightBarrier_MS_conveyorbelt,False,poll
2026-03-20 10:04:31.717,gvl_SL,iColorSensor_SL,1,event
2026-03-20 10:04:31.603,gvl_MS,bReferenceSwitch_MS_Turntable_atsaw,False,poll
2026-03-20 10:04:31.603,gvl_MS,bReferenceSwitch_MS_TransferUnit_atturntable,True,poll
2026-03-20 10:04:31.603,gvl_MS,bReferenceSwitch_MS_OvenSlider_inside,False,poll
2026-03-20 10:04:31.603,gvl_MS,bReferenceSwitch_MS_OvenSlider_outside,True,poll
2026-03-20 10:04:31.603,gvl_MS,bReferenceSwitch_MS_TransferUnit_atoven,False,poll
2026-03-20 10:04:31.603,gvl_MS,bLightBarrier_MS_oven,True,poll
2026-03-20 10:04:31.603,gvl_MS,bMotor_MS_Turntable_clockwise,False,poll
2026-03-20 10:04:31.603,gvl_MS,bMotor_MS_Turntable_counterclockwise,False,poll
2026-03-20 10:04:31.603,gvl_MS,bMotor_MS_ConveyorBelt_forward,False,poll
2026-03-20 10:04:31.603,gvl_MS,bMotor_MS_Saw,False,poll
2026-03-20 10:04:31.603,gvl_MS,bMotor_MS_OvenSlider_movein,False,poll
2026-03-20 10:04:31.603,gvl_MS,bMotor_MS_OvenSlider_moveout,False,poll
2026-03-20 10:04:31.603,gvl_MS,bMotor_MS_TransferUnit_tooven,False,poll
2026-03-20 10:04:31.603,gvl_MS,bMotor_MS_TransferUnit_toturntable,False,poll
2026-03-20 10:04:31.603,gvl_MS,bLamp_MS,False,poll
2026-03-20 10:04:31.603,gvl_MS,bCompressor_MS,False,poll
2026-03-20 10:04:31.603,gvl_MS,bValve_MS_Vacuum,False,poll
2026-03-20 10:04:31.603,gvl_MS,bValve_MS_TransferUnit,False,poll
2026-03-20 10:04:31.603,gvl_MS,bValve_MS_OvenDoor,False,poll
2026-03-20 10:04:31.603,gvl_MS,bValve_MS_Ejector,False,poll
2026-03-20 10:04:31.603,gvl_PM,bLightBarrier_PM_entry,True,poll
2026-03-20 10:04:31.603,gvl_PM,bLightBarrier_PM_tool,True,poll
2026-03-20 10:04:31.603,gvl_PM,bReferenceSwitch_PM_top,False,poll
2026-03-20 10:04:31.603,gvl_PM,bReferenceSwitch_PM_bottom,True,poll
2026-03-20 10:04:31.603,gvl_PM,bMotor_PM_ConveyorBelt_forward,False,poll
2026-03-20 10:04:31.603,gvl_PM,bMotor_PM_ConveyorBelt_backward,False,poll
2026-03-20 10:04:31.603,gvl_PM,bMotor_PM_Tool_upward,False,poll
2026-03-20 10:04:31.603,gvl_PM,bMotor_PM_Tool_downward,False,poll
2026-03-20 10:04:31.603,gvl_SL,bPulseCounter_SL,False,poll
2026-03-20 10:04:31.603,gvl_SL,bLightBarrier_SL_beforecolor,True,poll
2026-03-20 10:04:31.603,gvl_SL,bLightBarrier_SL_aftercolor,True,poll
2026-03-20 10:04:31.603,gvl_SL,bLightBarrier_SL_white,True,poll
2026-03-20 10:04:31.603,gvl_SL,bLightBarrier_SL_red,True,poll
2026-03-20 10:04:31.603,gvl_SL,bLightBarrier_SL_blue,True,poll
2026-03-20 10:04:31.603,gvl_SL,iColorSensor_SL,1,poll
2026-03-20 10:04:31.603,gvl_SL,bMotor_SL_ConveyorBelt,False,poll
2026-03-20 10:04:31.603,gvl_SL,bCompressor_SL,False,poll
2026-03-20 10:04:31.603,gvl_SL,bValve_SL_white,False,poll
2026-03-20 10:04:31.817,gvl_SL,iColorSensor_SL,0,event
2026-03-20 10:04:31.603,gvl_SL,bValve_SL_red,False,poll
2026-03-20 10:04:31.603,gvl_SL,bValve_SL_blue,False,poll
2026-03-20 10:04:31.603,LocalVariables,iC_CoordH,35,poll
2026-03-20 10:04:31.603,LocalVariables,iC_CoordV,0,poll
2026-03-20 10:04:31.603,LocalVariables,iC_CoordR,35,poll
2026-03-20 10:04:31.603,LocalVariables,eC_PickingStation,0,poll
2026-03-20 10:04:31.603,LocalVariables,eC_PlacingStation,0,poll
2026-03-20 10:04:31.603,LocalVariables,iC_Coord_Picking,"[[1340, 170, 150, 445], [380, 800, 367, 435], [800, 301, 580, 800]]",poll
2026-03-20 10:04:31.603,LocalVariables,iC_Coord_Placing,"[[890, 870], [500, 1343], [180, 150]]",poll
2026-03-20 10:04:32.340,gvl_C,bReferenceSwitch_C_vertical,True,poll
2026-03-20 10:04:32.340,gvl_C,bReferenceSwitch_C_horizontal,False,poll
2026-03-20 10:04:32.340,gvl_C,bReferenceSwitch_C_rotate,False,poll
2026-03-20 10:04:32.340,gvl_C,bEncoderImpulse_C_vertical1,False,poll
2026-03-20 10:04:32.340,gvl_C,bEncoderImpulse_C_vertical2,True,poll
2026-03-20 10:04:32.340,gvl_C,bEncoderImpulse_C_horizontal1,False,poll
2026-03-20 10:04:32.340,gvl_C,bEncoderImpulse_C_horizontal2,True,poll
2026-03-20 10:04:32.340,gvl_C,bEncoderImpulse_C_rotate1,True,poll
2026-03-20 10:04:32.340,gvl_C,bEncoderImpulse_C_rotate2,False,poll
2026-03-20 10:04:32.340,gvl_C,bMotor_C_upward,False,poll
2026-03-20 10:04:32.340,gvl_C,bMotor_C_downward,False,poll
2026-03-20 10:04:32.340,gvl_C,bMotor_C_backward,False,poll
2026-03-20 10:04:32.340,gvl_C,bMotor_C_forward,False,poll
2026-03-20 10:04:32.340,gvl_C,bMotor_C_clockwise,False,poll
2026-03-20 10:04:32.340,gvl_C,bMotor_C_counterclockwise,False,poll
2026-03-20 10:04:32.340,gvl_C,bCompressor_C,False,poll
2026-03-20 10:04:32.340,gvl_C,bValve_C,False,poll
2026-03-20 10:04:32.340,gvl_HBW,bReferenceSwitch_HBW_horizontal,True,poll
2026-03-20 10:04:32.340,gvl_HBW,bLightBarrier_HBW_inside,True,poll
2026-03-20 10:04:32.340,gvl_HBW,bLightBarrier_HBW_outside,True,poll
2026-03-20 10:04:32.340,gvl_HBW,bReferenceSwitch_HBW_vertical,False,poll
2026-03-20 10:04:32.340,gvl_HBW,bReferenceSwitch_HBW_Cantilever_front,False,poll
2026-03-20 10:04:32.340,gvl_HBW,bReferenceSwitch_HBW_Cantilever_back,False,poll
2026-03-20 10:04:32.340,gvl_HBW,bTrailSensor_HBW_bottom,True,poll
2026-03-20 10:04:32.340,gvl_HBW,bTrailSensor_HBW_top,True,poll
2026-03-20 10:04:32.340,gvl_HBW,bEncoderImpulse_HBW_horizontal1,False,poll
2026-03-20 10:04:32.340,gvl_HBW,bEncoderImpulse_HBW_horizontal2,True,poll
2026-03-20 10:04:32.340,gvl_HBW,bEncoderImpulse_HBW_vertical1,False,poll
2026-03-20 10:04:32.340,gvl_HBW,bEncoderImpulse_HBW_vertical2,False,poll
2026-03-20 10:04:32.340,gvl_HBW,bMotor_HBW_ConveyorBelt_forward,False,poll
2026-03-20 10:04:32.340,gvl_HBW,bMotor_HBW_ConveyorBelt_backward,False,poll
2026-03-20 10:04:32.340,gvl_HBW,bMotor_HBW_StackerCrane_torack,False,poll
2026-03-20 10:04:32.340,gvl_HBW,bMotor_HBW_StackerCrane_toconveyorbelt,False,poll
2026-03-20 10:04:32.340,gvl_HBW,bMotor_HBW_StackerCrane_downward,False,poll
2026-03-20 10:04:32.340,gvl_HBW,bMotor_HBW_StackerCrane_upward,False,poll
2026-03-20 10:04:32.340,gvl_HBW,bMotor_HBW_Cantilever_forward,False,poll
2026-03-20 10:04:32.340,gvl_HBW,bMotor_HBW_Cantilever_backward,False,poll
2026-03-20 10:04:32.340,gvl_MS,bReferenceSwitch_MS_Turntable_attransferunit,False,poll
2026-03-20 10:04:32.340,gvl_MS,bReferenceSwitch_MS_Turntable_atconveyorbelt,False,poll
2026-03-20 10:04:32.340,gvl_MS,bLightBarrier_MS_conveyorbelt,False,poll
2026-03-20 10:04:32.340,gvl_MS,bReferenceSwitch_MS_Turntable_atsaw,False,poll
2026-03-20 10:04:32.340,gvl_MS,bReferenceSwitch_MS_TransferUnit_atturntable,True,poll
2026-03-20 10:04:32.340,gvl_MS,bReferenceSwitch_MS_OvenSlider_inside,False,poll
2026-03-20 10:04:32.340,gvl_MS,bReferenceSwitch_MS_OvenSlider_outside,True,poll
2026-03-20 10:04:32.340,gvl_MS,bReferenceSwitch_MS_TransferUnit_atoven,False,poll
2026-03-20 10:04:32.340,gvl_MS,bLightBarrier_MS_oven,True,poll
2026-03-20 10:04:32.340,gvl_MS,bMotor_MS_Turntable_clockwise,False,poll
2026-03-20 10:04:32.340,gvl_MS,bMotor_MS_Turntable_counterclockwise,False,poll
2026-03-20 10:04:32.340,gvl_MS,bMotor_MS_ConveyorBelt_forward,False,poll
2026-03-20 10:04:32.340,gvl_MS,bMotor_MS_Saw,False,poll
2026-03-20 10:04:32.340,gvl_MS,bMotor_MS_OvenSlider_movein,False,poll
2026-03-20 10:04:32.340,gvl_MS,bMotor_MS_OvenSlider_moveout,False,poll
2026-03-20 10:04:32.340,gvl_MS,bMotor_MS_TransferUnit_tooven,False,poll
2026-03-20 10:04:32.340,gvl_MS,bMotor_MS_TransferUnit_toturntable,False,poll
2026-03-20 10:04:32.340,gvl_MS,bLamp_MS,False,poll
2026-03-20 10:04:32.340,gvl_MS,bCompressor_MS,False,poll
2026-03-20 10:04:32.340,gvl_MS,bValve_MS_Vacuum,False,poll
2026-03-20 10:04:32.340,gvl_MS,bValve_MS_TransferUnit,False,poll
2026-03-20 10:04:32.340,gvl_MS,bValve_MS_OvenDoor,False,poll
2026-03-20 10:04:32.340,gvl_MS,bValve_MS_Ejector,False,poll
2026-03-20 10:04:32.340,gvl_PM,bLightBarrier_PM_entry,True,poll
2026-03-20 10:04:32.340,gvl_PM,bLightBarrier_PM_tool,True,poll
2026-03-20 10:04:32.340,gvl_PM,bReferenceSwitch_PM_top,False,poll
2026-03-20 10:04:32.340,gvl_PM,bReferenceSwitch_PM_bottom,True,poll
2026-03-20 10:04:32.340,gvl_PM,bMotor_PM_ConveyorBelt_forward,False,poll
2026-03-20 10:04:32.340,gvl_PM,bMotor_PM_ConveyorBelt_backward,False,poll
2026-03-20 10:04:32.340,gvl_PM,bMotor_PM_Tool_upward,False,poll
2026-03-20 10:04:32.340,gvl_PM,bMotor_PM_Tool_downward,False,poll
2026-03-20 10:04:32.340,gvl_SL,bPulseCounter_SL,False,poll
2026-03-20 10:04:32.340,gvl_SL,bLightBarrier_SL_beforecolor,True,poll
2026-03-20 10:04:32.340,gvl_SL,bLightBarrier_SL_aftercolor,True,poll
2026-03-20 10:04:32.340,gvl_SL,bLightBarrier_SL_white,True,poll
2026-03-20 10:04:32.340,gvl_SL,bLightBarrier_SL_red,True,poll
2026-03-20 10:04:32.340,gvl_SL,bLightBarrier_SL_blue,True,poll
2026-03-20 10:04:32.340,gvl_SL,iColorSensor_SL,0,poll
2026-03-20 10:04:32.340,gvl_SL,bMotor_SL_ConveyorBelt,False,poll
2026-03-20 10:04:32.340,gvl_SL,bCompressor_SL,False,poll
2026-03-20 10:04:32.340,gvl_SL,bValve_SL_white,False,poll
2026-03-20 10:04:32.340,gvl_SL,bValve_SL_red,False,poll
2026-03-20 10:04:32.340,gvl_SL,bValve_SL_blue,False,poll
2026-03-20 10:04:32.340,LocalVariables,iC_CoordH,35,poll
2026-03-20 10:04:32.340,LocalVariables,iC_CoordV,0,poll
2026-03-20 10:04:32.340,LocalVariables,iC_CoordR,35,poll
2026-03-20 10:04:32.340,LocalVariables,eC_PickingStation,0,poll
2026-03-20 10:04:32.340,LocalVariables,eC_PlacingStation,0,poll
2026-03-20 10:04:32.340,LocalVariables,iC_Coord_Picking,"[[1340, 170, 150, 445], [380, 800, 367, 435], [800, 301, 580, 800]]",poll
2026-03-20 10:04:32.340,LocalVariables,iC_Coord_Placing,"[[890, 870], [500, 1343], [180, 150]]",poll
2026-03-20 10:04:33.089,gvl_C,bReferenceSwitch_C_vertical,True,poll
2026-03-20 10:04:33.089,gvl_C,bReferenceSwitch_C_horizontal,False,poll
2026-03-20 10:04:33.089,gvl_C,bReferenceSwitch_C_rotate,False,poll
2026-03-20 10:04:33.089,gvl_C,bEncoderImpulse_C_vertical1,False,poll
2026-03-20 10:04:33.089,gvl_C,bEncoderImpulse_C_vertical2,True,poll
2026-03-20 10:04:33.089,gvl_C,bEncoderImpulse_C_horizontal1,False,poll
2026-03-20 10:04:33.089,gvl_C,bEncoderImpulse_C_horizontal2,True,poll
2026-03-20 10:04:33.089,gvl_C,bEncoderImpulse_C_rotate1,True,poll
2026-03-20 10:04:33.089,gvl_C,bEncoderImpulse_C_rotate2,False,poll
2026-03-20 10:04:33.089,gvl_C,bMotor_C_upward,False,poll
2026-03-20 10:04:33.089,gvl_C,bMotor_C_downward,False,poll
2026-03-20 10:04:33.089,gvl_C,bMotor_C_backward,False,poll
2026-03-20 10:04:33.089,gvl_C,bMotor_C_forward,False,poll
2026-03-20 10:04:33.089,gvl_C,bMotor_C_clockwise,False,poll
2026-03-20 10:04:33.089,gvl_C,bMotor_C_counterclockwise,False,poll
2026-03-20 10:04:33.089,gvl_C,bCompressor_C,False,poll
2026-03-20 10:04:33.089,gvl_C,bValve_C,False,poll
2026-03-20 10:04:33.089,gvl_HBW,bReferenceSwitch_HBW_horizontal,True,poll
2026-03-20 10:04:33.089,gvl_HBW,bLightBarrier_HBW_inside,True,poll
2026-03-20 10:04:33.089,gvl_HBW,bLightBarrier_HBW_outside,True,poll
2026-03-20 10:04:33.089,gvl_HBW,bReferenceSwitch_HBW_vertical,False,poll
2026-03-20 10:04:33.089,gvl_HBW,bReferenceSwitch_HBW_Cantilever_front,False,poll
2026-03-20 10:04:33.089,gvl_HBW,bReferenceSwitch_HBW_Cantilever_back,False,poll
2026-03-20 10:04:33.089,gvl_HBW,bTrailSensor_HBW_bottom,True,poll
2026-03-20 10:04:33.089,gvl_HBW,bTrailSensor_HBW_top,True,poll
2026-03-20 10:04:33.089,gvl_HBW,bEncoderImpulse_HBW_horizontal1,False,poll
2026-03-20 10:04:33.089,gvl_HBW,bEncoderImpulse_HBW_horizontal2,True,poll
2026-03-20 10:04:33.089,gvl_HBW,bEncoderImpulse_HBW_vertical1,False,poll
2026-03-20 10:04:33.089,gvl_HBW,bEncoderImpulse_HBW_vertical2,False,poll
2026-03-20 10:04:33.089,gvl_HBW,bMotor_HBW_ConveyorBelt_forward,False,poll
2026-03-20 10:04:33.089,gvl_HBW,bMotor_HBW_ConveyorBelt_backward,False,poll
2026-03-20 10:04:33.089,gvl_HBW,bMotor_HBW_StackerCrane_torack,False,poll
2026-03-20 10:04:33.089,gvl_HBW,bMotor_HBW_StackerCrane_toconveyorbelt,False,poll
2026-03-20 10:04:33.089,gvl_HBW,bMotor_HBW_StackerCrane_downward,False,poll
2026-03-20 10:04:33.089,gvl_HBW,bMotor_HBW_StackerCrane_upward,False,poll
2026-03-20 10:04:33.089,gvl_HBW,bMotor_HBW_Cantilever_forward,False,poll
2026-03-20 10:04:33.089,gvl_HBW,bMotor_HBW_Cantilever_backward,False,poll
2026-03-20 10:04:33.089,gvl_MS,bReferenceSwitch_MS_Turntable_attransferunit,False,poll
2026-03-20 10:04:33.089,gvl_MS,bReferenceSwitch_MS_Turntable_atconveyorbelt,False,poll
2026-03-20 10:04:33.089,gvl_MS,bLightBarrier_MS_conveyorbelt,False,poll
2026-03-20 10:04:33.089,gvl_MS,bReferenceSwitch_MS_Turntable_atsaw,False,poll
2026-03-20 10:04:33.089,gvl_MS,bReferenceSwitch_MS_TransferUnit_atturntable,True,poll
2026-03-20 10:04:33.089,gvl_MS,bReferenceSwitch_MS_OvenSlider_inside,False,poll
2026-03-20 10:04:33.089,gvl_MS,bReferenceSwitch_MS_OvenSlider_outside,True,poll
2026-03-20 10:04:33.089,gvl_MS,bReferenceSwitch_MS_TransferUnit_atoven,False,poll
2026-03-20 10:04:33.089,gvl_MS,bLightBarrier_MS_oven,True,poll
2026-03-20 10:04:33.089,gvl_MS,bMotor_MS_Turntable_clockwise,False,poll
2026-03-20 10:04:33.089,gvl_MS,bMotor_MS_Turntable_counterclockwise,False,poll
2026-03-20 10:04:33.089,gvl_MS,bMotor_MS_ConveyorBelt_forward,False,poll
2026-03-20 10:04:33.089,gvl_MS,bMotor_MS_Saw,False,poll
2026-03-20 10:04:33.089,gvl_MS,bMotor_MS_OvenSlider_movein,False,poll
2026-03-20 10:04:33.089,gvl_MS,bMotor_MS_OvenSlider_moveout,False,poll
2026-03-20 10:04:33.089,gvl_MS,bMotor_MS_TransferUnit_tooven,False,poll
2026-03-20 10:04:33.089,gvl_MS,bMotor_MS_TransferUnit_toturntable,False,poll
2026-03-20 10:04:33.089,gvl_MS,bLamp_MS,False,poll
2026-03-20 10:04:33.089,gvl_MS,bCompressor_MS,False,poll
2026-03-20 10:04:33.089,gvl_MS,bValve_MS_Vacuum,False,poll
2026-03-20 10:04:33.089,gvl_MS,bValve_MS_TransferUnit,False,poll
2026-03-20 10:04:33.214,gvl_SL,iColorSensor_SL,1,event
2026-03-20 10:04:33.089,gvl_MS,bValve_MS_OvenDoor,False,poll
2026-03-20 10:04:33.089,gvl_MS,bValve_MS_Ejector,False,poll
2026-03-20 10:04:33.089,gvl_PM,bLightBarrier_PM_entry,True,poll
2026-03-20 10:04:33.089,gvl_PM,bLightBarrier_PM_tool,True,poll
2026-03-20 10:04:33.089,gvl_PM,bReferenceSwitch_PM_top,False,poll
2026-03-20 10:04:33.089,gvl_PM,bReferenceSwitch_PM_bottom,True,poll
2026-03-20 10:04:33.089,gvl_PM,bMotor_PM_ConveyorBelt_forward,False,poll
2026-03-20 10:04:33.089,gvl_PM,bMotor_PM_ConveyorBelt_backward,False,poll
2026-03-20 10:04:33.089,gvl_PM,bMotor_PM_Tool_upward,False,poll
2026-03-20 10:04:33.089,gvl_PM,bMotor_PM_Tool_downward,False,poll
2026-03-20 10:04:33.089,gvl_SL,bPulseCounter_SL,False,poll
2026-03-20 10:04:33.089,gvl_SL,bLightBarrier_SL_beforecolor,True,poll
2026-03-20 10:04:33.089,gvl_SL,bLightBarrier_SL_aftercolor,True,poll
2026-03-20 10:04:33.089,gvl_SL,bLightBarrier_SL_white,True,poll
2026-03-20 10:04:33.089,gvl_SL,bLightBarrier_SL_red,True,poll
2026-03-20 10:04:33.089,gvl_SL,bLightBarrier_SL_blue,True,poll
2026-03-20 10:04:33.089,gvl_SL,iColorSensor_SL,0,poll
2026-03-20 10:04:33.089,gvl_SL,bMotor_SL_ConveyorBelt,False,poll
2026-03-20 10:04:33.089,gvl_SL,bCompressor_SL,False,poll
2026-03-20 10:04:33.089,gvl_SL,bValve_SL_white,False,poll
2026-03-20 10:04:33.089,gvl_SL,bValve_SL_red,False,poll
2026-03-20 10:04:33.089,gvl_SL,bValve_SL_blue,False,poll
2026-03-20 10:04:33.089,LocalVariables,iC_CoordH,35,poll
2026-03-20 10:04:33.089,LocalVariables,iC_CoordV,0,poll
2026-03-20 10:04:33.089,LocalVariables,iC_CoordR,35,poll
2026-03-20 10:04:33.089,LocalVariables,eC_PickingStation,0,poll
2026-03-20 10:04:33.089,LocalVariables,eC_PlacingStation,0,poll
2026-03-20 10:04:33.089,LocalVariables,iC_Coord_Picking,"[[1340, 170, 150, 445], [380, 800, 367, 435], [800, 301, 580, 800]]",poll
2026-03-20 10:04:33.089,LocalVariables,iC_Coord_Placing,"[[890, 870], [500, 1343], [180, 150]]",poll
2026-03-20 10:04:33.314,gvl_SL,iColorSensor_SL,0,event
2026-03-20 10:04:33.775,gvl_C,bReferenceSwitch_C_vertical,True,poll
2026-03-20 10:04:33.775,gvl_C,bReferenceSwitch_C_horizontal,False,poll
2026-03-20 10:04:33.775,gvl_C,bReferenceSwitch_C_rotate,False,poll
2026-03-20 10:04:33.775,gvl_C,bEncoderImpulse_C_vertical1,False,poll
2026-03-20 10:04:33.775,gvl_C,bEncoderImpulse_C_vertical2,True,poll
2026-03-20 10:04:33.775,gvl_C,bEncoderImpulse_C_horizontal1,False,poll
2026-03-20 10:04:33.775,gvl_C,bEncoderImpulse_C_horizontal2,True,poll
2026-03-20 10:04:33.775,gvl_C,bEncoderImpulse_C_rotate1,True,poll
2026-03-20 10:04:33.775,gvl_C,bEncoderImpulse_C_rotate2,False,poll
2026-03-20 10:04:33.775,gvl_C,bMotor_C_upward,False,poll
2026-03-20 10:04:33.775,gvl_C,bMotor_C_downward,False,poll
2026-03-20 10:04:33.775,gvl_C,bMotor_C_backward,False,poll
2026-03-20 10:04:33.775,gvl_C,bMotor_C_forward,False,poll
2026-03-20 10:04:33.775,gvl_C,bMotor_C_clockwise,False,poll
2026-03-20 10:04:33.775,gvl_C,bMotor_C_counterclockwise,False,poll
2026-03-20 10:04:33.775,gvl_C,bCompressor_C,False,poll
2026-03-20 10:04:33.775,gvl_C,bValve_C,False,poll
2026-03-20 10:04:33.775,gvl_HBW,bReferenceSwitch_HBW_horizontal,True,poll
2026-03-20 10:04:33.775,gvl_HBW,bLightBarrier_HBW_inside,True,poll
2026-03-20 10:04:33.775,gvl_HBW,bLightBarrier_HBW_outside,True,poll
2026-03-20 10:04:33.775,gvl_HBW,bReferenceSwitch_HBW_vertical,False,poll
2026-03-20 10:04:33.775,gvl_HBW,bReferenceSwitch_HBW_Cantilever_front,False,poll
2026-03-20 10:04:33.775,gvl_HBW,bReferenceSwitch_HBW_Cantilever_back,False,poll
2026-03-20 10:04:33.775,gvl_HBW,bTrailSensor_HBW_bottom,True,poll
2026-03-20 10:04:33.775,gvl_HBW,bTrailSensor_HBW_top,True,poll
2026-03-20 10:04:33.775,gvl_HBW,bEncoderImpulse_HBW_horizontal1,False,poll
2026-03-20 10:04:33.775,gvl_HBW,bEncoderImpulse_HBW_horizontal2,True,poll
2026-03-20 10:04:33.775,gvl_HBW,bEncoderImpulse_HBW_vertical1,False,poll
2026-03-20 10:04:33.775,gvl_HBW,bEncoderImpulse_HBW_vertical2,False,poll
2026-03-20 10:04:33.775,gvl_HBW,bMotor_HBW_ConveyorBelt_forward,False,poll
2026-03-20 10:04:33.775,gvl_HBW,bMotor_HBW_ConveyorBelt_backward,False,poll
2026-03-20 10:04:33.775,gvl_HBW,bMotor_HBW_StackerCrane_torack,False,poll
2026-03-20 10:04:33.775,gvl_HBW,bMotor_HBW_StackerCrane_toconveyorbelt,False,poll
2026-03-20 10:04:33.775,gvl_HBW,bMotor_HBW_StackerCrane_downward,False,poll
2026-03-20 10:04:33.775,gvl_HBW,bMotor_HBW_StackerCrane_upward,False,poll
2026-03-20 10:04:33.775,gvl_HBW,bMotor_HBW_Cantilever_forward,False,poll
2026-03-20 10:04:33.775,gvl_HBW,bMotor_HBW_Cantilever_backward,False,poll
2026-03-20 10:04:33.775,gvl_MS,bReferenceSwitch_MS_Turntable_attransferunit,False,poll
2026-03-20 10:04:33.775,gvl_MS,bReferenceSwitch_MS_Turntable_atconveyorbelt,False,poll
2026-03-20 10:04:33.775,gvl_MS,bLightBarrier_MS_conveyorbelt,False,poll
2026-03-20 10:04:33.775,gvl_MS,bReferenceSwitch_MS_Turntable_atsaw,False,poll
2026-03-20 10:04:33.775,gvl_MS,bReferenceSwitch_MS_TransferUnit_atturntable,True,poll
2026-03-20 10:04:33.775,gvl_MS,bReferenceSwitch_MS_OvenSlider_inside,False,poll
2026-03-20 10:04:33.775,gvl_MS,bReferenceSwitch_MS_OvenSlider_outside,True,poll
2026-03-20 10:04:33.775,gvl_MS,bReferenceSwitch_MS_TransferUnit_atoven,False,poll
2026-03-20 10:04:33.775,gvl_MS,bLightBarrier_MS_oven,True,poll
2026-03-20 10:04:33.775,gvl_MS,bMotor_MS_Turntable_clockwise,False,poll
2026-03-20 10:04:33.775,gvl_MS,bMotor_MS_Turntable_counterclockwise,False,poll
2026-03-20 10:04:33.775,gvl_MS,bMotor_MS_ConveyorBelt_forward,False,poll
2026-03-20 10:04:33.775,gvl_MS,bMotor_MS_Saw,False,poll
2026-03-20 10:04:33.775,gvl_MS,bMotor_MS_OvenSlider_movein,False,poll
2026-03-20 10:04:33.775,gvl_MS,bMotor_MS_OvenSlider_moveout,False,poll
2026-03-20 10:04:33.775,gvl_MS,bMotor_MS_TransferUnit_tooven,False,poll
2026-03-20 10:04:33.775,gvl_MS,bMotor_MS_TransferUnit_toturntable,False,poll
2026-03-20 10:04:33.775,gvl_MS,bLamp_MS,False,poll
2026-03-20 10:04:33.775,gvl_MS,bCompressor_MS,False,poll
2026-03-20 10:04:33.775,gvl_MS,bValve_MS_Vacuum,False,poll
2026-03-20 10:04:33.775,gvl_MS,bValve_MS_TransferUnit,False,poll
2026-03-20 10:04:33.775,gvl_MS,bValve_MS_OvenDoor,False,poll
2026-03-20 10:04:33.775,gvl_MS,bValve_MS_Ejector,False,poll
2026-03-20 10:04:33.775,gvl_PM,bLightBarrier_PM_entry,True,poll
2026-03-20 10:04:33.775,gvl_PM,bLightBarrier_PM_tool,True,poll
2026-03-20 10:04:33.775,gvl_PM,bReferenceSwitch_PM_top,False,poll
2026-03-20 10:04:33.775,gvl_PM,bReferenceSwitch_PM_bottom,True,poll
2026-03-20 10:04:33.775,gvl_PM,bMotor_PM_ConveyorBelt_forward,False,poll
2026-03-20 10:04:33.775,gvl_PM,bMotor_PM_ConveyorBelt_backward,False,poll
2026-03-20 10:04:33.775,gvl_PM,bMotor_PM_Tool_upward,False,poll
2026-03-20 10:04:33.775,gvl_PM,bMotor_PM_Tool_downward,False,poll
2026-03-20 10:04:33.775,gvl_SL,bPulseCounter_SL,False,poll
2026-03-20 10:04:33.775,gvl_SL,bLightBarrier_SL_beforecolor,True,poll
2026-03-20 10:04:33.775,gvl_SL,bLightBarrier_SL_aftercolor,True,poll
2026-03-20 10:04:33.775,gvl_SL,bLightBarrier_SL_white,True,poll
2026-03-20 10:04:33.775,gvl_SL,bLightBarrier_SL_red,True,poll
2026-03-20 10:04:33.775,gvl_SL,bLightBarrier_SL_blue,True,poll
2026-03-20 10:04:33.775,gvl_SL,iColorSensor_SL,0,poll
2026-03-20 10:04:33.775,gvl_SL,bMotor_SL_ConveyorBelt,False,poll
2026-03-20 10:04:33.775,gvl_SL,bCompressor_SL,False,poll
2026-03-20 10:04:33.775,gvl_SL,bValve_SL_white,False,poll
2026-03-20 10:04:33.775,gvl_SL,bValve_SL_red,False,poll
2026-03-20 10:04:33.775,gvl_SL,bValve_SL_blue,False,poll
2026-03-20 10:04:33.775,LocalVariables,iC_CoordH,35,poll
2026-03-20 10:04:33.775,LocalVariables,iC_CoordV,0,poll
2026-03-20 10:04:33.775,LocalVariables,iC_CoordR,35,poll
2026-03-20 10:04:33.775,LocalVariables,eC_PickingStation,0,poll
2026-03-20 10:04:33.775,LocalVariables,eC_PlacingStation,0,poll
2026-03-20 10:04:33.775,LocalVariables,iC_Coord_Picking,"[[1340, 170, 150, 445], [380, 800, 367, 435], [800, 301, 580, 800]]",poll
2026-03-20 10:04:33.775,LocalVariables,iC_Coord_Placing,"[[890, 870], [500, 1343], [180, 150]]",poll
2026-03-20 10:04:34.314,gvl_SL,iColorSensor_SL,1,event
2026-03-20 10:04:34.417,gvl_SL,iColorSensor_SL,0,event
2026-03-20 10:04:34.507,gvl_C,bReferenceSwitch_C_vertical,True,poll
2026-03-20 10:04:34.507,gvl_C,bReferenceSwitch_C_horizontal,False,poll
2026-03-20 10:04:34.507,gvl_C,bReferenceSwitch_C_rotate,False,poll
2026-03-20 10:04:34.507,gvl_C,bEncoderImpulse_C_vertical1,False,poll
2026-03-20 10:04:34.507,gvl_C,bEncoderImpulse_C_vertical2,True,poll
2026-03-20 10:04:34.507,gvl_C,bEncoderImpulse_C_horizontal1,False,poll
2026-03-20 10:04:34.507,gvl_C,bEncoderImpulse_C_horizontal2,True,poll
2026-03-20 10:04:34.507,gvl_C,bEncoderImpulse_C_rotate1,True,poll
2026-03-20 10:04:34.507,gvl_C,bEncoderImpulse_C_rotate2,False,poll
2026-03-20 10:04:34.507,gvl_C,bMotor_C_upward,False,poll
2026-03-20 10:04:34.507,gvl_C,bMotor_C_downward,False,poll
2026-03-20 10:04:34.507,gvl_C,bMotor_C_backward,False,poll
2026-03-20 10:04:34.507,gvl_C,bMotor_C_forward,False,poll
2026-03-20 10:04:34.507,gvl_C,bMotor_C_clockwise,False,poll
2026-03-20 10:04:34.507,gvl_C,bMotor_C_counterclockwise,False,poll
2026-03-20 10:04:34.507,gvl_C,bCompressor_C,False,poll
2026-03-20 10:04:34.507,gvl_C,bValve_C,False,poll
2026-03-20 10:04:34.507,gvl_HBW,bReferenceSwitch_HBW_horizontal,True,poll
2026-03-20 10:04:34.507,gvl_HBW,bLightBarrier_HBW_inside,True,poll
2026-03-20 10:04:34.507,gvl_HBW,bLightBarrier_HBW_outside,True,poll
2026-03-20 10:04:34.507,gvl_HBW,bReferenceSwitch_HBW_vertical,False,poll
2026-03-20 10:04:34.507,gvl_HBW,bReferenceSwitch_HBW_Cantilever_front,False,poll
2026-03-20 10:04:34.507,gvl_HBW,bReferenceSwitch_HBW_Cantilever_back,False,poll
2026-03-20 10:04:34.507,gvl_HBW,bTrailSensor_HBW_bottom,True,poll
2026-03-20 10:04:34.507,gvl_HBW,bTrailSensor_HBW_top,True,poll
2026-03-20 10:04:34.507,gvl_HBW,bEncoderImpulse_HBW_horizontal1,False,poll
2026-03-20 10:04:34.507,gvl_HBW,bEncoderImpulse_HBW_horizontal2,True,poll
2026-03-20 10:04:34.507,gvl_HBW,bEncoderImpulse_HBW_vertical1,False,poll
2026-03-20 10:04:34.507,gvl_HBW,bEncoderImpulse_HBW_vertical2,False,poll
2026-03-20 10:04:34.507,gvl_HBW,bMotor_HBW_ConveyorBelt_forward,False,poll
2026-03-20 10:04:34.507,gvl_HBW,bMotor_HBW_ConveyorBelt_backward,False,poll
2026-03-20 10:04:34.507,gvl_HBW,bMotor_HBW_StackerCrane_torack,False,poll
2026-03-20 10:04:34.617,gvl_SL,iColorSensor_SL,1,event
2026-03-20 10:04:34.507,gvl_HBW,bMotor_HBW_StackerCrane_toconveyorbelt,False,poll
2026-03-20 10:04:34.507,gvl_HBW,bMotor_HBW_StackerCrane_downward,False,poll
2026-03-20 10:04:34.507,gvl_HBW,bMotor_HBW_StackerCrane_upward,False,poll
2026-03-20 10:04:34.507,gvl_HBW,bMotor_HBW_Cantilever_forward,False,poll
2026-03-20 10:04:34.507,gvl_HBW,bMotor_HBW_Cantilever_backward,False,poll
2026-03-20 10:04:34.507,gvl_MS,bReferenceSwitch_MS_Turntable_attransferunit,False,poll
2026-03-20 10:04:34.507,gvl_MS,bReferenceSwitch_MS_Turntable_atconveyorbelt,False,poll
2026-03-20 10:04:34.507,gvl_MS,bLightBarrier_MS_conveyorbelt,False,poll
2026-03-20 10:04:34.507,gvl_MS,bReferenceSwitch_MS_Turntable_atsaw,False,poll
2026-03-20 10:04:34.507,gvl_MS,bReferenceSwitch_MS_TransferUnit_atturntable,True,poll
2026-03-20 10:04:34.507,gvl_MS,bReferenceSwitch_MS_OvenSlider_inside,False,poll
2026-03-20 10:04:34.507,gvl_MS,bReferenceSwitch_MS_OvenSlider_outside,True,poll
2026-03-20 10:04:34.507,gvl_MS,bReferenceSwitch_MS_TransferUnit_atoven,False,poll
2026-03-20 10:04:34.507,gvl_MS,bLightBarrier_MS_oven,True,poll
2026-03-20 10:04:34.507,gvl_MS,bMotor_MS_Turntable_clockwise,False,poll
2026-03-20 10:04:34.507,gvl_MS,bMotor_MS_Turntable_counterclockwise,False,poll
2026-03-20 10:04:34.507,gvl_MS,bMotor_MS_ConveyorBelt_forward,False,poll
2026-03-20 10:04:34.507,gvl_MS,bMotor_MS_Saw,False,poll
2026-03-20 10:04:34.507,gvl_MS,bMotor_MS_OvenSlider_movein,False,poll
2026-03-20 10:04:34.507,gvl_MS,bMotor_MS_OvenSlider_moveout,False,poll
2026-03-20 10:04:34.507,gvl_MS,bMotor_MS_TransferUnit_tooven,False,poll
2026-03-20 10:04:34.507,gvl_MS,bMotor_MS_TransferUnit_toturntable,False,poll
2026-03-20 10:04:34.507,gvl_MS,bLamp_MS,False,poll
2026-03-20 10:04:34.507,gvl_MS,bCompressor_MS,False,poll
2026-03-20 10:04:34.507,gvl_MS,bValve_MS_Vacuum,False,poll
2026-03-20 10:04:34.507,gvl_MS,bValve_MS_TransferUnit,False,poll
2026-03-20 10:04:34.507,gvl_MS,bValve_MS_OvenDoor,False,poll
2026-03-20 10:04:34.507,gvl_MS,bValve_MS_Ejector,False,poll
2026-03-20 10:04:34.507,gvl_PM,bLightBarrier_PM_entry,True,poll
2026-03-20 10:04:34.507,gvl_PM,bLightBarrier_PM_tool,True,poll
2026-03-20 10:04:34.507,gvl_PM,bReferenceSwitch_PM_top,False,poll
2026-03-20 10:04:34.507,gvl_PM,bReferenceSwitch_PM_bottom,True,poll
2026-03-20 10:04:34.507,gvl_PM,bMotor_PM_ConveyorBelt_forward,False,poll
2026-03-20 10:04:34.507,gvl_PM,bMotor_PM_ConveyorBelt_backward,False,poll
2026-03-20 10:04:34.507,gvl_PM,bMotor_PM_Tool_upward,False,poll
2026-03-20 10:04:34.507,gvl_PM,bMotor_PM_Tool_downward,False,poll
2026-03-20 10:04:34.507,gvl_SL,bPulseCounter_SL,False,poll
2026-03-20 10:04:34.507,gvl_SL,bLightBarrier_SL_beforecolor,True,poll
2026-03-20 10:04:34.507,gvl_SL,bLightBarrier_SL_aftercolor,True,poll
2026-03-20 10:04:34.507,gvl_SL,bLightBarrier_SL_white,True,poll
2026-03-20 10:04:34.507,gvl_SL,bLightBarrier_SL_red,True,poll
2026-03-20 10:04:34.507,gvl_SL,bLightBarrier_SL_blue,True,poll
2026-03-20 10:04:34.507,gvl_SL,iColorSensor_SL,0,poll
2026-03-20 10:04:34.507,gvl_SL,bMotor_SL_ConveyorBelt,False,poll
2026-03-20 10:04:34.507,gvl_SL,bCompressor_SL,False,poll
2026-03-20 10:04:34.507,gvl_SL,bValve_SL_white,False,poll
2026-03-20 10:04:34.507,gvl_SL,bValve_SL_red,False,poll
2026-03-20 10:04:34.507,gvl_SL,bValve_SL_blue,False,poll
2026-03-20 10:04:34.507,LocalVariables,iC_CoordH,35,poll
2026-03-20 10:04:34.507,LocalVariables,iC_CoordV,0,poll
2026-03-20 10:04:34.507,LocalVariables,iC_CoordR,35,poll
2026-03-20 10:04:34.507,LocalVariables,eC_PickingStation,0,poll
2026-03-20 10:04:34.507,LocalVariables,eC_PlacingStation,0,poll
2026-03-20 10:04:34.507,LocalVariables,iC_Coord_Picking,"[[1340, 170, 150, 445], [380, 800, 367, 435], [800, 301, 580, 800]]",poll
2026-03-20 10:04:34.507,LocalVariables,iC_Coord_Placing,"[[890, 870], [500, 1343], [180, 150]]",poll
2026-03-20 10:04:34.815,gvl_SL,iColorSensor_SL,0,event
2026-03-20 10:04:35.015,gvl_SL,iColorSensor_SL,1,event
2026-03-20 10:04:35.115,gvl_SL,iColorSensor_SL,0,event
2026-03-20 10:04:35.308,gvl_C,bReferenceSwitch_C_vertical,True,poll
2026-03-20 10:04:35.308,gvl_C,bReferenceSwitch_C_horizontal,False,poll
2026-03-20 10:04:35.308,gvl_C,bReferenceSwitch_C_rotate,False,poll
2026-03-20 10:04:35.308,gvl_C,bEncoderImpulse_C_vertical1,False,poll
2026-03-20 10:04:35.308,gvl_C,bEncoderImpulse_C_vertical2,True,poll
2026-03-20 10:04:35.308,gvl_C,bEncoderImpulse_C_horizontal1,False,poll
2026-03-20 10:04:35.308,gvl_C,bEncoderImpulse_C_horizontal2,True,poll
2026-03-20 10:04:35.308,gvl_C,bEncoderImpulse_C_rotate1,True,poll
2026-03-20 10:04:35.308,gvl_C,bEncoderImpulse_C_rotate2,False,poll
2026-03-20 10:04:35.308,gvl_C,bMotor_C_upward,False,poll
2026-03-20 10:04:35.308,gvl_C,bMotor_C_downward,False,poll
2026-03-20 10:04:35.308,gvl_C,bMotor_C_backward,False,poll
2026-03-20 10:04:35.308,gvl_C,bMotor_C_forward,False,poll
2026-03-20 10:04:35.308,gvl_C,bMotor_C_clockwise,False,poll
2026-03-20 10:04:35.308,gvl_C,bMotor_C_counterclockwise,False,poll
2026-03-20 10:04:35.308,gvl_C,bCompressor_C,False,poll
2026-03-20 10:04:35.308,gvl_C,bValve_C,False,poll
2026-03-20 10:04:35.308,gvl_HBW,bReferenceSwitch_HBW_horizontal,True,poll
2026-03-20 10:04:35.308,gvl_HBW,bLightBarrier_HBW_inside,True,poll
2026-03-20 10:04:35.308,gvl_HBW,bLightBarrier_HBW_outside,True,poll
2026-03-20 10:04:35.308,gvl_HBW,bReferenceSwitch_HBW_vertical,False,poll
2026-03-20 10:04:35.308,gvl_HBW,bReferenceSwitch_HBW_Cantilever_front,False,poll
2026-03-20 10:04:35.308,gvl_HBW,bReferenceSwitch_HBW_Cantilever_back,False,poll
2026-03-20 10:04:35.308,gvl_HBW,bTrailSensor_HBW_bottom,True,poll
2026-03-20 10:04:35.308,gvl_HBW,bTrailSensor_HBW_top,True,poll
2026-03-20 10:04:35.308,gvl_HBW,bEncoderImpulse_HBW_horizontal1,False,poll
2026-03-20 10:04:35.308,gvl_HBW,bEncoderImpulse_HBW_horizontal2,True,poll
2026-03-20 10:04:35.308,gvl_HBW,bEncoderImpulse_HBW_vertical1,False,poll
2026-03-20 10:04:35.308,gvl_HBW,bEncoderImpulse_HBW_vertical2,False,poll
2026-03-20 10:04:35.415,gvl_SL,iColorSensor_SL,1,event
2026-03-20 10:04:35.308,gvl_HBW,bMotor_HBW_ConveyorBelt_forward,False,poll
2026-03-20 10:04:35.308,gvl_HBW,bMotor_HBW_ConveyorBelt_backward,False,poll
2026-03-20 10:04:35.308,gvl_HBW,bMotor_HBW_StackerCrane_torack,False,poll
2026-03-20 10:04:35.308,gvl_HBW,bMotor_HBW_StackerCrane_toconveyorbelt,False,poll
2026-03-20 10:04:35.308,gvl_HBW,bMotor_HBW_StackerCrane_downward,False,poll
2026-03-20 10:04:35.308,gvl_HBW,bMotor_HBW_StackerCrane_upward,False,poll
2026-03-20 10:04:35.308,gvl_HBW,bMotor_HBW_Cantilever_forward,False,poll
2026-03-20 10:04:35.308,gvl_HBW,bMotor_HBW_Cantilever_backward,False,poll
2026-03-20 10:04:35.308,gvl_MS,bReferenceSwitch_MS_Turntable_attransferunit,False,poll
2026-03-20 10:04:35.308,gvl_MS,bReferenceSwitch_MS_Turntable_atconveyorbelt,False,poll
2026-03-20 10:04:35.308,gvl_MS,bLightBarrier_MS_conveyorbelt,False,poll
2026-03-20 10:04:35.308,gvl_MS,bReferenceSwitch_MS_Turntable_atsaw,False,poll
2026-03-20 10:04:35.308,gvl_MS,bReferenceSwitch_MS_TransferUnit_atturntable,True,poll
2026-03-20 10:04:35.308,gvl_MS,bReferenceSwitch_MS_OvenSlider_inside,False,poll
2026-03-20 10:04:35.308,gvl_MS,bReferenceSwitch_MS_OvenSlider_outside,True,poll
2026-03-20 10:04:35.308,gvl_MS,bReferenceSwitch_MS_TransferUnit_atoven,False,poll
2026-03-20 10:04:35.308,gvl_MS,bLightBarrier_MS_oven,True,poll
2026-03-20 10:04:35.308,gvl_MS,bMotor_MS_Turntable_clockwise,False,poll
2026-03-20 10:04:35.308,gvl_MS,bMotor_MS_Turntable_counterclockwise,False,poll
2026-03-20 10:04:35.308,gvl_MS,bMotor_MS_ConveyorBelt_forward,False,poll
2026-03-20 10:04:35.308,gvl_MS,bMotor_MS_Saw,False,poll
2026-03-20 10:04:35.308,gvl_MS,bMotor_MS_OvenSlider_movein,False,poll
2026-03-20 10:04:35.308,gvl_MS,bMotor_MS_OvenSlider_moveout,False,poll
2026-03-20 10:04:35.308,gvl_MS,bMotor_MS_TransferUnit_tooven,False,poll
2026-03-20 10:04:35.308,gvl_MS,bMotor_MS_TransferUnit_toturntable,False,poll
2026-03-20 10:04:35.308,gvl_MS,bLamp_MS,False,poll
2026-03-20 10:04:35.308,gvl_MS,bCompressor_MS,False,poll
2026-03-20 10:04:35.308,gvl_MS,bValve_MS_Vacuum,False,poll
2026-03-20 10:04:35.514,gvl_SL,iColorSensor_SL,0,event
2026-03-20 10:04:35.308,gvl_MS,bValve_MS_TransferUnit,False,poll
2026-03-20 10:04:35.308,gvl_MS,bValve_MS_OvenDoor,False,poll
2026-03-20 10:04:35.308,gvl_MS,bValve_MS_Ejector,False,poll
2026-03-20 10:04:35.308,gvl_PM,bLightBarrier_PM_entry,True,poll
2026-03-20 10:04:35.308,gvl_PM,bLightBarrier_PM_tool,True,poll
2026-03-20 10:04:35.308,gvl_PM,bReferenceSwitch_PM_top,False,poll
2026-03-20 10:04:35.308,gvl_PM,bReferenceSwitch_PM_bottom,True,poll
2026-03-20 10:04:35.308,gvl_PM,bMotor_PM_ConveyorBelt_forward,False,poll
2026-03-20 10:04:35.308,gvl_PM,bMotor_PM_ConveyorBelt_backward,False,poll
2026-03-20 10:04:35.308,gvl_PM,bMotor_PM_Tool_upward,False,poll
2026-03-20 10:04:35.308,gvl_PM,bMotor_PM_Tool_downward,False,poll
2026-03-20 10:04:35.308,gvl_SL,bPulseCounter_SL,False,poll
2026-03-20 10:04:35.308,gvl_SL,bLightBarrier_SL_beforecolor,True,poll
2026-03-20 10:04:35.308,gvl_SL,bLightBarrier_SL_aftercolor,True,poll
2026-03-20 10:04:35.308,gvl_SL,bLightBarrier_SL_white,True,poll
2026-03-20 10:04:35.308,gvl_SL,bLightBarrier_SL_red,True,poll
2026-03-20 10:04:35.308,gvl_SL,bLightBarrier_SL_blue,True,poll
2026-03-20 10:04:35.308,gvl_SL,iColorSensor_SL,0,poll
2026-03-20 10:04:35.308,gvl_SL,bMotor_SL_ConveyorBelt,False,poll
2026-03-20 10:04:35.308,gvl_SL,bCompressor_SL,False,poll
2026-03-20 10:04:35.308,gvl_SL,bValve_SL_white,False,poll
2026-03-20 10:04:35.308,gvl_SL,bValve_SL_red,False,poll
2026-03-20 10:04:35.308,gvl_SL,bValve_SL_blue,False,poll
2026-03-20 10:04:35.308,LocalVariables,iC_CoordH,35,poll
2026-03-20 10:04:35.308,LocalVariables,iC_CoordV,0,poll
2026-03-20 10:04:35.308,LocalVariables,iC_CoordR,35,poll
2026-03-20 10:04:35.308,LocalVariables,eC_PickingStation,0,poll
2026-03-20 10:04:35.308,LocalVariables,eC_PlacingStation,0,poll
2026-03-20 10:04:35.308,LocalVariables,iC_Coord_Picking,"[[1340, 170, 150, 445], [380, 800, 367, 435], [800, 301, 580, 800]]",poll
2026-03-20 10:04:35.308,LocalVariables,iC_Coord_Placing,"[[890, 870], [500, 1343], [180, 150]]",poll
2026-03-20 10:04:35.916,gvl_SL,iColorSensor_SL,1,event
2026-03-20 10:04:36.017,gvl_SL,iColorSensor_SL,0,event
2026-03-20 10:04:36.112,gvl_C,bReferenceSwitch_C_vertical,True,poll
2026-03-20 10:04:36.112,gvl_C,bReferenceSwitch_C_horizontal,False,poll
2026-03-20 10:04:36.112,gvl_C,bReferenceSwitch_C_rotate,False,poll
2026-03-20 10:04:36.112,gvl_C,bEncoderImpulse_C_vertical1,False,poll
2026-03-20 10:04:36.112,gvl_C,bEncoderImpulse_C_vertical2,True,poll
2026-03-20 10:04:36.112,gvl_C,bEncoderImpulse_C_horizontal1,False,poll
2026-03-20 10:04:36.112,gvl_C,bEncoderImpulse_C_horizontal2,True,poll
2026-03-20 10:04:36.112,gvl_C,bEncoderImpulse_C_rotate1,True,poll
2026-03-20 10:04:36.112,gvl_C,bEncoderImpulse_C_rotate2,False,poll
2026-03-20 10:04:36.112,gvl_C,bMotor_C_upward,False,poll
2026-03-20 10:04:36.112,gvl_C,bMotor_C_downward,False,poll
2026-03-20 10:04:36.112,gvl_C,bMotor_C_backward,False,poll
2026-03-20 10:04:36.112,gvl_C,bMotor_C_forward,False,poll
2026-03-20 10:04:36.112,gvl_C,bMotor_C_clockwise,False,poll
2026-03-20 10:04:36.112,gvl_C,bMotor_C_counterclockwise,False,poll
2026-03-20 10:04:36.112,gvl_C,bCompressor_C,False,poll
2026-03-20 10:04:36.112,gvl_C,bValve_C,False,poll
2026-03-20 10:04:36.112,gvl_HBW,bReferenceSwitch_HBW_horizontal,True,poll
2026-03-20 10:04:36.112,gvl_HBW,bLightBarrier_HBW_inside,True,poll
2026-03-20 10:04:36.112,gvl_HBW,bLightBarrier_HBW_outside,True,poll
2026-03-20 10:04:36.112,gvl_HBW,bReferenceSwitch_HBW_vertical,False,poll
2026-03-20 10:04:36.112,gvl_HBW,bReferenceSwitch_HBW_Cantilever_front,False,poll
2026-03-20 10:04:36.112,gvl_HBW,bReferenceSwitch_HBW_Cantilever_back,False,poll
2026-03-20 10:04:36.112,gvl_HBW,bTrailSensor_HBW_bottom,True,poll
2026-03-20 10:04:36.112,gvl_HBW,bTrailSensor_HBW_top,True,poll
2026-03-20 10:04:36.112,gvl_HBW,bEncoderImpulse_HBW_horizontal1,False,poll
2026-03-20 10:04:36.112,gvl_HBW,bEncoderImpulse_HBW_horizontal2,True,poll
2026-03-20 10:04:36.112,gvl_HBW,bEncoderImpulse_HBW_vertical1,False,poll
2026-03-20 10:04:36.112,gvl_HBW,bEncoderImpulse_HBW_vertical2,False,poll
2026-03-20 10:04:36.112,gvl_HBW,bMotor_HBW_ConveyorBelt_forward,False,poll
2026-03-20 10:04:36.112,gvl_HBW,bMotor_HBW_ConveyorBelt_backward,False,poll
2026-03-20 10:04:36.112,gvl_HBW,bMotor_HBW_StackerCrane_torack,False,poll
2026-03-20 10:04:36.112,gvl_HBW,bMotor_HBW_StackerCrane_toconveyorbelt,False,poll
2026-03-20 10:04:36.112,gvl_HBW,bMotor_HBW_StackerCrane_downward,False,poll
2026-03-20 10:04:36.112,gvl_HBW,bMotor_HBW_StackerCrane_upward,False,poll
2026-03-20 10:04:36.112,gvl_HBW,bMotor_HBW_Cantilever_forward,False,poll
2026-03-20 10:04:36.112,gvl_HBW,bMotor_HBW_Cantilever_backward,False,poll
2026-03-20 10:04:36.112,gvl_MS,bReferenceSwitch_MS_Turntable_attransferunit,False,poll
2026-03-20 10:04:36.112,gvl_MS,bReferenceSwitch_MS_Turntable_atconveyorbelt,False,poll
2026-03-20 10:04:36.112,gvl_MS,bLightBarrier_MS_conveyorbelt,False,poll
2026-03-20 10:04:36.112,gvl_MS,bReferenceSwitch_MS_Turntable_atsaw,False,poll
2026-03-20 10:04:36.112,gvl_MS,bReferenceSwitch_MS_TransferUnit_atturntable,True,poll
2026-03-20 10:04:36.112,gvl_MS,bReferenceSwitch_MS_OvenSlider_inside,False,poll
2026-03-20 10:04:36.112,gvl_MS,bReferenceSwitch_MS_OvenSlider_outside,True,poll
2026-03-20 10:04:36.112,gvl_MS,bReferenceSwitch_MS_TransferUnit_atoven,False,poll
2026-03-20 10:04:36.112,gvl_MS,bLightBarrier_MS_oven,True,poll
2026-03-20 10:04:36.112,gvl_MS,bMotor_MS_Turntable_clockwise,False,poll
2026-03-20 10:04:36.112,gvl_MS,bMotor_MS_Turntable_counterclockwise,False,poll
2026-03-20 10:04:36.112,gvl_MS,bMotor_MS_ConveyorBelt_forward,False,poll
2026-03-20 10:04:36.112,gvl_MS,bMotor_MS_Saw,False,poll
2026-03-20 10:04:36.112,gvl_MS,bMotor_MS_OvenSlider_movein,False,poll
2026-03-20 10:04:36.112,gvl_MS,bMotor_MS_OvenSlider_moveout,False,poll
2026-03-20 10:04:36.112,gvl_MS,bMotor_MS_TransferUnit_tooven,False,poll
2026-03-20 10:04:36.112,gvl_MS,bMotor_MS_TransferUnit_toturntable,False,poll
2026-03-20 10:04:36.112,gvl_MS,bLamp_MS,False,poll
2026-03-20 10:04:36.112,gvl_MS,bCompressor_MS,False,poll
2026-03-20 10:04:36.112,gvl_MS,bValve_MS_Vacuum,False,poll
2026-03-20 10:04:36.112,gvl_MS,bValve_MS_TransferUnit,False,poll
2026-03-20 10:04:36.112,gvl_MS,bValve_MS_OvenDoor,False,poll
2026-03-20 10:04:36.112,gvl_MS,bValve_MS_Ejector,False,poll
2026-03-20 10:04:36.112,gvl_PM,bLightBarrier_PM_entry,True,poll
2026-03-20 10:04:36.112,gvl_PM,bLightBarrier_PM_tool,True,poll
2026-03-20 10:04:36.112,gvl_PM,bReferenceSwitch_PM_top,False,poll
2026-03-20 10:04:36.112,gvl_PM,bReferenceSwitch_PM_bottom,True,poll
2026-03-20 10:04:36.112,gvl_PM,bMotor_PM_ConveyorBelt_forward,False,poll
2026-03-20 10:04:36.112,gvl_PM,bMotor_PM_ConveyorBelt_backward,False,poll
2026-03-20 10:04:36.112,gvl_PM,bMotor_PM_Tool_upward,False,poll
2026-03-20 10:04:36.112,gvl_PM,bMotor_PM_Tool_downward,False,poll
2026-03-20 10:04:36.112,gvl_SL,bPulseCounter_SL,False,poll
2026-03-20 10:04:36.112,gvl_SL,bLightBarrier_SL_beforecolor,True,poll
2026-03-20 10:04:36.112,gvl_SL,bLightBarrier_SL_aftercolor,True,poll
2026-03-20 10:04:36.112,gvl_SL,bLightBarrier_SL_white,True,poll
2026-03-20 10:04:36.112,gvl_SL,bLightBarrier_SL_red,True,poll
2026-03-20 10:04:36.112,gvl_SL,bLightBarrier_SL_blue,True,poll
2026-03-20 10:04:36.112,gvl_SL,iColorSensor_SL,0,poll
2026-03-20 10:04:36.112,gvl_SL,bMotor_SL_ConveyorBelt,False,poll
2026-03-20 10:04:36.112,gvl_SL,bCompressor_SL,False,poll
2026-03-20 10:04:36.112,gvl_SL,bValve_SL_white,False,poll
2026-03-20 10:04:36.112,gvl_SL,bValve_SL_red,False,poll
2026-03-20 10:04:36.112,gvl_SL,bValve_SL_blue,False,poll
2026-03-20 10:04:36.112,LocalVariables,iC_CoordH,35,poll
2026-03-20 10:04:36.112,LocalVariables,iC_CoordV,0,poll
2026-03-20 10:04:36.112,LocalVariables,iC_CoordR,35,poll
2026-03-20 10:04:36.112,LocalVariables,eC_PickingStation,0,poll
2026-03-20 10:04:36.112,LocalVariables,eC_PlacingStation,0,poll
2026-03-20 10:04:36.112,LocalVariables,iC_Coord_Picking,"[[1340, 170, 150, 445], [380, 800, 367, 435], [800, 301, 580, 800]]",poll
2026-03-20 10:04:36.112,LocalVariables,iC_Coord_Placing,"[[890, 870], [500, 1343], [180, 150]]",poll
2026-03-20 10:04:36.931,gvl_C,bReferenceSwitch_C_vertical,True,poll
2026-03-20 10:04:36.931,gvl_C,bReferenceSwitch_C_horizontal,False,poll
2026-03-20 10:04:36.931,gvl_C,bReferenceSwitch_C_rotate,False,poll
2026-03-20 10:04:36.931,gvl_C,bEncoderImpulse_C_vertical1,False,poll
2026-03-20 10:04:36.931,gvl_C,bEncoderImpulse_C_vertical2,True,poll
2026-03-20 10:04:36.931,gvl_C,bEncoderImpulse_C_horizontal1,False,poll
2026-03-20 10:04:36.931,gvl_C,bEncoderImpulse_C_horizontal2,True,poll
2026-03-20 10:04:36.931,gvl_C,bEncoderImpulse_C_rotate1,True,poll
2026-03-20 10:04:36.931,gvl_C,bEncoderImpulse_C_rotate2,False,poll
2026-03-20 10:04:36.931,gvl_C,bMotor_C_upward,False,poll
2026-03-20 10:04:36.931,gvl_C,bMotor_C_downward,False,poll
2026-03-20 10:04:36.931,gvl_C,bMotor_C_backward,False,poll
2026-03-20 10:04:36.931,gvl_C,bMotor_C_forward,False,poll
2026-03-20 10:04:36.931,gvl_C,bMotor_C_clockwise,False,poll
2026-03-20 10:04:36.931,gvl_C,bMotor_C_counterclockwise,False,poll
2026-03-20 10:04:36.931,gvl_C,bCompressor_C,False,poll
2026-03-20 10:04:36.931,gvl_C,bValve_C,False,poll
2026-03-20 10:04:36.931,gvl_HBW,bReferenceSwitch_HBW_horizontal,True,poll
2026-03-20 10:04:36.931,gvl_HBW,bLightBarrier_HBW_inside,True,poll
2026-03-20 10:04:36.931,gvl_HBW,bLightBarrier_HBW_outside,True,poll
2026-03-20 10:04:36.931,gvl_HBW,bReferenceSwitch_HBW_vertical,False,poll
2026-03-20 10:04:36.931,gvl_HBW,bReferenceSwitch_HBW_Cantilever_front,False,poll
2026-03-20 10:04:36.931,gvl_HBW,bReferenceSwitch_HBW_Cantilever_back,False,poll
2026-03-20 10:04:36.931,gvl_HBW,bTrailSensor_HBW_bottom,True,poll
2026-03-20 10:04:36.931,gvl_HBW,bTrailSensor_HBW_top,True,poll
2026-03-20 10:04:36.931,gvl_HBW,bEncoderImpulse_HBW_horizontal1,False,poll
2026-03-20 10:04:36.931,gvl_HBW,bEncoderImpulse_HBW_horizontal2,True,poll
2026-03-20 10:04:36.931,gvl_HBW,bEncoderImpulse_HBW_vertical1,False,poll
2026-03-20 10:04:36.931,gvl_HBW,bEncoderImpulse_HBW_vertical2,False,poll
2026-03-20 10:04:36.931,gvl_HBW,bMotor_HBW_ConveyorBelt_forward,False,poll
2026-03-20 10:04:36.931,gvl_HBW,bMotor_HBW_ConveyorBelt_backward,False,poll
2026-03-20 10:04:36.931,gvl_HBW,bMotor_HBW_StackerCrane_torack,False,poll
2026-03-20 10:04:36.931,gvl_HBW,bMotor_HBW_StackerCrane_toconveyorbelt,False,poll
2026-03-20 10:04:36.931,gvl_HBW,bMotor_HBW_StackerCrane_downward,False,poll
2026-03-20 10:04:36.931,gvl_HBW,bMotor_HBW_StackerCrane_upward,False,poll
2026-03-20 10:04:36.931,gvl_HBW,bMotor_HBW_Cantilever_forward,False,poll
2026-03-20 10:04:36.931,gvl_HBW,bMotor_HBW_Cantilever_backward,False,poll
2026-03-20 10:04:36.931,gvl_MS,bReferenceSwitch_MS_Turntable_attransferunit,False,poll
2026-03-20 10:04:36.931,gvl_MS,bReferenceSwitch_MS_Turntable_atconveyorbelt,False,poll
2026-03-20 10:04:36.931,gvl_MS,bLightBarrier_MS_conveyorbelt,False,poll
2026-03-20 10:04:36.931,gvl_MS,bReferenceSwitch_MS_Turntable_atsaw,False,poll
2026-03-20 10:04:36.931,gvl_MS,bReferenceSwitch_MS_TransferUnit_atturntable,True,poll
2026-03-20 10:04:36.931,gvl_MS,bReferenceSwitch_MS_OvenSlider_inside,False,poll
2026-03-20 10:04:36.931,gvl_MS,bReferenceSwitch_MS_OvenSlider_outside,True,poll
2026-03-20 10:04:36.931,gvl_MS,bReferenceSwitch_MS_TransferUnit_atoven,False,poll
2026-03-20 10:04:36.931,gvl_MS,bLightBarrier_MS_oven,True,poll
2026-03-20 10:04:36.931,gvl_MS,bMotor_MS_Turntable_clockwise,False,poll
2026-03-20 10:04:36.931,gvl_MS,bMotor_MS_Turntable_counterclockwise,False,poll
2026-03-20 10:04:36.931,gvl_MS,bMotor_MS_ConveyorBelt_forward,False,poll
2026-03-20 10:04:36.931,gvl_MS,bMotor_MS_Saw,False,poll
2026-03-20 10:04:36.931,gvl_MS,bMotor_MS_OvenSlider_movein,False,poll
2026-03-20 10:04:36.931,gvl_MS,bMotor_MS_OvenSlider_moveout,False,poll
2026-03-20 10:04:36.931,gvl_MS,bMotor_MS_TransferUnit_tooven,False,poll
2026-03-20 10:04:36.931,gvl_MS,bMotor_MS_TransferUnit_toturntable,False,poll
2026-03-20 10:04:36.931,gvl_MS,bLamp_MS,False,poll
2026-03-20 10:04:36.931,gvl_MS,bCompressor_MS,False,poll
2026-03-20 10:04:36.931,gvl_MS,bValve_MS_Vacuum,False,poll
2026-03-20 10:04:36.931,gvl_MS,bValve_MS_TransferUnit,False,poll
2026-03-20 10:04:36.931,gvl_MS,bValve_MS_OvenDoor,False,poll
2026-03-20 10:04:36.931,gvl_MS,bValve_MS_Ejector,False,poll
2026-03-20 10:04:36.931,gvl_PM,bLightBarrier_PM_entry,True,poll
2026-03-20 10:04:36.931,gvl_PM,bLightBarrier_PM_tool,True,poll
2026-03-20 10:04:36.931,gvl_PM,bReferenceSwitch_PM_top,False,poll
2026-03-20 10:04:36.931,gvl_PM,bReferenceSwitch_PM_bottom,True,poll
2026-03-20 10:04:36.931,gvl_PM,bMotor_PM_ConveyorBelt_forward,False,poll
2026-03-20 10:04:36.931,gvl_PM,bMotor_PM_ConveyorBelt_backward,False,poll
2026-03-20 10:04:36.931,gvl_PM,bMotor_PM_Tool_upward,False,poll
2026-03-20 10:04:36.931,gvl_PM,bMotor_PM_Tool_downward,False,poll
2026-03-20 10:04:36.931,gvl_SL,bPulseCounter_SL,False,poll
2026-03-20 10:04:36.931,gvl_SL,bLightBarrier_SL_beforecolor,True,poll
2026-03-20 10:04:36.931,gvl_SL,bLightBarrier_SL_aftercolor,True,poll
2026-03-20 10:04:36.931,gvl_SL,bLightBarrier_SL_white,True,poll
2026-03-20 10:04:36.931,gvl_SL,bLightBarrier_SL_red,True,poll
2026-03-20 10:04:36.931,gvl_SL,bLightBarrier_SL_blue,True,poll
2026-03-20 10:04:36.931,gvl_SL,iColorSensor_SL,1,poll
2026-03-20 10:04:36.931,gvl_SL,bMotor_SL_ConveyorBelt,False,poll
2026-03-20 10:04:36.931,gvl_SL,bCompressor_SL,False,poll
2026-03-20 10:04:36.931,gvl_SL,bValve_SL_white,False,poll
2026-03-20 10:04:36.931,gvl_SL,bValve_SL_red,False,poll
2026-03-20 10:04:36.931,gvl_SL,bValve_SL_blue,False,poll
2026-03-20 10:04:36.931,LocalVariables,iC_CoordH,35,poll
2026-03-20 10:04:36.931,LocalVariables,iC_CoordV,0,poll
2026-03-20 10:04:36.931,LocalVariables,iC_CoordR,35,poll
2026-03-20 10:04:36.931,LocalVariables,eC_PickingStation,0,poll
2026-03-20 10:04:36.931,LocalVariables,eC_PlacingStation,0,poll
2026-03-20 10:04:36.931,LocalVariables,iC_Coord_Picking,"[[1340, 170, 150, 445], [380, 800, 367, 435], [800, 301, 580, 800]]",poll
2026-03-20 10:04:36.931,LocalVariables,iC_Coord_Placing,"[[890, 870], [500, 1343], [180, 150]]",poll
2026-03-20 10:04:37.415,gvl_SL,iColorSensor_SL,1,event
2026-03-20 10:04:37.515,gvl_SL,iColorSensor_SL,0,event
2026-03-20 10:04:37.724,gvl_C,bReferenceSwitch_C_vertical,True,poll
2026-03-20 10:04:37.724,gvl_C,bReferenceSwitch_C_horizontal,False,poll
2026-03-20 10:04:37.724,gvl_C,bReferenceSwitch_C_rotate,False,poll
2026-03-20 10:04:37.724,gvl_C,bEncoderImpulse_C_vertical1,False,poll
2026-03-20 10:04:37.724,gvl_C,bEncoderImpulse_C_vertical2,True,poll
2026-03-20 10:04:37.724,gvl_C,bEncoderImpulse_C_horizontal1,False,poll
2026-03-20 10:04:37.724,gvl_C,bEncoderImpulse_C_horizontal2,True,poll
2026-03-20 10:04:37.724,gvl_C,bEncoderImpulse_C_rotate1,True,poll
2026-03-20 10:04:37.724,gvl_C,bEncoderImpulse_C_rotate2,False,poll
2026-03-20 10:04:37.724,gvl_C,bMotor_C_upward,False,poll
2026-03-20 10:04:37.724,gvl_C,bMotor_C_downward,False,poll
2026-03-20 10:04:37.724,gvl_C,bMotor_C_backward,False,poll
2026-03-20 10:04:37.724,gvl_C,bMotor_C_forward,False,poll
2026-03-20 10:04:37.724,gvl_C,bMotor_C_clockwise,False,poll
2026-03-20 10:04:37.724,gvl_C,bMotor_C_counterclockwise,False,poll
2026-03-20 10:04:37.724,gvl_C,bCompressor_C,False,poll
2026-03-20 10:04:37.724,gvl_C,bValve_C,False,poll
2026-03-20 10:04:37.724,gvl_HBW,bReferenceSwitch_HBW_horizontal,True,poll
2026-03-20 10:04:37.724,gvl_HBW,bLightBarrier_HBW_inside,True,poll
2026-03-20 10:04:37.724,gvl_HBW,bLightBarrier_HBW_outside,True,poll
2026-03-20 10:04:37.724,gvl_HBW,bReferenceSwitch_HBW_vertical,False,poll
2026-03-20 10:04:37.724,gvl_HBW,bReferenceSwitch_HBW_Cantilever_front,False,poll
2026-03-20 10:04:37.724,gvl_HBW,bReferenceSwitch_HBW_Cantilever_back,False,poll
2026-03-20 10:04:37.724,gvl_HBW,bTrailSensor_HBW_bottom,True,poll
2026-03-20 10:04:37.724,gvl_HBW,bTrailSensor_HBW_top,True,poll
2026-03-20 10:04:37.815,gvl_SL,iColorSensor_SL,1,event
2026-03-20 10:04:37.724,gvl_HBW,bEncoderImpulse_HBW_horizontal1,False,poll
2026-03-20 10:04:37.724,gvl_HBW,bEncoderImpulse_HBW_horizontal2,True,poll
2026-03-20 10:04:37.724,gvl_HBW,bEncoderImpulse_HBW_vertical1,False,poll
2026-03-20 10:04:37.724,gvl_HBW,bEncoderImpulse_HBW_vertical2,False,poll
2026-03-20 10:04:37.724,gvl_HBW,bMotor_HBW_ConveyorBelt_forward,False,poll
2026-03-20 10:04:37.724,gvl_HBW,bMotor_HBW_ConveyorBelt_backward,False,poll
2026-03-20 10:04:37.724,gvl_HBW,bMotor_HBW_StackerCrane_torack,False,poll
2026-03-20 10:04:37.724,gvl_HBW,bMotor_HBW_StackerCrane_toconveyorbelt,False,poll
2026-03-20 10:04:37.724,gvl_HBW,bMotor_HBW_StackerCrane_downward,False,poll
2026-03-20 10:04:37.724,gvl_HBW,bMotor_HBW_StackerCrane_upward,False,poll
2026-03-20 10:04:37.724,gvl_HBW,bMotor_HBW_Cantilever_forward,False,poll
2026-03-20 10:04:37.724,gvl_HBW,bMotor_HBW_Cantilever_backward,False,poll
2026-03-20 10:04:37.724,gvl_MS,bReferenceSwitch_MS_Turntable_attransferunit,False,poll
2026-03-20 10:04:37.724,gvl_MS,bReferenceSwitch_MS_Turntable_atconveyorbelt,False,poll
2026-03-20 10:04:37.724,gvl_MS,bLightBarrier_MS_conveyorbelt,False,poll
2026-03-20 10:04:37.724,gvl_MS,bReferenceSwitch_MS_Turntable_atsaw,False,poll
2026-03-20 10:04:37.724,gvl_MS,bReferenceSwitch_MS_TransferUnit_atturntable,True,poll
2026-03-20 10:04:37.724,gvl_MS,bReferenceSwitch_MS_OvenSlider_inside,False,poll
2026-03-20 10:04:37.724,gvl_MS,bReferenceSwitch_MS_OvenSlider_outside,True,poll
2026-03-20 10:04:37.724,gvl_MS,bReferenceSwitch_MS_TransferUnit_atoven,False,poll
2026-03-20 10:04:37.724,gvl_MS,bLightBarrier_MS_oven,True,poll
2026-03-20 10:04:37.724,gvl_MS,bMotor_MS_Turntable_clockwise,False,poll
2026-03-20 10:04:37.724,gvl_MS,bMotor_MS_Turntable_counterclockwise,False,poll
2026-03-20 10:04:37.724,gvl_MS,bMotor_MS_ConveyorBelt_forward,False,poll
2026-03-20 10:04:37.724,gvl_MS,bMotor_MS_Saw,False,poll
2026-03-20 10:04:37.724,gvl_MS,bMotor_MS_OvenSlider_movein,False,poll
2026-03-20 10:04:37.724,gvl_MS,bMotor_MS_OvenSlider_moveout,False,poll
2026-03-20 10:04:37.916,gvl_SL,iColorSensor_SL,0,event
2026-03-20 10:04:37.724,gvl_MS,bMotor_MS_TransferUnit_tooven,False,poll
2026-03-20 10:04:37.724,gvl_MS,bMotor_MS_TransferUnit_toturntable,False,poll
2026-03-20 10:04:37.724,gvl_MS,bLamp_MS,False,poll
2026-03-20 10:04:37.724,gvl_MS,bCompressor_MS,False,poll
2026-03-20 10:04:37.724,gvl_MS,bValve_MS_Vacuum,False,poll
2026-03-20 10:04:37.724,gvl_MS,bValve_MS_TransferUnit,False,poll
2026-03-20 10:04:37.724,gvl_MS,bValve_MS_OvenDoor,False,poll
2026-03-20 10:04:37.724,gvl_MS,bValve_MS_Ejector,False,poll
2026-03-20 10:04:37.724,gvl_PM,bLightBarrier_PM_entry,True,poll
2026-03-20 10:04:37.724,gvl_PM,bLightBarrier_PM_tool,True,poll
2026-03-20 10:04:37.724,gvl_PM,bReferenceSwitch_PM_top,False,poll
2026-03-20 10:04:37.724,gvl_PM,bReferenceSwitch_PM_bottom,True,poll
2026-03-20 10:04:37.724,gvl_PM,bMotor_PM_ConveyorBelt_forward,False,poll
2026-03-20 10:04:37.724,gvl_PM,bMotor_PM_ConveyorBelt_backward,False,poll
2026-03-20 10:04:37.724,gvl_PM,bMotor_PM_Tool_upward,False,poll
2026-03-20 10:04:37.724,gvl_PM,bMotor_PM_Tool_downward,False,poll
2026-03-20 10:04:37.724,gvl_SL,bPulseCounter_SL,False,poll
2026-03-20 10:04:37.724,gvl_SL,bLightBarrier_SL_beforecolor,True,poll
2026-03-20 10:04:37.724,gvl_SL,bLightBarrier_SL_aftercolor,True,poll
2026-03-20 10:04:37.724,gvl_SL,bLightBarrier_SL_white,True,poll
2026-03-20 10:04:37.724,gvl_SL,bLightBarrier_SL_red,True,poll
2026-03-20 10:04:37.724,gvl_SL,bLightBarrier_SL_blue,True,poll
2026-03-20 10:04:37.724,gvl_SL,iColorSensor_SL,0,poll
2026-03-20 10:04:37.724,gvl_SL,bMotor_SL_ConveyorBelt,False,poll
2026-03-20 10:04:37.724,gvl_SL,bCompressor_SL,False,poll
2026-03-20 10:04:37.724,gvl_SL,bValve_SL_white,False,poll
2026-03-20 10:04:37.724,gvl_SL,bValve_SL_red,False,poll
2026-03-20 10:04:37.724,gvl_SL,bValve_SL_blue,False,poll
2026-03-20 10:04:37.724,LocalVariables,iC_CoordH,35,poll
2026-03-20 10:04:37.724,LocalVariables,iC_CoordV,0,poll
2026-03-20 10:04:37.724,LocalVariables,iC_CoordR,35,poll
2026-03-20 10:04:37.724,LocalVariables,eC_PickingStation,0,poll
2026-03-20 10:04:37.724,LocalVariables,eC_PlacingStation,0,poll
2026-03-20 10:04:37.724,LocalVariables,iC_Coord_Picking,"[[1340, 170, 150, 445], [380, 800, 367, 435], [800, 301, 580, 800]]",poll
2026-03-20 10:04:37.724,LocalVariables,iC_Coord_Placing,"[[890, 870], [500, 1343], [180, 150]]",poll
2026-03-20 10:04:38.315,gvl_SL,iColorSensor_SL,1,event
2026-03-20 10:04:38.516,gvl_SL,iColorSensor_SL,0,event
2026-03-20 10:04:38.512,gvl_C,bReferenceSwitch_C_vertical,True,poll
2026-03-20 10:04:38.512,gvl_C,bReferenceSwitch_C_horizontal,False,poll
2026-03-20 10:04:38.512,gvl_C,bReferenceSwitch_C_rotate,False,poll
2026-03-20 10:04:38.512,gvl_C,bEncoderImpulse_C_vertical1,False,poll
2026-03-20 10:04:38.512,gvl_C,bEncoderImpulse_C_vertical2,True,poll
2026-03-20 10:04:38.512,gvl_C,bEncoderImpulse_C_horizontal1,False,poll
2026-03-20 10:04:38.512,gvl_C,bEncoderImpulse_C_horizontal2,True,poll
2026-03-20 10:04:38.512,gvl_C,bEncoderImpulse_C_rotate1,True,poll
2026-03-20 10:04:38.512,gvl_C,bEncoderImpulse_C_rotate2,False,poll
2026-03-20 10:04:38.512,gvl_C,bMotor_C_upward,False,poll
2026-03-20 10:04:38.512,gvl_C,bMotor_C_downward,False,poll
2026-03-20 10:04:38.512,gvl_C,bMotor_C_backward,False,poll
2026-03-20 10:04:38.512,gvl_C,bMotor_C_forward,False,poll
2026-03-20 10:04:38.512,gvl_C,bMotor_C_clockwise,False,poll
2026-03-20 10:04:38.512,gvl_C,bMotor_C_counterclockwise,False,poll
2026-03-20 10:04:38.512,gvl_C,bCompressor_C,False,poll
2026-03-20 10:04:38.512,gvl_C,bValve_C,False,poll
2026-03-20 10:04:38.512,gvl_HBW,bReferenceSwitch_HBW_horizontal,True,poll
2026-03-20 10:04:38.512,gvl_HBW,bLightBarrier_HBW_inside,True,poll
2026-03-20 10:04:38.512,gvl_HBW,bLightBarrier_HBW_outside,True,poll
2026-03-20 10:04:38.512,gvl_HBW,bReferenceSwitch_HBW_vertical,False,poll
2026-03-20 10:04:38.512,gvl_HBW,bReferenceSwitch_HBW_Cantilever_front,False,poll
2026-03-20 10:04:38.512,gvl_HBW,bReferenceSwitch_HBW_Cantilever_back,False,poll
2026-03-20 10:04:38.512,gvl_HBW,bTrailSensor_HBW_bottom,True,poll
2026-03-20 10:04:38.512,gvl_HBW,bTrailSensor_HBW_top,True,poll
2026-03-20 10:04:38.512,gvl_HBW,bEncoderImpulse_HBW_horizontal1,False,poll
2026-03-20 10:04:38.512,gvl_HBW,bEncoderImpulse_HBW_horizontal2,True,poll
2026-03-20 10:04:38.512,gvl_HBW,bEncoderImpulse_HBW_vertical1,False,poll
2026-03-20 10:04:38.512,gvl_HBW,bEncoderImpulse_HBW_vertical2,False,poll
2026-03-20 10:04:38.512,gvl_HBW,bMotor_HBW_ConveyorBelt_forward,False,poll
2026-03-20 10:04:38.512,gvl_HBW,bMotor_HBW_ConveyorBelt_backward,False,poll
2026-03-20 10:04:38.512,gvl_HBW,bMotor_HBW_StackerCrane_torack,False,poll
2026-03-20 10:04:38.512,gvl_HBW,bMotor_HBW_StackerCrane_toconveyorbelt,False,poll
2026-03-20 10:04:38.512,gvl_HBW,bMotor_HBW_StackerCrane_downward,False,poll
2026-03-20 10:04:38.512,gvl_HBW,bMotor_HBW_StackerCrane_upward,False,poll
2026-03-20 10:04:38.512,gvl_HBW,bMotor_HBW_Cantilever_forward,False,poll
2026-03-20 10:04:38.512,gvl_HBW,bMotor_HBW_Cantilever_backward,False,poll
2026-03-20 10:04:38.512,gvl_MS,bReferenceSwitch_MS_Turntable_attransferunit,False,poll
2026-03-20 10:04:38.512,gvl_MS,bReferenceSwitch_MS_Turntable_atconveyorbelt,False,poll
2026-03-20 10:04:38.512,gvl_MS,bLightBarrier_MS_conveyorbelt,False,poll
2026-03-20 10:04:38.512,gvl_MS,bReferenceSwitch_MS_Turntable_atsaw,False,poll
2026-03-20 10:04:38.512,gvl_MS,bReferenceSwitch_MS_TransferUnit_atturntable,True,poll
2026-03-20 10:04:38.512,gvl_MS,bReferenceSwitch_MS_OvenSlider_inside,False,poll
2026-03-20 10:04:38.512,gvl_MS,bReferenceSwitch_MS_OvenSlider_outside,True,poll
2026-03-20 10:04:38.512,gvl_MS,bReferenceSwitch_MS_TransferUnit_atoven,False,poll
2026-03-20 10:04:38.512,gvl_MS,bLightBarrier_MS_oven,True,poll
2026-03-20 10:04:38.512,gvl_MS,bMotor_MS_Turntable_clockwise,False,poll
2026-03-20 10:04:38.512,gvl_MS,bMotor_MS_Turntable_counterclockwise,False,poll
2026-03-20 10:04:38.512,gvl_MS,bMotor_MS_ConveyorBelt_forward,False,poll
2026-03-20 10:04:38.512,gvl_MS,bMotor_MS_Saw,False,poll
2026-03-20 10:04:38.512,gvl_MS,bMotor_MS_OvenSlider_movein,False,poll
2026-03-20 10:04:38.512,gvl_MS,bMotor_MS_OvenSlider_moveout,False,poll
2026-03-20 10:04:38.512,gvl_MS,bMotor_MS_TransferUnit_tooven,False,poll
2026-03-20 10:04:38.512,gvl_MS,bMotor_MS_TransferUnit_toturntable,False,poll
2026-03-20 10:04:38.512,gvl_MS,bLamp_MS,False,poll
2026-03-20 10:04:38.512,gvl_MS,bCompressor_MS,False,poll
2026-03-20 10:04:38.512,gvl_MS,bValve_MS_Vacuum,False,poll
2026-03-20 10:04:38.512,gvl_MS,bValve_MS_TransferUnit,False,poll
2026-03-20 10:04:38.512,gvl_MS,bValve_MS_OvenDoor,False,poll
2026-03-20 10:04:38.512,gvl_MS,bValve_MS_Ejector,False,poll
2026-03-20 10:04:38.512,gvl_PM,bLightBarrier_PM_entry,True,poll
2026-03-20 10:04:38.512,gvl_PM,bLightBarrier_PM_tool,True,poll
2026-03-20 10:04:38.512,gvl_PM,bReferenceSwitch_PM_top,False,poll
2026-03-20 10:04:38.512,gvl_PM,bReferenceSwitch_PM_bottom,True,poll
2026-03-20 10:04:38.512,gvl_PM,bMotor_PM_ConveyorBelt_forward,False,poll
2026-03-20 10:04:38.512,gvl_PM,bMotor_PM_ConveyorBelt_backward,False,poll
2026-03-20 10:04:38.512,gvl_PM,bMotor_PM_Tool_upward,False,poll
2026-03-20 10:04:38.512,gvl_PM,bMotor_PM_Tool_downward,False,poll
2026-03-20 10:04:38.512,gvl_SL,bPulseCounter_SL,False,poll
2026-03-20 10:04:38.512,gvl_SL,bLightBarrier_SL_beforecolor,True,poll
2026-03-20 10:04:38.512,gvl_SL,bLightBarrier_SL_aftercolor,True,poll
2026-03-20 10:04:38.512,gvl_SL,bLightBarrier_SL_white,True,poll
2026-03-20 10:04:38.512,gvl_SL,bLightBarrier_SL_red,True,poll
2026-03-20 10:04:38.512,gvl_SL,bLightBarrier_SL_blue,True,poll
2026-03-20 10:04:38.512,gvl_SL,iColorSensor_SL,1,poll
2026-03-20 10:04:38.512,gvl_SL,bMotor_SL_ConveyorBelt,False,poll
2026-03-20 10:04:38.512,gvl_SL,bCompressor_SL,False,poll
2026-03-20 10:04:38.512,gvl_SL,bValve_SL_white,False,poll
2026-03-20 10:04:38.512,gvl_SL,bValve_SL_red,False,poll
2026-03-20 10:04:38.512,gvl_SL,bValve_SL_blue,False,poll
2026-03-20 10:04:38.512,LocalVariables,iC_CoordH,35,poll
2026-03-20 10:04:38.512,LocalVariables,iC_CoordV,0,poll
2026-03-20 10:04:38.512,LocalVariables,iC_CoordR,35,poll
2026-03-20 10:04:38.512,LocalVariables,eC_PickingStation,0,poll
2026-03-20 10:04:38.512,LocalVariables,eC_PlacingStation,0,poll
2026-03-20 10:04:38.512,LocalVariables,iC_Coord_Picking,"[[1340, 170, 150, 445], [380, 800, 367, 435], [800, 301, 580, 800]]",poll
2026-03-20 10:04:38.512,LocalVariables,iC_Coord_Placing,"[[890, 870], [500, 1343], [180, 150]]",poll
2026-03-20 10:04:38.924,gvl_SL,iColorSensor_SL,1,event
2026-03-20 10:04:39.015,gvl_SL,iColorSensor_SL,0,event
2026-03-20 10:04:39.381,gvl_C,bReferenceSwitch_C_vertical,True,poll
2026-03-20 10:04:39.381,gvl_C,bReferenceSwitch_C_horizontal,False,poll
2026-03-20 10:04:39.381,gvl_C,bReferenceSwitch_C_rotate,False,poll
2026-03-20 10:04:39.381,gvl_C,bEncoderImpulse_C_vertical1,False,poll
2026-03-20 10:04:39.381,gvl_C,bEncoderImpulse_C_vertical2,True,poll
2026-03-20 10:04:39.381,gvl_C,bEncoderImpulse_C_horizontal1,False,poll
2026-03-20 10:04:39.381,gvl_C,bEncoderImpulse_C_horizontal2,True,poll
2026-03-20 10:04:39.381,gvl_C,bEncoderImpulse_C_rotate1,True,poll
2026-03-20 10:04:39.381,gvl_C,bEncoderImpulse_C_rotate2,False,poll
2026-03-20 10:04:39.381,gvl_C,bMotor_C_upward,False,poll
2026-03-20 10:04:39.381,gvl_C,bMotor_C_downward,False,poll
2026-03-20 10:04:39.381,gvl_C,bMotor_C_backward,False,poll
2026-03-20 10:04:39.381,gvl_C,bMotor_C_forward,False,poll
2026-03-20 10:04:39.381,gvl_C,bMotor_C_clockwise,False,poll
2026-03-20 10:04:39.381,gvl_C,bMotor_C_counterclockwise,False,poll
2026-03-20 10:04:39.381,gvl_C,bCompressor_C,False,poll
2026-03-20 10:04:39.381,gvl_C,bValve_C,False,poll
2026-03-20 10:04:39.381,gvl_HBW,bReferenceSwitch_HBW_horizontal,True,poll
2026-03-20 10:04:39.381,gvl_HBW,bLightBarrier_HBW_inside,True,poll
2026-03-20 10:04:39.381,gvl_HBW,bLightBarrier_HBW_outside,True,poll
2026-03-20 10:04:39.381,gvl_HBW,bReferenceSwitch_HBW_vertical,False,poll
2026-03-20 10:04:39.381,gvl_HBW,bReferenceSwitch_HBW_Cantilever_front,False,poll
2026-03-20 10:04:39.381,gvl_HBW,bReferenceSwitch_HBW_Cantilever_back,False,poll
2026-03-20 10:04:39.381,gvl_HBW,bTrailSensor_HBW_bottom,True,poll
2026-03-20 10:04:39.381,gvl_HBW,bTrailSensor_HBW_top,True,poll
2026-03-20 10:04:39.381,gvl_HBW,bEncoderImpulse_HBW_horizontal1,False,poll
2026-03-20 10:04:39.381,gvl_HBW,bEncoderImpulse_HBW_horizontal2,True,poll
2026-03-20 10:04:39.381,gvl_HBW,bEncoderImpulse_HBW_vertical1,False,poll
2026-03-20 10:04:39.381,gvl_HBW,bEncoderImpulse_HBW_vertical2,False,poll
2026-03-20 10:04:39.381,gvl_HBW,bMotor_HBW_ConveyorBelt_forward,False,poll
2026-03-20 10:04:39.381,gvl_HBW,bMotor_HBW_ConveyorBelt_backward,False,poll
2026-03-20 10:04:39.381,gvl_HBW,bMotor_HBW_StackerCrane_torack,False,poll
2026-03-20 10:04:39.381,gvl_HBW,bMotor_HBW_StackerCrane_toconveyorbelt,False,poll
2026-03-20 10:04:39.381,gvl_HBW,bMotor_HBW_StackerCrane_downward,False,poll
2026-03-20 10:04:39.381,gvl_HBW,bMotor_HBW_StackerCrane_upward,False,poll
2026-03-20 10:04:39.381,gvl_HBW,bMotor_HBW_Cantilever_forward,False,poll
2026-03-20 10:04:39.381,gvl_HBW,bMotor_HBW_Cantilever_backward,False,poll
2026-03-20 10:04:39.381,gvl_MS,bReferenceSwitch_MS_Turntable_attransferunit,False,poll
2026-03-20 10:04:39.381,gvl_MS,bReferenceSwitch_MS_Turntable_atconveyorbelt,False,poll
2026-03-20 10:04:39.381,gvl_MS,bLightBarrier_MS_conveyorbelt,False,poll
2026-03-20 10:04:39.381,gvl_MS,bReferenceSwitch_MS_Turntable_atsaw,False,poll
2026-03-20 10:04:39.381,gvl_MS,bReferenceSwitch_MS_TransferUnit_atturntable,True,poll
2026-03-20 10:04:39.381,gvl_MS,bReferenceSwitch_MS_OvenSlider_inside,False,poll
2026-03-20 10:04:39.381,gvl_MS,bReferenceSwitch_MS_OvenSlider_outside,True,poll
2026-03-20 10:04:39.381,gvl_MS,bReferenceSwitch_MS_TransferUnit_atoven,False,poll
2026-03-20 10:04:39.381,gvl_MS,bLightBarrier_MS_oven,True,poll
2026-03-20 10:04:39.381,gvl_MS,bMotor_MS_Turntable_clockwise,False,poll
2026-03-20 10:04:39.381,gvl_MS,bMotor_MS_Turntable_counterclockwise,False,poll
2026-03-20 10:04:39.381,gvl_MS,bMotor_MS_ConveyorBelt_forward,False,poll
2026-03-20 10:04:39.381,gvl_MS,bMotor_MS_Saw,False,poll
2026-03-20 10:04:39.381,gvl_MS,bMotor_MS_OvenSlider_movein,False,poll
2026-03-20 10:04:39.381,gvl_MS,bMotor_MS_OvenSlider_moveout,False,poll
2026-03-20 10:04:39.381,gvl_MS,bMotor_MS_TransferUnit_tooven,False,poll
2026-03-20 10:04:39.381,gvl_MS,bMotor_MS_TransferUnit_toturntable,False,poll
2026-03-20 10:04:39.381,gvl_MS,bLamp_MS,False,poll
2026-03-20 10:04:39.381,gvl_MS,bCompressor_MS,False,poll
2026-03-20 10:04:39.381,gvl_MS,bValve_MS_Vacuum,False,poll
2026-03-20 10:04:39.381,gvl_MS,bValve_MS_TransferUnit,False,poll
2026-03-20 10:04:39.381,gvl_MS,bValve_MS_OvenDoor,False,poll
2026-03-20 10:04:39.381,gvl_MS,bValve_MS_Ejector,False,poll
2026-03-20 10:04:39.381,gvl_PM,bLightBarrier_PM_entry,True,poll
2026-03-20 10:04:39.381,gvl_PM,bLightBarrier_PM_tool,True,poll
2026-03-20 10:04:39.381,gvl_PM,bReferenceSwitch_PM_top,False,poll
2026-03-20 10:04:39.381,gvl_PM,bReferenceSwitch_PM_bottom,True,poll
2026-03-20 10:04:39.381,gvl_PM,bMotor_PM_ConveyorBelt_forward,False,poll
2026-03-20 10:04:39.381,gvl_PM,bMotor_PM_ConveyorBelt_backward,False,poll
2026-03-20 10:04:39.381,gvl_PM,bMotor_PM_Tool_upward,False,poll
2026-03-20 10:04:39.381,gvl_PM,bMotor_PM_Tool_downward,False,poll
2026-03-20 10:04:39.381,gvl_SL,bPulseCounter_SL,False,poll
2026-03-20 10:04:39.381,gvl_SL,bLightBarrier_SL_beforecolor,True,poll
2026-03-20 10:04:39.381,gvl_SL,bLightBarrier_SL_aftercolor,True,poll
2026-03-20 10:04:39.381,gvl_SL,bLightBarrier_SL_white,True,poll
2026-03-20 10:04:39.381,gvl_SL,bLightBarrier_SL_red,True,poll
2026-03-20 10:04:39.381,gvl_SL,bLightBarrier_SL_blue,True,poll
2026-03-20 10:04:39.381,gvl_SL,iColorSensor_SL,0,poll
2026-03-20 10:04:39.381,gvl_SL,bMotor_SL_ConveyorBelt,False,poll
2026-03-20 10:04:39.381,gvl_SL,bCompressor_SL,False,poll
2026-03-20 10:04:39.381,gvl_SL,bValve_SL_white,False,poll
2026-03-20 10:04:39.381,gvl_SL,bValve_SL_red,False,poll
2026-03-20 10:04:39.381,gvl_SL,bValve_SL_blue,False,poll
2026-03-20 10:04:39.381,LocalVariables,iC_CoordH,35,poll
2026-03-20 10:04:39.381,LocalVariables,iC_CoordV,0,poll
2026-03-20 10:04:39.381,LocalVariables,iC_CoordR,35,poll
2026-03-20 10:04:39.381,LocalVariables,eC_PickingStation,0,poll
2026-03-20 10:04:39.381,LocalVariables,eC_PlacingStation,0,poll
2026-03-20 10:04:39.381,LocalVariables,iC_Coord_Picking,"[[1340, 170, 150, 445], [380, 800, 367, 435], [800, 301, 580, 800]]",poll
2026-03-20 10:04:39.381,LocalVariables,iC_Coord_Placing,"[[890, 870], [500, 1343], [180, 150]]",poll
2026-03-20 10:04:40.179,gvl_C,bReferenceSwitch_C_vertical,True,poll
2026-03-20 10:04:40.179,gvl_C,bReferenceSwitch_C_horizontal,False,poll
2026-03-20 10:04:40.179,gvl_C,bReferenceSwitch_C_rotate,False,poll
2026-03-20 10:04:40.179,gvl_C,bEncoderImpulse_C_vertical1,False,poll
2026-03-20 10:04:40.179,gvl_C,bEncoderImpulse_C_vertical2,True,poll
2026-03-20 10:04:40.179,gvl_C,bEncoderImpulse_C_horizontal1,False,poll
2026-03-20 10:04:40.179,gvl_C,bEncoderImpulse_C_horizontal2,True,poll
2026-03-20 10:04:40.179,gvl_C,bEncoderImpulse_C_rotate1,True,poll
2026-03-20 10:04:40.179,gvl_C,bEncoderImpulse_C_rotate2,False,poll
2026-03-20 10:04:40.179,gvl_C,bMotor_C_upward,False,poll
2026-03-20 10:04:40.179,gvl_C,bMotor_C_downward,False,poll
2026-03-20 10:04:40.179,gvl_C,bMotor_C_backward,False,poll
2026-03-20 10:04:40.179,gvl_C,bMotor_C_forward,False,poll
2026-03-20 10:04:40.179,gvl_C,bMotor_C_clockwise,False,poll
2026-03-20 10:04:40.179,gvl_C,bMotor_C_counterclockwise,False,poll
2026-03-20 10:04:40.179,gvl_C,bCompressor_C,False,poll
2026-03-20 10:04:40.179,gvl_C,bValve_C,False,poll
2026-03-20 10:04:40.179,gvl_HBW,bReferenceSwitch_HBW_horizontal,True,poll
2026-03-20 10:04:40.179,gvl_HBW,bLightBarrier_HBW_inside,True,poll
2026-03-20 10:04:40.179,gvl_HBW,bLightBarrier_HBW_outside,True,poll
2026-03-20 10:04:40.179,gvl_HBW,bReferenceSwitch_HBW_vertical,False,poll
2026-03-20 10:04:40.179,gvl_HBW,bReferenceSwitch_HBW_Cantilever_front,False,poll
2026-03-20 10:04:40.179,gvl_HBW,bReferenceSwitch_HBW_Cantilever_back,False,poll
2026-03-20 10:04:40.179,gvl_HBW,bTrailSensor_HBW_bottom,True,poll
2026-03-20 10:04:40.179,gvl_HBW,bTrailSensor_HBW_top,True,poll
2026-03-20 10:04:40.179,gvl_HBW,bEncoderImpulse_HBW_horizontal1,False,poll
2026-03-20 10:04:40.179,gvl_HBW,bEncoderImpulse_HBW_horizontal2,True,poll
2026-03-20 10:04:40.179,gvl_HBW,bEncoderImpulse_HBW_vertical1,False,poll
2026-03-20 10:04:40.179,gvl_HBW,bEncoderImpulse_HBW_vertical2,False,poll
2026-03-20 10:04:40.179,gvl_HBW,bMotor_HBW_ConveyorBelt_forward,False,poll
2026-03-20 10:04:40.179,gvl_HBW,bMotor_HBW_ConveyorBelt_backward,False,poll
2026-03-20 10:04:40.179,gvl_HBW,bMotor_HBW_StackerCrane_torack,False,poll
2026-03-20 10:04:40.179,gvl_HBW,bMotor_HBW_StackerCrane_toconveyorbelt,False,poll
2026-03-20 10:04:40.179,gvl_HBW,bMotor_HBW_StackerCrane_downward,False,poll
2026-03-20 10:04:40.179,gvl_HBW,bMotor_HBW_StackerCrane_upward,False,poll
2026-03-20 10:04:40.179,gvl_HBW,bMotor_HBW_Cantilever_forward,False,poll
2026-03-20 10:04:40.179,gvl_HBW,bMotor_HBW_Cantilever_backward,False,poll
2026-03-20 10:04:40.179,gvl_MS,bReferenceSwitch_MS_Turntable_attransferunit,False,poll
2026-03-20 10:04:40.179,gvl_MS,bReferenceSwitch_MS_Turntable_atconveyorbelt,False,poll
2026-03-20 10:04:40.179,gvl_MS,bLightBarrier_MS_conveyorbelt,False,poll
2026-03-20 10:04:40.179,gvl_MS,bReferenceSwitch_MS_Turntable_atsaw,False,poll
2026-03-20 10:04:40.179,gvl_MS,bReferenceSwitch_MS_TransferUnit_atturntable,True,poll
2026-03-20 10:04:40.179,gvl_MS,bReferenceSwitch_MS_OvenSlider_inside,False,poll
2026-03-20 10:04:40.179,gvl_MS,bReferenceSwitch_MS_OvenSlider_outside,True,poll
2026-03-20 10:04:40.179,gvl_MS,bReferenceSwitch_MS_TransferUnit_atoven,False,poll
2026-03-20 10:04:40.179,gvl_MS,bLightBarrier_MS_oven,True,poll
2026-03-20 10:04:40.179,gvl_MS,bMotor_MS_Turntable_clockwise,False,poll
2026-03-20 10:04:40.179,gvl_MS,bMotor_MS_Turntable_counterclockwise,False,poll
2026-03-20 10:04:40.179,gvl_MS,bMotor_MS_ConveyorBelt_forward,False,poll
2026-03-20 10:04:40.179,gvl_MS,bMotor_MS_Saw,False,poll
2026-03-20 10:04:40.179,gvl_MS,bMotor_MS_OvenSlider_movein,False,poll
2026-03-20 10:04:40.179,gvl_MS,bMotor_MS_OvenSlider_moveout,False,poll
2026-03-20 10:04:40.179,gvl_MS,bMotor_MS_TransferUnit_tooven,False,poll
2026-03-20 10:04:40.179,gvl_MS,bMotor_MS_TransferUnit_toturntable,False,poll
2026-03-20 10:04:40.179,gvl_MS,bLamp_MS,False,poll
2026-03-20 10:04:40.179,gvl_MS,bCompressor_MS,False,poll
2026-03-20 10:04:40.179,gvl_MS,bValve_MS_Vacuum,False,poll
2026-03-20 10:04:40.179,gvl_MS,bValve_MS_TransferUnit,False,poll
2026-03-20 10:04:40.179,gvl_MS,bValve_MS_OvenDoor,False,poll
2026-03-20 10:04:40.179,gvl_MS,bValve_MS_Ejector,False,poll
2026-03-20 10:04:40.179,gvl_PM,bLightBarrier_PM_entry,True,poll
2026-03-20 10:04:40.179,gvl_PM,bLightBarrier_PM_tool,True,poll
2026-03-20 10:04:40.179,gvl_PM,bReferenceSwitch_PM_top,False,poll
2026-03-20 10:04:40.179,gvl_PM,bReferenceSwitch_PM_bottom,True,poll
2026-03-20 10:04:40.179,gvl_PM,bMotor_PM_ConveyorBelt_forward,False,poll
2026-03-20 10:04:40.179,gvl_PM,bMotor_PM_ConveyorBelt_backward,False,poll
2026-03-20 10:04:40.179,gvl_PM,bMotor_PM_Tool_upward,False,poll
2026-03-20 10:04:40.179,gvl_PM,bMotor_PM_Tool_downward,False,poll
2026-03-20 10:04:40.179,gvl_SL,bPulseCounter_SL,False,poll
2026-03-20 10:04:40.179,gvl_SL,bLightBarrier_SL_beforecolor,True,poll
2026-03-20 10:04:40.179,gvl_SL,bLightBarrier_SL_aftercolor,True,poll
2026-03-20 10:04:40.179,gvl_SL,bLightBarrier_SL_white,True,poll
2026-03-20 10:04:40.179,gvl_SL,bLightBarrier_SL_red,True,poll
2026-03-20 10:04:40.179,gvl_SL,bLightBarrier_SL_blue,True,poll
2026-03-20 10:04:40.179,gvl_SL,iColorSensor_SL,0,poll
2026-03-20 10:04:40.179,gvl_SL,bMotor_SL_ConveyorBelt,False,poll
2026-03-20 10:04:40.179,gvl_SL,bCompressor_SL,False,poll
2026-03-20 10:04:40.179,gvl_SL,bValve_SL_white,False,poll
2026-03-20 10:04:40.179,gvl_SL,bValve_SL_red,False,poll
2026-03-20 10:04:40.179,gvl_SL,bValve_SL_blue,False,poll
2026-03-20 10:04:40.415,gvl_SL,iColorSensor_SL,1,event
2026-03-20 10:04:40.179,LocalVariables,iC_CoordH,35,poll
2026-03-20 10:04:40.179,LocalVariables,iC_CoordV,0,poll
2026-03-20 10:04:40.179,LocalVariables,iC_CoordR,35,poll
2026-03-20 10:04:40.179,LocalVariables,eC_PickingStation,0,poll
2026-03-20 10:04:40.179,LocalVariables,eC_PlacingStation,0,poll
2026-03-20 10:04:40.179,LocalVariables,iC_Coord_Picking,"[[1340, 170, 150, 445], [380, 800, 367, 435], [800, 301, 580, 800]]",poll
2026-03-20 10:04:40.179,LocalVariables,iC_Coord_Placing,"[[890, 870], [500, 1343], [180, 150]]",poll
2026-03-20 10:04:40.715,gvl_SL,iColorSensor_SL,0,event
2026-03-20 10:04:40.915,gvl_SL,iColorSensor_SL,1,event
2026-03-20 10:04:40.936,gvl_C,bReferenceSwitch_C_vertical,True,poll
2026-03-20 10:04:40.936,gvl_C,bReferenceSwitch_C_horizontal,False,poll
2026-03-20 10:04:40.936,gvl_C,bReferenceSwitch_C_rotate,False,poll
2026-03-20 10:04:40.936,gvl_C,bEncoderImpulse_C_vertical1,False,poll
2026-03-20 10:04:40.936,gvl_C,bEncoderImpulse_C_vertical2,True,poll
2026-03-20 10:04:40.936,gvl_C,bEncoderImpulse_C_horizontal1,False,poll
2026-03-20 10:04:40.936,gvl_C,bEncoderImpulse_C_horizontal2,True,poll
2026-03-20 10:04:40.936,gvl_C,bEncoderImpulse_C_rotate1,True,poll
2026-03-20 10:04:40.936,gvl_C,bEncoderImpulse_C_rotate2,False,poll
2026-03-20 10:04:40.936,gvl_C,bMotor_C_upward,False,poll
2026-03-20 10:04:40.936,gvl_C,bMotor_C_downward,False,poll
2026-03-20 10:04:40.936,gvl_C,bMotor_C_backward,False,poll
2026-03-20 10:04:40.936,gvl_C,bMotor_C_forward,False,poll
2026-03-20 10:04:40.936,gvl_C,bMotor_C_clockwise,False,poll
2026-03-20 10:04:40.936,gvl_C,bMotor_C_counterclockwise,False,poll
2026-03-20 10:04:40.936,gvl_C,bCompressor_C,False,poll
2026-03-20 10:04:40.936,gvl_C,bValve_C,False,poll
2026-03-20 10:04:40.936,gvl_HBW,bReferenceSwitch_HBW_horizontal,True,poll
2026-03-20 10:04:40.936,gvl_HBW,bLightBarrier_HBW_inside,True,poll
2026-03-20 10:04:40.936,gvl_HBW,bLightBarrier_HBW_outside,True,poll
2026-03-20 10:04:40.936,gvl_HBW,bReferenceSwitch_HBW_vertical,False,poll
2026-03-20 10:04:40.936,gvl_HBW,bReferenceSwitch_HBW_Cantilever_front,False,poll
2026-03-20 10:04:40.936,gvl_HBW,bReferenceSwitch_HBW_Cantilever_back,False,poll
2026-03-20 10:04:40.936,gvl_HBW,bTrailSensor_HBW_bottom,True,poll
2026-03-20 10:04:40.936,gvl_HBW,bTrailSensor_HBW_top,True,poll
2026-03-20 10:04:40.936,gvl_HBW,bEncoderImpulse_HBW_horizontal1,False,poll
2026-03-20 10:04:40.936,gvl_HBW,bEncoderImpulse_HBW_horizontal2,True,poll
2026-03-20 10:04:40.936,gvl_HBW,bEncoderImpulse_HBW_vertical1,False,poll
2026-03-20 10:04:40.936,gvl_HBW,bEncoderImpulse_HBW_vertical2,False,poll
2026-03-20 10:04:40.936,gvl_HBW,bMotor_HBW_ConveyorBelt_forward,False,poll
2026-03-20 10:04:40.936,gvl_HBW,bMotor_HBW_ConveyorBelt_backward,False,poll
2026-03-20 10:04:40.936,gvl_HBW,bMotor_HBW_StackerCrane_torack,False,poll
2026-03-20 10:04:40.936,gvl_HBW,bMotor_HBW_StackerCrane_toconveyorbelt,False,poll
2026-03-20 10:04:40.936,gvl_HBW,bMotor_HBW_StackerCrane_downward,False,poll
2026-03-20 10:04:40.936,gvl_HBW,bMotor_HBW_StackerCrane_upward,False,poll
2026-03-20 10:04:40.936,gvl_HBW,bMotor_HBW_Cantilever_forward,False,poll
2026-03-20 10:04:40.936,gvl_HBW,bMotor_HBW_Cantilever_backward,False,poll
2026-03-20 10:04:40.936,gvl_MS,bReferenceSwitch_MS_Turntable_attransferunit,False,poll
2026-03-20 10:04:40.936,gvl_MS,bReferenceSwitch_MS_Turntable_atconveyorbelt,False,poll
2026-03-20 10:04:40.936,gvl_MS,bLightBarrier_MS_conveyorbelt,False,poll
2026-03-20 10:04:40.936,gvl_MS,bReferenceSwitch_MS_Turntable_atsaw,False,poll
2026-03-20 10:04:40.936,gvl_MS,bReferenceSwitch_MS_TransferUnit_atturntable,True,poll
2026-03-20 10:04:40.936,gvl_MS,bReferenceSwitch_MS_OvenSlider_inside,False,poll
2026-03-20 10:04:40.936,gvl_MS,bReferenceSwitch_MS_OvenSlider_outside,True,poll
2026-03-20 10:04:40.936,gvl_MS,bReferenceSwitch_MS_TransferUnit_atoven,False,poll
2026-03-20 10:04:40.936,gvl_MS,bLightBarrier_MS_oven,True,poll
2026-03-20 10:04:40.936,gvl_MS,bMotor_MS_Turntable_clockwise,False,poll
2026-03-20 10:04:40.936,gvl_MS,bMotor_MS_Turntable_counterclockwise,False,poll
2026-03-20 10:04:40.936,gvl_MS,bMotor_MS_ConveyorBelt_forward,False,poll
2026-03-20 10:04:40.936,gvl_MS,bMotor_MS_Saw,False,poll
2026-03-20 10:04:40.936,gvl_MS,bMotor_MS_OvenSlider_movein,False,poll
2026-03-20 10:04:40.936,gvl_MS,bMotor_MS_OvenSlider_moveout,False,poll
2026-03-20 10:04:40.936,gvl_MS,bMotor_MS_TransferUnit_tooven,False,poll
2026-03-20 10:04:40.936,gvl_MS,bMotor_MS_TransferUnit_toturntable,False,poll
2026-03-20 10:04:40.936,gvl_MS,bLamp_MS,False,poll
2026-03-20 10:04:40.936,gvl_MS,bCompressor_MS,False,poll
2026-03-20 10:04:40.936,gvl_MS,bValve_MS_Vacuum,False,poll
2026-03-20 10:04:40.936,gvl_MS,bValve_MS_TransferUnit,False,poll
2026-03-20 10:04:40.936,gvl_MS,bValve_MS_OvenDoor,False,poll
2026-03-20 10:04:40.936,gvl_MS,bValve_MS_Ejector,False,poll
2026-03-20 10:04:40.936,gvl_PM,bLightBarrier_PM_entry,True,poll
2026-03-20 10:04:40.936,gvl_PM,bLightBarrier_PM_tool,True,poll
2026-03-20 10:04:40.936,gvl_PM,bReferenceSwitch_PM_top,False,poll
2026-03-20 10:04:40.936,gvl_PM,bReferenceSwitch_PM_bottom,True,poll
2026-03-20 10:04:40.936,gvl_PM,bMotor_PM_ConveyorBelt_forward,False,poll
2026-03-20 10:04:40.936,gvl_PM,bMotor_PM_ConveyorBelt_backward,False,poll
2026-03-20 10:04:40.936,gvl_PM,bMotor_PM_Tool_upward,False,poll
2026-03-20 10:04:40.936,gvl_PM,bMotor_PM_Tool_downward,False,poll
2026-03-20 10:04:40.936,gvl_SL,bPulseCounter_SL,False,poll
2026-03-20 10:04:40.936,gvl_SL,bLightBarrier_SL_beforecolor,True,poll
2026-03-20 10:04:40.936,gvl_SL,bLightBarrier_SL_aftercolor,True,poll
2026-03-20 10:04:40.936,gvl_SL,bLightBarrier_SL_white,True,poll
2026-03-20 10:04:40.936,gvl_SL,bLightBarrier_SL_red,True,poll
2026-03-20 10:04:40.936,gvl_SL,bLightBarrier_SL_blue,True,poll
2026-03-20 10:04:40.936,gvl_SL,iColorSensor_SL,1,poll
2026-03-20 10:04:40.936,gvl_SL,bMotor_SL_ConveyorBelt,False,poll
2026-03-20 10:04:40.936,gvl_SL,bCompressor_SL,False,poll
2026-03-20 10:04:40.936,gvl_SL,bValve_SL_white,False,poll
2026-03-20 10:04:40.936,gvl_SL,bValve_SL_red,False,poll
2026-03-20 10:04:40.936,gvl_SL,bValve_SL_blue,False,poll
2026-03-20 10:04:40.936,LocalVariables,iC_CoordH,35,poll
2026-03-20 10:04:40.936,LocalVariables,iC_CoordV,0,poll
2026-03-20 10:04:40.936,LocalVariables,iC_CoordR,35,poll
2026-03-20 10:04:40.936,LocalVariables,eC_PickingStation,0,poll
2026-03-20 10:04:40.936,LocalVariables,eC_PlacingStation,0,poll
2026-03-20 10:04:40.936,LocalVariables,iC_Coord_Picking,"[[1340, 170, 150, 445], [380, 800, 367, 435], [800, 301, 580, 800]]",poll
2026-03-20 10:04:40.936,LocalVariables,iC_Coord_Placing,"[[890, 870], [500, 1343], [180, 150]]",poll
2026-03-20 10:04:41.316,gvl_SL,iColorSensor_SL,0,event
2026-03-20 10:04:41.516,gvl_SL,iColorSensor_SL,1,event
2026-03-20 10:04:41.706,gvl_C,bReferenceSwitch_C_vertical,True,poll
2026-03-20 10:04:41.706,gvl_C,bReferenceSwitch_C_horizontal,False,poll
2026-03-20 10:04:41.706,gvl_C,bReferenceSwitch_C_rotate,False,poll
2026-03-20 10:04:41.706,gvl_C,bEncoderImpulse_C_vertical1,False,poll
2026-03-20 10:04:41.715,gvl_SL,iColorSensor_SL,0,event
2026-03-20 10:04:41.706,gvl_C,bEncoderImpulse_C_vertical2,True,poll
2026-03-20 10:04:41.706,gvl_C,bEncoderImpulse_C_horizontal1,False,poll
2026-03-20 10:04:41.706,gvl_C,bEncoderImpulse_C_horizontal2,True,poll
2026-03-20 10:04:41.706,gvl_C,bEncoderImpulse_C_rotate1,True,poll
2026-03-20 10:04:41.706,gvl_C,bEncoderImpulse_C_rotate2,False,poll
2026-03-20 10:04:41.706,gvl_C,bMotor_C_upward,False,poll
2026-03-20 10:04:41.706,gvl_C,bMotor_C_downward,False,poll
2026-03-20 10:04:41.706,gvl_C,bMotor_C_backward,False,poll
2026-03-20 10:04:41.706,gvl_C,bMotor_C_forward,False,poll
2026-03-20 10:04:41.706,gvl_C,bMotor_C_clockwise,False,poll
2026-03-20 10:04:41.706,gvl_C,bMotor_C_counterclockwise,False,poll
2026-03-20 10:04:41.706,gvl_C,bCompressor_C,False,poll
2026-03-20 10:04:41.706,gvl_C,bValve_C,False,poll
2026-03-20 10:04:41.706,gvl_HBW,bReferenceSwitch_HBW_horizontal,True,poll
2026-03-20 10:04:41.706,gvl_HBW,bLightBarrier_HBW_inside,True,poll
2026-03-20 10:04:41.706,gvl_HBW,bLightBarrier_HBW_outside,True,poll
2026-03-20 10:04:41.706,gvl_HBW,bReferenceSwitch_HBW_vertical,False,poll
2026-03-20 10:04:41.706,gvl_HBW,bReferenceSwitch_HBW_Cantilever_front,False,poll
2026-03-20 10:04:41.706,gvl_HBW,bReferenceSwitch_HBW_Cantilever_back,False,poll
2026-03-20 10:04:41.706,gvl_HBW,bTrailSensor_HBW_bottom,True,poll
2026-03-20 10:04:41.706,gvl_HBW,bTrailSensor_HBW_top,True,poll
2026-03-20 10:04:41.706,gvl_HBW,bEncoderImpulse_HBW_horizontal1,False,poll
2026-03-20 10:04:41.706,gvl_HBW,bEncoderImpulse_HBW_horizontal2,True,poll
2026-03-20 10:04:41.706,gvl_HBW,bEncoderImpulse_HBW_vertical1,False,poll
2026-03-20 10:04:41.706,gvl_HBW,bEncoderImpulse_HBW_vertical2,False,poll
2026-03-20 10:04:41.706,gvl_HBW,bMotor_HBW_ConveyorBelt_forward,False,poll
2026-03-20 10:04:41.706,gvl_HBW,bMotor_HBW_ConveyorBelt_backward,False,poll
2026-03-20 10:04:41.706,gvl_HBW,bMotor_HBW_StackerCrane_torack,False,poll
2026-03-20 10:04:41.706,gvl_HBW,bMotor_HBW_StackerCrane_toconveyorbelt,False,poll
2026-03-20 10:04:41.706,gvl_HBW,bMotor_HBW_StackerCrane_downward,False,poll
2026-03-20 10:04:41.706,gvl_HBW,bMotor_HBW_StackerCrane_upward,False,poll
2026-03-20 10:04:41.706,gvl_HBW,bMotor_HBW_Cantilever_forward,False,poll
2026-03-20 10:04:41.706,gvl_HBW,bMotor_HBW_Cantilever_backward,False,poll
2026-03-20 10:04:41.706,gvl_MS,bReferenceSwitch_MS_Turntable_attransferunit,False,poll
2026-03-20 10:04:41.706,gvl_MS,bReferenceSwitch_MS_Turntable_atconveyorbelt,False,poll
2026-03-20 10:04:41.706,gvl_MS,bLightBarrier_MS_conveyorbelt,False,poll
2026-03-20 10:04:41.706,gvl_MS,bReferenceSwitch_MS_Turntable_atsaw,False,poll
2026-03-20 10:04:41.706,gvl_MS,bReferenceSwitch_MS_TransferUnit_atturntable,True,poll
2026-03-20 10:04:41.706,gvl_MS,bReferenceSwitch_MS_OvenSlider_inside,False,poll
2026-03-20 10:04:41.706,gvl_MS,bReferenceSwitch_MS_OvenSlider_outside,True,poll
2026-03-20 10:04:41.706,gvl_MS,bReferenceSwitch_MS_TransferUnit_atoven,False,poll
2026-03-20 10:04:41.706,gvl_MS,bLightBarrier_MS_oven,True,poll
2026-03-20 10:04:41.706,gvl_MS,bMotor_MS_Turntable_clockwise,False,poll
2026-03-20 10:04:41.706,gvl_MS,bMotor_MS_Turntable_counterclockwise,False,poll
2026-03-20 10:04:41.706,gvl_MS,bMotor_MS_ConveyorBelt_forward,False,poll
2026-03-20 10:04:41.706,gvl_MS,bMotor_MS_Saw,False,poll
2026-03-20 10:04:41.706,gvl_MS,bMotor_MS_OvenSlider_movein,False,poll
2026-03-20 10:04:41.706,gvl_MS,bMotor_MS_OvenSlider_moveout,False,poll
2026-03-20 10:04:41.706,gvl_MS,bMotor_MS_TransferUnit_tooven,False,poll
2026-03-20 10:04:41.706,gvl_MS,bMotor_MS_TransferUnit_toturntable,False,poll
2026-03-20 10:04:41.706,gvl_MS,bLamp_MS,False,poll
2026-03-20 10:04:41.706,gvl_MS,bCompressor_MS,False,poll
2026-03-20 10:04:41.706,gvl_MS,bValve_MS_Vacuum,False,poll
2026-03-20 10:04:41.706,gvl_MS,bValve_MS_TransferUnit,False,poll
2026-03-20 10:04:41.706,gvl_MS,bValve_MS_OvenDoor,False,poll
2026-03-20 10:04:41.706,gvl_MS,bValve_MS_Ejector,False,poll
2026-03-20 10:04:41.706,gvl_PM,bLightBarrier_PM_entry,True,poll
2026-03-20 10:04:41.706,gvl_PM,bLightBarrier_PM_tool,True,poll
2026-03-20 10:04:41.706,gvl_PM,bReferenceSwitch_PM_top,False,poll
2026-03-20 10:04:41.706,gvl_PM,bReferenceSwitch_PM_bottom,True,poll
2026-03-20 10:04:41.706,gvl_PM,bMotor_PM_ConveyorBelt_forward,False,poll
2026-03-20 10:04:41.706,gvl_PM,bMotor_PM_ConveyorBelt_backward,False,poll
2026-03-20 10:04:41.706,gvl_PM,bMotor_PM_Tool_upward,False,poll
2026-03-20 10:04:41.706,gvl_PM,bMotor_PM_Tool_downward,False,poll
2026-03-20 10:04:41.706,gvl_SL,bPulseCounter_SL,False,poll
2026-03-20 10:04:41.706,gvl_SL,bLightBarrier_SL_beforecolor,True,poll
2026-03-20 10:04:41.706,gvl_SL,bLightBarrier_SL_aftercolor,True,poll
2026-03-20 10:04:41.706,gvl_SL,bLightBarrier_SL_white,True,poll
2026-03-20 10:04:41.706,gvl_SL,bLightBarrier_SL_red,True,poll
2026-03-20 10:04:41.706,gvl_SL,bLightBarrier_SL_blue,True,poll
2026-03-20 10:04:41.706,gvl_SL,iColorSensor_SL,1,poll
2026-03-20 10:04:41.706,gvl_SL,bMotor_SL_ConveyorBelt,False,poll
2026-03-20 10:04:41.706,gvl_SL,bCompressor_SL,False,poll
2026-03-20 10:04:41.706,gvl_SL,bValve_SL_white,False,poll
2026-03-20 10:04:41.706,gvl_SL,bValve_SL_red,False,poll
2026-03-20 10:04:41.706,gvl_SL,bValve_SL_blue,False,poll
2026-03-20 10:04:41.706,LocalVariables,iC_CoordH,35,poll
2026-03-20 10:04:41.706,LocalVariables,iC_CoordV,0,poll
2026-03-20 10:04:41.706,LocalVariables,iC_CoordR,35,poll
2026-03-20 10:04:41.706,LocalVariables,eC_PickingStation,0,poll
2026-03-20 10:04:41.706,LocalVariables,eC_PlacingStation,0,poll
2026-03-20 10:04:41.706,LocalVariables,iC_Coord_Picking,"[[1340, 170, 150, 445], [380, 800, 367, 435], [800, 301, 580, 800]]",poll
2026-03-20 10:04:41.706,LocalVariables,iC_Coord_Placing,"[[890, 870], [500, 1343], [180, 150]]",poll
2026-03-20 10:04:42.015,gvl_SL,iColorSensor_SL,1,event
2026-03-20 10:04:42.216,gvl_SL,iColorSensor_SL,0,event
2026-03-20 10:04:42.316,gvl_SL,iColorSensor_SL,1,event
2026-03-20 10:04:42.415,gvl_SL,iColorSensor_SL,0,event
2026-03-20 10:04:42.466,gvl_C,bReferenceSwitch_C_vertical,True,poll
2026-03-20 10:04:42.466,gvl_C,bReferenceSwitch_C_horizontal,False,poll
2026-03-20 10:04:42.466,gvl_C,bReferenceSwitch_C_rotate,False,poll
2026-03-20 10:04:42.466,gvl_C,bEncoderImpulse_C_vertical1,False,poll
2026-03-20 10:04:42.466,gvl_C,bEncoderImpulse_C_vertical2,True,poll
2026-03-20 10:04:42.466,gvl_C,bEncoderImpulse_C_horizontal1,False,poll
2026-03-20 10:04:42.466,gvl_C,bEncoderImpulse_C_horizontal2,True,poll
2026-03-20 10:04:42.466,gvl_C,bEncoderImpulse_C_rotate1,True,poll
2026-03-20 10:04:42.466,gvl_C,bEncoderImpulse_C_rotate2,False,poll
2026-03-20 10:04:42.466,gvl_C,bMotor_C_upward,False,poll
2026-03-20 10:04:42.466,gvl_C,bMotor_C_downward,False,poll
2026-03-20 10:04:42.466,gvl_C,bMotor_C_backward,False,poll
2026-03-20 10:04:42.466,gvl_C,bMotor_C_forward,False,poll
2026-03-20 10:04:42.466,gvl_C,bMotor_C_clockwise,False,poll
2026-03-20 10:04:42.466,gvl_C,bMotor_C_counterclockwise,False,poll
2026-03-20 10:04:42.466,gvl_C,bCompressor_C,False,poll
2026-03-20 10:04:42.466,gvl_C,bValve_C,False,poll
2026-03-20 10:04:42.466,gvl_HBW,bReferenceSwitch_HBW_horizontal,True,poll
2026-03-20 10:04:42.466,gvl_HBW,bLightBarrier_HBW_inside,True,poll
2026-03-20 10:04:42.466,gvl_HBW,bLightBarrier_HBW_outside,True,poll
2026-03-20 10:04:42.466,gvl_HBW,bReferenceSwitch_HBW_vertical,False,poll
2026-03-20 10:04:42.466,gvl_HBW,bReferenceSwitch_HBW_Cantilever_front,False,poll
2026-03-20 10:04:42.466,gvl_HBW,bReferenceSwitch_HBW_Cantilever_back,False,poll
2026-03-20 10:04:42.466,gvl_HBW,bTrailSensor_HBW_bottom,True,poll
2026-03-20 10:04:42.466,gvl_HBW,bTrailSensor_HBW_top,True,poll
2026-03-20 10:04:42.466,gvl_HBW,bEncoderImpulse_HBW_horizontal1,False,poll
2026-03-20 10:04:42.466,gvl_HBW,bEncoderImpulse_HBW_horizontal2,True,poll
2026-03-20 10:04:42.466,gvl_HBW,bEncoderImpulse_HBW_vertical1,False,poll
2026-03-20 10:04:42.466,gvl_HBW,bEncoderImpulse_HBW_vertical2,False,poll
2026-03-20 10:04:42.466,gvl_HBW,bMotor_HBW_ConveyorBelt_forward,False,poll
2026-03-20 10:04:42.466,gvl_HBW,bMotor_HBW_ConveyorBelt_backward,False,poll
2026-03-20 10:04:42.466,gvl_HBW,bMotor_HBW_StackerCrane_torack,False,poll
2026-03-20 10:04:42.466,gvl_HBW,bMotor_HBW_StackerCrane_toconveyorbelt,False,poll
2026-03-20 10:04:42.466,gvl_HBW,bMotor_HBW_StackerCrane_downward,False,poll
2026-03-20 10:04:42.466,gvl_HBW,bMotor_HBW_StackerCrane_upward,False,poll
2026-03-20 10:04:42.466,gvl_HBW,bMotor_HBW_Cantilever_forward,False,poll
2026-03-20 10:04:42.466,gvl_HBW,bMotor_HBW_Cantilever_backward,False,poll
2026-03-20 10:04:42.466,gvl_MS,bReferenceSwitch_MS_Turntable_attransferunit,False,poll
2026-03-20 10:04:42.466,gvl_MS,bReferenceSwitch_MS_Turntable_atconveyorbelt,False,poll
2026-03-20 10:04:42.466,gvl_MS,bLightBarrier_MS_conveyorbelt,False,poll
2026-03-20 10:04:42.466,gvl_MS,bReferenceSwitch_MS_Turntable_atsaw,False,poll
2026-03-20 10:04:42.466,gvl_MS,bReferenceSwitch_MS_TransferUnit_atturntable,True,poll
2026-03-20 10:04:42.466,gvl_MS,bReferenceSwitch_MS_OvenSlider_inside,False,poll
2026-03-20 10:04:42.466,gvl_MS,bReferenceSwitch_MS_OvenSlider_outside,True,poll
2026-03-20 10:04:42.466,gvl_MS,bReferenceSwitch_MS_TransferUnit_atoven,False,poll
2026-03-20 10:04:42.466,gvl_MS,bLightBarrier_MS_oven,True,poll
2026-03-20 10:04:42.466,gvl_MS,bMotor_MS_Turntable_clockwise,False,poll
2026-03-20 10:04:42.466,gvl_MS,bMotor_MS_Turntable_counterclockwise,False,poll
2026-03-20 10:04:42.466,gvl_MS,bMotor_MS_ConveyorBelt_forward,False,poll
2026-03-20 10:04:42.466,gvl_MS,bMotor_MS_Saw,False,poll
2026-03-20 10:04:42.466,gvl_MS,bMotor_MS_OvenSlider_movein,False,poll
2026-03-20 10:04:42.466,gvl_MS,bMotor_MS_OvenSlider_moveout,False,poll
2026-03-20 10:04:42.466,gvl_MS,bMotor_MS_TransferUnit_tooven,False,poll
2026-03-20 10:04:42.466,gvl_MS,bMotor_MS_TransferUnit_toturntable,False,poll
2026-03-20 10:04:42.466,gvl_MS,bLamp_MS,False,poll
2026-03-20 10:04:42.466,gvl_MS,bCompressor_MS,False,poll
2026-03-20 10:04:42.466,gvl_MS,bValve_MS_Vacuum,False,poll
2026-03-20 10:04:42.466,gvl_MS,bValve_MS_TransferUnit,False,poll
2026-03-20 10:04:42.466,gvl_MS,bValve_MS_OvenDoor,False,poll
2026-03-20 10:04:42.466,gvl_MS,bValve_MS_Ejector,False,poll
2026-03-20 10:04:42.466,gvl_PM,bLightBarrier_PM_entry,True,poll
2026-03-20 10:04:42.466,gvl_PM,bLightBarrier_PM_tool,True,poll
2026-03-20 10:04:42.466,gvl_PM,bReferenceSwitch_PM_top,False,poll
2026-03-20 10:04:42.466,gvl_PM,bReferenceSwitch_PM_bottom,True,poll
2026-03-20 10:04:42.466,gvl_PM,bMotor_PM_ConveyorBelt_forward,False,poll
2026-03-20 10:04:42.466,gvl_PM,bMotor_PM_ConveyorBelt_backward,False,poll
2026-03-20 10:04:42.466,gvl_PM,bMotor_PM_Tool_upward,False,poll
2026-03-20 10:04:42.466,gvl_PM,bMotor_PM_Tool_downward,False,poll
2026-03-20 10:04:42.466,gvl_SL,bPulseCounter_SL,False,poll
2026-03-20 10:04:42.466,gvl_SL,bLightBarrier_SL_beforecolor,True,poll
2026-03-20 10:04:42.466,gvl_SL,bLightBarrier_SL_aftercolor,True,poll
2026-03-20 10:04:42.466,gvl_SL,bLightBarrier_SL_white,True,poll
2026-03-20 10:04:42.466,gvl_SL,bLightBarrier_SL_red,True,poll
2026-03-20 10:04:42.466,gvl_SL,bLightBarrier_SL_blue,True,poll
2026-03-20 10:04:42.715,gvl_SL,iColorSensor_SL,1,event
2026-03-20 10:04:42.466,gvl_SL,iColorSensor_SL,0,poll
2026-03-20 10:04:42.466,gvl_SL,bMotor_SL_ConveyorBelt,False,poll
2026-03-20 10:04:42.466,gvl_SL,bCompressor_SL,False,poll
2026-03-20 10:04:42.466,gvl_SL,bValve_SL_white,False,poll
2026-03-20 10:04:42.466,gvl_SL,bValve_SL_red,False,poll
2026-03-20 10:04:42.466,gvl_SL,bValve_SL_blue,False,poll
2026-03-20 10:04:42.466,LocalVariables,iC_CoordH,35,poll
2026-03-20 10:04:42.466,LocalVariables,iC_CoordV,0,poll
2026-03-20 10:04:42.466,LocalVariables,iC_CoordR,35,poll
2026-03-20 10:04:42.466,LocalVariables,eC_PickingStation,0,poll
2026-03-20 10:04:42.466,LocalVariables,eC_PlacingStation,0,poll
2026-03-20 10:04:42.466,LocalVariables,iC_Coord_Picking,"[[1340, 170, 150, 445], [380, 800, 367, 435], [800, 301, 580, 800]]",poll
2026-03-20 10:04:42.466,LocalVariables,iC_Coord_Placing,"[[890, 870], [500, 1343], [180, 150]]",poll
2026-03-20 10:04:42.916,gvl_SL,iColorSensor_SL,0,event
2026-03-20 10:04:43.257,gvl_C,bReferenceSwitch_C_vertical,True,poll
2026-03-20 10:04:43.257,gvl_C,bReferenceSwitch_C_horizontal,False,poll
2026-03-20 10:04:43.257,gvl_C,bReferenceSwitch_C_rotate,False,poll
2026-03-20 10:04:43.257,gvl_C,bEncoderImpulse_C_vertical1,False,poll
2026-03-20 10:04:43.257,gvl_C,bEncoderImpulse_C_vertical2,True,poll
2026-03-20 10:04:43.257,gvl_C,bEncoderImpulse_C_horizontal1,False,poll
2026-03-20 10:04:43.257,gvl_C,bEncoderImpulse_C_horizontal2,True,poll
2026-03-20 10:04:43.257,gvl_C,bEncoderImpulse_C_rotate1,True,poll
2026-03-20 10:04:43.257,gvl_C,bEncoderImpulse_C_rotate2,False,poll
2026-03-20 10:04:43.257,gvl_C,bMotor_C_upward,False,poll
2026-03-20 10:04:43.257,gvl_C,bMotor_C_downward,False,poll
2026-03-20 10:04:43.257,gvl_C,bMotor_C_backward,False,poll
2026-03-20 10:04:43.257,gvl_C,bMotor_C_forward,False,poll
2026-03-20 10:04:43.257,gvl_C,bMotor_C_clockwise,False,poll
2026-03-20 10:04:43.257,gvl_C,bMotor_C_counterclockwise,False,poll
2026-03-20 10:04:43.257,gvl_C,bCompressor_C,False,poll
2026-03-20 10:04:43.257,gvl_C,bValve_C,False,poll
2026-03-20 10:04:43.257,gvl_HBW,bReferenceSwitch_HBW_horizontal,True,poll
2026-03-20 10:04:43.257,gvl_HBW,bLightBarrier_HBW_inside,True,poll
2026-03-20 10:04:43.257,gvl_HBW,bLightBarrier_HBW_outside,True,poll
2026-03-20 10:04:43.257,gvl_HBW,bReferenceSwitch_HBW_vertical,False,poll
2026-03-20 10:04:43.257,gvl_HBW,bReferenceSwitch_HBW_Cantilever_front,False,poll
2026-03-20 10:04:43.257,gvl_HBW,bReferenceSwitch_HBW_Cantilever_back,False,poll
2026-03-20 10:04:43.257,gvl_HBW,bTrailSensor_HBW_bottom,True,poll
2026-03-20 10:04:43.257,gvl_HBW,bTrailSensor_HBW_top,True,poll
2026-03-20 10:04:43.257,gvl_HBW,bEncoderImpulse_HBW_horizontal1,False,poll
2026-03-20 10:04:43.257,gvl_HBW,bEncoderImpulse_HBW_horizontal2,True,poll
2026-03-20 10:04:43.257,gvl_HBW,bEncoderImpulse_HBW_vertical1,False,poll
2026-03-20 10:04:43.257,gvl_HBW,bEncoderImpulse_HBW_vertical2,False,poll
2026-03-20 10:04:43.257,gvl_HBW,bMotor_HBW_ConveyorBelt_forward,False,poll
2026-03-20 10:04:43.257,gvl_HBW,bMotor_HBW_ConveyorBelt_backward,False,poll
2026-03-20 10:04:43.257,gvl_HBW,bMotor_HBW_StackerCrane_torack,False,poll
2026-03-20 10:04:43.257,gvl_HBW,bMotor_HBW_StackerCrane_toconveyorbelt,False,poll
2026-03-20 10:04:43.257,gvl_HBW,bMotor_HBW_StackerCrane_downward,False,poll
2026-03-20 10:04:43.257,gvl_HBW,bMotor_HBW_StackerCrane_upward,False,poll
2026-03-20 10:04:43.257,gvl_HBW,bMotor_HBW_Cantilever_forward,False,poll
2026-03-20 10:04:43.257,gvl_HBW,bMotor_HBW_Cantilever_backward,False,poll
2026-03-20 10:04:43.257,gvl_MS,bReferenceSwitch_MS_Turntable_attransferunit,False,poll
2026-03-20 10:04:43.257,gvl_MS,bReferenceSwitch_MS_Turntable_atconveyorbelt,False,poll
2026-03-20 10:04:43.257,gvl_MS,bLightBarrier_MS_conveyorbelt,False,poll
2026-03-20 10:04:43.257,gvl_MS,bReferenceSwitch_MS_Turntable_atsaw,False,poll
2026-03-20 10:04:43.257,gvl_MS,bReferenceSwitch_MS_TransferUnit_atturntable,True,poll
2026-03-20 10:04:43.257,gvl_MS,bReferenceSwitch_MS_OvenSlider_inside,False,poll
2026-03-20 10:04:43.257,gvl_MS,bReferenceSwitch_MS_OvenSlider_outside,True,poll
2026-03-20 10:04:43.257,gvl_MS,bReferenceSwitch_MS_TransferUnit_atoven,False,poll
2026-03-20 10:04:43.257,gvl_MS,bLightBarrier_MS_oven,True,poll
2026-03-20 10:04:43.257,gvl_MS,bMotor_MS_Turntable_clockwise,False,poll
2026-03-20 10:04:43.257,gvl_MS,bMotor_MS_Turntable_counterclockwise,False,poll
2026-03-20 10:04:43.257,gvl_MS,bMotor_MS_ConveyorBelt_forward,False,poll
2026-03-20 10:04:43.257,gvl_MS,bMotor_MS_Saw,False,poll
2026-03-20 10:04:43.257,gvl_MS,bMotor_MS_OvenSlider_movein,False,poll
2026-03-20 10:04:43.257,gvl_MS,bMotor_MS_OvenSlider_moveout,False,poll
2026-03-20 10:04:43.257,gvl_MS,bMotor_MS_TransferUnit_tooven,False,poll
2026-03-20 10:04:43.257,gvl_MS,bMotor_MS_TransferUnit_toturntable,False,poll
2026-03-20 10:04:43.257,gvl_MS,bLamp_MS,False,poll
2026-03-20 10:04:43.257,gvl_MS,bCompressor_MS,False,poll
2026-03-20 10:04:43.257,gvl_MS,bValve_MS_Vacuum,False,poll
2026-03-20 10:04:43.257,gvl_MS,bValve_MS_TransferUnit,False,poll
2026-03-20 10:04:43.257,gvl_MS,bValve_MS_OvenDoor,False,poll
2026-03-20 10:04:43.257,gvl_MS,bValve_MS_Ejector,False,poll
2026-03-20 10:04:43.257,gvl_PM,bLightBarrier_PM_entry,True,poll
2026-03-20 10:04:43.257,gvl_PM,bLightBarrier_PM_tool,True,poll
2026-03-20 10:04:43.257,gvl_PM,bReferenceSwitch_PM_top,False,poll
2026-03-20 10:04:43.257,gvl_PM,bReferenceSwitch_PM_bottom,True,poll
2026-03-20 10:04:43.257,gvl_PM,bMotor_PM_ConveyorBelt_forward,False,poll
2026-03-20 10:04:43.257,gvl_PM,bMotor_PM_ConveyorBelt_backward,False,poll
2026-03-20 10:04:43.257,gvl_PM,bMotor_PM_Tool_upward,False,poll
2026-03-20 10:04:43.257,gvl_PM,bMotor_PM_Tool_downward,False,poll
2026-03-20 10:04:43.257,gvl_SL,bPulseCounter_SL,False,poll
2026-03-20 10:04:43.257,gvl_SL,bLightBarrier_SL_beforecolor,True,poll
2026-03-20 10:04:43.257,gvl_SL,bLightBarrier_SL_aftercolor,True,poll
2026-03-20 10:04:43.257,gvl_SL,bLightBarrier_SL_white,True,poll
2026-03-20 10:04:43.257,gvl_SL,bLightBarrier_SL_red,True,poll
2026-03-20 10:04:43.257,gvl_SL,bLightBarrier_SL_blue,True,poll
2026-03-20 10:04:43.257,gvl_SL,iColorSensor_SL,1,poll
2026-03-20 10:04:43.257,gvl_SL,bMotor_SL_ConveyorBelt,False,poll
2026-03-20 10:04:43.257,gvl_SL,bCompressor_SL,False,poll
2026-03-20 10:04:43.257,gvl_SL,bValve_SL_white,False,poll
2026-03-20 10:04:43.257,gvl_SL,bValve_SL_red,False,poll
2026-03-20 10:04:43.257,gvl_SL,bValve_SL_blue,False,poll
2026-03-20 10:04:43.257,LocalVariables,iC_CoordH,35,poll
2026-03-20 10:04:43.257,LocalVariables,iC_CoordV,0,poll
2026-03-20 10:04:43.257,LocalVariables,iC_CoordR,35,poll
2026-03-20 10:04:43.257,LocalVariables,eC_PickingStation,0,poll
2026-03-20 10:04:43.257,LocalVariables,eC_PlacingStation,0,poll
2026-03-20 10:04:43.257,LocalVariables,iC_Coord_Picking,"[[1340, 170, 150, 445], [380, 800, 367, 435], [800, 301, 580, 800]]",poll
2026-03-20 10:04:43.257,LocalVariables,iC_Coord_Placing,"[[890, 870], [500, 1343], [180, 150]]",poll
2026-03-20 10:04:43.515,gvl_SL,iColorSensor_SL,1,event
2026-03-20 10:04:43.616,gvl_SL,iColorSensor_SL,0,event
2026-03-20 10:04:43.716,gvl_SL,iColorSensor_SL,1,event
2026-03-20 10:04:43.915,gvl_SL,iColorSensor_SL,0,event
2026-03-20 10:04:43.944,gvl_C,bReferenceSwitch_C_vertical,True,poll
2026-03-20 10:04:43.944,gvl_C,bReferenceSwitch_C_horizontal,False,poll
2026-03-20 10:04:43.944,gvl_C,bReferenceSwitch_C_rotate,False,poll
2026-03-20 10:04:43.944,gvl_C,bEncoderImpulse_C_vertical1,False,poll
2026-03-20 10:04:43.944,gvl_C,bEncoderImpulse_C_vertical2,True,poll
2026-03-20 10:04:43.944,gvl_C,bEncoderImpulse_C_horizontal1,False,poll
2026-03-20 10:04:43.944,gvl_C,bEncoderImpulse_C_horizontal2,True,poll
2026-03-20 10:04:43.944,gvl_C,bEncoderImpulse_C_rotate1,True,poll
2026-03-20 10:04:43.944,gvl_C,bEncoderImpulse_C_rotate2,False,poll
2026-03-20 10:04:43.944,gvl_C,bMotor_C_upward,False,poll
2026-03-20 10:04:43.944,gvl_C,bMotor_C_downward,False,poll
2026-03-20 10:04:43.944,gvl_C,bMotor_C_backward,False,poll
2026-03-20 10:04:43.944,gvl_C,bMotor_C_forward,False,poll
2026-03-20 10:04:43.944,gvl_C,bMotor_C_clockwise,False,poll
2026-03-20 10:04:43.944,gvl_C,bMotor_C_counterclockwise,False,poll
2026-03-20 10:04:43.944,gvl_C,bCompressor_C,False,poll
2026-03-20 10:04:43.944,gvl_C,bValve_C,False,poll
2026-03-20 10:04:43.944,gvl_HBW,bReferenceSwitch_HBW_horizontal,True,poll
2026-03-20 10:04:43.944,gvl_HBW,bLightBarrier_HBW_inside,True,poll
2026-03-20 10:04:43.944,gvl_HBW,bLightBarrier_HBW_outside,True,poll
2026-03-20 10:04:43.944,gvl_HBW,bReferenceSwitch_HBW_vertical,False,poll
2026-03-20 10:04:43.944,gvl_HBW,bReferenceSwitch_HBW_Cantilever_front,False,poll
2026-03-20 10:04:43.944,gvl_HBW,bReferenceSwitch_HBW_Cantilever_back,False,poll
2026-03-20 10:04:43.944,gvl_HBW,bTrailSensor_HBW_bottom,True,poll
2026-03-20 10:04:43.944,gvl_HBW,bTrailSensor_HBW_top,True,poll
2026-03-20 10:04:43.944,gvl_HBW,bEncoderImpulse_HBW_horizontal1,False,poll
2026-03-20 10:04:43.944,gvl_HBW,bEncoderImpulse_HBW_horizontal2,True,poll
2026-03-20 10:04:43.944,gvl_HBW,bEncoderImpulse_HBW_vertical1,False,poll
2026-03-20 10:04:43.944,gvl_HBW,bEncoderImpulse_HBW_vertical2,False,poll
2026-03-20 10:04:43.944,gvl_HBW,bMotor_HBW_ConveyorBelt_forward,False,poll
2026-03-20 10:04:43.944,gvl_HBW,bMotor_HBW_ConveyorBelt_backward,False,poll
2026-03-20 10:04:43.944,gvl_HBW,bMotor_HBW_StackerCrane_torack,False,poll
2026-03-20 10:04:43.944,gvl_HBW,bMotor_HBW_StackerCrane_toconveyorbelt,False,poll
2026-03-20 10:04:43.944,gvl_HBW,bMotor_HBW_StackerCrane_downward,False,poll
2026-03-20 10:04:43.944,gvl_HBW,bMotor_HBW_StackerCrane_upward,False,poll
2026-03-20 10:04:43.944,gvl_HBW,bMotor_HBW_Cantilever_forward,False,poll
2026-03-20 10:04:43.944,gvl_HBW,bMotor_HBW_Cantilever_backward,False,poll
2026-03-20 10:04:43.944,gvl_MS,bReferenceSwitch_MS_Turntable_attransferunit,False,poll
2026-03-20 10:04:43.944,gvl_MS,bReferenceSwitch_MS_Turntable_atconveyorbelt,False,poll
2026-03-20 10:04:43.944,gvl_MS,bLightBarrier_MS_conveyorbelt,False,poll
2026-03-20 10:04:43.944,gvl_MS,bReferenceSwitch_MS_Turntable_atsaw,False,poll
2026-03-20 10:04:43.944,gvl_MS,bReferenceSwitch_MS_TransferUnit_atturntable,True,poll
2026-03-20 10:04:43.944,gvl_MS,bReferenceSwitch_MS_OvenSlider_inside,False,poll
2026-03-20 10:04:43.944,gvl_MS,bReferenceSwitch_MS_OvenSlider_outside,True,poll
2026-03-20 10:04:43.944,gvl_MS,bReferenceSwitch_MS_TransferUnit_atoven,False,poll
2026-03-20 10:04:43.944,gvl_MS,bLightBarrier_MS_oven,True,poll
2026-03-20 10:04:43.944,gvl_MS,bMotor_MS_Turntable_clockwise,False,poll
2026-03-20 10:04:43.944,gvl_MS,bMotor_MS_Turntable_counterclockwise,False,poll
2026-03-20 10:04:43.944,gvl_MS,bMotor_MS_ConveyorBelt_forward,False,poll
2026-03-20 10:04:43.944,gvl_MS,bMotor_MS_Saw,False,poll
2026-03-20 10:04:43.944,gvl_MS,bMotor_MS_OvenSlider_movein,False,poll
2026-03-20 10:04:43.944,gvl_MS,bMotor_MS_OvenSlider_moveout,False,poll
2026-03-20 10:04:43.944,gvl_MS,bMotor_MS_TransferUnit_tooven,False,poll
2026-03-20 10:04:43.944,gvl_MS,bMotor_MS_TransferUnit_toturntable,False,poll
2026-03-20 10:04:43.944,gvl_MS,bLamp_MS,False,poll
2026-03-20 10:04:43.944,gvl_MS,bCompressor_MS,False,poll
2026-03-20 10:04:43.944,gvl_MS,bValve_MS_Vacuum,False,poll
2026-03-20 10:04:43.944,gvl_MS,bValve_MS_TransferUnit,False,poll
2026-03-20 10:04:43.944,gvl_MS,bValve_MS_OvenDoor,False,poll
2026-03-20 10:04:43.944,gvl_MS,bValve_MS_Ejector,False,poll
2026-03-20 10:04:43.944,gvl_PM,bLightBarrier_PM_entry,True,poll
2026-03-20 10:04:43.944,gvl_PM,bLightBarrier_PM_tool,True,poll
2026-03-20 10:04:43.944,gvl_PM,bReferenceSwitch_PM_top,False,poll
2026-03-20 10:04:43.944,gvl_PM,bReferenceSwitch_PM_bottom,True,poll
2026-03-20 10:04:43.944,gvl_PM,bMotor_PM_ConveyorBelt_forward,False,poll
2026-03-20 10:04:43.944,gvl_PM,bMotor_PM_ConveyorBelt_backward,False,poll
2026-03-20 10:04:43.944,gvl_PM,bMotor_PM_Tool_upward,False,poll
2026-03-20 10:04:43.944,gvl_PM,bMotor_PM_Tool_downward,False,poll
2026-03-20 10:04:43.944,gvl_SL,bPulseCounter_SL,False,poll
2026-03-20 10:04:43.944,gvl_SL,bLightBarrier_SL_beforecolor,True,poll
2026-03-20 10:04:43.944,gvl_SL,bLightBarrier_SL_aftercolor,True,poll
2026-03-20 10:04:43.944,gvl_SL,bLightBarrier_SL_white,True,poll
2026-03-20 10:04:43.944,gvl_SL,bLightBarrier_SL_red,True,poll
2026-03-20 10:04:43.944,gvl_SL,bLightBarrier_SL_blue,True,poll
2026-03-20 10:04:43.944,gvl_SL,iColorSensor_SL,0,poll
2026-03-20 10:04:43.944,gvl_SL,bMotor_SL_ConveyorBelt,False,poll
2026-03-20 10:04:43.944,gvl_SL,bCompressor_SL,False,poll
2026-03-20 10:04:43.944,gvl_SL,bValve_SL_white,False,poll
2026-03-20 10:04:43.944,gvl_SL,bValve_SL_red,False,poll
2026-03-20 10:04:43.944,gvl_SL,bValve_SL_blue,False,poll
2026-03-20 10:04:43.944,LocalVariables,iC_CoordH,35,poll
2026-03-20 10:04:43.944,LocalVariables,iC_CoordV,0,poll
2026-03-20 10:04:43.944,LocalVariables,iC_CoordR,35,poll
2026-03-20 10:04:43.944,LocalVariables,eC_PickingStation,0,poll
2026-03-20 10:04:43.944,LocalVariables,eC_PlacingStation,0,poll
2026-03-20 10:04:43.944,LocalVariables,iC_Coord_Picking,"[[1340, 170, 150, 445], [380, 800, 367, 435], [800, 301, 580, 800]]",poll
2026-03-20 10:04:43.944,LocalVariables,iC_Coord_Placing,"[[890, 870], [500, 1343], [180, 150]]",poll
2026-03-20 10:04:44.216,gvl_SL,iColorSensor_SL,1,event
2026-03-20 10:04:44.316,gvl_SL,iColorSensor_SL,0,event
2026-03-20 10:04:44.703,gvl_C,bReferenceSwitch_C_vertical,True,poll
2026-03-20 10:04:44.703,gvl_C,bReferenceSwitch_C_horizontal,False,poll
2026-03-20 10:04:44.703,gvl_C,bReferenceSwitch_C_rotate,False,poll
2026-03-20 10:04:44.703,gvl_C,bEncoderImpulse_C_vertical1,False,poll
2026-03-20 10:04:44.703,gvl_C,bEncoderImpulse_C_vertical2,True,poll
2026-03-20 10:04:44.703,gvl_C,bEncoderImpulse_C_horizontal1,False,poll
2026-03-20 10:04:44.703,gvl_C,bEncoderImpulse_C_horizontal2,True,poll
2026-03-20 10:04:44.703,gvl_C,bEncoderImpulse_C_rotate1,True,poll
2026-03-20 10:04:44.703,gvl_C,bEncoderImpulse_C_rotate2,False,poll
2026-03-20 10:04:44.703,gvl_C,bMotor_C_upward,False,poll
2026-03-20 10:04:44.703,gvl_C,bMotor_C_downward,False,poll
2026-03-20 10:04:44.703,gvl_C,bMotor_C_backward,False,poll
2026-03-20 10:04:44.703,gvl_C,bMotor_C_forward,False,poll
2026-03-20 10:04:44.703,gvl_C,bMotor_C_clockwise,False,poll
2026-03-20 10:04:44.703,gvl_C,bMotor_C_counterclockwise,False,poll
2026-03-20 10:04:44.703,gvl_C,bCompressor_C,False,poll
2026-03-20 10:04:44.703,gvl_C,bValve_C,False,poll
2026-03-20 10:04:44.703,gvl_HBW,bReferenceSwitch_HBW_horizontal,True,poll
2026-03-20 10:04:44.703,gvl_HBW,bLightBarrier_HBW_inside,True,poll
2026-03-20 10:04:44.703,gvl_HBW,bLightBarrier_HBW_outside,True,poll
2026-03-20 10:04:44.703,gvl_HBW,bReferenceSwitch_HBW_vertical,False,poll
2026-03-20 10:04:44.703,gvl_HBW,bReferenceSwitch_HBW_Cantilever_front,False,poll
2026-03-20 10:04:44.703,gvl_HBW,bReferenceSwitch_HBW_Cantilever_back,False,poll
2026-03-20 10:04:44.703,gvl_HBW,bTrailSensor_HBW_bottom,True,poll
2026-03-20 10:04:44.703,gvl_HBW,bTrailSensor_HBW_top,True,poll
2026-03-20 10:04:44.703,gvl_HBW,bEncoderImpulse_HBW_horizontal1,False,poll
2026-03-20 10:04:44.703,gvl_HBW,bEncoderImpulse_HBW_horizontal2,True,poll
2026-03-20 10:04:44.703,gvl_HBW,bEncoderImpulse_HBW_vertical1,False,poll
2026-03-20 10:04:44.703,gvl_HBW,bEncoderImpulse_HBW_vertical2,False,poll
2026-03-20 10:04:44.703,gvl_HBW,bMotor_HBW_ConveyorBelt_forward,False,poll
2026-03-20 10:04:44.703,gvl_HBW,bMotor_HBW_ConveyorBelt_backward,False,poll
2026-03-20 10:04:44.703,gvl_HBW,bMotor_HBW_StackerCrane_torack,False,poll
2026-03-20 10:04:44.703,gvl_HBW,bMotor_HBW_StackerCrane_toconveyorbelt,False,poll
2026-03-20 10:04:44.703,gvl_HBW,bMotor_HBW_StackerCrane_downward,False,poll
2026-03-20 10:04:44.703,gvl_HBW,bMotor_HBW_StackerCrane_upward,False,poll
2026-03-20 10:04:44.703,gvl_HBW,bMotor_HBW_Cantilever_forward,False,poll
2026-03-20 10:04:44.703,gvl_HBW,bMotor_HBW_Cantilever_backward,False,poll
2026-03-20 10:04:44.703,gvl_MS,bReferenceSwitch_MS_Turntable_attransferunit,False,poll
2026-03-20 10:04:44.703,gvl_MS,bReferenceSwitch_MS_Turntable_atconveyorbelt,False,poll
2026-03-20 10:04:44.703,gvl_MS,bLightBarrier_MS_conveyorbelt,False,poll
2026-03-20 10:04:44.703,gvl_MS,bReferenceSwitch_MS_Turntable_atsaw,False,poll
2026-03-20 10:04:44.703,gvl_MS,bReferenceSwitch_MS_TransferUnit_atturntable,True,poll
2026-03-20 10:04:44.703,gvl_MS,bReferenceSwitch_MS_OvenSlider_inside,False,poll
2026-03-20 10:04:44.703,gvl_MS,bReferenceSwitch_MS_OvenSlider_outside,True,poll
2026-03-20 10:04:44.703,gvl_MS,bReferenceSwitch_MS_TransferUnit_atoven,False,poll
2026-03-20 10:04:44.703,gvl_MS,bLightBarrier_MS_oven,True,poll
2026-03-20 10:04:44.703,gvl_MS,bMotor_MS_Turntable_clockwise,False,poll
2026-03-20 10:04:44.703,gvl_MS,bMotor_MS_Turntable_counterclockwise,False,poll
2026-03-20 10:04:44.703,gvl_MS,bMotor_MS_ConveyorBelt_forward,False,poll
2026-03-20 10:04:44.703,gvl_MS,bMotor_MS_Saw,False,poll
2026-03-20 10:04:44.703,gvl_MS,bMotor_MS_OvenSlider_movein,False,poll
2026-03-20 10:04:44.703,gvl_MS,bMotor_MS_OvenSlider_moveout,False,poll
2026-03-20 10:04:44.703,gvl_MS,bMotor_MS_TransferUnit_tooven,False,poll
2026-03-20 10:04:44.703,gvl_MS,bMotor_MS_TransferUnit_toturntable,False,poll
2026-03-20 10:04:44.703,gvl_MS,bLamp_MS,False,poll
2026-03-20 10:04:44.703,gvl_MS,bCompressor_MS,False,poll
2026-03-20 10:04:44.703,gvl_MS,bValve_MS_Vacuum,False,poll
2026-03-20 10:04:44.703,gvl_MS,bValve_MS_TransferUnit,False,poll
2026-03-20 10:04:44.703,gvl_MS,bValve_MS_OvenDoor,False,poll
2026-03-20 10:04:44.703,gvl_MS,bValve_MS_Ejector,False,poll
2026-03-20 10:04:44.703,gvl_PM,bLightBarrier_PM_entry,True,poll
2026-03-20 10:04:44.703,gvl_PM,bLightBarrier_PM_tool,True,poll
2026-03-20 10:04:44.703,gvl_PM,bReferenceSwitch_PM_top,False,poll
2026-03-20 10:04:44.703,gvl_PM,bReferenceSwitch_PM_bottom,True,poll
2026-03-20 10:04:44.703,gvl_PM,bMotor_PM_ConveyorBelt_forward,False,poll
2026-03-20 10:04:44.703,gvl_PM,bMotor_PM_ConveyorBelt_backward,False,poll
2026-03-20 10:04:44.703,gvl_PM,bMotor_PM_Tool_upward,False,poll
2026-03-20 10:04:44.703,gvl_PM,bMotor_PM_Tool_downward,False,poll
2026-03-20 10:04:44.703,gvl_SL,bPulseCounter_SL,False,poll
2026-03-20 10:04:44.703,gvl_SL,bLightBarrier_SL_beforecolor,True,poll
2026-03-20 10:04:44.703,gvl_SL,bLightBarrier_SL_aftercolor,True,poll
2026-03-20 10:04:44.703,gvl_SL,bLightBarrier_SL_white,True,poll
2026-03-20 10:04:44.703,gvl_SL,bLightBarrier_SL_red,True,poll
2026-03-20 10:04:44.703,gvl_SL,bLightBarrier_SL_blue,True,poll
2026-03-20 10:04:44.703,gvl_SL,iColorSensor_SL,1,poll
2026-03-20 10:04:44.703,gvl_SL,bMotor_SL_ConveyorBelt,False,poll
2026-03-20 10:04:44.703,gvl_SL,bCompressor_SL,False,poll
2026-03-20 10:04:44.703,gvl_SL,bValve_SL_white,False,poll
2026-03-20 10:04:44.703,gvl_SL,bValve_SL_red,False,poll
2026-03-20 10:04:44.703,gvl_SL,bValve_SL_blue,False,poll
2026-03-20 10:04:44.703,LocalVariables,iC_CoordH,35,poll
2026-03-20 10:04:44.703,LocalVariables,iC_CoordV,0,poll
2026-03-20 10:04:44.703,LocalVariables,iC_CoordR,35,poll
2026-03-20 10:04:44.703,LocalVariables,eC_PickingStation,0,poll
2026-03-20 10:04:44.703,LocalVariables,eC_PlacingStation,0,poll
2026-03-20 10:04:44.703,LocalVariables,iC_Coord_Picking,"[[1340, 170, 150, 445], [380, 800, 367, 435], [800, 301, 580, 800]]",poll
2026-03-20 10:04:44.703,LocalVariables,iC_Coord_Placing,"[[890, 870], [500, 1343], [180, 150]]",poll
2026-03-20 10:04:45.316,gvl_SL,iColorSensor_SL,1,event
2026-03-20 10:04:45.457,gvl_C,bReferenceSwitch_C_vertical,True,poll
2026-03-20 10:04:45.457,gvl_C,bReferenceSwitch_C_horizontal,False,poll
2026-03-20 10:04:45.457,gvl_C,bReferenceSwitch_C_rotate,False,poll
2026-03-20 10:04:45.457,gvl_C,bEncoderImpulse_C_vertical1,False,poll
2026-03-20 10:04:45.457,gvl_C,bEncoderImpulse_C_vertical2,True,poll
2026-03-20 10:04:45.457,gvl_C,bEncoderImpulse_C_horizontal1,False,poll
2026-03-20 10:04:45.457,gvl_C,bEncoderImpulse_C_horizontal2,True,poll
2026-03-20 10:04:45.457,gvl_C,bEncoderImpulse_C_rotate1,True,poll
2026-03-20 10:04:45.457,gvl_C,bEncoderImpulse_C_rotate2,False,poll
2026-03-20 10:04:45.457,gvl_C,bMotor_C_upward,False,poll
2026-03-20 10:04:45.457,gvl_C,bMotor_C_downward,False,poll
2026-03-20 10:04:45.457,gvl_C,bMotor_C_backward,False,poll
2026-03-20 10:04:45.457,gvl_C,bMotor_C_forward,False,poll
2026-03-20 10:04:45.457,gvl_C,bMotor_C_clockwise,False,poll
2026-03-20 10:04:45.457,gvl_C,bMotor_C_counterclockwise,False,poll
2026-03-20 10:04:45.515,gvl_SL,iColorSensor_SL,0,event
2026-03-20 10:04:45.457,gvl_C,bCompressor_C,False,poll
2026-03-20 10:04:45.457,gvl_C,bValve_C,False,poll
2026-03-20 10:04:45.457,gvl_HBW,bReferenceSwitch_HBW_horizontal,True,poll
2026-03-20 10:04:45.457,gvl_HBW,bLightBarrier_HBW_inside,True,poll
2026-03-20 10:04:45.457,gvl_HBW,bLightBarrier_HBW_outside,True,poll
2026-03-20 10:04:45.457,gvl_HBW,bReferenceSwitch_HBW_vertical,False,poll
2026-03-20 10:04:45.457,gvl_HBW,bReferenceSwitch_HBW_Cantilever_front,False,poll
2026-03-20 10:04:45.457,gvl_HBW,bReferenceSwitch_HBW_Cantilever_back,False,poll
2026-03-20 10:04:45.457,gvl_HBW,bTrailSensor_HBW_bottom,True,poll
2026-03-20 10:04:45.457,gvl_HBW,bTrailSensor_HBW_top,True,poll
2026-03-20 10:04:45.457,gvl_HBW,bEncoderImpulse_HBW_horizontal1,False,poll
2026-03-20 10:04:45.457,gvl_HBW,bEncoderImpulse_HBW_horizontal2,True,poll
2026-03-20 10:04:45.457,gvl_HBW,bEncoderImpulse_HBW_vertical1,False,poll
2026-03-20 10:04:45.457,gvl_HBW,bEncoderImpulse_HBW_vertical2,False,poll
2026-03-20 10:04:45.457,gvl_HBW,bMotor_HBW_ConveyorBelt_forward,False,poll
2026-03-20 10:04:45.457,gvl_HBW,bMotor_HBW_ConveyorBelt_backward,False,poll
2026-03-20 10:04:45.457,gvl_HBW,bMotor_HBW_StackerCrane_torack,False,poll
2026-03-20 10:04:45.457,gvl_HBW,bMotor_HBW_StackerCrane_toconveyorbelt,False,poll
2026-03-20 10:04:45.457,gvl_HBW,bMotor_HBW_StackerCrane_downward,False,poll
2026-03-20 10:04:45.457,gvl_HBW,bMotor_HBW_StackerCrane_upward,False,poll
2026-03-20 10:04:45.457,gvl_HBW,bMotor_HBW_Cantilever_forward,False,poll
2026-03-20 10:04:45.457,gvl_HBW,bMotor_HBW_Cantilever_backward,False,poll
2026-03-20 10:04:45.457,gvl_MS,bReferenceSwitch_MS_Turntable_attransferunit,False,poll
2026-03-20 10:04:45.457,gvl_MS,bReferenceSwitch_MS_Turntable_atconveyorbelt,False,poll
2026-03-20 10:04:45.457,gvl_MS,bLightBarrier_MS_conveyorbelt,False,poll
2026-03-20 10:04:45.457,gvl_MS,bReferenceSwitch_MS_Turntable_atsaw,False,poll
2026-03-20 10:04:45.457,gvl_MS,bReferenceSwitch_MS_TransferUnit_atturntable,True,poll
2026-03-20 10:04:45.457,gvl_MS,bReferenceSwitch_MS_OvenSlider_inside,False,poll
2026-03-20 10:04:45.457,gvl_MS,bReferenceSwitch_MS_OvenSlider_outside,True,poll
2026-03-20 10:04:45.457,gvl_MS,bReferenceSwitch_MS_TransferUnit_atoven,False,poll
2026-03-20 10:04:45.457,gvl_MS,bLightBarrier_MS_oven,True,poll
2026-03-20 10:04:45.457,gvl_MS,bMotor_MS_Turntable_clockwise,False,poll
2026-03-20 10:04:45.457,gvl_MS,bMotor_MS_Turntable_counterclockwise,False,poll
2026-03-20 10:04:45.457,gvl_MS,bMotor_MS_ConveyorBelt_forward,False,poll
2026-03-20 10:04:45.457,gvl_MS,bMotor_MS_Saw,False,poll
2026-03-20 10:04:45.457,gvl_MS,bMotor_MS_OvenSlider_movein,False,poll
2026-03-20 10:04:45.457,gvl_MS,bMotor_MS_OvenSlider_moveout,False,poll
2026-03-20 10:04:45.457,gvl_MS,bMotor_MS_TransferUnit_tooven,False,poll
2026-03-20 10:04:45.457,gvl_MS,bMotor_MS_TransferUnit_toturntable,False,poll
2026-03-20 10:04:45.457,gvl_MS,bLamp_MS,False,poll
2026-03-20 10:04:45.457,gvl_MS,bCompressor_MS,False,poll
2026-03-20 10:04:45.457,gvl_MS,bValve_MS_Vacuum,False,poll
2026-03-20 10:04:45.457,gvl_MS,bValve_MS_TransferUnit,False,poll
2026-03-20 10:04:45.457,gvl_MS,bValve_MS_OvenDoor,False,poll
2026-03-20 10:04:45.457,gvl_MS,bValve_MS_Ejector,False,poll
2026-03-20 10:04:45.457,gvl_PM,bLightBarrier_PM_entry,True,poll
2026-03-20 10:04:45.457,gvl_PM,bLightBarrier_PM_tool,True,poll
2026-03-20 10:04:45.457,gvl_PM,bReferenceSwitch_PM_top,False,poll
2026-03-20 10:04:45.457,gvl_PM,bReferenceSwitch_PM_bottom,True,poll
2026-03-20 10:04:45.457,gvl_PM,bMotor_PM_ConveyorBelt_forward,False,poll
2026-03-20 10:04:45.457,gvl_PM,bMotor_PM_ConveyorBelt_backward,False,poll
2026-03-20 10:04:45.457,gvl_PM,bMotor_PM_Tool_upward,False,poll
2026-03-20 10:04:45.457,gvl_PM,bMotor_PM_Tool_downward,False,poll
2026-03-20 10:04:45.457,gvl_SL,bPulseCounter_SL,False,poll
2026-03-20 10:04:45.457,gvl_SL,bLightBarrier_SL_beforecolor,True,poll
2026-03-20 10:04:45.457,gvl_SL,bLightBarrier_SL_aftercolor,True,poll
2026-03-20 10:04:45.457,gvl_SL,bLightBarrier_SL_white,True,poll
2026-03-20 10:04:45.457,gvl_SL,bLightBarrier_SL_red,True,poll
2026-03-20 10:04:45.457,gvl_SL,bLightBarrier_SL_blue,True,poll
2026-03-20 10:04:45.457,gvl_SL,iColorSensor_SL,0,poll
2026-03-20 10:04:45.457,gvl_SL,bMotor_SL_ConveyorBelt,False,poll
2026-03-20 10:04:45.457,gvl_SL,bCompressor_SL,False,poll
2026-03-20 10:04:45.457,gvl_SL,bValve_SL_white,False,poll
2026-03-20 10:04:45.457,gvl_SL,bValve_SL_red,False,poll
2026-03-20 10:04:45.457,gvl_SL,bValve_SL_blue,False,poll
2026-03-20 10:04:45.457,LocalVariables,iC_CoordH,35,poll
2026-03-20 10:04:45.457,LocalVariables,iC_CoordV,0,poll
2026-03-20 10:04:45.457,LocalVariables,iC_CoordR,35,poll
2026-03-20 10:04:45.457,LocalVariables,eC_PickingStation,0,poll
2026-03-20 10:04:45.457,LocalVariables,eC_PlacingStation,0,poll
2026-03-20 10:04:45.457,LocalVariables,iC_Coord_Picking,"[[1340, 170, 150, 445], [380, 800, 367, 435], [800, 301, 580, 800]]",poll
2026-03-20 10:04:45.457,LocalVariables,iC_Coord_Placing,"[[890, 870], [500, 1343], [180, 150]]",poll
2026-03-20 10:04:45.918,gvl_SL,iColorSensor_SL,1,event
2026-03-20 10:04:46.019,gvl_SL,iColorSensor_SL,0,event
2026-03-20 10:04:46.179,gvl_C,bReferenceSwitch_C_vertical,True,poll
2026-03-20 10:04:46.179,gvl_C,bReferenceSwitch_C_horizontal,False,poll
2026-03-20 10:04:46.179,gvl_C,bReferenceSwitch_C_rotate,False,poll
2026-03-20 10:04:46.179,gvl_C,bEncoderImpulse_C_vertical1,False,poll
2026-03-20 10:04:46.179,gvl_C,bEncoderImpulse_C_vertical2,True,poll
2026-03-20 10:04:46.179,gvl_C,bEncoderImpulse_C_horizontal1,False,poll
2026-03-20 10:04:46.179,gvl_C,bEncoderImpulse_C_horizontal2,True,poll
2026-03-20 10:04:46.179,gvl_C,bEncoderImpulse_C_rotate1,True,poll
2026-03-20 10:04:46.179,gvl_C,bEncoderImpulse_C_rotate2,False,poll
2026-03-20 10:04:46.179,gvl_C,bMotor_C_upward,False,poll
2026-03-20 10:04:46.179,gvl_C,bMotor_C_downward,False,poll
2026-03-20 10:04:46.179,gvl_C,bMotor_C_backward,False,poll
2026-03-20 10:04:46.179,gvl_C,bMotor_C_forward,False,poll
2026-03-20 10:04:46.179,gvl_C,bMotor_C_clockwise,False,poll
2026-03-20 10:04:46.179,gvl_C,bMotor_C_counterclockwise,False,poll
2026-03-20 10:04:46.179,gvl_C,bCompressor_C,False,poll
2026-03-20 10:04:46.179,gvl_C,bValve_C,False,poll
2026-03-20 10:04:46.179,gvl_HBW,bReferenceSwitch_HBW_horizontal,True,poll
2026-03-20 10:04:46.179,gvl_HBW,bLightBarrier_HBW_inside,True,poll
2026-03-20 10:04:46.179,gvl_HBW,bLightBarrier_HBW_outside,True,poll
2026-03-20 10:04:46.179,gvl_HBW,bReferenceSwitch_HBW_vertical,False,poll
2026-03-20 10:04:46.179,gvl_HBW,bReferenceSwitch_HBW_Cantilever_front,False,poll
2026-03-20 10:04:46.179,gvl_HBW,bReferenceSwitch_HBW_Cantilever_back,False,poll
2026-03-20 10:04:46.179,gvl_HBW,bTrailSensor_HBW_bottom,True,poll
2026-03-20 10:04:46.179,gvl_HBW,bTrailSensor_HBW_top,True,poll
2026-03-20 10:04:46.179,gvl_HBW,bEncoderImpulse_HBW_horizontal1,False,poll
2026-03-20 10:04:46.179,gvl_HBW,bEncoderImpulse_HBW_horizontal2,True,poll
2026-03-20 10:04:46.179,gvl_HBW,bEncoderImpulse_HBW_vertical1,False,poll
2026-03-20 10:04:46.179,gvl_HBW,bEncoderImpulse_HBW_vertical2,False,poll
2026-03-20 10:04:46.179,gvl_HBW,bMotor_HBW_ConveyorBelt_forward,False,poll
2026-03-20 10:04:46.179,gvl_HBW,bMotor_HBW_ConveyorBelt_backward,False,poll
2026-03-20 10:04:46.179,gvl_HBW,bMotor_HBW_StackerCrane_torack,False,poll
2026-03-20 10:04:46.179,gvl_HBW,bMotor_HBW_StackerCrane_toconveyorbelt,False,poll
2026-03-20 10:04:46.179,gvl_HBW,bMotor_HBW_StackerCrane_downward,False,poll
2026-03-20 10:04:46.179,gvl_HBW,bMotor_HBW_StackerCrane_upward,False,poll
2026-03-20 10:04:46.179,gvl_HBW,bMotor_HBW_Cantilever_forward,False,poll
2026-03-20 10:04:46.179,gvl_HBW,bMotor_HBW_Cantilever_backward,False,poll
2026-03-20 10:04:46.179,gvl_MS,bReferenceSwitch_MS_Turntable_attransferunit,False,poll
2026-03-20 10:04:46.179,gvl_MS,bReferenceSwitch_MS_Turntable_atconveyorbelt,False,poll
2026-03-20 10:04:46.179,gvl_MS,bLightBarrier_MS_conveyorbelt,False,poll
2026-03-20 10:04:46.179,gvl_MS,bReferenceSwitch_MS_Turntable_atsaw,False,poll
2026-03-20 10:04:46.315,gvl_SL,iColorSensor_SL,1,event
2026-03-20 10:04:46.179,gvl_MS,bReferenceSwitch_MS_TransferUnit_atturntable,True,poll
2026-03-20 10:04:46.179,gvl_MS,bReferenceSwitch_MS_OvenSlider_inside,False,poll
2026-03-20 10:04:46.179,gvl_MS,bReferenceSwitch_MS_OvenSlider_outside,True,poll
2026-03-20 10:04:46.179,gvl_MS,bReferenceSwitch_MS_TransferUnit_atoven,False,poll
2026-03-20 10:04:46.179,gvl_MS,bLightBarrier_MS_oven,True,poll
2026-03-20 10:04:46.179,gvl_MS,bMotor_MS_Turntable_clockwise,False,poll
2026-03-20 10:04:46.179,gvl_MS,bMotor_MS_Turntable_counterclockwise,False,poll
2026-03-20 10:04:46.179,gvl_MS,bMotor_MS_ConveyorBelt_forward,False,poll
2026-03-20 10:04:46.179,gvl_MS,bMotor_MS_Saw,False,poll
2026-03-20 10:04:46.179,gvl_MS,bMotor_MS_OvenSlider_movein,False,poll
2026-03-20 10:04:46.179,gvl_MS,bMotor_MS_OvenSlider_moveout,False,poll
2026-03-20 10:04:46.179,gvl_MS,bMotor_MS_TransferUnit_tooven,False,poll
2026-03-20 10:04:46.179,gvl_MS,bMotor_MS_TransferUnit_toturntable,False,poll
2026-03-20 10:04:46.179,gvl_MS,bLamp_MS,False,poll
2026-03-20 10:04:46.179,gvl_MS,bCompressor_MS,False,poll
2026-03-20 10:04:46.179,gvl_MS,bValve_MS_Vacuum,False,poll
2026-03-20 10:04:46.179,gvl_MS,bValve_MS_TransferUnit,False,poll
2026-03-20 10:04:46.179,gvl_MS,bValve_MS_OvenDoor,False,poll
2026-03-20 10:04:46.179,gvl_MS,bValve_MS_Ejector,False,poll
2026-03-20 10:04:46.179,gvl_PM,bLightBarrier_PM_entry,True,poll
2026-03-20 10:04:46.179,gvl_PM,bLightBarrier_PM_tool,True,poll
2026-03-20 10:04:46.179,gvl_PM,bReferenceSwitch_PM_top,False,poll
2026-03-20 10:04:46.179,gvl_PM,bReferenceSwitch_PM_bottom,True,poll
2026-03-20 10:04:46.179,gvl_PM,bMotor_PM_ConveyorBelt_forward,False,poll
2026-03-20 10:04:46.179,gvl_PM,bMotor_PM_ConveyorBelt_backward,False,poll
2026-03-20 10:04:46.179,gvl_PM,bMotor_PM_Tool_upward,False,poll
2026-03-20 10:04:46.179,gvl_PM,bMotor_PM_Tool_downward,False,poll
2026-03-20 10:04:46.179,gvl_SL,bPulseCounter_SL,False,poll
2026-03-20 10:04:46.179,gvl_SL,bLightBarrier_SL_beforecolor,True,poll
2026-03-20 10:04:46.179,gvl_SL,bLightBarrier_SL_aftercolor,True,poll
2026-03-20 10:04:46.179,gvl_SL,bLightBarrier_SL_white,True,poll
2026-03-20 10:04:46.179,gvl_SL,bLightBarrier_SL_red,True,poll
2026-03-20 10:04:46.179,gvl_SL,bLightBarrier_SL_blue,True,poll
2026-03-20 10:04:46.179,gvl_SL,iColorSensor_SL,0,poll
2026-03-20 10:04:46.179,gvl_SL,bMotor_SL_ConveyorBelt,False,poll
2026-03-20 10:04:46.179,gvl_SL,bCompressor_SL,False,poll
2026-03-20 10:04:46.179,gvl_SL,bValve_SL_white,False,poll
2026-03-20 10:04:46.179,gvl_SL,bValve_SL_red,False,poll
2026-03-20 10:04:46.179,gvl_SL,bValve_SL_blue,False,poll
2026-03-20 10:04:46.179,LocalVariables,iC_CoordH,35,poll
2026-03-20 10:04:46.179,LocalVariables,iC_CoordV,0,poll
2026-03-20 10:04:46.415,gvl_SL,iColorSensor_SL,0,event
2026-03-20 10:04:46.179,LocalVariables,iC_CoordR,35,poll
2026-03-20 10:04:46.179,LocalVariables,eC_PickingStation,0,poll
2026-03-20 10:04:46.179,LocalVariables,eC_PlacingStation,0,poll
2026-03-20 10:04:46.179,LocalVariables,iC_Coord_Picking,"[[1340, 170, 150, 445], [380, 800, 367, 435], [800, 301, 580, 800]]",poll
2026-03-20 10:04:46.179,LocalVariables,iC_Coord_Placing,"[[890, 870], [500, 1343], [180, 150]]",poll
2026-03-20 10:04:46.929,gvl_C,bReferenceSwitch_C_vertical,True,poll
2026-03-20 10:04:46.929,gvl_C,bReferenceSwitch_C_horizontal,False,poll
2026-03-20 10:04:46.929,gvl_C,bReferenceSwitch_C_rotate,False,poll
2026-03-20 10:04:46.929,gvl_C,bEncoderImpulse_C_vertical1,False,poll
2026-03-20 10:04:46.929,gvl_C,bEncoderImpulse_C_vertical2,True,poll
2026-03-20 10:04:46.929,gvl_C,bEncoderImpulse_C_horizontal1,False,poll
2026-03-20 10:04:46.929,gvl_C,bEncoderImpulse_C_horizontal2,True,poll
2026-03-20 10:04:46.929,gvl_C,bEncoderImpulse_C_rotate1,True,poll
2026-03-20 10:04:46.929,gvl_C,bEncoderImpulse_C_rotate2,False,poll
2026-03-20 10:04:46.929,gvl_C,bMotor_C_upward,False,poll
2026-03-20 10:04:46.929,gvl_C,bMotor_C_downward,False,poll
2026-03-20 10:04:46.929,gvl_C,bMotor_C_backward,False,poll
2026-03-20 10:04:46.929,gvl_C,bMotor_C_forward,False,poll
2026-03-20 10:04:46.929,gvl_C,bMotor_C_clockwise,False,poll
2026-03-20 10:04:46.929,gvl_C,bMotor_C_counterclockwise,False,poll
2026-03-20 10:04:46.929,gvl_C,bCompressor_C,False,poll
2026-03-20 10:04:46.929,gvl_C,bValve_C,False,poll
2026-03-20 10:04:46.929,gvl_HBW,bReferenceSwitch_HBW_horizontal,True,poll
2026-03-20 10:04:46.929,gvl_HBW,bLightBarrier_HBW_inside,True,poll
2026-03-20 10:04:46.929,gvl_HBW,bLightBarrier_HBW_outside,True,poll
2026-03-20 10:04:46.929,gvl_HBW,bReferenceSwitch_HBW_vertical,False,poll
2026-03-20 10:04:46.929,gvl_HBW,bReferenceSwitch_HBW_Cantilever_front,False,poll
2026-03-20 10:04:46.929,gvl_HBW,bReferenceSwitch_HBW_Cantilever_back,False,poll
2026-03-20 10:04:46.929,gvl_HBW,bTrailSensor_HBW_bottom,True,poll
2026-03-20 10:04:46.929,gvl_HBW,bTrailSensor_HBW_top,True,poll
2026-03-20 10:04:46.929,gvl_HBW,bEncoderImpulse_HBW_horizontal1,False,poll
2026-03-20 10:04:46.929,gvl_HBW,bEncoderImpulse_HBW_horizontal2,True,poll
2026-03-20 10:04:46.929,gvl_HBW,bEncoderImpulse_HBW_vertical1,False,poll
2026-03-20 10:04:46.929,gvl_HBW,bEncoderImpulse_HBW_vertical2,False,poll
2026-03-20 10:04:46.929,gvl_HBW,bMotor_HBW_ConveyorBelt_forward,False,poll
2026-03-20 10:04:46.929,gvl_HBW,bMotor_HBW_ConveyorBelt_backward,False,poll
2026-03-20 10:04:46.929,gvl_HBW,bMotor_HBW_StackerCrane_torack,False,poll
2026-03-20 10:04:46.929,gvl_HBW,bMotor_HBW_StackerCrane_toconveyorbelt,False,poll
2026-03-20 10:04:46.929,gvl_HBW,bMotor_HBW_StackerCrane_downward,False,poll
2026-03-20 10:04:46.929,gvl_HBW,bMotor_HBW_StackerCrane_upward,False,poll
2026-03-20 10:04:46.929,gvl_HBW,bMotor_HBW_Cantilever_forward,False,poll
2026-03-20 10:04:46.929,gvl_HBW,bMotor_HBW_Cantilever_backward,False,poll
2026-03-20 10:04:46.929,gvl_MS,bReferenceSwitch_MS_Turntable_attransferunit,False,poll
2026-03-20 10:04:46.929,gvl_MS,bReferenceSwitch_MS_Turntable_atconveyorbelt,False,poll
2026-03-20 10:04:46.929,gvl_MS,bLightBarrier_MS_conveyorbelt,False,poll
2026-03-20 10:04:46.929,gvl_MS,bReferenceSwitch_MS_Turntable_atsaw,False,poll
2026-03-20 10:04:46.929,gvl_MS,bReferenceSwitch_MS_TransferUnit_atturntable,True,poll
2026-03-20 10:04:46.929,gvl_MS,bReferenceSwitch_MS_OvenSlider_inside,False,poll
2026-03-20 10:04:46.929,gvl_MS,bReferenceSwitch_MS_OvenSlider_outside,True,poll
2026-03-20 10:04:46.929,gvl_MS,bReferenceSwitch_MS_TransferUnit_atoven,False,poll
2026-03-20 10:04:46.929,gvl_MS,bLightBarrier_MS_oven,True,poll
2026-03-20 10:04:46.929,gvl_MS,bMotor_MS_Turntable_clockwise,False,poll
2026-03-20 10:04:46.929,gvl_MS,bMotor_MS_Turntable_counterclockwise,False,poll
2026-03-20 10:04:46.929,gvl_MS,bMotor_MS_ConveyorBelt_forward,False,poll
2026-03-20 10:04:46.929,gvl_MS,bMotor_MS_Saw,False,poll
2026-03-20 10:04:46.929,gvl_MS,bMotor_MS_OvenSlider_movein,False,poll
2026-03-20 10:04:46.929,gvl_MS,bMotor_MS_OvenSlider_moveout,False,poll
2026-03-20 10:04:46.929,gvl_MS,bMotor_MS_TransferUnit_tooven,False,poll
2026-03-20 10:04:46.929,gvl_MS,bMotor_MS_TransferUnit_toturntable,False,poll
2026-03-20 10:04:46.929,gvl_MS,bLamp_MS,False,poll
2026-03-20 10:04:46.929,gvl_MS,bCompressor_MS,False,poll
2026-03-20 10:04:46.929,gvl_MS,bValve_MS_Vacuum,False,poll
2026-03-20 10:04:46.929,gvl_MS,bValve_MS_TransferUnit,False,poll
2026-03-20 10:04:46.929,gvl_MS,bValve_MS_OvenDoor,False,poll
2026-03-20 10:04:46.929,gvl_MS,bValve_MS_Ejector,False,poll
2026-03-20 10:04:46.929,gvl_PM,bLightBarrier_PM_entry,True,poll
2026-03-20 10:04:46.929,gvl_PM,bLightBarrier_PM_tool,True,poll
2026-03-20 10:04:46.929,gvl_PM,bReferenceSwitch_PM_top,False,poll
2026-03-20 10:04:46.929,gvl_PM,bReferenceSwitch_PM_bottom,True,poll
2026-03-20 10:04:46.929,gvl_PM,bMotor_PM_ConveyorBelt_forward,False,poll
2026-03-20 10:04:46.929,gvl_PM,bMotor_PM_ConveyorBelt_backward,False,poll
2026-03-20 10:04:46.929,gvl_PM,bMotor_PM_Tool_upward,False,poll
2026-03-20 10:04:46.929,gvl_PM,bMotor_PM_Tool_downward,False,poll
2026-03-20 10:04:46.929,gvl_SL,bPulseCounter_SL,False,poll
2026-03-20 10:04:46.929,gvl_SL,bLightBarrier_SL_beforecolor,True,poll
2026-03-20 10:04:46.929,gvl_SL,bLightBarrier_SL_aftercolor,True,poll
2026-03-20 10:04:46.929,gvl_SL,bLightBarrier_SL_white,True,poll
2026-03-20 10:04:46.929,gvl_SL,bLightBarrier_SL_red,True,poll
2026-03-20 10:04:46.929,gvl_SL,bLightBarrier_SL_blue,True,poll
2026-03-20 10:04:46.929,gvl_SL,iColorSensor_SL,0,poll
2026-03-20 10:04:46.929,gvl_SL,bMotor_SL_ConveyorBelt,False,poll
2026-03-20 10:04:46.929,gvl_SL,bCompressor_SL,False,poll
2026-03-20 10:04:46.929,gvl_SL,bValve_SL_white,False,poll
2026-03-20 10:04:46.929,gvl_SL,bValve_SL_red,False,poll
2026-03-20 10:04:46.929,gvl_SL,bValve_SL_blue,False,poll
2026-03-20 10:04:46.929,LocalVariables,iC_CoordH,35,poll
2026-03-20 10:04:46.929,LocalVariables,iC_CoordV,0,poll
2026-03-20 10:04:46.929,LocalVariables,iC_CoordR,35,poll
2026-03-20 10:04:46.929,LocalVariables,eC_PickingStation,0,poll
2026-03-20 10:04:46.929,LocalVariables,eC_PlacingStation,0,poll
2026-03-20 10:04:46.929,LocalVariables,iC_Coord_Picking,"[[1340, 170, 150, 445], [380, 800, 367, 435], [800, 301, 580, 800]]",poll
2026-03-20 10:04:46.929,LocalVariables,iC_Coord_Placing,"[[890, 870], [500, 1343], [180, 150]]",poll
2026-03-20 10:04:47.624,gvl_C,bReferenceSwitch_C_vertical,True,poll
2026-03-20 10:04:47.624,gvl_C,bReferenceSwitch_C_horizontal,False,poll
2026-03-20 10:04:47.624,gvl_C,bReferenceSwitch_C_rotate,False,poll
2026-03-20 10:04:47.624,gvl_C,bEncoderImpulse_C_vertical1,False,poll
2026-03-20 10:04:47.624,gvl_C,bEncoderImpulse_C_vertical2,True,poll
2026-03-20 10:04:47.624,gvl_C,bEncoderImpulse_C_horizontal1,False,poll
2026-03-20 10:04:47.624,gvl_C,bEncoderImpulse_C_horizontal2,True,poll
2026-03-20 10:04:47.624,gvl_C,bEncoderImpulse_C_rotate1,True,poll
2026-03-20 10:04:47.624,gvl_C,bEncoderImpulse_C_rotate2,False,poll
2026-03-20 10:04:47.624,gvl_C,bMotor_C_upward,False,poll
2026-03-20 10:04:47.624,gvl_C,bMotor_C_downward,False,poll
2026-03-20 10:04:47.624,gvl_C,bMotor_C_backward,False,poll
2026-03-20 10:04:47.624,gvl_C,bMotor_C_forward,False,poll
2026-03-20 10:04:47.624,gvl_C,bMotor_C_clockwise,False,poll
2026-03-20 10:04:47.624,gvl_C,bMotor_C_counterclockwise,False,poll
2026-03-20 10:04:47.624,gvl_C,bCompressor_C,False,poll
2026-03-20 10:04:47.624,gvl_C,bValve_C,False,poll
2026-03-20 10:04:47.624,gvl_HBW,bReferenceSwitch_HBW_horizontal,True,poll
2026-03-20 10:04:47.624,gvl_HBW,bLightBarrier_HBW_inside,True,poll
2026-03-20 10:04:47.624,gvl_HBW,bLightBarrier_HBW_outside,True,poll
2026-03-20 10:04:47.624,gvl_HBW,bReferenceSwitch_HBW_vertical,False,poll
2026-03-20 10:04:47.624,gvl_HBW,bReferenceSwitch_HBW_Cantilever_front,False,poll
2026-03-20 10:04:47.624,gvl_HBW,bReferenceSwitch_HBW_Cantilever_back,False,poll
2026-03-20 10:04:47.624,gvl_HBW,bTrailSensor_HBW_bottom,True,poll
2026-03-20 10:04:47.624,gvl_HBW,bTrailSensor_HBW_top,True,poll
2026-03-20 10:04:47.624,gvl_HBW,bEncoderImpulse_HBW_horizontal1,False,poll
2026-03-20 10:04:47.624,gvl_HBW,bEncoderImpulse_HBW_horizontal2,True,poll
2026-03-20 10:04:47.624,gvl_HBW,bEncoderImpulse_HBW_vertical1,False,poll
2026-03-20 10:04:47.624,gvl_HBW,bEncoderImpulse_HBW_vertical2,False,poll
2026-03-20 10:04:47.624,gvl_HBW,bMotor_HBW_ConveyorBelt_forward,False,poll
2026-03-20 10:04:47.624,gvl_HBW,bMotor_HBW_ConveyorBelt_backward,False,poll
2026-03-20 10:04:47.624,gvl_HBW,bMotor_HBW_StackerCrane_torack,False,poll
2026-03-20 10:04:47.624,gvl_HBW,bMotor_HBW_StackerCrane_toconveyorbelt,False,poll
2026-03-20 10:04:47.624,gvl_HBW,bMotor_HBW_StackerCrane_downward,False,poll
2026-03-20 10:04:47.624,gvl_HBW,bMotor_HBW_StackerCrane_upward,False,poll
2026-03-20 10:04:47.624,gvl_HBW,bMotor_HBW_Cantilever_forward,False,poll
2026-03-20 10:04:47.624,gvl_HBW,bMotor_HBW_Cantilever_backward,False,poll
2026-03-20 10:04:47.624,gvl_MS,bReferenceSwitch_MS_Turntable_attransferunit,False,poll
2026-03-20 10:04:47.624,gvl_MS,bReferenceSwitch_MS_Turntable_atconveyorbelt,False,poll
2026-03-20 10:04:47.624,gvl_MS,bLightBarrier_MS_conveyorbelt,False,poll
2026-03-20 10:04:47.624,gvl_MS,bReferenceSwitch_MS_Turntable_atsaw,False,poll
2026-03-20 10:04:47.624,gvl_MS,bReferenceSwitch_MS_TransferUnit_atturntable,True,poll
2026-03-20 10:04:47.624,gvl_MS,bReferenceSwitch_MS_OvenSlider_inside,False,poll
2026-03-20 10:04:47.624,gvl_MS,bReferenceSwitch_MS_OvenSlider_outside,True,poll
2026-03-20 10:04:47.624,gvl_MS,bReferenceSwitch_MS_TransferUnit_atoven,False,poll
2026-03-20 10:04:47.624,gvl_MS,bLightBarrier_MS_oven,True,poll
2026-03-20 10:04:47.624,gvl_MS,bMotor_MS_Turntable_clockwise,False,poll
2026-03-20 10:04:47.624,gvl_MS,bMotor_MS_Turntable_counterclockwise,False,poll
2026-03-20 10:04:47.624,gvl_MS,bMotor_MS_ConveyorBelt_forward,False,poll
2026-03-20 10:04:47.624,gvl_MS,bMotor_MS_Saw,False,poll
2026-03-20 10:04:47.624,gvl_MS,bMotor_MS_OvenSlider_movein,False,poll
2026-03-20 10:04:47.624,gvl_MS,bMotor_MS_OvenSlider_moveout,False,poll
2026-03-20 10:04:47.624,gvl_MS,bMotor_MS_TransferUnit_tooven,False,poll
2026-03-20 10:04:47.624,gvl_MS,bMotor_MS_TransferUnit_toturntable,False,poll
2026-03-20 10:04:47.624,gvl_MS,bLamp_MS,False,poll
2026-03-20 10:04:47.624,gvl_MS,bCompressor_MS,False,poll
2026-03-20 10:04:47.624,gvl_MS,bValve_MS_Vacuum,False,poll
2026-03-20 10:04:47.624,gvl_MS,bValve_MS_TransferUnit,False,poll
2026-03-20 10:04:47.624,gvl_MS,bValve_MS_OvenDoor,False,poll
2026-03-20 10:04:47.624,gvl_MS,bValve_MS_Ejector,False,poll
2026-03-20 10:04:47.624,gvl_PM,bLightBarrier_PM_entry,True,poll
2026-03-20 10:04:47.624,gvl_PM,bLightBarrier_PM_tool,True,poll
2026-03-20 10:04:47.624,gvl_PM,bReferenceSwitch_PM_top,False,poll
2026-03-20 10:04:47.624,gvl_PM,bReferenceSwitch_PM_bottom,True,poll
2026-03-20 10:04:47.624,gvl_PM,bMotor_PM_ConveyorBelt_forward,False,poll
2026-03-20 10:04:47.624,gvl_PM,bMotor_PM_ConveyorBelt_backward,False,poll
2026-03-20 10:04:47.624,gvl_PM,bMotor_PM_Tool_upward,False,poll
2026-03-20 10:04:47.624,gvl_PM,bMotor_PM_Tool_downward,False,poll
2026-03-20 10:04:47.624,gvl_SL,bPulseCounter_SL,False,poll
2026-03-20 10:04:47.624,gvl_SL,bLightBarrier_SL_beforecolor,True,poll
2026-03-20 10:04:47.624,gvl_SL,bLightBarrier_SL_aftercolor,True,poll
2026-03-20 10:04:47.624,gvl_SL,bLightBarrier_SL_white,True,poll
2026-03-20 10:04:47.624,gvl_SL,bLightBarrier_SL_red,True,poll
2026-03-20 10:04:47.624,gvl_SL,bLightBarrier_SL_blue,True,poll
2026-03-20 10:04:47.624,gvl_SL,iColorSensor_SL,0,poll
2026-03-20 10:04:47.624,gvl_SL,bMotor_SL_ConveyorBelt,False,poll
2026-03-20 10:04:47.624,gvl_SL,bCompressor_SL,False,poll
2026-03-20 10:04:47.624,gvl_SL,bValve_SL_white,False,poll
2026-03-20 10:04:47.624,gvl_SL,bValve_SL_red,False,poll
2026-03-20 10:04:47.624,gvl_SL,bValve_SL_blue,False,poll
2026-03-20 10:04:47.624,LocalVariables,iC_CoordH,35,poll
2026-03-20 10:04:47.624,LocalVariables,iC_CoordV,0,poll
2026-03-20 10:04:47.624,LocalVariables,iC_CoordR,35,poll
2026-03-20 10:04:47.624,LocalVariables,eC_PickingStation,0,poll
2026-03-20 10:04:47.624,LocalVariables,eC_PlacingStation,0,poll
2026-03-20 10:04:47.624,LocalVariables,iC_Coord_Picking,"[[1340, 170, 150, 445], [380, 800, 367, 435], [800, 301, 580, 800]]",poll
2026-03-20 10:04:47.624,LocalVariables,iC_Coord_Placing,"[[890, 870], [500, 1343], [180, 150]]",poll
2026-03-20 10:04:47.815,gvl_SL,iColorSensor_SL,1,event
2026-03-20 10:04:47.916,gvl_SL,iColorSensor_SL,0,event
2026-03-20 10:04:48.016,gvl_SL,iColorSensor_SL,1,event
2026-03-20 10:04:48.116,gvl_SL,iColorSensor_SL,0,event
2026-03-20 10:04:48.311,gvl_C,bReferenceSwitch_C_vertical,True,poll
2026-03-20 10:04:48.311,gvl_C,bReferenceSwitch_C_horizontal,False,poll
2026-03-20 10:04:48.311,gvl_C,bReferenceSwitch_C_rotate,False,poll
2026-03-20 10:04:48.311,gvl_C,bEncoderImpulse_C_vertical1,False,poll
2026-03-20 10:04:48.311,gvl_C,bEncoderImpulse_C_vertical2,True,poll
2026-03-20 10:04:48.311,gvl_C,bEncoderImpulse_C_horizontal1,False,poll
2026-03-20 10:04:48.311,gvl_C,bEncoderImpulse_C_horizontal2,True,poll
2026-03-20 10:04:48.311,gvl_C,bEncoderImpulse_C_rotate1,True,poll
2026-03-20 10:04:48.311,gvl_C,bEncoderImpulse_C_rotate2,False,poll
2026-03-20 10:04:48.311,gvl_C,bMotor_C_upward,False,poll
2026-03-20 10:04:48.311,gvl_C,bMotor_C_downward,False,poll
2026-03-20 10:04:48.311,gvl_C,bMotor_C_backward,False,poll
2026-03-20 10:04:48.311,gvl_C,bMotor_C_forward,False,poll
2026-03-20 10:04:48.311,gvl_C,bMotor_C_clockwise,False,poll
2026-03-20 10:04:48.311,gvl_C,bMotor_C_counterclockwise,False,poll
2026-03-20 10:04:48.311,gvl_C,bCompressor_C,False,poll
2026-03-20 10:04:48.311,gvl_C,bValve_C,False,poll
2026-03-20 10:04:48.311,gvl_HBW,bReferenceSwitch_HBW_horizontal,True,poll
2026-03-20 10:04:48.311,gvl_HBW,bLightBarrier_HBW_inside,True,poll
2026-03-20 10:04:48.311,gvl_HBW,bLightBarrier_HBW_outside,True,poll
2026-03-20 10:04:48.311,gvl_HBW,bReferenceSwitch_HBW_vertical,False,poll
2026-03-20 10:04:48.311,gvl_HBW,bReferenceSwitch_HBW_Cantilever_front,False,poll
2026-03-20 10:04:48.311,gvl_HBW,bReferenceSwitch_HBW_Cantilever_back,False,poll
2026-03-20 10:04:48.311,gvl_HBW,bTrailSensor_HBW_bottom,True,poll
2026-03-20 10:04:48.311,gvl_HBW,bTrailSensor_HBW_top,True,poll
2026-03-20 10:04:48.311,gvl_HBW,bEncoderImpulse_HBW_horizontal1,False,poll
2026-03-20 10:04:48.311,gvl_HBW,bEncoderImpulse_HBW_horizontal2,True,poll
2026-03-20 10:04:48.311,gvl_HBW,bEncoderImpulse_HBW_vertical1,False,poll
2026-03-20 10:04:48.311,gvl_HBW,bEncoderImpulse_HBW_vertical2,False,poll
2026-03-20 10:04:48.311,gvl_HBW,bMotor_HBW_ConveyorBelt_forward,False,poll
2026-03-20 10:04:48.311,gvl_HBW,bMotor_HBW_ConveyorBelt_backward,False,poll
2026-03-20 10:04:48.311,gvl_HBW,bMotor_HBW_StackerCrane_torack,False,poll
2026-03-20 10:04:48.311,gvl_HBW,bMotor_HBW_StackerCrane_toconveyorbelt,False,poll
2026-03-20 10:04:48.311,gvl_HBW,bMotor_HBW_StackerCrane_downward,False,poll
2026-03-20 10:04:48.311,gvl_HBW,bMotor_HBW_StackerCrane_upward,False,poll
2026-03-20 10:04:48.311,gvl_HBW,bMotor_HBW_Cantilever_forward,False,poll
2026-03-20 10:04:48.311,gvl_HBW,bMotor_HBW_Cantilever_backward,False,poll
2026-03-20 10:04:48.311,gvl_MS,bReferenceSwitch_MS_Turntable_attransferunit,False,poll
2026-03-20 10:04:48.311,gvl_MS,bReferenceSwitch_MS_Turntable_atconveyorbelt,False,poll
2026-03-20 10:04:48.311,gvl_MS,bLightBarrier_MS_conveyorbelt,False,poll
2026-03-20 10:04:48.311,gvl_MS,bReferenceSwitch_MS_Turntable_atsaw,False,poll
2026-03-20 10:04:48.311,gvl_MS,bReferenceSwitch_MS_TransferUnit_atturntable,True,poll
2026-03-20 10:04:48.311,gvl_MS,bReferenceSwitch_MS_OvenSlider_inside,False,poll
2026-03-20 10:04:48.311,gvl_MS,bReferenceSwitch_MS_OvenSlider_outside,True,poll
2026-03-20 10:04:48.311,gvl_MS,bReferenceSwitch_MS_TransferUnit_atoven,False,poll
2026-03-20 10:04:48.311,gvl_MS,bLightBarrier_MS_oven,True,poll
2026-03-20 10:04:48.311,gvl_MS,bMotor_MS_Turntable_clockwise,False,poll
2026-03-20 10:04:48.311,gvl_MS,bMotor_MS_Turntable_counterclockwise,False,poll
2026-03-20 10:04:48.311,gvl_MS,bMotor_MS_ConveyorBelt_forward,False,poll
2026-03-20 10:04:48.311,gvl_MS,bMotor_MS_Saw,False,poll
2026-03-20 10:04:48.311,gvl_MS,bMotor_MS_OvenSlider_movein,False,poll
2026-03-20 10:04:48.311,gvl_MS,bMotor_MS_OvenSlider_moveout,False,poll
2026-03-20 10:04:48.311,gvl_MS,bMotor_MS_TransferUnit_tooven,False,poll
2026-03-20 10:04:48.311,gvl_MS,bMotor_MS_TransferUnit_toturntable,False,poll
2026-03-20 10:04:48.311,gvl_MS,bLamp_MS,False,poll
2026-03-20 10:04:48.311,gvl_MS,bCompressor_MS,False,poll
2026-03-20 10:04:48.311,gvl_MS,bValve_MS_Vacuum,False,poll
2026-03-20 10:04:48.311,gvl_MS,bValve_MS_TransferUnit,False,poll
2026-03-20 10:04:48.311,gvl_MS,bValve_MS_OvenDoor,False,poll
2026-03-20 10:04:48.311,gvl_MS,bValve_MS_Ejector,False,poll
2026-03-20 10:04:48.311,gvl_PM,bLightBarrier_PM_entry,True,poll
2026-03-20 10:04:48.311,gvl_PM,bLightBarrier_PM_tool,True,poll
2026-03-20 10:04:48.311,gvl_PM,bReferenceSwitch_PM_top,False,poll
2026-03-20 10:04:48.311,gvl_PM,bReferenceSwitch_PM_bottom,True,poll
2026-03-20 10:04:48.311,gvl_PM,bMotor_PM_ConveyorBelt_forward,False,poll
2026-03-20 10:04:48.311,gvl_PM,bMotor_PM_ConveyorBelt_backward,False,poll
2026-03-20 10:04:48.311,gvl_PM,bMotor_PM_Tool_upward,False,poll
2026-03-20 10:04:48.311,gvl_PM,bMotor_PM_Tool_downward,False,poll
2026-03-20 10:04:48.311,gvl_SL,bPulseCounter_SL,False,poll
2026-03-20 10:04:48.311,gvl_SL,bLightBarrier_SL_beforecolor,True,poll
2026-03-20 10:04:48.311,gvl_SL,bLightBarrier_SL_aftercolor,True,poll
2026-03-20 10:04:48.311,gvl_SL,bLightBarrier_SL_white,True,poll
2026-03-20 10:04:48.311,gvl_SL,bLightBarrier_SL_red,True,poll
2026-03-20 10:04:48.311,gvl_SL,bLightBarrier_SL_blue,True,poll
2026-03-20 10:04:48.311,gvl_SL,iColorSensor_SL,0,poll
2026-03-20 10:04:48.311,gvl_SL,bMotor_SL_ConveyorBelt,False,poll
2026-03-20 10:04:48.311,gvl_SL,bCompressor_SL,False,poll
2026-03-20 10:04:48.311,gvl_SL,bValve_SL_white,False,poll
2026-03-20 10:04:48.311,gvl_SL,bValve_SL_red,False,poll
2026-03-20 10:04:48.311,gvl_SL,bValve_SL_blue,False,poll
2026-03-20 10:04:48.311,LocalVariables,iC_CoordH,35,poll
2026-03-20 10:04:48.311,LocalVariables,iC_CoordV,0,poll
2026-03-20 10:04:48.311,LocalVariables,iC_CoordR,35,poll
2026-03-20 10:04:48.311,LocalVariables,eC_PickingStation,0,poll
2026-03-20 10:04:48.311,LocalVariables,eC_PlacingStation,0,poll
2026-03-20 10:04:48.311,LocalVariables,iC_Coord_Picking,"[[1340, 170, 150, 445], [380, 800, 367, 435], [800, 301, 580, 800]]",poll
2026-03-20 10:04:48.311,LocalVariables,iC_Coord_Placing,"[[890, 870], [500, 1343], [180, 150]]",poll
2026-03-20 10:04:49.118,gvl_SL,iColorSensor_SL,1,event
2026-03-20 10:04:49.125,gvl_C,bReferenceSwitch_C_vertical,True,poll
2026-03-20 10:04:49.125,gvl_C,bReferenceSwitch_C_horizontal,False,poll
2026-03-20 10:04:49.125,gvl_C,bReferenceSwitch_C_rotate,False,poll
2026-03-20 10:04:49.125,gvl_C,bEncoderImpulse_C_vertical1,False,poll
2026-03-20 10:04:49.125,gvl_C,bEncoderImpulse_C_vertical2,True,poll
2026-03-20 10:04:49.125,gvl_C,bEncoderImpulse_C_horizontal1,False,poll
2026-03-20 10:04:49.125,gvl_C,bEncoderImpulse_C_horizontal2,True,poll
2026-03-20 10:04:49.125,gvl_C,bEncoderImpulse_C_rotate1,True,poll
2026-03-20 10:04:49.125,gvl_C,bEncoderImpulse_C_rotate2,False,poll
2026-03-20 10:04:49.125,gvl_C,bMotor_C_upward,False,poll
2026-03-20 10:04:49.125,gvl_C,bMotor_C_downward,False,poll
2026-03-20 10:04:49.125,gvl_C,bMotor_C_backward,False,poll
2026-03-20 10:04:49.125,gvl_C,bMotor_C_forward,False,poll
2026-03-20 10:04:49.125,gvl_C,bMotor_C_clockwise,False,poll
2026-03-20 10:04:49.125,gvl_C,bMotor_C_counterclockwise,False,poll
2026-03-20 10:04:49.125,gvl_C,bCompressor_C,False,poll
2026-03-20 10:04:49.125,gvl_C,bValve_C,False,poll
2026-03-20 10:04:49.125,gvl_HBW,bReferenceSwitch_HBW_horizontal,True,poll
2026-03-20 10:04:49.125,gvl_HBW,bLightBarrier_HBW_inside,True,poll
2026-03-20 10:04:49.125,gvl_HBW,bLightBarrier_HBW_outside,True,poll
2026-03-20 10:04:49.125,gvl_HBW,bReferenceSwitch_HBW_vertical,False,poll
2026-03-20 10:04:49.125,gvl_HBW,bReferenceSwitch_HBW_Cantilever_front,False,poll
2026-03-20 10:04:49.125,gvl_HBW,bReferenceSwitch_HBW_Cantilever_back,False,poll
2026-03-20 10:04:49.125,gvl_HBW,bTrailSensor_HBW_bottom,True,poll
2026-03-20 10:04:49.217,gvl_SL,iColorSensor_SL,0,event
2026-03-20 10:04:49.125,gvl_HBW,bTrailSensor_HBW_top,True,poll
2026-03-20 10:04:49.125,gvl_HBW,bEncoderImpulse_HBW_horizontal1,False,poll
2026-03-20 10:04:49.125,gvl_HBW,bEncoderImpulse_HBW_horizontal2,True,poll
2026-03-20 10:04:49.125,gvl_HBW,bEncoderImpulse_HBW_vertical1,False,poll
2026-03-20 10:04:49.125,gvl_HBW,bEncoderImpulse_HBW_vertical2,False,poll
2026-03-20 10:04:49.125,gvl_HBW,bMotor_HBW_ConveyorBelt_forward,False,poll
2026-03-20 10:04:49.125,gvl_HBW,bMotor_HBW_ConveyorBelt_backward,False,poll
2026-03-20 10:04:49.125,gvl_HBW,bMotor_HBW_StackerCrane_torack,False,poll
2026-03-20 10:04:49.125,gvl_HBW,bMotor_HBW_StackerCrane_toconveyorbelt,False,poll
2026-03-20 10:04:49.125,gvl_HBW,bMotor_HBW_StackerCrane_downward,False,poll
2026-03-20 10:04:49.125,gvl_HBW,bMotor_HBW_StackerCrane_upward,False,poll
2026-03-20 10:04:49.125,gvl_HBW,bMotor_HBW_Cantilever_forward,False,poll
2026-03-20 10:04:49.125,gvl_HBW,bMotor_HBW_Cantilever_backward,False,poll
2026-03-20 10:04:49.125,gvl_MS,bReferenceSwitch_MS_Turntable_attransferunit,False,poll
2026-03-20 10:04:49.125,gvl_MS,bReferenceSwitch_MS_Turntable_atconveyorbelt,False,poll
2026-03-20 10:04:49.125,gvl_MS,bLightBarrier_MS_conveyorbelt,False,poll
2026-03-20 10:04:49.125,gvl_MS,bReferenceSwitch_MS_Turntable_atsaw,False,poll
2026-03-20 10:04:49.125,gvl_MS,bReferenceSwitch_MS_TransferUnit_atturntable,True,poll
2026-03-20 10:04:49.125,gvl_MS,bReferenceSwitch_MS_OvenSlider_inside,False,poll
2026-03-20 10:04:49.125,gvl_MS,bReferenceSwitch_MS_OvenSlider_outside,True,poll
2026-03-20 10:04:49.125,gvl_MS,bReferenceSwitch_MS_TransferUnit_atoven,False,poll
2026-03-20 10:04:49.125,gvl_MS,bLightBarrier_MS_oven,True,poll
2026-03-20 10:04:49.125,gvl_MS,bMotor_MS_Turntable_clockwise,False,poll
2026-03-20 10:04:49.125,gvl_MS,bMotor_MS_Turntable_counterclockwise,False,poll
2026-03-20 10:04:49.125,gvl_MS,bMotor_MS_ConveyorBelt_forward,False,poll
2026-03-20 10:04:49.125,gvl_MS,bMotor_MS_Saw,False,poll
2026-03-20 10:04:49.125,gvl_MS,bMotor_MS_OvenSlider_movein,False,poll
2026-03-20 10:04:49.125,gvl_MS,bMotor_MS_OvenSlider_moveout,False,poll
2026-03-20 10:04:49.125,gvl_MS,bMotor_MS_TransferUnit_tooven,False,poll
2026-03-20 10:04:49.125,gvl_MS,bMotor_MS_TransferUnit_toturntable,False,poll
2026-03-20 10:04:49.125,gvl_MS,bLamp_MS,False,poll
2026-03-20 10:04:49.125,gvl_MS,bCompressor_MS,False,poll
2026-03-20 10:04:49.125,gvl_MS,bValve_MS_Vacuum,False,poll
2026-03-20 10:04:49.125,gvl_MS,bValve_MS_TransferUnit,False,poll
2026-03-20 10:04:49.125,gvl_MS,bValve_MS_OvenDoor,False,poll
2026-03-20 10:04:49.125,gvl_MS,bValve_MS_Ejector,False,poll
2026-03-20 10:04:49.125,gvl_PM,bLightBarrier_PM_entry,True,poll
2026-03-20 10:04:49.125,gvl_PM,bLightBarrier_PM_tool,True,poll
2026-03-20 10:04:49.125,gvl_PM,bReferenceSwitch_PM_top,False,poll
2026-03-20 10:04:49.125,gvl_PM,bReferenceSwitch_PM_bottom,True,poll
2026-03-20 10:04:49.125,gvl_PM,bMotor_PM_ConveyorBelt_forward,False,poll
2026-03-20 10:04:49.125,gvl_PM,bMotor_PM_ConveyorBelt_backward,False,poll
2026-03-20 10:04:49.125,gvl_PM,bMotor_PM_Tool_upward,False,poll
2026-03-20 10:04:49.125,gvl_PM,bMotor_PM_Tool_downward,False,poll
2026-03-20 10:04:49.125,gvl_SL,bPulseCounter_SL,False,poll
2026-03-20 10:04:49.125,gvl_SL,bLightBarrier_SL_beforecolor,True,poll
2026-03-20 10:04:49.125,gvl_SL,bLightBarrier_SL_aftercolor,True,poll
2026-03-20 10:04:49.125,gvl_SL,bLightBarrier_SL_white,True,poll
2026-03-20 10:04:49.125,gvl_SL,bLightBarrier_SL_red,True,poll
2026-03-20 10:04:49.125,gvl_SL,bLightBarrier_SL_blue,True,poll
2026-03-20 10:04:49.125,gvl_SL,iColorSensor_SL,0,poll
2026-03-20 10:04:49.125,gvl_SL,bMotor_SL_ConveyorBelt,False,poll
2026-03-20 10:04:49.125,gvl_SL,bCompressor_SL,False,poll
2026-03-20 10:04:49.125,gvl_SL,bValve_SL_white,False,poll
2026-03-20 10:04:49.125,gvl_SL,bValve_SL_red,False,poll
2026-03-20 10:04:49.125,gvl_SL,bValve_SL_blue,False,poll
2026-03-20 10:04:49.125,LocalVariables,iC_CoordH,35,poll
2026-03-20 10:04:49.125,LocalVariables,iC_CoordV,0,poll
2026-03-20 10:04:49.125,LocalVariables,iC_CoordR,35,poll
2026-03-20 10:04:49.125,LocalVariables,eC_PickingStation,0,poll
2026-03-20 10:04:49.125,LocalVariables,eC_PlacingStation,0,poll
2026-03-20 10:04:49.125,LocalVariables,iC_Coord_Picking,"[[1340, 170, 150, 445], [380, 800, 367, 435], [800, 301, 580, 800]]",poll
2026-03-20 10:04:49.125,LocalVariables,iC_Coord_Placing,"[[890, 870], [500, 1343], [180, 150]]",poll
2026-03-20 10:04:49.617,gvl_SL,iColorSensor_SL,1,event
2026-03-20 10:04:49.718,gvl_SL,iColorSensor_SL,0,event
2026-03-20 10:04:49.819,gvl_SL,iColorSensor_SL,1,event
2026-03-20 10:04:49.916,gvl_SL,iColorSensor_SL,0,event
2026-03-20 10:04:49.954,gvl_C,bReferenceSwitch_C_vertical,True,poll
2026-03-20 10:04:49.954,gvl_C,bReferenceSwitch_C_horizontal,False,poll
2026-03-20 10:04:49.954,gvl_C,bReferenceSwitch_C_rotate,False,poll
2026-03-20 10:04:49.954,gvl_C,bEncoderImpulse_C_vertical1,False,poll
2026-03-20 10:04:49.954,gvl_C,bEncoderImpulse_C_vertical2,True,poll
2026-03-20 10:04:49.954,gvl_C,bEncoderImpulse_C_horizontal1,False,poll
2026-03-20 10:04:49.954,gvl_C,bEncoderImpulse_C_horizontal2,True,poll
2026-03-20 10:04:49.954,gvl_C,bEncoderImpulse_C_rotate1,True,poll
2026-03-20 10:04:49.954,gvl_C,bEncoderImpulse_C_rotate2,False,poll
2026-03-20 10:04:49.954,gvl_C,bMotor_C_upward,False,poll
2026-03-20 10:04:49.954,gvl_C,bMotor_C_downward,False,poll
2026-03-20 10:04:49.954,gvl_C,bMotor_C_backward,False,poll
2026-03-20 10:04:49.954,gvl_C,bMotor_C_forward,False,poll
2026-03-20 10:04:49.954,gvl_C,bMotor_C_clockwise,False,poll
2026-03-20 10:04:49.954,gvl_C,bMotor_C_counterclockwise,False,poll
2026-03-20 10:04:49.954,gvl_C,bCompressor_C,False,poll
2026-03-20 10:04:49.954,gvl_C,bValve_C,False,poll
2026-03-20 10:04:49.954,gvl_HBW,bReferenceSwitch_HBW_horizontal,True,poll
2026-03-20 10:04:49.954,gvl_HBW,bLightBarrier_HBW_inside,True,poll
2026-03-20 10:04:49.954,gvl_HBW,bLightBarrier_HBW_outside,True,poll
2026-03-20 10:04:49.954,gvl_HBW,bReferenceSwitch_HBW_vertical,False,poll
2026-03-20 10:04:49.954,gvl_HBW,bReferenceSwitch_HBW_Cantilever_front,False,poll
2026-03-20 10:04:49.954,gvl_HBW,bReferenceSwitch_HBW_Cantilever_back,False,poll
2026-03-20 10:04:49.954,gvl_HBW,bTrailSensor_HBW_bottom,True,poll
2026-03-20 10:04:50.016,gvl_SL,iColorSensor_SL,1,event
2026-03-20 10:04:49.954,gvl_HBW,bTrailSensor_HBW_top,True,poll
2026-03-20 10:04:49.954,gvl_HBW,bEncoderImpulse_HBW_horizontal1,False,poll
2026-03-20 10:04:49.954,gvl_HBW,bEncoderImpulse_HBW_horizontal2,True,poll
2026-03-20 10:04:49.954,gvl_HBW,bEncoderImpulse_HBW_vertical1,False,poll
2026-03-20 10:04:49.954,gvl_HBW,bEncoderImpulse_HBW_vertical2,False,poll
2026-03-20 10:04:49.954,gvl_HBW,bMotor_HBW_ConveyorBelt_forward,False,poll
2026-03-20 10:04:49.954,gvl_HBW,bMotor_HBW_ConveyorBelt_backward,False,poll
2026-03-20 10:04:49.954,gvl_HBW,bMotor_HBW_StackerCrane_torack,False,poll
2026-03-20 10:04:49.954,gvl_HBW,bMotor_HBW_StackerCrane_toconveyorbelt,False,poll
2026-03-20 10:04:49.954,gvl_HBW,bMotor_HBW_StackerCrane_downward,False,poll
2026-03-20 10:04:49.954,gvl_HBW,bMotor_HBW_StackerCrane_upward,False,poll
2026-03-20 10:04:49.954,gvl_HBW,bMotor_HBW_Cantilever_forward,False,poll
2026-03-20 10:04:49.954,gvl_HBW,bMotor_HBW_Cantilever_backward,False,poll
2026-03-20 10:04:49.954,gvl_MS,bReferenceSwitch_MS_Turntable_attransferunit,False,poll
2026-03-20 10:04:49.954,gvl_MS,bReferenceSwitch_MS_Turntable_atconveyorbelt,False,poll
2026-03-20 10:04:49.954,gvl_MS,bLightBarrier_MS_conveyorbelt,False,poll
2026-03-20 10:04:49.954,gvl_MS,bReferenceSwitch_MS_Turntable_atsaw,False,poll
2026-03-20 10:04:49.954,gvl_MS,bReferenceSwitch_MS_TransferUnit_atturntable,True,poll
2026-03-20 10:04:49.954,gvl_MS,bReferenceSwitch_MS_OvenSlider_inside,False,poll
2026-03-20 10:04:49.954,gvl_MS,bReferenceSwitch_MS_OvenSlider_outside,True,poll
2026-03-20 10:04:49.954,gvl_MS,bReferenceSwitch_MS_TransferUnit_atoven,False,poll
2026-03-20 10:04:49.954,gvl_MS,bLightBarrier_MS_oven,True,poll
2026-03-20 10:04:49.954,gvl_MS,bMotor_MS_Turntable_clockwise,False,poll
2026-03-20 10:04:49.954,gvl_MS,bMotor_MS_Turntable_counterclockwise,False,poll
2026-03-20 10:04:49.954,gvl_MS,bMotor_MS_ConveyorBelt_forward,False,poll
2026-03-20 10:04:49.954,gvl_MS,bMotor_MS_Saw,False,poll
2026-03-20 10:04:49.954,gvl_MS,bMotor_MS_OvenSlider_movein,False,poll
2026-03-20 10:04:49.954,gvl_MS,bMotor_MS_OvenSlider_moveout,False,poll
2026-03-20 10:04:49.954,gvl_MS,bMotor_MS_TransferUnit_tooven,False,poll
2026-03-20 10:04:49.954,gvl_MS,bMotor_MS_TransferUnit_toturntable,False,poll
2026-03-20 10:04:49.954,gvl_MS,bLamp_MS,False,poll
2026-03-20 10:04:49.954,gvl_MS,bCompressor_MS,False,poll
2026-03-20 10:04:49.954,gvl_MS,bValve_MS_Vacuum,False,poll
2026-03-20 10:04:49.954,gvl_MS,bValve_MS_TransferUnit,False,poll
2026-03-20 10:04:49.954,gvl_MS,bValve_MS_OvenDoor,False,poll
2026-03-20 10:04:49.954,gvl_MS,bValve_MS_Ejector,False,poll
2026-03-20 10:04:49.954,gvl_PM,bLightBarrier_PM_entry,True,poll
2026-03-20 10:04:49.954,gvl_PM,bLightBarrier_PM_tool,True,poll
2026-03-20 10:04:49.954,gvl_PM,bReferenceSwitch_PM_top,False,poll
2026-03-20 10:04:49.954,gvl_PM,bReferenceSwitch_PM_bottom,True,poll
2026-03-20 10:04:49.954,gvl_PM,bMotor_PM_ConveyorBelt_forward,False,poll
2026-03-20 10:04:49.954,gvl_PM,bMotor_PM_ConveyorBelt_backward,False,poll
2026-03-20 10:04:49.954,gvl_PM,bMotor_PM_Tool_upward,False,poll
2026-03-20 10:04:49.954,gvl_PM,bMotor_PM_Tool_downward,False,poll
2026-03-20 10:04:49.954,gvl_SL,bPulseCounter_SL,False,poll
2026-03-20 10:04:49.954,gvl_SL,bLightBarrier_SL_beforecolor,True,poll
2026-03-20 10:04:49.954,gvl_SL,bLightBarrier_SL_aftercolor,True,poll
2026-03-20 10:04:49.954,gvl_SL,bLightBarrier_SL_white,True,poll
2026-03-20 10:04:49.954,gvl_SL,bLightBarrier_SL_red,True,poll
2026-03-20 10:04:49.954,gvl_SL,bLightBarrier_SL_blue,True,poll
2026-03-20 10:04:49.954,gvl_SL,iColorSensor_SL,0,poll
2026-03-20 10:04:49.954,gvl_SL,bMotor_SL_ConveyorBelt,False,poll
2026-03-20 10:04:49.954,gvl_SL,bCompressor_SL,False,poll
2026-03-20 10:04:49.954,gvl_SL,bValve_SL_white,False,poll
2026-03-20 10:04:49.954,gvl_SL,bValve_SL_red,False,poll
2026-03-20 10:04:49.954,gvl_SL,bValve_SL_blue,False,poll
2026-03-20 10:04:49.954,LocalVariables,iC_CoordH,35,poll
2026-03-20 10:04:49.954,LocalVariables,iC_CoordV,0,poll
2026-03-20 10:04:49.954,LocalVariables,iC_CoordR,35,poll
2026-03-20 10:04:49.954,LocalVariables,eC_PickingStation,0,poll
2026-03-20 10:04:49.954,LocalVariables,eC_PlacingStation,0,poll
2026-03-20 10:04:49.954,LocalVariables,iC_Coord_Picking,"[[1340, 170, 150, 445], [380, 800, 367, 435], [800, 301, 580, 800]]",poll
2026-03-20 10:04:49.954,LocalVariables,iC_Coord_Placing,"[[890, 870], [500, 1343], [180, 150]]",poll
2026-03-20 10:04:50.116,gvl_SL,iColorSensor_SL,0,event
2026-03-20 10:04:50.601,gvl_C,bReferenceSwitch_C_vertical,True,poll
2026-03-20 10:04:50.601,gvl_C,bReferenceSwitch_C_horizontal,False,poll
2026-03-20 10:04:50.601,gvl_C,bReferenceSwitch_C_rotate,False,poll
2026-03-20 10:04:50.601,gvl_C,bEncoderImpulse_C_vertical1,False,poll
2026-03-20 10:04:50.601,gvl_C,bEncoderImpulse_C_vertical2,True,poll
2026-03-20 10:04:50.601,gvl_C,bEncoderImpulse_C_horizontal1,False,poll
2026-03-20 10:04:50.601,gvl_C,bEncoderImpulse_C_horizontal2,True,poll
2026-03-20 10:04:50.601,gvl_C,bEncoderImpulse_C_rotate1,True,poll
2026-03-20 10:04:50.601,gvl_C,bEncoderImpulse_C_rotate2,False,poll
2026-03-20 10:04:50.601,gvl_C,bMotor_C_upward,False,poll
2026-03-20 10:04:50.601,gvl_C,bMotor_C_downward,False,poll
2026-03-20 10:04:50.601,gvl_C,bMotor_C_backward,False,poll
2026-03-20 10:04:50.601,gvl_C,bMotor_C_forward,False,poll
2026-03-20 10:04:50.601,gvl_C,bMotor_C_clockwise,False,poll
2026-03-20 10:04:50.601,gvl_C,bMotor_C_counterclockwise,False,poll
2026-03-20 10:04:50.601,gvl_C,bCompressor_C,False,poll
2026-03-20 10:04:50.601,gvl_C,bValve_C,False,poll
2026-03-20 10:04:50.601,gvl_HBW,bReferenceSwitch_HBW_horizontal,True,poll
2026-03-20 10:04:50.601,gvl_HBW,bLightBarrier_HBW_inside,True,poll
2026-03-20 10:04:50.601,gvl_HBW,bLightBarrier_HBW_outside,True,poll
2026-03-20 10:04:50.601,gvl_HBW,bReferenceSwitch_HBW_vertical,False,poll
2026-03-20 10:04:50.601,gvl_HBW,bReferenceSwitch_HBW_Cantilever_front,False,poll
2026-03-20 10:04:50.601,gvl_HBW,bReferenceSwitch_HBW_Cantilever_back,False,poll
2026-03-20 10:04:50.601,gvl_HBW,bTrailSensor_HBW_bottom,True,poll
2026-03-20 10:04:50.601,gvl_HBW,bTrailSensor_HBW_top,True,poll
2026-03-20 10:04:50.601,gvl_HBW,bEncoderImpulse_HBW_horizontal1,False,poll
2026-03-20 10:04:50.601,gvl_HBW,bEncoderImpulse_HBW_horizontal2,True,poll
2026-03-20 10:04:50.601,gvl_HBW,bEncoderImpulse_HBW_vertical1,False,poll
2026-03-20 10:04:50.601,gvl_HBW,bEncoderImpulse_HBW_vertical2,False,poll
2026-03-20 10:04:50.601,gvl_HBW,bMotor_HBW_ConveyorBelt_forward,False,poll
2026-03-20 10:04:50.601,gvl_HBW,bMotor_HBW_ConveyorBelt_backward,False,poll
2026-03-20 10:04:50.601,gvl_HBW,bMotor_HBW_StackerCrane_torack,False,poll
2026-03-20 10:04:50.601,gvl_HBW,bMotor_HBW_StackerCrane_toconveyorbelt,False,poll
2026-03-20 10:04:50.601,gvl_HBW,bMotor_HBW_StackerCrane_downward,False,poll
2026-03-20 10:04:50.601,gvl_HBW,bMotor_HBW_StackerCrane_upward,False,poll
2026-03-20 10:04:50.601,gvl_HBW,bMotor_HBW_Cantilever_forward,False,poll
2026-03-20 10:04:50.601,gvl_HBW,bMotor_HBW_Cantilever_backward,False,poll
2026-03-20 10:04:50.601,gvl_MS,bReferenceSwitch_MS_Turntable_attransferunit,False,poll
2026-03-20 10:04:50.601,gvl_MS,bReferenceSwitch_MS_Turntable_atconveyorbelt,False,poll
2026-03-20 10:04:50.601,gvl_MS,bLightBarrier_MS_conveyorbelt,False,poll
2026-03-20 10:04:50.601,gvl_MS,bReferenceSwitch_MS_Turntable_atsaw,False,poll
2026-03-20 10:04:50.601,gvl_MS,bReferenceSwitch_MS_TransferUnit_atturntable,True,poll
2026-03-20 10:04:50.601,gvl_MS,bReferenceSwitch_MS_OvenSlider_inside,False,poll
2026-03-20 10:04:50.601,gvl_MS,bReferenceSwitch_MS_OvenSlider_outside,True,poll
2026-03-20 10:04:50.601,gvl_MS,bReferenceSwitch_MS_TransferUnit_atoven,False,poll
2026-03-20 10:04:50.601,gvl_MS,bLightBarrier_MS_oven,True,poll
2026-03-20 10:04:50.601,gvl_MS,bMotor_MS_Turntable_clockwise,False,poll
2026-03-20 10:04:50.601,gvl_MS,bMotor_MS_Turntable_counterclockwise,False,poll
2026-03-20 10:04:50.601,gvl_MS,bMotor_MS_ConveyorBelt_forward,False,poll
2026-03-20 10:04:50.601,gvl_MS,bMotor_MS_Saw,False,poll
2026-03-20 10:04:50.601,gvl_MS,bMotor_MS_OvenSlider_movein,False,poll
2026-03-20 10:04:50.601,gvl_MS,bMotor_MS_OvenSlider_moveout,False,poll
2026-03-20 10:04:50.601,gvl_MS,bMotor_MS_TransferUnit_tooven,False,poll
2026-03-20 10:04:50.601,gvl_MS,bMotor_MS_TransferUnit_toturntable,False,poll
2026-03-20 10:04:50.601,gvl_MS,bLamp_MS,False,poll
2026-03-20 10:04:50.601,gvl_MS,bCompressor_MS,False,poll
2026-03-20 10:04:50.601,gvl_MS,bValve_MS_Vacuum,False,poll
2026-03-20 10:04:50.601,gvl_MS,bValve_MS_TransferUnit,False,poll
2026-03-20 10:04:50.601,gvl_MS,bValve_MS_OvenDoor,False,poll
2026-03-20 10:04:50.601,gvl_MS,bValve_MS_Ejector,False,poll
2026-03-20 10:04:50.601,gvl_PM,bLightBarrier_PM_entry,True,poll
2026-03-20 10:04:50.601,gvl_PM,bLightBarrier_PM_tool,True,poll
2026-03-20 10:04:50.601,gvl_PM,bReferenceSwitch_PM_top,False,poll
2026-03-20 10:04:50.601,gvl_PM,bReferenceSwitch_PM_bottom,True,poll
2026-03-20 10:04:50.601,gvl_PM,bMotor_PM_ConveyorBelt_forward,False,poll
2026-03-20 10:04:50.601,gvl_PM,bMotor_PM_ConveyorBelt_backward,False,poll
2026-03-20 10:04:50.601,gvl_PM,bMotor_PM_Tool_upward,False,poll
2026-03-20 10:04:50.601,gvl_PM,bMotor_PM_Tool_downward,False,poll
2026-03-20 10:04:50.601,gvl_SL,bPulseCounter_SL,False,poll
2026-03-20 10:04:50.601,gvl_SL,bLightBarrier_SL_beforecolor,True,poll
2026-03-20 10:04:50.601,gvl_SL,bLightBarrier_SL_aftercolor,True,poll
2026-03-20 10:04:50.601,gvl_SL,bLightBarrier_SL_white,True,poll
2026-03-20 10:04:50.601,gvl_SL,bLightBarrier_SL_red,True,poll
2026-03-20 10:04:50.601,gvl_SL,bLightBarrier_SL_blue,True,poll
2026-03-20 10:04:50.601,gvl_SL,iColorSensor_SL,0,poll
2026-03-20 10:04:50.601,gvl_SL,bMotor_SL_ConveyorBelt,False,poll
2026-03-20 10:04:50.601,gvl_SL,bCompressor_SL,False,poll
2026-03-20 10:04:50.601,gvl_SL,bValve_SL_white,False,poll
2026-03-20 10:04:50.601,gvl_SL,bValve_SL_red,False,poll
2026-03-20 10:04:50.601,gvl_SL,bValve_SL_blue,False,poll
2026-03-20 10:04:50.601,LocalVariables,iC_CoordH,35,poll
2026-03-20 10:04:50.601,LocalVariables,iC_CoordV,0,poll
2026-03-20 10:04:50.601,LocalVariables,iC_CoordR,35,poll
2026-03-20 10:04:50.601,LocalVariables,eC_PickingStation,0,poll
2026-03-20 10:04:50.601,LocalVariables,eC_PlacingStation,0,poll
2026-03-20 10:04:50.601,LocalVariables,iC_Coord_Picking,"[[1340, 170, 150, 445], [380, 800, 367, 435], [800, 301, 580, 800]]",poll
2026-03-20 10:04:50.601,LocalVariables,iC_Coord_Placing,"[[890, 870], [500, 1343], [180, 150]]",poll
2026-03-20 10:04:51.116,gvl_SL,iColorSensor_SL,1,event
2026-03-20 10:04:51.216,gvl_SL,iColorSensor_SL,0,event
2026-03-20 10:04:51.327,gvl_C,bReferenceSwitch_C_vertical,True,poll
2026-03-20 10:04:51.327,gvl_C,bReferenceSwitch_C_horizontal,False,poll
2026-03-20 10:04:51.327,gvl_C,bReferenceSwitch_C_rotate,False,poll
2026-03-20 10:04:51.327,gvl_C,bEncoderImpulse_C_vertical1,False,poll
2026-03-20 10:04:51.327,gvl_C,bEncoderImpulse_C_vertical2,True,poll
2026-03-20 10:04:51.327,gvl_C,bEncoderImpulse_C_horizontal1,False,poll
2026-03-20 10:04:51.327,gvl_C,bEncoderImpulse_C_horizontal2,True,poll
2026-03-20 10:04:51.327,gvl_C,bEncoderImpulse_C_rotate1,True,poll
2026-03-20 10:04:51.327,gvl_C,bEncoderImpulse_C_rotate2,False,poll
2026-03-20 10:04:51.327,gvl_C,bMotor_C_upward,False,poll
2026-03-20 10:04:51.327,gvl_C,bMotor_C_downward,False,poll
2026-03-20 10:04:51.327,gvl_C,bMotor_C_backward,False,poll
2026-03-20 10:04:51.327,gvl_C,bMotor_C_forward,False,poll
2026-03-20 10:04:51.327,gvl_C,bMotor_C_clockwise,False,poll
2026-03-20 10:04:51.327,gvl_C,bMotor_C_counterclockwise,False,poll
2026-03-20 10:04:51.327,gvl_C,bCompressor_C,False,poll
2026-03-20 10:04:51.327,gvl_C,bValve_C,False,poll
2026-03-20 10:04:51.327,gvl_HBW,bReferenceSwitch_HBW_horizontal,True,poll
2026-03-20 10:04:51.327,gvl_HBW,bLightBarrier_HBW_inside,True,poll
2026-03-20 10:04:51.327,gvl_HBW,bLightBarrier_HBW_outside,True,poll
2026-03-20 10:04:51.327,gvl_HBW,bReferenceSwitch_HBW_vertical,False,poll
2026-03-20 10:04:51.327,gvl_HBW,bReferenceSwitch_HBW_Cantilever_front,False,poll
2026-03-20 10:04:51.327,gvl_HBW,bReferenceSwitch_HBW_Cantilever_back,False,poll
2026-03-20 10:04:51.327,gvl_HBW,bTrailSensor_HBW_bottom,True,poll
2026-03-20 10:04:51.327,gvl_HBW,bTrailSensor_HBW_top,True,poll
2026-03-20 10:04:51.327,gvl_HBW,bEncoderImpulse_HBW_horizontal1,False,poll
2026-03-20 10:04:51.327,gvl_HBW,bEncoderImpulse_HBW_horizontal2,True,poll
2026-03-20 10:04:51.327,gvl_HBW,bEncoderImpulse_HBW_vertical1,False,poll
2026-03-20 10:04:51.327,gvl_HBW,bEncoderImpulse_HBW_vertical2,False,poll
2026-03-20 10:04:51.327,gvl_HBW,bMotor_HBW_ConveyorBelt_forward,False,poll
2026-03-20 10:04:51.327,gvl_HBW,bMotor_HBW_ConveyorBelt_backward,False,poll
2026-03-20 10:04:51.327,gvl_HBW,bMotor_HBW_StackerCrane_torack,False,poll
2026-03-20 10:04:51.327,gvl_HBW,bMotor_HBW_StackerCrane_toconveyorbelt,False,poll
2026-03-20 10:04:51.327,gvl_HBW,bMotor_HBW_StackerCrane_downward,False,poll
2026-03-20 10:04:51.327,gvl_HBW,bMotor_HBW_StackerCrane_upward,False,poll
2026-03-20 10:04:51.327,gvl_HBW,bMotor_HBW_Cantilever_forward,False,poll
2026-03-20 10:04:51.327,gvl_HBW,bMotor_HBW_Cantilever_backward,False,poll
2026-03-20 10:04:51.327,gvl_MS,bReferenceSwitch_MS_Turntable_attransferunit,False,poll
2026-03-20 10:04:51.327,gvl_MS,bReferenceSwitch_MS_Turntable_atconveyorbelt,False,poll
2026-03-20 10:04:51.327,gvl_MS,bLightBarrier_MS_conveyorbelt,False,poll
2026-03-20 10:04:51.327,gvl_MS,bReferenceSwitch_MS_Turntable_atsaw,False,poll
2026-03-20 10:04:51.327,gvl_MS,bReferenceSwitch_MS_TransferUnit_atturntable,True,poll
2026-03-20 10:04:51.327,gvl_MS,bReferenceSwitch_MS_OvenSlider_inside,False,poll
2026-03-20 10:04:51.327,gvl_MS,bReferenceSwitch_MS_OvenSlider_outside,True,poll
2026-03-20 10:04:51.327,gvl_MS,bReferenceSwitch_MS_TransferUnit_atoven,False,poll
2026-03-20 10:04:51.327,gvl_MS,bLightBarrier_MS_oven,True,poll
2026-03-20 10:04:51.327,gvl_MS,bMotor_MS_Turntable_clockwise,False,poll
2026-03-20 10:04:51.327,gvl_MS,bMotor_MS_Turntable_counterclockwise,False,poll
2026-03-20 10:04:51.327,gvl_MS,bMotor_MS_ConveyorBelt_forward,False,poll
2026-03-20 10:04:51.327,gvl_MS,bMotor_MS_Saw,False,poll
2026-03-20 10:04:51.327,gvl_MS,bMotor_MS_OvenSlider_movein,False,poll
2026-03-20 10:04:51.327,gvl_MS,bMotor_MS_OvenSlider_moveout,False,poll
2026-03-20 10:04:51.327,gvl_MS,bMotor_MS_TransferUnit_tooven,False,poll
2026-03-20 10:04:51.327,gvl_MS,bMotor_MS_TransferUnit_toturntable,False,poll
2026-03-20 10:04:51.327,gvl_MS,bLamp_MS,False,poll
2026-03-20 10:04:51.327,gvl_MS,bCompressor_MS,False,poll
2026-03-20 10:04:51.327,gvl_MS,bValve_MS_Vacuum,False,poll
2026-03-20 10:04:51.327,gvl_MS,bValve_MS_TransferUnit,False,poll
2026-03-20 10:04:51.327,gvl_MS,bValve_MS_OvenDoor,False,poll
2026-03-20 10:04:51.327,gvl_MS,bValve_MS_Ejector,False,poll
2026-03-20 10:04:51.327,gvl_PM,bLightBarrier_PM_entry,True,poll
2026-03-20 10:04:51.327,gvl_PM,bLightBarrier_PM_tool,True,poll
2026-03-20 10:04:51.327,gvl_PM,bReferenceSwitch_PM_top,False,poll
2026-03-20 10:04:51.327,gvl_PM,bReferenceSwitch_PM_bottom,True,poll
2026-03-20 10:04:51.327,gvl_PM,bMotor_PM_ConveyorBelt_forward,False,poll
2026-03-20 10:04:51.327,gvl_PM,bMotor_PM_ConveyorBelt_backward,False,poll
2026-03-20 10:04:51.327,gvl_PM,bMotor_PM_Tool_upward,False,poll
2026-03-20 10:04:51.327,gvl_PM,bMotor_PM_Tool_downward,False,poll
2026-03-20 10:04:51.327,gvl_SL,bPulseCounter_SL,False,poll
2026-03-20 10:04:51.327,gvl_SL,bLightBarrier_SL_beforecolor,True,poll
2026-03-20 10:04:51.327,gvl_SL,bLightBarrier_SL_aftercolor,True,poll
2026-03-20 10:04:51.327,gvl_SL,bLightBarrier_SL_white,True,poll
2026-03-20 10:04:51.519,gvl_SL,iColorSensor_SL,1,event
2026-03-20 10:04:51.327,gvl_SL,bLightBarrier_SL_red,True,poll
2026-03-20 10:04:51.327,gvl_SL,bLightBarrier_SL_blue,True,poll
2026-03-20 10:04:51.327,gvl_SL,iColorSensor_SL,0,poll
2026-03-20 10:04:51.327,gvl_SL,bMotor_SL_ConveyorBelt,False,poll
2026-03-20 10:04:51.327,gvl_SL,bCompressor_SL,False,poll
2026-03-20 10:04:51.327,gvl_SL,bValve_SL_white,False,poll
2026-03-20 10:04:51.327,gvl_SL,bValve_SL_red,False,poll
2026-03-20 10:04:51.327,gvl_SL,bValve_SL_blue,False,poll
2026-03-20 10:04:51.327,LocalVariables,iC_CoordH,35,poll
2026-03-20 10:04:51.327,LocalVariables,iC_CoordV,0,poll
2026-03-20 10:04:51.327,LocalVariables,iC_CoordR,35,poll
2026-03-20 10:04:51.327,LocalVariables,eC_PickingStation,0,poll
2026-03-20 10:04:51.327,LocalVariables,eC_PlacingStation,0,poll
2026-03-20 10:04:51.327,LocalVariables,iC_Coord_Picking,"[[1340, 170, 150, 445], [380, 800, 367, 435], [800, 301, 580, 800]]",poll
2026-03-20 10:04:51.327,LocalVariables,iC_Coord_Placing,"[[890, 870], [500, 1343], [180, 150]]",poll
2026-03-20 10:04:51.616,gvl_SL,iColorSensor_SL,0,event
2026-03-20 10:04:51.916,gvl_SL,iColorSensor_SL,1,event
2026-03-20 10:04:52.017,gvl_SL,iColorSensor_SL,0,event
2026-03-20 10:04:52.061,gvl_C,bReferenceSwitch_C_vertical,True,poll
2026-03-20 10:04:52.061,gvl_C,bReferenceSwitch_C_horizontal,False,poll
2026-03-20 10:04:52.061,gvl_C,bReferenceSwitch_C_rotate,False,poll
2026-03-20 10:04:52.061,gvl_C,bEncoderImpulse_C_vertical1,False,poll
2026-03-20 10:04:52.061,gvl_C,bEncoderImpulse_C_vertical2,True,poll
2026-03-20 10:04:52.061,gvl_C,bEncoderImpulse_C_horizontal1,False,poll
2026-03-20 10:04:52.061,gvl_C,bEncoderImpulse_C_horizontal2,True,poll
2026-03-20 10:04:52.061,gvl_C,bEncoderImpulse_C_rotate1,True,poll
2026-03-20 10:04:52.061,gvl_C,bEncoderImpulse_C_rotate2,False,poll
2026-03-20 10:04:52.061,gvl_C,bMotor_C_upward,False,poll
2026-03-20 10:04:52.061,gvl_C,bMotor_C_downward,False,poll
2026-03-20 10:04:52.061,gvl_C,bMotor_C_backward,False,poll
2026-03-20 10:04:52.061,gvl_C,bMotor_C_forward,False,poll
2026-03-20 10:04:52.061,gvl_C,bMotor_C_clockwise,False,poll
2026-03-20 10:04:52.061,gvl_C,bMotor_C_counterclockwise,False,poll
2026-03-20 10:04:52.061,gvl_C,bCompressor_C,False,poll
2026-03-20 10:04:52.061,gvl_C,bValve_C,False,poll
2026-03-20 10:04:52.061,gvl_HBW,bReferenceSwitch_HBW_horizontal,True,poll
2026-03-20 10:04:52.061,gvl_HBW,bLightBarrier_HBW_inside,True,poll
2026-03-20 10:04:52.061,gvl_HBW,bLightBarrier_HBW_outside,True,poll
2026-03-20 10:04:52.061,gvl_HBW,bReferenceSwitch_HBW_vertical,False,poll
2026-03-20 10:04:52.061,gvl_HBW,bReferenceSwitch_HBW_Cantilever_front,False,poll
2026-03-20 10:04:52.061,gvl_HBW,bReferenceSwitch_HBW_Cantilever_back,False,poll
2026-03-20 10:04:52.061,gvl_HBW,bTrailSensor_HBW_bottom,True,poll
2026-03-20 10:04:52.061,gvl_HBW,bTrailSensor_HBW_top,True,poll
2026-03-20 10:04:52.061,gvl_HBW,bEncoderImpulse_HBW_horizontal1,False,poll
2026-03-20 10:04:52.061,gvl_HBW,bEncoderImpulse_HBW_horizontal2,True,poll
2026-03-20 10:04:52.061,gvl_HBW,bEncoderImpulse_HBW_vertical1,False,poll
2026-03-20 10:04:52.061,gvl_HBW,bEncoderImpulse_HBW_vertical2,False,poll
2026-03-20 10:04:52.061,gvl_HBW,bMotor_HBW_ConveyorBelt_forward,False,poll
2026-03-20 10:04:52.061,gvl_HBW,bMotor_HBW_ConveyorBelt_backward,False,poll
2026-03-20 10:04:52.061,gvl_HBW,bMotor_HBW_StackerCrane_torack,False,poll
2026-03-20 10:04:52.061,gvl_HBW,bMotor_HBW_StackerCrane_toconveyorbelt,False,poll
2026-03-20 10:04:52.061,gvl_HBW,bMotor_HBW_StackerCrane_downward,False,poll
2026-03-20 10:04:52.061,gvl_HBW,bMotor_HBW_StackerCrane_upward,False,poll
2026-03-20 10:04:52.061,gvl_HBW,bMotor_HBW_Cantilever_forward,False,poll
2026-03-20 10:04:52.061,gvl_HBW,bMotor_HBW_Cantilever_backward,False,poll
2026-03-20 10:04:52.061,gvl_MS,bReferenceSwitch_MS_Turntable_attransferunit,False,poll
2026-03-20 10:04:52.061,gvl_MS,bReferenceSwitch_MS_Turntable_atconveyorbelt,False,poll
2026-03-20 10:04:52.061,gvl_MS,bLightBarrier_MS_conveyorbelt,False,poll
2026-03-20 10:04:52.061,gvl_MS,bReferenceSwitch_MS_Turntable_atsaw,False,poll
2026-03-20 10:04:52.061,gvl_MS,bReferenceSwitch_MS_TransferUnit_atturntable,True,poll
2026-03-20 10:04:52.061,gvl_MS,bReferenceSwitch_MS_OvenSlider_inside,False,poll
2026-03-20 10:04:52.061,gvl_MS,bReferenceSwitch_MS_OvenSlider_outside,True,poll
2026-03-20 10:04:52.061,gvl_MS,bReferenceSwitch_MS_TransferUnit_atoven,False,poll
2026-03-20 10:04:52.061,gvl_MS,bLightBarrier_MS_oven,True,poll
2026-03-20 10:04:52.061,gvl_MS,bMotor_MS_Turntable_clockwise,False,poll
2026-03-20 10:04:52.061,gvl_MS,bMotor_MS_Turntable_counterclockwise,False,poll
2026-03-20 10:04:52.061,gvl_MS,bMotor_MS_ConveyorBelt_forward,False,poll
2026-03-20 10:04:52.061,gvl_MS,bMotor_MS_Saw,False,poll
2026-03-20 10:04:52.061,gvl_MS,bMotor_MS_OvenSlider_movein,False,poll
2026-03-20 10:04:52.061,gvl_MS,bMotor_MS_OvenSlider_moveout,False,poll
2026-03-20 10:04:52.061,gvl_MS,bMotor_MS_TransferUnit_tooven,False,poll
2026-03-20 10:04:52.061,gvl_MS,bMotor_MS_TransferUnit_toturntable,False,poll
2026-03-20 10:04:52.061,gvl_MS,bLamp_MS,False,poll
2026-03-20 10:04:52.061,gvl_MS,bCompressor_MS,False,poll
2026-03-20 10:04:52.061,gvl_MS,bValve_MS_Vacuum,False,poll
2026-03-20 10:04:52.061,gvl_MS,bValve_MS_TransferUnit,False,poll
2026-03-20 10:04:52.061,gvl_MS,bValve_MS_OvenDoor,False,poll
2026-03-20 10:04:52.061,gvl_MS,bValve_MS_Ejector,False,poll
2026-03-20 10:04:52.061,gvl_PM,bLightBarrier_PM_entry,True,poll
2026-03-20 10:04:52.061,gvl_PM,bLightBarrier_PM_tool,True,poll
2026-03-20 10:04:52.061,gvl_PM,bReferenceSwitch_PM_top,False,poll
2026-03-20 10:04:52.061,gvl_PM,bReferenceSwitch_PM_bottom,True,poll
2026-03-20 10:04:52.061,gvl_PM,bMotor_PM_ConveyorBelt_forward,False,poll
2026-03-20 10:04:52.061,gvl_PM,bMotor_PM_ConveyorBelt_backward,False,poll
2026-03-20 10:04:52.061,gvl_PM,bMotor_PM_Tool_upward,False,poll
2026-03-20 10:04:52.061,gvl_PM,bMotor_PM_Tool_downward,False,poll
2026-03-20 10:04:52.061,gvl_SL,bPulseCounter_SL,False,poll
2026-03-20 10:04:52.061,gvl_SL,bLightBarrier_SL_beforecolor,True,poll
2026-03-20 10:04:52.061,gvl_SL,bLightBarrier_SL_aftercolor,True,poll
2026-03-20 10:04:52.061,gvl_SL,bLightBarrier_SL_white,True,poll
2026-03-20 10:04:52.061,gvl_SL,bLightBarrier_SL_red,True,poll
2026-03-20 10:04:52.061,gvl_SL,bLightBarrier_SL_blue,True,poll
2026-03-20 10:04:52.061,gvl_SL,iColorSensor_SL,1,poll
2026-03-20 10:04:52.061,gvl_SL,bMotor_SL_ConveyorBelt,False,poll
2026-03-20 10:04:52.061,gvl_SL,bCompressor_SL,False,poll
2026-03-20 10:04:52.061,gvl_SL,bValve_SL_white,False,poll
2026-03-20 10:04:52.061,gvl_SL,bValve_SL_red,False,poll
2026-03-20 10:04:52.061,gvl_SL,bValve_SL_blue,False,poll
2026-03-20 10:04:52.061,LocalVariables,iC_CoordH,35,poll
2026-03-20 10:04:52.061,LocalVariables,iC_CoordV,0,poll
2026-03-20 10:04:52.061,LocalVariables,iC_CoordR,35,poll
2026-03-20 10:04:52.061,LocalVariables,eC_PickingStation,0,poll
2026-03-20 10:04:52.061,LocalVariables,eC_PlacingStation,0,poll
2026-03-20 10:04:52.061,LocalVariables,iC_Coord_Picking,"[[1340, 170, 150, 445], [380, 800, 367, 435], [800, 301, 580, 800]]",poll
2026-03-20 10:04:52.061,LocalVariables,iC_Coord_Placing,"[[890, 870], [500, 1343], [180, 150]]",poll
2026-03-20 10:04:52.716,gvl_SL,iColorSensor_SL,1,event
2026-03-20 10:04:52.814,gvl_C,bReferenceSwitch_C_vertical,True,poll
2026-03-20 10:04:52.816,gvl_SL,iColorSensor_SL,0,event
2026-03-20 10:04:52.814,gvl_C,bReferenceSwitch_C_horizontal,False,poll
2026-03-20 10:04:52.814,gvl_C,bReferenceSwitch_C_rotate,False,poll
2026-03-20 10:04:52.814,gvl_C,bEncoderImpulse_C_vertical1,False,poll
2026-03-20 10:04:52.814,gvl_C,bEncoderImpulse_C_vertical2,True,poll
2026-03-20 10:04:52.814,gvl_C,bEncoderImpulse_C_horizontal1,False,poll
2026-03-20 10:04:52.814,gvl_C,bEncoderImpulse_C_horizontal2,True,poll
2026-03-20 10:04:52.814,gvl_C,bEncoderImpulse_C_rotate1,True,poll
2026-03-20 10:04:52.814,gvl_C,bEncoderImpulse_C_rotate2,False,poll
2026-03-20 10:04:52.814,gvl_C,bMotor_C_upward,False,poll
2026-03-20 10:04:52.814,gvl_C,bMotor_C_downward,False,poll
2026-03-20 10:04:52.814,gvl_C,bMotor_C_backward,False,poll
2026-03-20 10:04:52.814,gvl_C,bMotor_C_forward,False,poll
2026-03-20 10:04:52.814,gvl_C,bMotor_C_clockwise,False,poll
2026-03-20 10:04:52.814,gvl_C,bMotor_C_counterclockwise,False,poll
2026-03-20 10:04:52.814,gvl_C,bCompressor_C,False,poll
2026-03-20 10:04:52.814,gvl_C,bValve_C,False,poll
2026-03-20 10:04:52.814,gvl_HBW,bReferenceSwitch_HBW_horizontal,True,poll
2026-03-20 10:04:52.814,gvl_HBW,bLightBarrier_HBW_inside,True,poll
2026-03-20 10:04:52.814,gvl_HBW,bLightBarrier_HBW_outside,True,poll
2026-03-20 10:04:52.814,gvl_HBW,bReferenceSwitch_HBW_vertical,False,poll
2026-03-20 10:04:52.814,gvl_HBW,bReferenceSwitch_HBW_Cantilever_front,False,poll
2026-03-20 10:04:52.814,gvl_HBW,bReferenceSwitch_HBW_Cantilever_back,False,poll
2026-03-20 10:04:52.814,gvl_HBW,bTrailSensor_HBW_bottom,True,poll
2026-03-20 10:04:52.814,gvl_HBW,bTrailSensor_HBW_top,True,poll
2026-03-20 10:04:52.814,gvl_HBW,bEncoderImpulse_HBW_horizontal1,False,poll
2026-03-20 10:04:52.814,gvl_HBW,bEncoderImpulse_HBW_horizontal2,True,poll
2026-03-20 10:04:52.814,gvl_HBW,bEncoderImpulse_HBW_vertical1,False,poll
2026-03-20 10:04:52.814,gvl_HBW,bEncoderImpulse_HBW_vertical2,False,poll
2026-03-20 10:04:52.814,gvl_HBW,bMotor_HBW_ConveyorBelt_forward,False,poll
2026-03-20 10:04:52.814,gvl_HBW,bMotor_HBW_ConveyorBelt_backward,False,poll
2026-03-20 10:04:52.814,gvl_HBW,bMotor_HBW_StackerCrane_torack,False,poll
2026-03-20 10:04:52.814,gvl_HBW,bMotor_HBW_StackerCrane_toconveyorbelt,False,poll
2026-03-20 10:04:52.814,gvl_HBW,bMotor_HBW_StackerCrane_downward,False,poll
2026-03-20 10:04:52.814,gvl_HBW,bMotor_HBW_StackerCrane_upward,False,poll
2026-03-20 10:04:52.814,gvl_HBW,bMotor_HBW_Cantilever_forward,False,poll
2026-03-20 10:04:52.814,gvl_HBW,bMotor_HBW_Cantilever_backward,False,poll
2026-03-20 10:04:52.814,gvl_MS,bReferenceSwitch_MS_Turntable_attransferunit,False,poll
2026-03-20 10:04:52.814,gvl_MS,bReferenceSwitch_MS_Turntable_atconveyorbelt,False,poll
2026-03-20 10:04:52.814,gvl_MS,bLightBarrier_MS_conveyorbelt,False,poll
2026-03-20 10:04:52.814,gvl_MS,bReferenceSwitch_MS_Turntable_atsaw,False,poll
2026-03-20 10:04:52.814,gvl_MS,bReferenceSwitch_MS_TransferUnit_atturntable,True,poll
2026-03-20 10:04:52.814,gvl_MS,bReferenceSwitch_MS_OvenSlider_inside,False,poll
2026-03-20 10:04:52.814,gvl_MS,bReferenceSwitch_MS_OvenSlider_outside,True,poll
2026-03-20 10:04:52.814,gvl_MS,bReferenceSwitch_MS_TransferUnit_atoven,False,poll
2026-03-20 10:04:52.814,gvl_MS,bLightBarrier_MS_oven,True,poll
2026-03-20 10:04:52.814,gvl_MS,bMotor_MS_Turntable_clockwise,False,poll
2026-03-20 10:04:52.814,gvl_MS,bMotor_MS_Turntable_counterclockwise,False,poll
2026-03-20 10:04:52.814,gvl_MS,bMotor_MS_ConveyorBelt_forward,False,poll
2026-03-20 10:04:52.814,gvl_MS,bMotor_MS_Saw,False,poll
2026-03-20 10:04:52.814,gvl_MS,bMotor_MS_OvenSlider_movein,False,poll
2026-03-20 10:04:52.814,gvl_MS,bMotor_MS_OvenSlider_moveout,False,poll
2026-03-20 10:04:52.814,gvl_MS,bMotor_MS_TransferUnit_tooven,False,poll
2026-03-20 10:04:52.814,gvl_MS,bMotor_MS_TransferUnit_toturntable,False,poll
2026-03-20 10:04:52.814,gvl_MS,bLamp_MS,False,poll
2026-03-20 10:04:52.814,gvl_MS,bCompressor_MS,False,poll
2026-03-20 10:04:52.814,gvl_MS,bValve_MS_Vacuum,False,poll
2026-03-20 10:04:52.814,gvl_MS,bValve_MS_TransferUnit,False,poll
2026-03-20 10:04:52.814,gvl_MS,bValve_MS_OvenDoor,False,poll
2026-03-20 10:04:52.814,gvl_MS,bValve_MS_Ejector,False,poll
2026-03-20 10:04:52.814,gvl_PM,bLightBarrier_PM_entry,True,poll
2026-03-20 10:04:52.814,gvl_PM,bLightBarrier_PM_tool,True,poll
2026-03-20 10:04:52.814,gvl_PM,bReferenceSwitch_PM_top,False,poll
2026-03-20 10:04:52.814,gvl_PM,bReferenceSwitch_PM_bottom,True,poll
2026-03-20 10:04:52.814,gvl_PM,bMotor_PM_ConveyorBelt_forward,False,poll
2026-03-20 10:04:52.814,gvl_PM,bMotor_PM_ConveyorBelt_backward,False,poll
2026-03-20 10:04:52.814,gvl_PM,bMotor_PM_Tool_upward,False,poll
2026-03-20 10:04:52.814,gvl_PM,bMotor_PM_Tool_downward,False,poll
2026-03-20 10:04:52.814,gvl_SL,bPulseCounter_SL,False,poll
2026-03-20 10:04:52.814,gvl_SL,bLightBarrier_SL_beforecolor,True,poll
2026-03-20 10:04:52.814,gvl_SL,bLightBarrier_SL_aftercolor,True,poll
2026-03-20 10:04:52.814,gvl_SL,bLightBarrier_SL_white,True,poll
2026-03-20 10:04:52.814,gvl_SL,bLightBarrier_SL_red,True,poll
2026-03-20 10:04:52.814,gvl_SL,bLightBarrier_SL_blue,True,poll
2026-03-20 10:04:52.814,gvl_SL,iColorSensor_SL,0,poll
2026-03-20 10:04:52.814,gvl_SL,bMotor_SL_ConveyorBelt,False,poll
2026-03-20 10:04:52.814,gvl_SL,bCompressor_SL,False,poll
2026-03-20 10:04:52.814,gvl_SL,bValve_SL_white,False,poll
2026-03-20 10:04:52.814,gvl_SL,bValve_SL_red,False,poll
2026-03-20 10:04:52.814,gvl_SL,bValve_SL_blue,False,poll
2026-03-20 10:04:52.814,LocalVariables,iC_CoordH,35,poll
2026-03-20 10:04:52.814,LocalVariables,iC_CoordV,0,poll
2026-03-20 10:04:52.814,LocalVariables,iC_CoordR,35,poll
2026-03-20 10:04:52.814,LocalVariables,eC_PickingStation,0,poll
2026-03-20 10:04:52.814,LocalVariables,eC_PlacingStation,0,poll
2026-03-20 10:04:52.814,LocalVariables,iC_Coord_Picking,"[[1340, 170, 150, 445], [380, 800, 367, 435], [800, 301, 580, 800]]",poll
2026-03-20 10:04:52.814,LocalVariables,iC_Coord_Placing,"[[890, 870], [500, 1343], [180, 150]]",poll
2026-03-20 10:04:53.116,gvl_SL,iColorSensor_SL,1,event
2026-03-20 10:04:53.216,gvl_SL,iColorSensor_SL,0,event
2026-03-20 10:04:53.316,gvl_SL,iColorSensor_SL,1,event
2026-03-20 10:04:53.417,gvl_SL,iColorSensor_SL,0,event
2026-03-20 10:04:53.492,gvl_C,bReferenceSwitch_C_vertical,True,poll
2026-03-20 10:04:53.492,gvl_C,bReferenceSwitch_C_horizontal,False,poll
2026-03-20 10:04:53.492,gvl_C,bReferenceSwitch_C_rotate,False,poll
2026-03-20 10:04:53.492,gvl_C,bEncoderImpulse_C_vertical1,False,poll
2026-03-20 10:04:53.492,gvl_C,bEncoderImpulse_C_vertical2,True,poll
2026-03-20 10:04:53.492,gvl_C,bEncoderImpulse_C_horizontal1,False,poll
2026-03-20 10:04:53.492,gvl_C,bEncoderImpulse_C_horizontal2,True,poll
2026-03-20 10:04:53.518,gvl_SL,iColorSensor_SL,1,event
2026-03-20 10:04:53.492,gvl_C,bEncoderImpulse_C_rotate1,True,poll
2026-03-20 10:04:53.492,gvl_C,bEncoderImpulse_C_rotate2,False,poll
2026-03-20 10:04:53.492,gvl_C,bMotor_C_upward,False,poll
2026-03-20 10:04:53.492,gvl_C,bMotor_C_downward,False,poll
2026-03-20 10:04:53.492,gvl_C,bMotor_C_backward,False,poll
2026-03-20 10:04:53.492,gvl_C,bMotor_C_forward,False,poll
2026-03-20 10:04:53.492,gvl_C,bMotor_C_clockwise,False,poll
2026-03-20 10:04:53.492,gvl_C,bMotor_C_counterclockwise,False,poll
2026-03-20 10:04:53.492,gvl_C,bCompressor_C,False,poll
2026-03-20 10:04:53.492,gvl_C,bValve_C,False,poll
2026-03-20 10:04:53.492,gvl_HBW,bReferenceSwitch_HBW_horizontal,True,poll
2026-03-20 10:04:53.492,gvl_HBW,bLightBarrier_HBW_inside,True,poll
2026-03-20 10:04:53.492,gvl_HBW,bLightBarrier_HBW_outside,True,poll
2026-03-20 10:04:53.492,gvl_HBW,bReferenceSwitch_HBW_vertical,False,poll
2026-03-20 10:04:53.492,gvl_HBW,bReferenceSwitch_HBW_Cantilever_front,False,poll
2026-03-20 10:04:53.492,gvl_HBW,bReferenceSwitch_HBW_Cantilever_back,False,poll
2026-03-20 10:04:53.492,gvl_HBW,bTrailSensor_HBW_bottom,True,poll
2026-03-20 10:04:53.492,gvl_HBW,bTrailSensor_HBW_top,True,poll
2026-03-20 10:04:53.492,gvl_HBW,bEncoderImpulse_HBW_horizontal1,False,poll
2026-03-20 10:04:53.492,gvl_HBW,bEncoderImpulse_HBW_horizontal2,True,poll
2026-03-20 10:04:53.492,gvl_HBW,bEncoderImpulse_HBW_vertical1,False,poll
2026-03-20 10:04:53.492,gvl_HBW,bEncoderImpulse_HBW_vertical2,False,poll
2026-03-20 10:04:53.492,gvl_HBW,bMotor_HBW_ConveyorBelt_forward,False,poll
2026-03-20 10:04:53.492,gvl_HBW,bMotor_HBW_ConveyorBelt_backward,False,poll
2026-03-20 10:04:53.492,gvl_HBW,bMotor_HBW_StackerCrane_torack,False,poll
2026-03-20 10:04:53.492,gvl_HBW,bMotor_HBW_StackerCrane_toconveyorbelt,False,poll
2026-03-20 10:04:53.492,gvl_HBW,bMotor_HBW_StackerCrane_downward,False,poll
2026-03-20 10:04:53.492,gvl_HBW,bMotor_HBW_StackerCrane_upward,False,poll
2026-03-20 10:04:53.492,gvl_HBW,bMotor_HBW_Cantilever_forward,False,poll
2026-03-20 10:04:53.492,gvl_HBW,bMotor_HBW_Cantilever_backward,False,poll
2026-03-20 10:04:53.492,gvl_MS,bReferenceSwitch_MS_Turntable_attransferunit,False,poll
2026-03-20 10:04:53.492,gvl_MS,bReferenceSwitch_MS_Turntable_atconveyorbelt,False,poll
2026-03-20 10:04:53.492,gvl_MS,bLightBarrier_MS_conveyorbelt,False,poll
2026-03-20 10:04:53.492,gvl_MS,bReferenceSwitch_MS_Turntable_atsaw,False,poll
2026-03-20 10:04:53.492,gvl_MS,bReferenceSwitch_MS_TransferUnit_atturntable,True,poll
2026-03-20 10:04:53.617,gvl_SL,iColorSensor_SL,0,event
2026-03-20 10:04:53.492,gvl_MS,bReferenceSwitch_MS_OvenSlider_inside,False,poll
2026-03-20 10:04:53.492,gvl_MS,bReferenceSwitch_MS_OvenSlider_outside,True,poll
2026-03-20 10:04:53.492,gvl_MS,bReferenceSwitch_MS_TransferUnit_atoven,False,poll
2026-03-20 10:04:53.492,gvl_MS,bLightBarrier_MS_oven,True,poll
2026-03-20 10:04:53.492,gvl_MS,bMotor_MS_Turntable_clockwise,False,poll
2026-03-20 10:04:53.492,gvl_MS,bMotor_MS_Turntable_counterclockwise,False,poll
2026-03-20 10:04:53.492,gvl_MS,bMotor_MS_ConveyorBelt_forward,False,poll
2026-03-20 10:04:53.492,gvl_MS,bMotor_MS_Saw,False,poll
2026-03-20 10:04:53.492,gvl_MS,bMotor_MS_OvenSlider_movein,False,poll
2026-03-20 10:04:53.492,gvl_MS,bMotor_MS_OvenSlider_moveout,False,poll
2026-03-20 10:04:53.492,gvl_MS,bMotor_MS_TransferUnit_tooven,False,poll
2026-03-20 10:04:53.492,gvl_MS,bMotor_MS_TransferUnit_toturntable,False,poll
2026-03-20 10:04:53.492,gvl_MS,bLamp_MS,False,poll
2026-03-20 10:04:53.492,gvl_MS,bCompressor_MS,False,poll
2026-03-20 10:04:53.492,gvl_MS,bValve_MS_Vacuum,False,poll
2026-03-20 10:04:53.492,gvl_MS,bValve_MS_TransferUnit,False,poll
2026-03-20 10:04:53.492,gvl_MS,bValve_MS_OvenDoor,False,poll
2026-03-20 10:04:53.492,gvl_MS,bValve_MS_Ejector,False,poll
2026-03-20 10:04:53.492,gvl_PM,bLightBarrier_PM_entry,True,poll
2026-03-20 10:04:53.492,gvl_PM,bLightBarrier_PM_tool,True,poll
2026-03-20 10:04:53.492,gvl_PM,bReferenceSwitch_PM_top,False,poll
2026-03-20 10:04:53.492,gvl_PM,bReferenceSwitch_PM_bottom,True,poll
2026-03-20 10:04:53.492,gvl_PM,bMotor_PM_ConveyorBelt_forward,False,poll
2026-03-20 10:04:53.492,gvl_PM,bMotor_PM_ConveyorBelt_backward,False,poll
2026-03-20 10:04:53.492,gvl_PM,bMotor_PM_Tool_upward,False,poll
2026-03-20 10:04:53.492,gvl_PM,bMotor_PM_Tool_downward,False,poll
2026-03-20 10:04:53.492,gvl_SL,bPulseCounter_SL,False,poll
2026-03-20 10:04:53.492,gvl_SL,bLightBarrier_SL_beforecolor,True,poll
2026-03-20 10:04:53.492,gvl_SL,bLightBarrier_SL_aftercolor,True,poll
2026-03-20 10:04:53.492,gvl_SL,bLightBarrier_SL_white,True,poll
2026-03-20 10:04:53.492,gvl_SL,bLightBarrier_SL_red,True,poll
2026-03-20 10:04:53.492,gvl_SL,bLightBarrier_SL_blue,True,poll
2026-03-20 10:04:53.492,gvl_SL,iColorSensor_SL,0,poll
2026-03-20 10:04:53.492,gvl_SL,bMotor_SL_ConveyorBelt,False,poll
2026-03-20 10:04:53.492,gvl_SL,bCompressor_SL,False,poll
2026-03-20 10:04:53.492,gvl_SL,bValve_SL_white,False,poll
2026-03-20 10:04:53.492,gvl_SL,bValve_SL_red,False,poll
2026-03-20 10:04:53.492,gvl_SL,bValve_SL_blue,False,poll
2026-03-20 10:04:53.492,LocalVariables,iC_CoordH,35,poll
2026-03-20 10:04:53.492,LocalVariables,iC_CoordV,0,poll
2026-03-20 10:04:53.492,LocalVariables,iC_CoordR,35,poll
2026-03-20 10:04:53.492,LocalVariables,eC_PickingStation,0,poll
2026-03-20 10:04:53.492,LocalVariables,eC_PlacingStation,0,poll
2026-03-20 10:04:53.492,LocalVariables,iC_Coord_Picking,"[[1340, 170, 150, 445], [380, 800, 367, 435], [800, 301, 580, 800]]",poll
2026-03-20 10:04:53.492,LocalVariables,iC_Coord_Placing,"[[890, 870], [500, 1343], [180, 150]]",poll
2026-03-20 10:04:53.917,gvl_SL,iColorSensor_SL,1,event
2026-03-20 10:04:54.121,gvl_SL,iColorSensor_SL,0,event
